meta_objective,state,sample_index,seq_pop_ratio,strength,repeat,sample_loss,sample_grad_norm,reward,meta_before,meta_after,meta_delta,virtual_step_norm,relative_step,augmented,dropped_items
M0_balanced,low,0,0.375,0.1,0,10.907244682312012,17.378463734916455,-0.007266998291015625,10.663429260253906,10.670696258544922,0.007266998291015625,0.017378463734916454,0.00021705111202864532,1,1
M1_margin,low,0,0.375,0.1,0,10.907244682312012,17.378463734916455,-0.027872085571289062,12.605880737304688,12.633752822875977,0.027872085571289062,0.017378463734916454,0.00021705111202864532,1,1
M2_popmass,low,0,0.375,0.1,0,10.907244682312012,17.378463734916455,-0.007015228271484375,10.836793899536133,10.843809127807617,0.007015228271484375,0.017378463734916454,0.00021705111202864532,1,1
M0_balanced,low,0,0.375,0.2,0,10.907244682312012,17.378463734916455,-0.007266998291015625,10.663429260253906,10.670696258544922,0.007266998291015625,0.017378463734916454,0.00021705111202864532,1,1
M1_margin,low,0,0.375,0.2,0,10.907244682312012,17.378463734916455,-0.027872085571289062,12.605880737304688,12.633752822875977,0.027872085571289062,0.017378463734916454,0.00021705111202864532,1,1
M2_popmass,low,0,0.375,0.2,0,10.907244682312012,17.378463734916455,-0.007015228271484375,10.836793899536133,10.843809127807617,0.007015228271484375,0.017378463734916454,0.00021705111202864532,1,1
M0_balanced,low,0,0.375,0.4,0,10.809959411621094,17.339282380023135,-0.007386207580566406,10.663429260253906,10.670815467834473,0.007386207580566406,0.017339282380023135,0.00021656175020816993,1,3
M1_margin,low,0,0.375,0.4,0,10.809959411621094,17.339282380023135,-0.028168678283691406,12.605880737304688,12.634049415588379,0.028168678283691406,0.017339282380023135,0.00021656175020816993,1,3
M2_popmass,low,0,0.375,0.4,0,10.809959411621094,17.339282380023135,-0.007142066955566406,10.836793899536133,10.8439359664917,0.007142066955566406,0.017339282380023135,0.00021656175020816993,1,3
M0_balanced,low,0,0.375,0.1,1,10.915111541748047,17.356566409381614,-0.0073394775390625,10.663429260253906,10.670768737792969,0.0073394775390625,0.017356566409381616,0.00021677762186689755,1,1
M1_margin,low,0,0.375,0.1,1,10.915111541748047,17.356566409381614,-0.028070449829101562,12.605880737304688,12.633951187133789,0.028070449829101562,0.017356566409381616,0.00021677762186689755,1,1
M2_popmass,low,0,0.375,0.1,1,10.915111541748047,17.356566409381614,-0.007090568542480469,10.836793899536133,10.843884468078613,0.007090568542480469,0.017356566409381616,0.00021677762186689755,1,1
M0_balanced,low,0,0.375,0.2,1,10.915111541748047,17.356566409381614,-0.0073394775390625,10.663429260253906,10.670768737792969,0.0073394775390625,0.017356566409381616,0.00021677762186689755,1,1
M1_margin,low,0,0.375,0.2,1,10.915111541748047,17.356566409381614,-0.028070449829101562,12.605880737304688,12.633951187133789,0.028070449829101562,0.017356566409381616,0.00021677762186689755,1,1
M2_popmass,low,0,0.375,0.2,1,10.915111541748047,17.356566409381614,-0.007090568542480469,10.836793899536133,10.843884468078613,0.007090568542480469,0.017356566409381616,0.00021677762186689755,1,1
M0_balanced,low,0,0.375,0.4,1,10.915111541748047,17.356566409381614,-0.0073394775390625,10.663429260253906,10.670768737792969,0.0073394775390625,0.017356566409381616,0.00021677762186689755,1,1
M1_margin,low,0,0.375,0.4,1,10.915111541748047,17.356566409381614,-0.028070449829101562,12.605880737304688,12.633951187133789,0.028070449829101562,0.017356566409381616,0.00021677762186689755,1,1
M2_popmass,low,0,0.375,0.4,1,10.915111541748047,17.356566409381614,-0.007090568542480469,10.836793899536133,10.843884468078613,0.007090568542480469,0.017356566409381616,0.00021677762186689755,1,1
M0_balanced,low,0,0.375,0.1,2,11.012968063354492,17.40197804457893,-0.007293701171875,10.663429260253906,10.670722961425781,0.007293701171875,0.01740197804457893,0.00021734479777317818,1,0
M1_margin,low,0,0.375,0.1,2,11.012968063354492,17.40197804457893,-0.028001785278320312,12.605880737304688,12.633882522583008,0.028001785278320312,0.01740197804457893,0.00021734479777317818,1,0
M2_popmass,low,0,0.375,0.1,2,11.012968063354492,17.40197804457893,-0.0070438385009765625,10.836793899536133,10.84383773803711,0.0070438385009765625,0.01740197804457893,0.00021734479777317818,1,0
M0_balanced,low,0,0.375,0.2,2,11.012968063354492,17.40197804457893,-0.007293701171875,10.663429260253906,10.670722961425781,0.007293701171875,0.01740197804457893,0.00021734479777317818,1,0
M1_margin,low,0,0.375,0.2,2,11.012968063354492,17.40197804457893,-0.028001785278320312,12.605880737304688,12.633882522583008,0.028001785278320312,0.01740197804457893,0.00021734479777317818,1,0
M2_popmass,low,0,0.375,0.2,2,11.012968063354492,17.40197804457893,-0.0070438385009765625,10.836793899536133,10.84383773803711,0.0070438385009765625,0.01740197804457893,0.00021734479777317818,1,0
M0_balanced,low,0,0.375,0.4,2,10.844213485717773,17.369552973702763,-0.00736236572265625,10.663429260253906,10.670791625976562,0.00736236572265625,0.017369552973702764,0.00021693981964630618,1,2
M1_margin,low,0,0.375,0.4,2,10.844213485717773,17.369552973702763,-0.028098106384277344,12.605880737304688,12.633978843688965,0.028098106384277344,0.017369552973702764,0.00021693981964630618,1,2
M2_popmass,low,0,0.375,0.4,2,10.844213485717773,17.369552973702763,-0.0071163177490234375,10.836793899536133,10.843910217285156,0.0071163177490234375,0.017369552973702764,0.00021693981964630618,1,2
M0_balanced,low,1,0.0,0.1,0,8.012024879455566,18.315163892163064,0.01880168914794922,10.663429260253906,10.644627571105957,-0.01880168914794922,0.018315163892163065,0.00022875017898122603,1,1
M1_margin,low,1,0.0,0.1,0,8.012024879455566,18.315163892163064,0.054770469665527344,12.605880737304688,12.55111026763916,-0.054770469665527344,0.018315163892163065,0.00022875017898122603,1,1
M2_popmass,low,1,0.0,0.1,0,8.012024879455566,18.315163892163064,0.018917083740234375,10.836793899536133,10.817876815795898,-0.018917083740234375,0.018315163892163065,0.00022875017898122603,1,1
M0_balanced,low,1,0.0,0.2,0,8.012024879455566,18.315163892163064,0.01880168914794922,10.663429260253906,10.644627571105957,-0.01880168914794922,0.018315163892163065,0.00022875017898122603,1,1
M1_margin,low,1,0.0,0.2,0,8.012024879455566,18.315163892163064,0.054770469665527344,12.605880737304688,12.55111026763916,-0.054770469665527344,0.018315163892163065,0.00022875017898122603,1,1
M2_popmass,low,1,0.0,0.2,0,8.012024879455566,18.315163892163064,0.018917083740234375,10.836793899536133,10.817876815795898,-0.018917083740234375,0.018315163892163065,0.00022875017898122603,1,1
M0_balanced,low,1,0.0,0.4,0,8.012024879455566,18.315163892163064,0.01880168914794922,10.663429260253906,10.644627571105957,-0.01880168914794922,0.018315163892163065,0.00022875017898122603,1,1
M1_margin,low,1,0.0,0.4,0,8.012024879455566,18.315163892163064,0.054770469665527344,12.605880737304688,12.55111026763916,-0.054770469665527344,0.018315163892163065,0.00022875017898122603,1,1
M2_popmass,low,1,0.0,0.4,0,8.012024879455566,18.315163892163064,0.018917083740234375,10.836793899536133,10.817876815795898,-0.018917083740234375,0.018315163892163065,0.00022875017898122603,1,1
M0_balanced,low,1,0.0,0.1,1,8.144858360290527,18.350892990988044,0.01871204376220703,10.663429260253906,10.6447172164917,-0.01871204376220703,0.018350892990988046,0.00022919642329545517,1,3
M1_margin,low,1,0.0,0.1,1,8.144858360290527,18.350892990988044,0.05448436737060547,12.605880737304688,12.551396369934082,-0.05448436737060547,0.018350892990988046,0.00022919642329545517,1,3
M2_popmass,low,1,0.0,0.1,1,8.144858360290527,18.350892990988044,0.01882171630859375,10.836793899536133,10.817972183227539,-0.01882171630859375,0.018350892990988046,0.00022919642329545517,1,3
M0_balanced,low,1,0.0,0.2,1,8.144858360290527,18.350892990988044,0.01871204376220703,10.663429260253906,10.6447172164917,-0.01871204376220703,0.018350892990988046,0.00022919642329545517,1,3
M1_margin,low,1,0.0,0.2,1,8.144858360290527,18.350892990988044,0.05448436737060547,12.605880737304688,12.551396369934082,-0.05448436737060547,0.018350892990988046,0.00022919642329545517,1,3
M2_popmass,low,1,0.0,0.2,1,8.144858360290527,18.350892990988044,0.01882171630859375,10.836793899536133,10.817972183227539,-0.01882171630859375,0.018350892990988046,0.00022919642329545517,1,3
M0_balanced,low,1,0.0,0.4,1,8.212526321411133,18.36021704338935,0.018716812133789062,10.663429260253906,10.644712448120117,-0.018716812133789062,0.018360217043389353,0.0002293128775444145,1,4
M1_margin,low,1,0.0,0.4,1,8.212526321411133,18.36021704338935,0.054480552673339844,12.605880737304688,12.551400184631348,-0.054480552673339844,0.018360217043389353,0.0002293128775444145,1,4
M2_popmass,low,1,0.0,0.4,1,8.212526321411133,18.36021704338935,0.01882648468017578,10.836793899536133,10.817967414855957,-0.01882648468017578,0.018360217043389353,0.0002293128775444145,1,4
M0_balanced,low,1,0.0,0.1,2,7.960819721221924,18.337661213072465,0.018835067749023438,10.663429260253906,10.644594192504883,-0.018835067749023438,0.018337661213072464,0.00022903116288150254,1,0
M1_margin,low,1,0.0,0.1,2,7.960819721221924,18.337661213072465,0.054882049560546875,12.605880737304688,12.55099868774414,-0.054882049560546875,0.018337661213072464,0.00022903116288150254,1,0
M2_popmass,low,1,0.0,0.1,2,7.960819721221924,18.337661213072465,0.01895427703857422,10.836793899536133,10.817839622497559,-0.01895427703857422,0.018337661213072464,0.00022903116288150254,1,0
M0_balanced,low,1,0.0,0.2,2,8.06262493133545,18.3442697462617,0.018772125244140625,10.663429260253906,10.644657135009766,-0.018772125244140625,0.018344269746261698,0.00022911370121742687,1,2
M1_margin,low,1,0.0,0.2,2,8.06262493133545,18.3442697462617,0.054665565490722656,12.605880737304688,12.551215171813965,-0.054665565490722656,0.018344269746261698,0.00022911370121742687,1,2
M2_popmass,low,1,0.0,0.2,2,8.06262493133545,18.3442697462617,0.018884658813476562,10.836793899536133,10.817909240722656,-0.018884658813476562,0.018344269746261698,0.00022911370121742687,1,2
M0_balanced,low,1,0.0,0.4,2,8.318398475646973,18.353594386498845,0.018720626831054688,10.663429260253906,10.644708633422852,-0.018720626831054688,0.018353594386498844,0.00022923016280825627,1,5
M1_margin,low,1,0.0,0.4,2,8.318398475646973,18.353594386498845,0.054474830627441406,12.605880737304688,12.551405906677246,-0.054474830627441406,0.018353594386498844,0.00022923016280825627,1,5
M2_popmass,low,1,0.0,0.4,2,8.318398475646973,18.353594386498845,0.018829345703125,10.836793899536133,10.817964553833008,-0.018829345703125,0.018353594386498844,0.00022923016280825627,1,5
M0_balanced,low,2,0.0,0.1,0,10.684162139892578,16.41148605939266,0.010477066040039062,10.663429260253906,10.652952194213867,-0.010477066040039062,0.01641148605939266,0.0002049738891520558,1,0
M1_margin,low,2,0.0,0.1,0,10.684162139892578,16.41148605939266,0.026350975036621094,12.605880737304688,12.579529762268066,-0.026350975036621094,0.01641148605939266,0.0002049738891520558,1,0
M2_popmass,low,2,0.0,0.1,0,10.684162139892578,16.41148605939266,0.010576248168945312,10.836793899536133,10.826217651367188,-0.010576248168945312,0.01641148605939266,0.0002049738891520558,1,0
M0_balanced,low,2,0.0,0.2,0,10.684162139892578,16.41148605939266,0.010477066040039062,10.663429260253906,10.652952194213867,-0.010477066040039062,0.01641148605939266,0.0002049738891520558,1,0
M1_margin,low,2,0.0,0.2,0,10.684162139892578,16.41148605939266,0.026350975036621094,12.605880737304688,12.579529762268066,-0.026350975036621094,0.01641148605939266,0.0002049738891520558,1,0
M2_popmass,low,2,0.0,0.2,0,10.684162139892578,16.41148605939266,0.010576248168945312,10.836793899536133,10.826217651367188,-0.010576248168945312,0.01641148605939266,0.0002049738891520558,1,0
M0_balanced,low,2,0.0,0.4,0,10.684162139892578,16.41148605939266,0.010477066040039062,10.663429260253906,10.652952194213867,-0.010477066040039062,0.01641148605939266,0.0002049738891520558,1,0
M1_margin,low,2,0.0,0.4,0,10.684162139892578,16.41148605939266,0.026350975036621094,12.605880737304688,12.579529762268066,-0.026350975036621094,0.01641148605939266,0.0002049738891520558,1,0
M2_popmass,low,2,0.0,0.4,0,10.684162139892578,16.41148605939266,0.010576248168945312,10.836793899536133,10.826217651367188,-0.010576248168945312,0.01641148605939266,0.0002049738891520558,1,0
M0_balanced,low,2,0.0,0.1,1,10.561845779418945,16.404396743264392,0.010588645935058594,10.663429260253906,10.652840614318848,-0.010588645935058594,0.016404396743264393,0.00020488534600044965,1,0
M1_margin,low,2,0.0,0.1,1,10.561845779418945,16.404396743264392,0.02659320831298828,12.605880737304688,12.5792875289917,-0.02659320831298828,0.016404396743264393,0.00020488534600044965,1,0
M2_popmass,low,2,0.0,0.1,1,10.561845779418945,16.404396743264392,0.010690689086914062,10.836793899536133,10.826103210449219,-0.010690689086914062,0.016404396743264393,0.00020488534600044965,1,0
M0_balanced,low,2,0.0,0.2,1,10.587307929992676,16.390381320348844,0.010545730590820312,10.663429260253906,10.652883529663086,-0.010545730590820312,0.016390381320348844,0.00020471029812649635,1,2
M1_margin,low,2,0.0,0.2,1,10.587307929992676,16.390381320348844,0.02644634246826172,12.605880737304688,12.579434394836426,-0.02644634246826172,0.016390381320348844,0.00020471029812649635,1,2
M2_popmass,low,2,0.0,0.2,1,10.587307929992676,16.390381320348844,0.010644912719726562,10.836793899536133,10.826148986816406,-0.010644912719726562,0.016390381320348844,0.00020471029812649635,1,2
M0_balanced,low,2,0.0,0.4,1,10.678422927856445,16.37079819940314,0.010515213012695312,10.663429260253906,10.652914047241211,-0.010515213012695312,0.01637079819940314,0.00020446571159439013,1,3
M1_margin,low,2,0.0,0.4,1,10.678422927856445,16.37079819940314,0.02640056610107422,12.605880737304688,12.579480171203613,-0.02640056610107422,0.01637079819940314,0.00020446571159439013,1,3
M2_popmass,low,2,0.0,0.4,1,10.678422927856445,16.37079819940314,0.01061248779296875,10.836793899536133,10.826181411743164,-0.01061248779296875,0.01637079819940314,0.00020446571159439013,1,3
M0_balanced,low,2,0.0,0.1,2,10.698152542114258,16.392576279283595,0.01047515869140625,10.663429260253906,10.6529541015625,-0.01047515869140625,0.016392576279283595,0.00020473771241839877,1,1
M1_margin,low,2,0.0,0.1,2,10.698152542114258,16.392576279283595,0.026336669921875,12.605880737304688,12.579544067382812,-0.026336669921875,0.016392576279283595,0.00020473771241839877,1,1
M2_popmass,low,2,0.0,0.1,2,10.698152542114258,16.392576279283595,0.010573387145996094,10.836793899536133,10.826220512390137,-0.010573387145996094,0.016392576279283595,0.00020473771241839877,1,1
M0_balanced,low,2,0.0,0.2,2,10.698152542114258,16.392576279283595,0.01047515869140625,10.663429260253906,10.6529541015625,-0.01047515869140625,0.016392576279283595,0.00020473771241839877,1,1
M1_margin,low,2,0.0,0.2,2,10.698152542114258,16.392576279283595,0.026336669921875,12.605880737304688,12.579544067382812,-0.026336669921875,0.016392576279283595,0.00020473771241839877,1,1
M2_popmass,low,2,0.0,0.2,2,10.698152542114258,16.392576279283595,0.010573387145996094,10.836793899536133,10.826220512390137,-0.010573387145996094,0.016392576279283595,0.00020473771241839877,1,1
M0_balanced,low,2,0.0,0.4,2,10.698152542114258,16.392576279283595,0.01047515869140625,10.663429260253906,10.6529541015625,-0.01047515869140625,0.016392576279283595,0.00020473771241839877,1,1
M1_margin,low,2,0.0,0.4,2,10.698152542114258,16.392576279283595,0.026336669921875,12.605880737304688,12.579544067382812,-0.026336669921875,0.016392576279283595,0.00020473771241839877,1,1
M2_popmass,low,2,0.0,0.4,2,10.698152542114258,16.392576279283595,0.010573387145996094,10.836793899536133,10.826220512390137,-0.010573387145996094,0.016392576279283595,0.00020473771241839877,1,1
M0_balanced,low,3,0.3333333333333333,0.1,0,9.343334197998047,16.380018767841474,0.004123687744140625,10.663429260253906,10.659305572509766,-0.004123687744140625,0.016380018767841474,0.00020458087336378496,1,0
M1_margin,low,3,0.3333333333333333,0.1,0,9.343334197998047,16.380018767841474,0.0057468414306640625,12.605880737304688,12.600133895874023,-0.0057468414306640625,0.016380018767841474,0.00020458087336378496,1,0
M2_popmass,low,3,0.3333333333333333,0.1,0,9.343334197998047,16.380018767841474,0.004124641418457031,10.836793899536133,10.832669258117676,-0.004124641418457031,0.016380018767841474,0.00020458087336378496,1,0
M0_balanced,low,3,0.3333333333333333,0.2,0,9.361421585083008,16.3682144283749,0.0041065216064453125,10.663429260253906,10.659322738647461,-0.0041065216064453125,0.016368214428374897,0.0002044334411714424,1,1
M1_margin,low,3,0.3333333333333333,0.2,0,9.361421585083008,16.3682144283749,0.005710601806640625,12.605880737304688,12.600170135498047,-0.005710601806640625,0.016368214428374897,0.0002044334411714424,1,1
M2_popmass,low,3,0.3333333333333333,0.2,0,9.361421585083008,16.3682144283749,0.0041065216064453125,10.836793899536133,10.832687377929688,-0.0041065216064453125,0.016368214428374897,0.0002044334411714424,1,1
M0_balanced,low,3,0.3333333333333333,0.4,0,9.361421585083008,16.3682144283749,0.0041065216064453125,10.663429260253906,10.659322738647461,-0.0041065216064453125,0.016368214428374897,0.0002044334411714424,1,1
M1_margin,low,3,0.3333333333333333,0.4,0,9.361421585083008,16.3682144283749,0.005710601806640625,12.605880737304688,12.600170135498047,-0.005710601806640625,0.016368214428374897,0.0002044334411714424,1,1
M2_popmass,low,3,0.3333333333333333,0.4,0,9.361421585083008,16.3682144283749,0.0041065216064453125,10.836793899536133,10.832687377929688,-0.0041065216064453125,0.016368214428374897,0.0002044334411714424,1,1
M0_balanced,low,3,0.3333333333333333,0.1,1,9.394047737121582,16.464589976247503,0.0040607452392578125,10.663429260253906,10.659368515014648,-0.0040607452392578125,0.0164645899762475,0.00020563713904469513,1,0
M1_margin,low,3,0.3333333333333333,0.1,1,9.394047737121582,16.464589976247503,0.005535125732421875,12.605880737304688,12.600345611572266,-0.005535125732421875,0.0164645899762475,0.00020563713904469513,1,0
M2_popmass,low,3,0.3333333333333333,0.1,1,9.394047737121582,16.464589976247503,0.004057884216308594,10.836793899536133,10.832736015319824,-0.004057884216308594,0.0164645899762475,0.00020563713904469513,1,0
M0_balanced,low,3,0.3333333333333333,0.2,1,9.394047737121582,16.464589976247503,0.0040607452392578125,10.663429260253906,10.659368515014648,-0.0040607452392578125,0.0164645899762475,0.00020563713904469513,1,0
M1_margin,low,3,0.3333333333333333,0.2,1,9.394047737121582,16.464589976247503,0.005535125732421875,12.605880737304688,12.600345611572266,-0.005535125732421875,0.0164645899762475,0.00020563713904469513,1,0
M2_popmass,low,3,0.3333333333333333,0.2,1,9.394047737121582,16.464589976247503,0.004057884216308594,10.836793899536133,10.832736015319824,-0.004057884216308594,0.0164645899762475,0.00020563713904469513,1,0
M0_balanced,low,3,0.3333333333333333,0.4,1,9.46120834350586,16.450414516678247,0.0040225982666015625,10.663429260253906,10.659406661987305,-0.0040225982666015625,0.01645041451667825,0.00020546009236726984,1,1
M1_margin,low,3,0.3333333333333333,0.4,1,9.46120834350586,16.450414516678247,0.0054073333740234375,12.605880737304688,12.600473403930664,-0.0054073333740234375,0.01645041451667825,0.00020546009236726984,1,1
M2_popmass,low,3,0.3333333333333333,0.4,1,9.46120834350586,16.450414516678247,0.004015922546386719,10.836793899536133,10.832777976989746,-0.004015922546386719,0.01645041451667825,0.00020546009236726984,1,1
M0_balanced,low,3,0.3333333333333333,0.1,2,9.344743728637695,16.380238128439775,0.0041217803955078125,10.663429260253906,10.659307479858398,-0.0041217803955078125,0.016380238128439775,0.0002045836131031844,1,0
M1_margin,low,3,0.3333333333333333,0.1,2,9.344743728637695,16.380238128439775,0.005741119384765625,12.605880737304688,12.600139617919922,-0.005741119384765625,0.016380238128439775,0.0002045836131031844,1,0
M2_popmass,low,3,0.3333333333333333,0.1,2,9.344743728637695,16.380238128439775,0.004122734069824219,10.836793899536133,10.832671165466309,-0.004122734069824219,0.016380238128439775,0.0002045836131031844,1,0
M0_balanced,low,3,0.3333333333333333,0.2,2,9.344743728637695,16.380238128439775,0.0041217803955078125,10.663429260253906,10.659307479858398,-0.0041217803955078125,0.016380238128439775,0.0002045836131031844,1,0
M1_margin,low,3,0.3333333333333333,0.2,2,9.344743728637695,16.380238128439775,0.005741119384765625,12.605880737304688,12.600139617919922,-0.005741119384765625,0.016380238128439775,0.0002045836131031844,1,0
M2_popmass,low,3,0.3333333333333333,0.2,2,9.344743728637695,16.380238128439775,0.004122734069824219,10.836793899536133,10.832671165466309,-0.004122734069824219,0.016380238128439775,0.0002045836131031844,1,0
M0_balanced,low,3,0.3333333333333333,0.4,2,9.30613899230957,16.355722014910512,0.004057884216308594,10.663429260253906,10.659371376037598,-0.004057884216308594,0.016355722014910513,0.00020427741516846964,1,2
M1_margin,low,3,0.3333333333333333,0.4,2,9.30613899230957,16.355722014910512,0.0055942535400390625,12.605880737304688,12.600286483764648,-0.0055942535400390625,0.016355722014910513,0.00020427741516846964,1,2
M2_popmass,low,3,0.3333333333333333,0.4,2,9.30613899230957,16.355722014910512,0.004055023193359375,10.836793899536133,10.832738876342773,-0.004055023193359375,0.016355722014910513,0.00020427741516846964,1,2
M0_balanced,low,4,0.25,0.1,0,9.796138763427734,23.395151128098842,0.02355194091796875,10.663429260253906,10.639877319335938,-0.02355194091796875,0.023395151128098843,0.00029219749489303644,1,0
M1_margin,low,4,0.25,0.1,0,9.796138763427734,23.395151128098842,0.07332229614257812,12.605880737304688,12.53255844116211,-0.07332229614257812,0.023395151128098843,0.00029219749489303644,1,0
M2_popmass,low,4,0.25,0.1,0,9.796138763427734,23.395151128098842,0.023957252502441406,10.836793899536133,10.812836647033691,-0.023957252502441406,0.023395151128098843,0.00029219749489303644,1,0
M0_balanced,low,4,0.25,0.2,0,9.750520706176758,23.391305502178227,0.023546218872070312,10.663429260253906,10.639883041381836,-0.023546218872070312,0.023391305502178227,0.00029214946433088506,1,1
M1_margin,low,4,0.25,0.2,0,9.750520706176758,23.391305502178227,0.07330989837646484,12.605880737304688,12.532570838928223,-0.07330989837646484,0.023391305502178227,0.00029214946433088506,1,1
M2_popmass,low,4,0.25,0.2,0,9.750520706176758,23.391305502178227,0.02395153045654297,10.836793899536133,10.81284236907959,-0.02395153045654297,0.023391305502178227,0.00029214946433088506,1,1
M0_balanced,low,4,0.25,0.4,0,9.750520706176758,23.391305502178227,0.023546218872070312,10.663429260253906,10.639883041381836,-0.023546218872070312,0.023391305502178227,0.00029214946433088506,1,1
M1_margin,low,4,0.25,0.4,0,9.750520706176758,23.391305502178227,0.07330989837646484,12.605880737304688,12.532570838928223,-0.07330989837646484,0.023391305502178227,0.00029214946433088506,1,1
M2_popmass,low,4,0.25,0.4,0,9.750520706176758,23.391305502178227,0.02395153045654297,10.836793899536133,10.81284236907959,-0.02395153045654297,0.023391305502178227,0.00029214946433088506,1,1
M0_balanced,low,4,0.25,0.1,1,9.75367546081543,23.391600472855487,0.023546218872070312,10.663429260253906,10.639883041381836,-0.023546218872070312,0.023391600472855486,0.0002921531484145009,1,1
M1_margin,low,4,0.25,0.1,1,9.75367546081543,23.391600472855487,0.07330894470214844,12.605880737304688,12.532571792602539,-0.07330894470214844,0.023391600472855486,0.0002921531484145009,1,1
M2_popmass,low,4,0.25,0.1,1,9.75367546081543,23.391600472855487,0.02395153045654297,10.836793899536133,10.81284236907959,-0.02395153045654297,0.023391600472855486,0.0002921531484145009,1,1
M0_balanced,low,4,0.25,0.2,1,9.75367546081543,23.391600472855487,0.023546218872070312,10.663429260253906,10.639883041381836,-0.023546218872070312,0.023391600472855486,0.0002921531484145009,1,1
M1_margin,low,4,0.25,0.2,1,9.75367546081543,23.391600472855487,0.07330894470214844,12.605880737304688,12.532571792602539,-0.07330894470214844,0.023391600472855486,0.0002921531484145009,1,1
M2_popmass,low,4,0.25,0.2,1,9.75367546081543,23.391600472855487,0.02395153045654297,10.836793899536133,10.81284236907959,-0.02395153045654297,0.023391600472855486,0.0002921531484145009,1,1
M0_balanced,low,4,0.25,0.4,1,9.75367546081543,23.391600472855487,0.023546218872070312,10.663429260253906,10.639883041381836,-0.023546218872070312,0.023391600472855486,0.0002921531484145009,1,1
M1_margin,low,4,0.25,0.4,1,9.75367546081543,23.391600472855487,0.07330894470214844,12.605880737304688,12.532571792602539,-0.07330894470214844,0.023391600472855486,0.0002921531484145009,1,1
M2_popmass,low,4,0.25,0.4,1,9.75367546081543,23.391600472855487,0.02395153045654297,10.836793899536133,10.81284236907959,-0.02395153045654297,0.023391600472855486,0.0002921531484145009,1,1
M0_balanced,low,4,0.25,0.1,2,9.798913955688477,23.395575992021687,0.023553848266601562,10.663429260253906,10.639875411987305,-0.023553848266601562,0.02339557599202169,0.0002922028012991907,1,0
M1_margin,low,4,0.25,0.1,2,9.798913955688477,23.395575992021687,0.07332611083984375,12.605880737304688,12.532554626464844,-0.07332611083984375,0.02339557599202169,0.0002922028012991907,1,0
M2_popmass,low,4,0.25,0.1,2,9.798913955688477,23.395575992021687,0.02395915985107422,10.836793899536133,10.812834739685059,-0.02395915985107422,0.02339557599202169,0.0002922028012991907,1,0
M0_balanced,low,4,0.25,0.2,2,9.754005432128906,23.39218545491104,0.02357769012451172,10.663429260253906,10.639851570129395,-0.02357769012451172,0.02339218545491104,0.0002921604546417723,1,1
M1_margin,low,4,0.25,0.2,2,9.754005432128906,23.39218545491104,0.07336997985839844,12.605880737304688,12.532510757446289,-0.07336997985839844,0.02339218545491104,0.0002921604546417723,1,1
M2_popmass,low,4,0.25,0.2,2,9.754005432128906,23.39218545491104,0.023983001708984375,10.836793899536133,10.812810897827148,-0.023983001708984375,0.02339218545491104,0.0002921604546417723,1,1
M0_balanced,low,4,0.25,0.4,2,9.753084182739258,23.387626023485343,0.02355194091796875,10.663429260253906,10.639877319335938,-0.02355194091796875,0.023387626023485344,0.0002921035088912007,1,2
M1_margin,low,4,0.25,0.4,2,9.753084182739258,23.387626023485343,0.0733194351196289,12.605880737304688,12.532561302185059,-0.0733194351196289,0.023387626023485344,0.0002921035088912007,1,2
M2_popmass,low,4,0.25,0.4,2,9.753084182739258,23.387626023485343,0.023957252502441406,10.836793899536133,10.812836647033691,-0.023957252502441406,0.023387626023485344,0.0002921035088912007,1,2
M0_balanced,low,5,0.25,0.1,0,7.954774379730225,19.62601913942503,-0.02616596221923828,10.663429260253906,10.689595222473145,0.02616596221923828,0.01962601913942503,0.000245122315981756,1,0
M1_margin,low,5,0.25,0.1,0,7.954774379730225,19.62601913942503,-0.054473876953125,12.605880737304688,12.660354614257812,0.054473876953125,0.01962601913942503,0.000245122315981756,1,0
M2_popmass,low,5,0.25,0.1,0,7.954774379730225,19.62601913942503,-0.026192665100097656,10.836793899536133,10.86298656463623,0.026192665100097656,0.01962601913942503,0.000245122315981756,1,0
M0_balanced,low,5,0.25,0.2,0,7.954774379730225,19.62601913942503,-0.02616596221923828,10.663429260253906,10.689595222473145,0.02616596221923828,0.01962601913942503,0.000245122315981756,1,0
M1_margin,low,5,0.25,0.2,0,7.954774379730225,19.62601913942503,-0.054473876953125,12.605880737304688,12.660354614257812,0.054473876953125,0.01962601913942503,0.000245122315981756,1,0
M2_popmass,low,5,0.25,0.2,0,7.954774379730225,19.62601913942503,-0.026192665100097656,10.836793899536133,10.86298656463623,0.026192665100097656,0.01962601913942503,0.000245122315981756,1,0
M0_balanced,low,5,0.25,0.4,0,7.954774379730225,19.62601913942503,-0.02616596221923828,10.663429260253906,10.689595222473145,0.02616596221923828,0.01962601913942503,0.000245122315981756,1,0
M1_margin,low,5,0.25,0.4,0,7.954774379730225,19.62601913942503,-0.054473876953125,12.605880737304688,12.660354614257812,0.054473876953125,0.01962601913942503,0.000245122315981756,1,0
M2_popmass,low,5,0.25,0.4,0,7.954774379730225,19.62601913942503,-0.026192665100097656,10.836793899536133,10.86298656463623,0.026192665100097656,0.01962601913942503,0.000245122315981756,1,0
M0_balanced,low,5,0.25,0.1,1,7.925727367401123,19.660955425214087,-0.026254653930664062,10.663429260253906,10.68968391418457,0.026254653930664062,0.019660955425214087,0.00024555865833032796,1,0
M1_margin,low,5,0.25,0.1,1,7.925727367401123,19.660955425214087,-0.054450035095214844,12.605880737304688,12.660330772399902,0.054450035095214844,0.019660955425214087,0.00024555865833032796,1,0
M2_popmass,low,5,0.25,0.1,1,7.925727367401123,19.660955425214087,-0.026279449462890625,10.836793899536133,10.863073348999023,0.026279449462890625,0.019660955425214087,0.00024555865833032796,1,0
M0_balanced,low,5,0.25,0.2,1,7.925727367401123,19.660955425214087,-0.026254653930664062,10.663429260253906,10.68968391418457,0.026254653930664062,0.019660955425214087,0.00024555865833032796,1,0
M1_margin,low,5,0.25,0.2,1,7.925727367401123,19.660955425214087,-0.054450035095214844,12.605880737304688,12.660330772399902,0.054450035095214844,0.019660955425214087,0.00024555865833032796,1,0
M2_popmass,low,5,0.25,0.2,1,7.925727367401123,19.660955425214087,-0.026279449462890625,10.836793899536133,10.863073348999023,0.026279449462890625,0.019660955425214087,0.00024555865833032796,1,0
M0_balanced,low,5,0.25,0.4,1,7.958617687225342,19.644980550788684,-0.026180267333984375,10.663429260253906,10.68960952758789,0.026180267333984375,0.019644980550788685,0.000245359137572254,1,1
M1_margin,low,5,0.25,0.4,1,7.958617687225342,19.644980550788684,-0.05430889129638672,12.605880737304688,12.660189628601074,0.05430889129638672,0.019644980550788685,0.000245359137572254,1,1
M2_popmass,low,5,0.25,0.4,1,7.958617687225342,19.644980550788684,-0.02620410919189453,10.836793899536133,10.862998008728027,0.02620410919189453,0.019644980550788685,0.000245359137572254,1,1
M0_balanced,low,5,0.25,0.1,2,7.923006057739258,19.661473594886765,-0.0262603759765625,10.663429260253906,10.689689636230469,0.0262603759765625,0.019661473594886764,0.0002455651300936201,1,0
M1_margin,low,5,0.25,0.1,2,7.923006057739258,19.661473594886765,-0.054459571838378906,12.605880737304688,12.660340309143066,0.054459571838378906,0.019661473594886764,0.0002455651300936201,1,0
M2_popmass,low,5,0.25,0.1,2,7.923006057739258,19.661473594886765,-0.026285171508789062,10.836793899536133,10.863079071044922,0.026285171508789062,0.019661473594886764,0.0002455651300936201,1,0
M0_balanced,low,5,0.25,0.2,2,7.923006057739258,19.661473594886765,-0.0262603759765625,10.663429260253906,10.689689636230469,0.0262603759765625,0.019661473594886764,0.0002455651300936201,1,0
M1_margin,low,5,0.25,0.2,2,7.923006057739258,19.661473594886765,-0.054459571838378906,12.605880737304688,12.660340309143066,0.054459571838378906,0.019661473594886764,0.0002455651300936201,1,0
M2_popmass,low,5,0.25,0.2,2,7.923006057739258,19.661473594886765,-0.026285171508789062,10.836793899536133,10.863079071044922,0.026285171508789062,0.019661473594886764,0.0002455651300936201,1,0
M0_balanced,low,5,0.25,0.4,2,7.923006057739258,19.661473594886765,-0.0262603759765625,10.663429260253906,10.689689636230469,0.0262603759765625,0.019661473594886764,0.0002455651300936201,1,0
M1_margin,low,5,0.25,0.4,2,7.923006057739258,19.661473594886765,-0.054459571838378906,12.605880737304688,12.660340309143066,0.054459571838378906,0.019661473594886764,0.0002455651300936201,1,0
M2_popmass,low,5,0.25,0.4,2,7.923006057739258,19.661473594886765,-0.026285171508789062,10.836793899536133,10.863079071044922,0.026285171508789062,0.019661473594886764,0.0002455651300936201,1,0
M0_balanced,low,6,0.375,0.1,0,10.20120906829834,16.49612596255037,-0.015512466430664062,10.663429260253906,10.67894172668457,0.015512466430664062,0.01649612596255037,0.0002060310128070925,1,1
M1_margin,low,6,0.375,0.1,0,10.20120906829834,16.49612596255037,-0.042743682861328125,12.605880737304688,12.648624420166016,0.042743682861328125,0.01649612596255037,0.0002060310128070925,1,1
M2_popmass,low,6,0.375,0.1,0,10.20120906829834,16.49612596255037,-0.015460968017578125,10.836793899536133,10.852254867553711,0.015460968017578125,0.01649612596255037,0.0002060310128070925,1,1
M0_balanced,low,6,0.375,0.2,0,10.20003890991211,16.488369477625444,-0.015533447265625,10.663429260253906,10.678962707519531,0.015533447265625,0.016488369477625445,0.00020593413694372113,1,2
M1_margin,low,6,0.375,0.2,0,10.20003890991211,16.488369477625444,-0.042807579040527344,12.605880737304688,12.648688316345215,0.042807579040527344,0.016488369477625445,0.00020593413694372113,1,2
M2_popmass,low,6,0.375,0.2,0,10.20003890991211,16.488369477625444,-0.015482902526855469,10.836793899536133,10.852276802062988,0.015482902526855469,0.016488369477625445,0.00020593413694372113,1,2
M0_balanced,low,6,0.375,0.4,0,10.238687515258789,16.503094993229038,-0.015655517578125,10.663429260253906,10.679084777832031,0.015655517578125,0.016503094993229037,0.00020611805363427032,1,3
M1_margin,low,6,0.375,0.4,0,10.238687515258789,16.503094993229038,-0.04316234588623047,12.605880737304688,12.649043083190918,0.04316234588623047,0.016503094993229037,0.00020611805363427032,1,3
M2_popmass,low,6,0.375,0.4,0,10.238687515258789,16.503094993229038,-0.0156097412109375,10.836793899536133,10.85240364074707,0.0156097412109375,0.016503094993229037,0.00020611805363427032,1,3
M0_balanced,low,6,0.375,0.1,1,10.202091217041016,16.496734586928813,-0.015513420104980469,10.663429260253906,10.678942680358887,0.015513420104980469,0.016496734586928814,0.00020603861431895017,1,1
M1_margin,low,6,0.375,0.1,1,10.202091217041016,16.496734586928813,-0.042746543884277344,12.605880737304688,12.648627281188965,0.042746543884277344,0.016496734586928814,0.00020603861431895017,1,1
M2_popmass,low,6,0.375,0.1,1,10.202091217041016,16.496734586928813,-0.015461921691894531,10.836793899536133,10.852255821228027,0.015461921691894531,0.016496734586928814,0.00020603861431895017,1,1
M0_balanced,low,6,0.375,0.2,1,10.202091217041016,16.496734586928813,-0.015513420104980469,10.663429260253906,10.678942680358887,0.015513420104980469,0.016496734586928814,0.00020603861431895017,1,1
M1_margin,low,6,0.375,0.2,1,10.202091217041016,16.496734586928813,-0.042746543884277344,12.605880737304688,12.648627281188965,0.042746543884277344,0.016496734586928814,0.00020603861431895017,1,1
M2_popmass,low,6,0.375,0.2,1,10.202091217041016,16.496734586928813,-0.015461921691894531,10.836793899536133,10.852255821228027,0.015461921691894531,0.016496734586928814,0.00020603861431895017,1,1
M0_balanced,low,6,0.375,0.4,1,10.202091217041016,16.496734586928813,-0.015513420104980469,10.663429260253906,10.678942680358887,0.015513420104980469,0.016496734586928814,0.00020603861431895017,1,1
M1_margin,low,6,0.375,0.4,1,10.202091217041016,16.496734586928813,-0.042746543884277344,12.605880737304688,12.648627281188965,0.042746543884277344,0.016496734586928814,0.00020603861431895017,1,1
M2_popmass,low,6,0.375,0.4,1,10.202091217041016,16.496734586928813,-0.015461921691894531,10.836793899536133,10.852255821228027,0.015461921691894531,0.016496734586928814,0.00020603861431895017,1,1
M0_balanced,low,6,0.375,0.1,2,10.206412315368652,16.512075069475376,-0.01551055908203125,10.663429260253906,10.678939819335938,0.01551055908203125,0.016512075069475378,0.00020623021173783469,1,0
M1_margin,low,6,0.375,0.1,2,10.206412315368652,16.512075069475376,-0.042720794677734375,12.605880737304688,12.648601531982422,0.042720794677734375,0.016512075069475378,0.00020623021173783469,1,0
M2_popmass,low,6,0.375,0.1,2,10.206412315368652,16.512075069475376,-0.015459060668945312,10.836793899536133,10.852252960205078,0.015459060668945312,0.016512075069475378,0.00020623021173783469,1,0
M0_balanced,low,6,0.375,0.2,2,10.206412315368652,16.512075069475376,-0.01551055908203125,10.663429260253906,10.678939819335938,0.01551055908203125,0.016512075069475378,0.00020623021173783469,1,0
M1_margin,low,6,0.375,0.2,2,10.206412315368652,16.512075069475376,-0.042720794677734375,12.605880737304688,12.648601531982422,0.042720794677734375,0.016512075069475378,0.00020623021173783469,1,0
M2_popmass,low,6,0.375,0.2,2,10.206412315368652,16.512075069475376,-0.015459060668945312,10.836793899536133,10.852252960205078,0.015459060668945312,0.016512075069475378,0.00020623021173783469,1,0
M0_balanced,low,6,0.375,0.4,2,10.22906494140625,16.51256246452963,-0.015527725219726562,10.663429260253906,10.678956985473633,0.015527725219726562,0.01651256246452963,0.0002062362991365908,1,1
M1_margin,low,6,0.375,0.4,2,10.22906494140625,16.51256246452963,-0.042769432067871094,12.605880737304688,12.648650169372559,0.042769432067871094,0.01651256246452963,0.0002062362991365908,1,1
M2_popmass,low,6,0.375,0.4,2,10.22906494140625,16.51256246452963,-0.015477180480957031,10.836793899536133,10.85227108001709,0.015477180480957031,0.01651256246452963,0.0002062362991365908,1,1
M0_balanced,low,7,0.375,0.1,0,9.511672973632812,14.541626857058892,0.015024185180664062,10.663429260253906,10.648405075073242,-0.015024185180664062,0.014541626857058893,0.00018161998253555183,1,1
M1_margin,low,7,0.375,0.1,0,9.511672973632812,14.541626857058892,0.034256935119628906,12.605880737304688,12.571623802185059,-0.034256935119628906,0.014541626857058893,0.00018161998253555183,1,1
M2_popmass,low,7,0.375,0.1,0,9.511672973632812,14.541626857058892,0.015177726745605469,10.836793899536133,10.821616172790527,-0.015177726745605469,0.014541626857058893,0.00018161998253555183,1,1
M0_balanced,low,7,0.375,0.2,0,9.511672973632812,14.541626857058892,0.015024185180664062,10.663429260253906,10.648405075073242,-0.015024185180664062,0.014541626857058893,0.00018161998253555183,1,1
M1_margin,low,7,0.375,0.2,0,9.511672973632812,14.541626857058892,0.034256935119628906,12.605880737304688,12.571623802185059,-0.034256935119628906,0.014541626857058893,0.00018161998253555183,1,1
M2_popmass,low,7,0.375,0.2,0,9.511672973632812,14.541626857058892,0.015177726745605469,10.836793899536133,10.821616172790527,-0.015177726745605469,0.014541626857058893,0.00018161998253555183,1,1
M0_balanced,low,7,0.375,0.4,0,9.541687965393066,14.512520308852428,0.01502227783203125,10.663429260253906,10.648406982421875,-0.01502227783203125,0.014512520308852429,0.00018125645163017984,1,2
M1_margin,low,7,0.375,0.4,0,9.541687965393066,14.512520308852428,0.03422260284423828,12.605880737304688,12.57165813446045,-0.03422260284423828,0.014512520308852429,0.00018125645163017984,1,2
M2_popmass,low,7,0.375,0.4,0,9.541687965393066,14.512520308852428,0.01517486572265625,10.836793899536133,10.821619033813477,-0.01517486572265625,0.014512520308852429,0.00018125645163017984,1,2
M0_balanced,low,7,0.375,0.1,1,9.51618766784668,14.53422591725901,0.015023231506347656,10.663429260253906,10.648406028747559,-0.015023231506347656,0.01453422591725901,0.00018152754731008398,1,0
M1_margin,low,7,0.375,0.1,1,9.51618766784668,14.53422591725901,0.034210205078125,12.605880737304688,12.571670532226562,-0.034210205078125,0.01453422591725901,0.00018152754731008398,1,0
M2_popmass,low,7,0.375,0.1,1,9.51618766784668,14.53422591725901,0.015176773071289062,10.836793899536133,10.821617126464844,-0.015176773071289062,0.01453422591725901,0.00018152754731008398,1,0
M0_balanced,low,7,0.375,0.2,1,9.504701614379883,14.553340837813318,0.014978408813476562,10.663429260253906,10.64845085144043,-0.014978408813476562,0.014553340837813318,0.00018176628617825656,1,1
M1_margin,low,7,0.375,0.2,1,9.504701614379883,14.553340837813318,0.034145355224609375,12.605880737304688,12.571735382080078,-0.034145355224609375,0.014553340837813318,0.00018176628617825656,1,1
M2_popmass,low,7,0.375,0.2,1,9.504701614379883,14.553340837813318,0.01512908935546875,10.836793899536133,10.821664810180664,-0.01512908935546875,0.014553340837813318,0.00018176628617825656,1,1
M0_balanced,low,7,0.375,0.4,1,9.5040283203125,14.54130678955122,0.014970779418945312,10.663429260253906,10.648458480834961,-0.014970779418945312,0.01454130678955122,0.0001816159850010445,1,2
M1_margin,low,7,0.375,0.4,1,9.5040283203125,14.54130678955122,0.03414154052734375,12.605880737304688,12.571739196777344,-0.03414154052734375,0.01454130678955122,0.0001816159850010445,1,2
M2_popmass,low,7,0.375,0.4,1,9.5040283203125,14.54130678955122,0.0151214599609375,10.836793899536133,10.821672439575195,-0.0151214599609375,0.01454130678955122,0.0001816159850010445,1,2
M0_balanced,low,7,0.375,0.1,2,9.3921537399292,14.576701608939288,0.015048980712890625,10.663429260253906,10.648380279541016,-0.015048980712890625,0.014576701608939289,0.00018205805427859507,1,1
M1_margin,low,7,0.375,0.1,2,9.3921537399292,14.576701608939288,0.034193992614746094,12.605880737304688,12.571686744689941,-0.034193992614746094,0.014576701608939289,0.00018205805427859507,1,1
M2_popmass,low,7,0.375,0.1,2,9.3921537399292,14.576701608939288,0.015199661254882812,10.836793899536133,10.82159423828125,-0.015199661254882812,0.014576701608939289,0.00018205805427859507,1,1
M0_balanced,low,7,0.375,0.2,2,9.3921537399292,14.576701608939288,0.015048980712890625,10.663429260253906,10.648380279541016,-0.015048980712890625,0.014576701608939289,0.00018205805427859507,1,1
M1_margin,low,7,0.375,0.2,2,9.3921537399292,14.576701608939288,0.034193992614746094,12.605880737304688,12.571686744689941,-0.034193992614746094,0.014576701608939289,0.00018205805427859507,1,1
M2_popmass,low,7,0.375,0.2,2,9.3921537399292,14.576701608939288,0.015199661254882812,10.836793899536133,10.82159423828125,-0.015199661254882812,0.014576701608939289,0.00018205805427859507,1,1
M0_balanced,low,7,0.375,0.4,2,9.441354751586914,14.561948995905597,0.015008926391601562,10.663429260253906,10.648420333862305,-0.015008926391601562,0.014561948995905597,0.00018187379915034357,1,3
M1_margin,low,7,0.375,0.4,2,9.441354751586914,14.561948995905597,0.03421783447265625,12.605880737304688,12.571662902832031,-0.03421783447265625,0.014561948995905597,0.00018187379915034357,1,3
M2_popmass,low,7,0.375,0.4,2,9.441354751586914,14.561948995905597,0.01515960693359375,10.836793899536133,10.821634292602539,-0.01515960693359375,0.014561948995905597,0.00018187379915034357,1,3
M0_balanced,medium,0,0.625,0.1,0,8.947500228881836,14.74031987563002,0.0026988983154296875,10.663429260253906,10.660730361938477,-0.0026988983154296875,0.01474031987563002,0.00018410159088085926,1,0
M1_margin,medium,0,0.625,0.1,0,8.947500228881836,14.74031987563002,-0.00174713134765625,12.605880737304688,12.607627868652344,0.00174713134765625,0.01474031987563002,0.00018410159088085926,1,0
M2_popmass,medium,0,0.625,0.1,0,8.947500228881836,14.74031987563002,0.0027303695678710938,10.836793899536133,10.834063529968262,-0.0027303695678710938,0.01474031987563002,0.00018410159088085926,1,0
M0_balanced,medium,0,0.625,0.2,0,8.947500228881836,14.74031987563002,0.0026988983154296875,10.663429260253906,10.660730361938477,-0.0026988983154296875,0.01474031987563002,0.00018410159088085926,1,0
M1_margin,medium,0,0.625,0.2,0,8.947500228881836,14.74031987563002,-0.00174713134765625,12.605880737304688,12.607627868652344,0.00174713134765625,0.01474031987563002,0.00018410159088085926,1,0
M2_popmass,medium,0,0.625,0.2,0,8.947500228881836,14.74031987563002,0.0027303695678710938,10.836793899536133,10.834063529968262,-0.0027303695678710938,0.01474031987563002,0.00018410159088085926,1,0
M0_balanced,medium,0,0.625,0.4,0,8.868349075317383,14.681834793518249,0.0025949478149414062,10.663429260253906,10.660834312438965,-0.0025949478149414062,0.014681834793518249,0.0001833711320610764,1,2
M1_margin,medium,0,0.625,0.4,0,8.868349075317383,14.681834793518249,-0.0019216537475585938,12.605880737304688,12.607802391052246,0.0019216537475585938,0.014681834793518249,0.0001833711320610764,1,2
M2_popmass,medium,0,0.625,0.4,0,8.868349075317383,14.681834793518249,0.0026226043701171875,10.836793899536133,10.834171295166016,-0.0026226043701171875,0.014681834793518249,0.0001833711320610764,1,2
M0_balanced,medium,0,0.625,0.1,1,8.962153434753418,14.70242241319594,0.0026950836181640625,10.663429260253906,10.660734176635742,-0.0026950836181640625,0.01470242241319594,0.00018362826444131596,1,0
M1_margin,medium,0,0.625,0.1,1,8.962153434753418,14.70242241319594,-0.00185394287109375,12.605880737304688,12.607734680175781,0.00185394287109375,0.01470242241319594,0.00018362826444131596,1,0
M2_popmass,medium,0,0.625,0.1,1,8.962153434753418,14.70242241319594,0.0027256011962890625,10.836793899536133,10.834068298339844,-0.0027256011962890625,0.01470242241319594,0.00018362826444131596,1,0
M0_balanced,medium,0,0.625,0.2,1,8.962153434753418,14.70242241319594,0.0026950836181640625,10.663429260253906,10.660734176635742,-0.0026950836181640625,0.01470242241319594,0.00018362826444131596,1,0
M1_margin,medium,0,0.625,0.2,1,8.962153434753418,14.70242241319594,-0.00185394287109375,12.605880737304688,12.607734680175781,0.00185394287109375,0.01470242241319594,0.00018362826444131596,1,0
M2_popmass,medium,0,0.625,0.2,1,8.962153434753418,14.70242241319594,0.0027256011962890625,10.836793899536133,10.834068298339844,-0.0027256011962890625,0.01470242241319594,0.00018362826444131596,1,0
M0_balanced,medium,0,0.625,0.4,1,8.9315185546875,14.657204631631272,0.0026254653930664062,10.663429260253906,10.66080379486084,-0.0026254653930664062,0.014657204631631272,0.0001830635097010934,1,2
M1_margin,medium,0,0.625,0.4,1,8.9315185546875,14.657204631631272,-0.0019578933715820312,12.605880737304688,12.60783863067627,0.0019578933715820312,0.014657204631631272,0.0001830635097010934,1,2
M2_popmass,medium,0,0.625,0.4,1,8.9315185546875,14.657204631631272,0.0026521682739257812,10.836793899536133,10.834141731262207,-0.0026521682739257812,0.014657204631631272,0.0001830635097010934,1,2
M0_balanced,medium,0,0.625,0.1,2,8.94479751586914,14.739593316070962,0.002696990966796875,10.663429260253906,10.66073226928711,-0.002696990966796875,0.014739593316070963,0.00018409251639863497,1,0
M1_margin,medium,0,0.625,0.1,2,8.94479751586914,14.739593316070962,-0.0017499923706054688,12.605880737304688,12.607630729675293,0.0017499923706054688,0.014739593316070963,0.00018409251639863497,1,0
M2_popmass,medium,0,0.625,0.1,2,8.94479751586914,14.739593316070962,0.0027284622192382812,10.836793899536133,10.834065437316895,-0.0027284622192382812,0.014739593316070963,0.00018409251639863497,1,0
M0_balanced,medium,0,0.625,0.2,2,8.885232925415039,14.686827943801722,0.0026760101318359375,10.663429260253906,10.66075325012207,-0.0026760101318359375,0.014686827943801722,0.00018343349481293324,1,1
M1_margin,medium,0,0.625,0.2,2,8.885232925415039,14.686827943801722,-0.001728057861328125,12.605880737304688,12.607608795166016,0.001728057861328125,0.014686827943801722,0.00018343349481293324,1,1
M2_popmass,medium,0,0.625,0.2,2,8.885232925415039,14.686827943801722,0.0027055740356445312,10.836793899536133,10.834088325500488,-0.0027055740356445312,0.014686827943801722,0.00018343349481293324,1,1
M0_balanced,medium,0,0.625,0.4,2,8.885232925415039,14.686827943801722,0.0026760101318359375,10.663429260253906,10.66075325012207,-0.0026760101318359375,0.014686827943801722,0.00018343349481293324,1,1
M1_margin,medium,0,0.625,0.4,2,8.885232925415039,14.686827943801722,-0.001728057861328125,12.605880737304688,12.607608795166016,0.001728057861328125,0.014686827943801722,0.00018343349481293324,1,1
M2_popmass,medium,0,0.625,0.4,2,8.885232925415039,14.686827943801722,0.0027055740356445312,10.836793899536133,10.834088325500488,-0.0027055740356445312,0.014686827943801722,0.00018343349481293324,1,1
M0_balanced,medium,1,0.5,0.1,0,9.500797271728516,15.21642740108335,-0.009891510009765625,10.663429260253906,10.673320770263672,0.009891510009765625,0.01521642740108335,0.00019004801223438915,1,2
M1_margin,medium,1,0.5,0.1,0,9.500797271728516,15.21642740108335,-0.012887001037597656,12.605880737304688,12.618767738342285,0.012887001037597656,0.01521642740108335,0.00019004801223438915,1,2
M2_popmass,medium,1,0.5,0.1,0,9.500797271728516,15.21642740108335,-0.00992584228515625,10.836793899536133,10.846719741821289,0.00992584228515625,0.01521642740108335,0.00019004801223438915,1,2
M0_balanced,medium,1,0.5,0.2,0,9.500797271728516,15.21642740108335,-0.009891510009765625,10.663429260253906,10.673320770263672,0.009891510009765625,0.01521642740108335,0.00019004801223438915,1,2
M1_margin,medium,1,0.5,0.2,0,9.500797271728516,15.21642740108335,-0.012887001037597656,12.605880737304688,12.618767738342285,0.012887001037597656,0.01521642740108335,0.00019004801223438915,1,2
M2_popmass,medium,1,0.5,0.2,0,9.500797271728516,15.21642740108335,-0.00992584228515625,10.836793899536133,10.846719741821289,0.00992584228515625,0.01521642740108335,0.00019004801223438915,1,2
M0_balanced,medium,1,0.5,0.4,0,9.538743019104004,15.193504654985666,-0.009751319885253906,10.663429260253906,10.67318058013916,0.009751319885253906,0.015193504654985666,0.00018976171491794363,1,4
M1_margin,medium,1,0.5,0.4,0,9.538743019104004,15.193504654985666,-0.012590408325195312,12.605880737304688,12.618471145629883,0.012590408325195312,0.015193504654985666,0.00018976171491794363,1,4
M2_popmass,medium,1,0.5,0.4,0,9.538743019104004,15.193504654985666,-0.009781837463378906,10.836793899536133,10.846575736999512,0.009781837463378906,0.015193504654985666,0.00018976171491794363,1,4
M0_balanced,medium,1,0.5,0.1,1,9.442926406860352,15.26087284963485,-0.009944915771484375,10.663429260253906,10.67337417602539,0.009944915771484375,0.01526087284963485,0.0001906031207974857,1,0
M1_margin,medium,1,0.5,0.1,1,9.442926406860352,15.26087284963485,-0.012921333312988281,12.605880737304688,12.618802070617676,0.012921333312988281,0.01526087284963485,0.0001906031207974857,1,0
M2_popmass,medium,1,0.5,0.1,1,9.442926406860352,15.26087284963485,-0.009977340698242188,10.836793899536133,10.846771240234375,0.009977340698242188,0.01526087284963485,0.0001906031207974857,1,0
M0_balanced,medium,1,0.5,0.2,1,9.442926406860352,15.26087284963485,-0.009944915771484375,10.663429260253906,10.67337417602539,0.009944915771484375,0.01526087284963485,0.0001906031207974857,1,0
M1_margin,medium,1,0.5,0.2,1,9.442926406860352,15.26087284963485,-0.012921333312988281,12.605880737304688,12.618802070617676,0.012921333312988281,0.01526087284963485,0.0001906031207974857,1,0
M2_popmass,medium,1,0.5,0.2,1,9.442926406860352,15.26087284963485,-0.009977340698242188,10.836793899536133,10.846771240234375,0.009977340698242188,0.01526087284963485,0.0001906031207974857,1,0
M0_balanced,medium,1,0.5,0.4,1,9.499771118164062,15.238678334679841,-0.009892463684082031,10.663429260253906,10.673321723937988,0.009892463684082031,0.015238678334679841,0.00019032591884077636,1,1
M1_margin,medium,1,0.5,0.4,1,9.499771118164062,15.238678334679841,-0.012881278991699219,12.605880737304688,12.618762016296387,0.012881278991699219,0.015238678334679841,0.00019032591884077636,1,1
M2_popmass,medium,1,0.5,0.4,1,9.499771118164062,15.238678334679841,-0.009926795959472656,10.836793899536133,10.846720695495605,0.009926795959472656,0.015238678334679841,0.00019032591884077636,1,1
M0_balanced,medium,1,0.5,0.1,2,9.444831848144531,15.26011655111133,-0.009930610656738281,10.663429260253906,10.673359870910645,0.009930610656738281,0.01526011655111133,0.00019059367488569168,1,0
M1_margin,medium,1,0.5,0.1,2,9.444831848144531,15.26011655111133,-0.012895584106445312,12.605880737304688,12.618776321411133,0.012895584106445312,0.01526011655111133,0.00019059367488569168,1,0
M2_popmass,medium,1,0.5,0.1,2,9.444831848144531,15.26011655111133,-0.009962081909179688,10.836793899536133,10.846755981445312,0.009962081909179688,0.01526011655111133,0.00019059367488569168,1,0
M0_balanced,medium,1,0.5,0.2,2,9.511218070983887,15.235056010929581,-0.009868621826171875,10.663429260253906,10.673297882080078,0.009868621826171875,0.01523505601092958,0.0001902806772469212,1,1
M1_margin,medium,1,0.5,0.2,2,9.511218070983887,15.235056010929581,-0.012860298156738281,12.605880737304688,12.618741035461426,0.012860298156738281,0.01523505601092958,0.0001902806772469212,1,1
M2_popmass,medium,1,0.5,0.2,2,9.511218070983887,15.235056010929581,-0.009902000427246094,10.836793899536133,10.846695899963379,0.009902000427246094,0.01523505601092958,0.0001902806772469212,1,1
M0_balanced,medium,1,0.5,0.4,2,9.506744384765625,15.216984170546608,-0.009882926940917969,10.663429260253906,10.673312187194824,0.009882926940917969,0.01521698417054661,0.000190054966095961,1,2
M1_margin,medium,1,0.5,0.4,2,9.506744384765625,15.216984170546608,-0.012867927551269531,12.605880737304688,12.618748664855957,0.012867927551269531,0.01521698417054661,0.000190054966095961,1,2
M2_popmass,medium,1,0.5,0.4,2,9.506744384765625,15.216984170546608,-0.009917259216308594,10.836793899536133,10.846711158752441,0.009917259216308594,0.01521698417054661,0.000190054966095961,1,2
M0_balanced,medium,2,0.5,0.1,0,8.968734741210938,15.158246823667124,0.0045146942138671875,10.663429260253906,10.658914566040039,-0.0045146942138671875,0.015158246823667124,0.00018932135657487374,1,0
M1_margin,medium,2,0.5,0.1,0,8.968734741210938,15.158246823667124,0.012602806091308594,12.605880737304688,12.593277931213379,-0.012602806091308594,0.015158246823667124,0.00018932135657487374,1,0
M2_popmass,medium,2,0.5,0.1,0,8.968734741210938,15.158246823667124,0.004631996154785156,10.836793899536133,10.832161903381348,-0.004631996154785156,0.015158246823667124,0.00018932135657487374,1,0
M0_balanced,medium,2,0.5,0.2,0,8.97774887084961,15.143858806982179,0.00450897216796875,10.663429260253906,10.658920288085938,-0.00450897216796875,0.015143858806982179,0.00018914165513123695,1,1
M1_margin,medium,2,0.5,0.2,0,8.97774887084961,15.143858806982179,0.012585639953613281,12.605880737304688,12.593295097351074,-0.012585639953613281,0.015143858806982179,0.00018914165513123695,1,1
M2_popmass,medium,2,0.5,0.2,0,8.97774887084961,15.143858806982179,0.0046253204345703125,10.836793899536133,10.832168579101562,-0.0046253204345703125,0.015143858806982179,0.00018914165513123695,1,1
M0_balanced,medium,2,0.5,0.4,0,8.98768424987793,15.13213525650946,0.004528045654296875,10.663429260253906,10.65890121459961,-0.004528045654296875,0.015132135256509461,0.00018899523196599967,1,2
M1_margin,medium,2,0.5,0.4,0,8.98768424987793,15.13213525650946,0.012638092041015625,12.605880737304688,12.593242645263672,-0.012638092041015625,0.015132135256509461,0.00018899523196599967,1,2
M2_popmass,medium,2,0.5,0.4,0,8.98768424987793,15.13213525650946,0.0046443939208984375,10.836793899536133,10.832149505615234,-0.0046443939208984375,0.015132135256509461,0.00018899523196599967,1,2
M0_balanced,medium,2,0.5,0.1,1,8.93369197845459,15.128876264557373,0.004398345947265625,10.663429260253906,10.65903091430664,-0.004398345947265625,0.015128876264557374,0.00018895452826295188,1,2
M1_margin,medium,2,0.5,0.1,1,8.93369197845459,15.128876264557373,0.01230621337890625,12.605880737304688,12.593574523925781,-0.01230621337890625,0.015128876264557374,0.00018895452826295188,1,2
M2_popmass,medium,2,0.5,0.1,1,8.93369197845459,15.128876264557373,0.0045070648193359375,10.836793899536133,10.832286834716797,-0.0045070648193359375,0.015128876264557374,0.00018895452826295188,1,2
M0_balanced,medium,2,0.5,0.2,1,8.93369197845459,15.128876264557373,0.004398345947265625,10.663429260253906,10.65903091430664,-0.004398345947265625,0.015128876264557374,0.00018895452826295188,1,2
M1_margin,medium,2,0.5,0.2,1,8.93369197845459,15.128876264557373,0.01230621337890625,12.605880737304688,12.593574523925781,-0.01230621337890625,0.015128876264557374,0.00018895452826295188,1,2
M2_popmass,medium,2,0.5,0.2,1,8.93369197845459,15.128876264557373,0.0045070648193359375,10.836793899536133,10.832286834716797,-0.0045070648193359375,0.015128876264557374,0.00018895452826295188,1,2
M0_balanced,medium,2,0.5,0.4,1,8.960891723632812,15.116261137967138,0.004317283630371094,10.663429260253906,10.659111976623535,-0.004317283630371094,0.015116261137967138,0.00018879696961469856,1,3
M1_margin,medium,2,0.5,0.4,1,8.960891723632812,15.116261137967138,0.012119293212890625,12.605880737304688,12.593761444091797,-0.012119293212890625,0.015116261137967138,0.00018879696961469856,1,3
M2_popmass,medium,2,0.5,0.4,1,8.960891723632812,15.116261137967138,0.0044193267822265625,10.836793899536133,10.832374572753906,-0.0044193267822265625,0.015116261137967138,0.00018879696961469856,1,3
M0_balanced,medium,2,0.5,0.1,2,8.969791412353516,15.157488979239462,0.004517555236816406,10.663429260253906,10.65891170501709,-0.004517555236816406,0.015157488979239462,0.00018931189135526182,1,0
M1_margin,medium,2,0.5,0.1,2,8.969791412353516,15.157488979239462,0.012612342834472656,12.605880737304688,12.593268394470215,-0.012612342834472656,0.015157488979239462,0.00018931189135526182,1,0
M2_popmass,medium,2,0.5,0.1,2,8.969791412353516,15.157488979239462,0.004635810852050781,10.836793899536133,10.832158088684082,-0.004635810852050781,0.015157488979239462,0.00018931189135526182,1,0
M0_balanced,medium,2,0.5,0.2,2,8.986438751220703,15.133304038067662,0.004458427429199219,10.663429260253906,10.658970832824707,-0.004458427429199219,0.015133304038067662,0.00018900982965085812,1,1
M1_margin,medium,2,0.5,0.2,2,8.986438751220703,15.133304038067662,0.01248931884765625,12.605880737304688,12.593391418457031,-0.01248931884765625,0.015133304038067662,0.00018900982965085812,1,1
M2_popmass,medium,2,0.5,0.2,2,8.986438751220703,15.133304038067662,0.0045719146728515625,10.836793899536133,10.832221984863281,-0.0045719146728515625,0.015133304038067662,0.00018900982965085812,1,1
M0_balanced,medium,2,0.5,0.4,2,8.963848114013672,15.117337853902196,0.004314422607421875,10.663429260253906,10.659114837646484,-0.004314422607421875,0.015117337853902197,0.00018881041743118042,1,3
M1_margin,medium,2,0.5,0.4,2,8.963848114013672,15.117337853902196,0.012116432189941406,12.605880737304688,12.593764305114746,-0.012116432189941406,0.015117337853902197,0.00018881041743118042,1,3
M2_popmass,medium,2,0.5,0.4,2,8.963848114013672,15.117337853902196,0.004416465759277344,10.836793899536133,10.832377433776855,-0.004416465759277344,0.015117337853902197,0.00018881041743118042,1,3
M0_balanced,medium,3,0.5,0.1,0,10.777534484863281,16.880052901245637,-0.01765155792236328,10.663429260253906,10.68108081817627,0.01765155792236328,0.016880052901245637,0.00021082612992749325,1,0
M1_margin,medium,3,0.5,0.1,0,10.777534484863281,16.880052901245637,-0.042240142822265625,12.605880737304688,12.648120880126953,0.042240142822265625,0.016880052901245637,0.00021082612992749325,1,0
M2_popmass,medium,3,0.5,0.1,0,10.777534484863281,16.880052901245637,-0.01754283905029297,10.836793899536133,10.854336738586426,0.01754283905029297,0.016880052901245637,0.00021082612992749325,1,0
M0_balanced,medium,3,0.5,0.2,0,10.777534484863281,16.880052901245637,-0.01765155792236328,10.663429260253906,10.68108081817627,0.01765155792236328,0.016880052901245637,0.00021082612992749325,1,0
M1_margin,medium,3,0.5,0.2,0,10.777534484863281,16.880052901245637,-0.042240142822265625,12.605880737304688,12.648120880126953,0.042240142822265625,0.016880052901245637,0.00021082612992749325,1,0
M2_popmass,medium,3,0.5,0.2,0,10.777534484863281,16.880052901245637,-0.01754283905029297,10.836793899536133,10.854336738586426,0.01754283905029297,0.016880052901245637,0.00021082612992749325,1,0
M0_balanced,medium,3,0.5,0.4,0,10.776949882507324,16.86573945564599,-0.01760387420654297,10.663429260253906,10.68103313446045,0.01760387420654297,0.01686573945564599,0.00021064735985139483,1,1
M1_margin,medium,3,0.5,0.4,0,10.776949882507324,16.86573945564599,-0.04216194152832031,12.605880737304688,12.648042678833008,0.04216194152832031,0.01686573945564599,0.00021064735985139483,1,1
M2_popmass,medium,3,0.5,0.4,0,10.776949882507324,16.86573945564599,-0.017495155334472656,10.836793899536133,10.854289054870605,0.017495155334472656,0.01686573945564599,0.00021064735985139483,1,1
M0_balanced,medium,3,0.5,0.1,1,10.782833099365234,16.880066116641053,-0.017644882202148438,10.663429260253906,10.681074142456055,0.017644882202148438,0.016880066116641054,0.00021082629498329536,1,0
M1_margin,medium,3,0.5,0.1,1,10.782833099365234,16.880066116641053,-0.04222679138183594,12.605880737304688,12.648107528686523,0.04222679138183594,0.016880066116641054,0.00021082629498329536,1,0
M2_popmass,medium,3,0.5,0.1,1,10.782833099365234,16.880066116641053,-0.017536163330078125,10.836793899536133,10.854330062866211,0.017536163330078125,0.016880066116641054,0.00021082629498329536,1,0
M0_balanced,medium,3,0.5,0.2,1,10.782833099365234,16.880066116641053,-0.017644882202148438,10.663429260253906,10.681074142456055,0.017644882202148438,0.016880066116641054,0.00021082629498329536,1,0
M1_margin,medium,3,0.5,0.2,1,10.782833099365234,16.880066116641053,-0.04222679138183594,12.605880737304688,12.648107528686523,0.04222679138183594,0.016880066116641054,0.00021082629498329536,1,0
M2_popmass,medium,3,0.5,0.2,1,10.782833099365234,16.880066116641053,-0.017536163330078125,10.836793899536133,10.854330062866211,0.017536163330078125,0.016880066116641054,0.00021082629498329536,1,0
M0_balanced,medium,3,0.5,0.4,1,10.782833099365234,16.880066116641053,-0.017644882202148438,10.663429260253906,10.681074142456055,0.017644882202148438,0.016880066116641054,0.00021082629498329536,1,0
M1_margin,medium,3,0.5,0.4,1,10.782833099365234,16.880066116641053,-0.04222679138183594,12.605880737304688,12.648107528686523,0.04222679138183594,0.016880066116641054,0.00021082629498329536,1,0
M2_popmass,medium,3,0.5,0.4,1,10.782833099365234,16.880066116641053,-0.017536163330078125,10.836793899536133,10.854330062866211,0.017536163330078125,0.016880066116641054,0.00021082629498329536,1,0
M0_balanced,medium,3,0.5,0.1,2,10.78048324584961,16.880259641699094,-0.017648696899414062,10.663429260253906,10.68107795715332,0.017648696899414062,0.016880259641699095,0.00021082871204556819,1,0
M1_margin,medium,3,0.5,0.1,2,10.78048324584961,16.880259641699094,-0.042236328125,12.605880737304688,12.648117065429688,0.042236328125,0.016880259641699095,0.00021082871204556819,1,0
M2_popmass,medium,3,0.5,0.1,2,10.78048324584961,16.880259641699094,-0.01753997802734375,10.836793899536133,10.854333877563477,0.01753997802734375,0.016880259641699095,0.00021082871204556819,1,0
M0_balanced,medium,3,0.5,0.2,2,10.690519332885742,16.85013297608101,-0.017685890197753906,10.663429260253906,10.68111515045166,0.017685890197753906,0.01685013297608101,0.0002104524402200568,1,1
M1_margin,medium,3,0.5,0.2,2,10.690519332885742,16.85013297608101,-0.04231071472167969,12.605880737304688,12.648191452026367,0.04231071472167969,0.01685013297608101,0.0002104524402200568,1,1
M2_popmass,medium,3,0.5,0.2,2,10.690519332885742,16.85013297608101,-0.01758098602294922,10.836793899536133,10.854374885559082,0.01758098602294922,0.01685013297608101,0.0002104524402200568,1,1
M0_balanced,medium,3,0.5,0.4,2,10.690519332885742,16.85013297608101,-0.017685890197753906,10.663429260253906,10.68111515045166,0.017685890197753906,0.01685013297608101,0.0002104524402200568,1,1
M1_margin,medium,3,0.5,0.4,2,10.690519332885742,16.85013297608101,-0.04231071472167969,12.605880737304688,12.648191452026367,0.04231071472167969,0.01685013297608101,0.0002104524402200568,1,1
M2_popmass,medium,3,0.5,0.4,2,10.690519332885742,16.85013297608101,-0.01758098602294922,10.836793899536133,10.854374885559082,0.01758098602294922,0.01685013297608101,0.0002104524402200568,1,1
M0_balanced,medium,4,0.6,0.1,0,7.76024866104126,15.892318420637217,-0.0018100738525390625,10.663429260253906,10.665239334106445,0.0018100738525390625,0.01589231842063722,0.00019848966160237037,1,2
M1_margin,medium,4,0.6,0.1,0,7.76024866104126,15.892318420637217,0.010197639465332031,12.605880737304688,12.595683097839355,-0.010197639465332031,0.01589231842063722,0.00019848966160237037,1,2
M2_popmass,medium,4,0.6,0.1,0,7.76024866104126,15.892318420637217,-0.0018663406372070312,10.836793899536133,10.83866024017334,0.0018663406372070312,0.01589231842063722,0.00019848966160237037,1,2
M0_balanced,medium,4,0.6,0.2,0,7.76024866104126,15.892318420637217,-0.0018100738525390625,10.663429260253906,10.665239334106445,0.0018100738525390625,0.01589231842063722,0.00019848966160237037,1,2
M1_margin,medium,4,0.6,0.2,0,7.76024866104126,15.892318420637217,0.010197639465332031,12.605880737304688,12.595683097839355,-0.010197639465332031,0.01589231842063722,0.00019848966160237037,1,2
M2_popmass,medium,4,0.6,0.2,0,7.76024866104126,15.892318420637217,-0.0018663406372070312,10.836793899536133,10.83866024017334,0.0018663406372070312,0.01589231842063722,0.00019848966160237037,1,2
M0_balanced,medium,4,0.6,0.4,0,7.76024866104126,15.892318420637217,-0.0018100738525390625,10.663429260253906,10.665239334106445,0.0018100738525390625,0.01589231842063722,0.00019848966160237037,1,2
M1_margin,medium,4,0.6,0.4,0,7.76024866104126,15.892318420637217,0.010197639465332031,12.605880737304688,12.595683097839355,-0.010197639465332031,0.01589231842063722,0.00019848966160237037,1,2
M2_popmass,medium,4,0.6,0.4,0,7.76024866104126,15.892318420637217,-0.0018663406372070312,10.836793899536133,10.83866024017334,0.0018663406372070312,0.01589231842063722,0.00019848966160237037,1,2
M0_balanced,medium,4,0.6,0.1,1,7.770693302154541,15.901314078717544,-0.001880645751953125,10.663429260253906,10.66530990600586,0.001880645751953125,0.015901314078717543,0.00019860201431775112,1,0
M1_margin,medium,4,0.6,0.1,1,7.770693302154541,15.901314078717544,0.0099945068359375,12.605880737304688,12.59588623046875,-0.0099945068359375,0.015901314078717543,0.00019860201431775112,1,0
M2_popmass,medium,4,0.6,0.1,1,7.770693302154541,15.901314078717544,-0.0019407272338867188,10.836793899536133,10.83873462677002,0.0019407272338867188,0.015901314078717543,0.00019860201431775112,1,0
M0_balanced,medium,4,0.6,0.2,1,7.770693302154541,15.901314078717544,-0.001880645751953125,10.663429260253906,10.66530990600586,0.001880645751953125,0.015901314078717543,0.00019860201431775112,1,0
M1_margin,medium,4,0.6,0.2,1,7.770693302154541,15.901314078717544,0.0099945068359375,12.605880737304688,12.59588623046875,-0.0099945068359375,0.015901314078717543,0.00019860201431775112,1,0
M2_popmass,medium,4,0.6,0.2,1,7.770693302154541,15.901314078717544,-0.0019407272338867188,10.836793899536133,10.83873462677002,0.0019407272338867188,0.015901314078717543,0.00019860201431775112,1,0
M0_balanced,medium,4,0.6,0.4,1,7.721503257751465,15.907130146502253,-0.0022068023681640625,10.663429260253906,10.66563606262207,0.0022068023681640625,0.015907130146502253,0.00019867465502981641,1,2
M1_margin,medium,4,0.6,0.4,1,7.721503257751465,15.907130146502253,0.009319305419921875,12.605880737304688,12.596561431884766,-0.009319305419921875,0.015907130146502253,0.00019867465502981641,1,2
M2_popmass,medium,4,0.6,0.4,1,7.721503257751465,15.907130146502253,-0.002277374267578125,10.836793899536133,10.839071273803711,0.002277374267578125,0.015907130146502253,0.00019867465502981641,1,2
M0_balanced,medium,4,0.6,0.1,2,7.858925819396973,15.92812228872644,-0.0017328262329101562,10.663429260253906,10.665162086486816,0.0017328262329101562,0.01592812228872644,0.00019893683975932556,1,0
M1_margin,medium,4,0.6,0.1,2,7.858925819396973,15.92812228872644,0.010438919067382812,12.605880737304688,12.595441818237305,-0.010438919067382812,0.01592812228872644,0.00019893683975932556,1,0
M2_popmass,medium,4,0.6,0.1,2,7.858925819396973,15.92812228872644,-0.0017824172973632812,10.836793899536133,10.838576316833496,0.0017824172973632812,0.01592812228872644,0.00019893683975932556,1,0
M0_balanced,medium,4,0.6,0.2,2,7.858925819396973,15.92812228872644,-0.0017328262329101562,10.663429260253906,10.665162086486816,0.0017328262329101562,0.01592812228872644,0.00019893683975932556,1,0
M1_margin,medium,4,0.6,0.2,2,7.858925819396973,15.92812228872644,0.010438919067382812,12.605880737304688,12.595441818237305,-0.010438919067382812,0.01592812228872644,0.00019893683975932556,1,0
M2_popmass,medium,4,0.6,0.2,2,7.858925819396973,15.92812228872644,-0.0017824172973632812,10.836793899536133,10.838576316833496,0.0017824172973632812,0.01592812228872644,0.00019893683975932556,1,0
M0_balanced,medium,4,0.6,0.4,2,7.858925819396973,15.92812228872644,-0.0017328262329101562,10.663429260253906,10.665162086486816,0.0017328262329101562,0.01592812228872644,0.00019893683975932556,1,0
M1_margin,medium,4,0.6,0.4,2,7.858925819396973,15.92812228872644,0.010438919067382812,12.605880737304688,12.595441818237305,-0.010438919067382812,0.01592812228872644,0.00019893683975932556,1,0
M2_popmass,medium,4,0.6,0.4,2,7.858925819396973,15.92812228872644,-0.0017824172973632812,10.836793899536133,10.838576316833496,0.0017824172973632812,0.01592812228872644,0.00019893683975932556,1,0
M0_balanced,medium,5,0.5,0.1,0,8.453893661499023,16.75439338021036,0.007809638977050781,10.663429260253906,10.655619621276855,-0.007809638977050781,0.01675439338021036,0.00020925668517140158,1,2
M1_margin,medium,5,0.5,0.1,0,8.453893661499023,16.75439338021036,0.02025127410888672,12.605880737304688,12.5856294631958,-0.02025127410888672,0.01675439338021036,0.00020925668517140158,1,2
M2_popmass,medium,5,0.5,0.1,0,8.453893661499023,16.75439338021036,0.007867813110351562,10.836793899536133,10.828926086425781,-0.007867813110351562,0.01675439338021036,0.00020925668517140158,1,2
M0_balanced,medium,5,0.5,0.2,0,8.453893661499023,16.75439338021036,0.007809638977050781,10.663429260253906,10.655619621276855,-0.007809638977050781,0.01675439338021036,0.00020925668517140158,1,2
M1_margin,medium,5,0.5,0.2,0,8.453893661499023,16.75439338021036,0.02025127410888672,12.605880737304688,12.5856294631958,-0.02025127410888672,0.01675439338021036,0.00020925668517140158,1,2
M2_popmass,medium,5,0.5,0.2,0,8.453893661499023,16.75439338021036,0.007867813110351562,10.836793899536133,10.828926086425781,-0.007867813110351562,0.01675439338021036,0.00020925668517140158,1,2
M0_balanced,medium,5,0.5,0.4,0,8.453893661499023,16.75439338021036,0.007809638977050781,10.663429260253906,10.655619621276855,-0.007809638977050781,0.01675439338021036,0.00020925668517140158,1,2
M1_margin,medium,5,0.5,0.4,0,8.453893661499023,16.75439338021036,0.02025127410888672,12.605880737304688,12.5856294631958,-0.02025127410888672,0.01675439338021036,0.00020925668517140158,1,2
M2_popmass,medium,5,0.5,0.4,0,8.453893661499023,16.75439338021036,0.007867813110351562,10.836793899536133,10.828926086425781,-0.007867813110351562,0.01675439338021036,0.00020925668517140158,1,2
M0_balanced,medium,5,0.5,0.1,1,8.405562400817871,16.760297473836527,0.007672309875488281,10.663429260253906,10.655756950378418,-0.007672309875488281,0.016760297473836526,0.00020933042529634174,1,1
M1_margin,medium,5,0.5,0.1,1,8.405562400817871,16.760297473836527,0.019901275634765625,12.605880737304688,12.585979461669922,-0.019901275634765625,0.016760297473836526,0.00020933042529634174,1,1
M2_popmass,medium,5,0.5,0.1,1,8.405562400817871,16.760297473836527,0.0077266693115234375,10.836793899536133,10.82906723022461,-0.0077266693115234375,0.016760297473836526,0.00020933042529634174,1,1
M0_balanced,medium,5,0.5,0.2,1,8.428802490234375,16.7245028836103,0.007758140563964844,10.663429260253906,10.655671119689941,-0.007758140563964844,0.016724502883610298,0.0002088833630167455,1,2
M1_margin,medium,5,0.5,0.2,1,8.428802490234375,16.7245028836103,0.020189285278320312,12.605880737304688,12.585691452026367,-0.020189285278320312,0.016724502883610298,0.0002088833630167455,1,2
M2_popmass,medium,5,0.5,0.2,1,8.428802490234375,16.7245028836103,0.007815361022949219,10.836793899536133,10.828978538513184,-0.007815361022949219,0.016724502883610298,0.0002088833630167455,1,2
M0_balanced,medium,5,0.5,0.4,1,8.470030784606934,16.750189127797224,0.0077972412109375,10.663429260253906,10.655632019042969,-0.0077972412109375,0.016750189127797223,0.00020920417548611294,1,3
M1_margin,medium,5,0.5,0.4,1,8.470030784606934,16.750189127797224,0.020238876342773438,12.605880737304688,12.585641860961914,-0.020238876342773438,0.016750189127797223,0.00020920417548611294,1,3
M2_popmass,medium,5,0.5,0.4,1,8.470030784606934,16.750189127797224,0.007854461669921875,10.836793899536133,10.828939437866211,-0.007854461669921875,0.016750189127797223,0.00020920417548611294,1,3
M0_balanced,medium,5,0.5,0.1,2,8.363821029663086,16.730985804333297,0.0077571868896484375,10.663429260253906,10.655672073364258,-0.0077571868896484375,0.016730985804333298,0.00020896433249561222,1,1
M1_margin,medium,5,0.5,0.1,2,8.363821029663086,16.730985804333297,0.020180702209472656,12.605880737304688,12.585700035095215,-0.020180702209472656,0.016730985804333298,0.00020896433249561222,1,1
M2_popmass,medium,5,0.5,0.1,2,8.363821029663086,16.730985804333297,0.007814407348632812,10.836793899536133,10.8289794921875,-0.007814407348632812,0.016730985804333298,0.00020896433249561222,1,1
M0_balanced,medium,5,0.5,0.2,2,8.363821029663086,16.730985804333297,0.0077571868896484375,10.663429260253906,10.655672073364258,-0.0077571868896484375,0.016730985804333298,0.00020896433249561222,1,1
M1_margin,medium,5,0.5,0.2,2,8.363821029663086,16.730985804333297,0.020180702209472656,12.605880737304688,12.585700035095215,-0.020180702209472656,0.016730985804333298,0.00020896433249561222,1,1
M2_popmass,medium,5,0.5,0.2,2,8.363821029663086,16.730985804333297,0.007814407348632812,10.836793899536133,10.8289794921875,-0.007814407348632812,0.016730985804333298,0.00020896433249561222,1,1
M0_balanced,medium,5,0.5,0.4,2,8.492366790771484,16.7569469048967,0.007825851440429688,10.663429260253906,10.655603408813477,-0.007825851440429688,0.0167569469048967,0.00020928857782780765,1,3
M1_margin,medium,5,0.5,0.4,2,8.492366790771484,16.7569469048967,0.02025127410888672,12.605880737304688,12.5856294631958,-0.02025127410888672,0.0167569469048967,0.00020928857782780765,1,3
M2_popmass,medium,5,0.5,0.4,2,8.492366790771484,16.7569469048967,0.007883071899414062,10.836793899536133,10.828910827636719,-0.007883071899414062,0.0167569469048967,0.00020928857782780765,1,3
M0_balanced,medium,6,0.5,0.1,0,10.484582901000977,19.13559517689984,0.004714012145996094,10.663429260253906,10.65871524810791,-0.004714012145996094,0.01913559517689984,0.0002389970871896554,1,0
M1_margin,medium,6,0.5,0.1,0,10.484582901000977,19.13559517689984,0.017803192138671875,12.605880737304688,12.588077545166016,-0.017803192138671875,0.01913559517689984,0.0002389970871896554,1,0
M2_popmass,medium,6,0.5,0.1,0,10.484582901000977,19.13559517689984,0.00469207763671875,10.836793899536133,10.832101821899414,-0.00469207763671875,0.01913559517689984,0.0002389970871896554,1,0
M0_balanced,medium,6,0.5,0.2,0,10.474691390991211,19.171104154427216,0.0047817230224609375,10.663429260253906,10.658647537231445,-0.0047817230224609375,0.019171104154427215,0.00023944058226360902,1,2
M1_margin,medium,6,0.5,0.2,0,10.474691390991211,19.171104154427216,0.01794147491455078,12.605880737304688,12.587939262390137,-0.01794147491455078,0.019171104154427215,0.00023944058226360902,1,2
M2_popmass,medium,6,0.5,0.2,0,10.474691390991211,19.171104154427216,0.004759788513183594,10.836793899536133,10.83203411102295,-0.004759788513183594,0.019171104154427215,0.00023944058226360902,1,2
M0_balanced,medium,6,0.5,0.4,0,10.48337173461914,19.18610090199244,0.0047931671142578125,10.663429260253906,10.658636093139648,-0.0047931671142578125,0.01918610090199244,0.00023962788654927522,1,3
M1_margin,medium,6,0.5,0.4,0,10.48337173461914,19.18610090199244,0.017930984497070312,12.605880737304688,12.587949752807617,-0.017930984497070312,0.01918610090199244,0.00023962788654927522,1,3
M2_popmass,medium,6,0.5,0.4,0,10.48337173461914,19.18610090199244,0.004769325256347656,10.836793899536133,10.832024574279785,-0.004769325256347656,0.01918610090199244,0.00023962788654927522,1,3
M0_balanced,medium,6,0.5,0.1,1,10.48678207397461,19.13545284909268,0.004714012145996094,10.663429260253906,10.65871524810791,-0.004714012145996094,0.01913545284909268,0.0002389953095636645,1,0
M1_margin,medium,6,0.5,0.1,1,10.48678207397461,19.13545284909268,0.017803192138671875,12.605880737304688,12.588077545166016,-0.017803192138671875,0.01913545284909268,0.0002389953095636645,1,0
M2_popmass,medium,6,0.5,0.1,1,10.48678207397461,19.13545284909268,0.00469207763671875,10.836793899536133,10.832101821899414,-0.00469207763671875,0.01913545284909268,0.0002389953095636645,1,0
M0_balanced,medium,6,0.5,0.2,1,10.48678207397461,19.13545284909268,0.004714012145996094,10.663429260253906,10.65871524810791,-0.004714012145996094,0.01913545284909268,0.0002389953095636645,1,0
M1_margin,medium,6,0.5,0.2,1,10.48678207397461,19.13545284909268,0.017803192138671875,12.605880737304688,12.588077545166016,-0.017803192138671875,0.01913545284909268,0.0002389953095636645,1,0
M2_popmass,medium,6,0.5,0.2,1,10.48678207397461,19.13545284909268,0.00469207763671875,10.836793899536133,10.832101821899414,-0.00469207763671875,0.01913545284909268,0.0002389953095636645,1,0
M0_balanced,medium,6,0.5,0.4,1,10.544842720031738,19.191515324650183,0.004817008972167969,10.663429260253906,10.658612251281738,-0.004817008972167969,0.019191515324650184,0.000239695510850064,1,2
M1_margin,medium,6,0.5,0.4,1,10.544842720031738,19.191515324650183,0.01802539825439453,12.605880737304688,12.587855339050293,-0.01802539825439453,0.019191515324650184,0.000239695510850064,1,2
M2_popmass,medium,6,0.5,0.4,1,10.544842720031738,19.191515324650183,0.0047969818115234375,10.836793899536133,10.83199691772461,-0.0047969818115234375,0.019191515324650184,0.000239695510850064,1,2
M0_balanced,medium,6,0.5,0.1,2,10.48243522644043,19.126654613243826,0.004856109619140625,10.663429260253906,10.658573150634766,-0.004856109619140625,0.019126654613243827,0.00023888542258492963,1,0
M1_margin,medium,6,0.5,0.1,2,10.48243522644043,19.126654613243826,0.017974853515625,12.605880737304688,12.587905883789062,-0.017974853515625,0.019126654613243827,0.00023888542258492963,1,0
M2_popmass,medium,6,0.5,0.1,2,10.48243522644043,19.126654613243826,0.004833221435546875,10.836793899536133,10.831960678100586,-0.004833221435546875,0.019126654613243827,0.00023888542258492963,1,0
M0_balanced,medium,6,0.5,0.2,2,10.48243522644043,19.126654613243826,0.004856109619140625,10.663429260253906,10.658573150634766,-0.004856109619140625,0.019126654613243827,0.00023888542258492963,1,0
M1_margin,medium,6,0.5,0.2,2,10.48243522644043,19.126654613243826,0.017974853515625,12.605880737304688,12.587905883789062,-0.017974853515625,0.019126654613243827,0.00023888542258492963,1,0
M2_popmass,medium,6,0.5,0.2,2,10.48243522644043,19.126654613243826,0.004833221435546875,10.836793899536133,10.831960678100586,-0.004833221435546875,0.019126654613243827,0.00023888542258492963,1,0
M0_balanced,medium,6,0.5,0.4,2,10.534611701965332,19.144975216203473,0.004817962646484375,10.663429260253906,10.658611297607422,-0.004817962646484375,0.019144975216203473,0.00023911424069601714,1,2
M1_margin,medium,6,0.5,0.4,2,10.534611701965332,19.144975216203473,0.0179290771484375,12.605880737304688,12.58795166015625,-0.0179290771484375,0.019144975216203473,0.00023911424069601714,1,2
M2_popmass,medium,6,0.5,0.4,2,10.534611701965332,19.144975216203473,0.0047931671142578125,10.836793899536133,10.832000732421875,-0.0047931671142578125,0.019144975216203473,0.00023911424069601714,1,2
M0_balanced,medium,7,0.6,0.1,0,9.399147987365723,15.819910842384337,-0.000659942626953125,10.663429260253906,10.66408920288086,0.000659942626953125,0.015819910842384335,0.0001975853155324981,1,0
M1_margin,medium,7,0.6,0.1,0,9.399147987365723,15.819910842384337,-0.0003070831298828125,12.605880737304688,12.60618782043457,0.0003070831298828125,0.015819910842384335,0.0001975853155324981,1,0
M2_popmass,medium,7,0.6,0.1,0,9.399147987365723,15.819910842384337,-0.0005283355712890625,10.836793899536133,10.837322235107422,0.0005283355712890625,0.015819910842384335,0.0001975853155324981,1,0
M0_balanced,medium,7,0.6,0.2,0,9.399147987365723,15.819910842384337,-0.000659942626953125,10.663429260253906,10.66408920288086,0.000659942626953125,0.015819910842384335,0.0001975853155324981,1,0
M1_margin,medium,7,0.6,0.2,0,9.399147987365723,15.819910842384337,-0.0003070831298828125,12.605880737304688,12.60618782043457,0.0003070831298828125,0.015819910842384335,0.0001975853155324981,1,0
M2_popmass,medium,7,0.6,0.2,0,9.399147987365723,15.819910842384337,-0.0005283355712890625,10.836793899536133,10.837322235107422,0.0005283355712890625,0.015819910842384335,0.0001975853155324981,1,0
M0_balanced,medium,7,0.6,0.4,0,9.399147987365723,15.819910842384337,-0.000659942626953125,10.663429260253906,10.66408920288086,0.000659942626953125,0.015819910842384335,0.0001975853155324981,1,0
M1_margin,medium,7,0.6,0.4,0,9.399147987365723,15.819910842384337,-0.0003070831298828125,12.605880737304688,12.60618782043457,0.0003070831298828125,0.015819910842384335,0.0001975853155324981,1,0
M2_popmass,medium,7,0.6,0.4,0,9.399147987365723,15.819910842384337,-0.0005283355712890625,10.836793899536133,10.837322235107422,0.0005283355712890625,0.015819910842384335,0.0001975853155324981,1,0
M0_balanced,medium,7,0.6,0.1,1,9.397345542907715,15.820472429811334,-0.0006618499755859375,10.663429260253906,10.664091110229492,0.0006618499755859375,0.015820472429811334,0.00019759232956880136,1,0
M1_margin,medium,7,0.6,0.1,1,9.397345542907715,15.820472429811334,-0.0003070831298828125,12.605880737304688,12.60618782043457,0.0003070831298828125,0.015820472429811334,0.00019759232956880136,1,0
M2_popmass,medium,7,0.6,0.1,1,9.397345542907715,15.820472429811334,-0.000530242919921875,10.836793899536133,10.837324142456055,0.000530242919921875,0.015820472429811334,0.00019759232956880136,1,0
M0_balanced,medium,7,0.6,0.2,1,9.397345542907715,15.820472429811334,-0.0006618499755859375,10.663429260253906,10.664091110229492,0.0006618499755859375,0.015820472429811334,0.00019759232956880136,1,0
M1_margin,medium,7,0.6,0.2,1,9.397345542907715,15.820472429811334,-0.0003070831298828125,12.605880737304688,12.60618782043457,0.0003070831298828125,0.015820472429811334,0.00019759232956880136,1,0
M2_popmass,medium,7,0.6,0.2,1,9.397345542907715,15.820472429811334,-0.000530242919921875,10.836793899536133,10.837324142456055,0.000530242919921875,0.015820472429811334,0.00019759232956880136,1,0
M0_balanced,medium,7,0.6,0.4,1,9.397345542907715,15.820472429811334,-0.0006618499755859375,10.663429260253906,10.664091110229492,0.0006618499755859375,0.015820472429811334,0.00019759232956880136,1,0
M1_margin,medium,7,0.6,0.4,1,9.397345542907715,15.820472429811334,-0.0003070831298828125,12.605880737304688,12.60618782043457,0.0003070831298828125,0.015820472429811334,0.00019759232956880136,1,0
M2_popmass,medium,7,0.6,0.4,1,9.397345542907715,15.820472429811334,-0.000530242919921875,10.836793899536133,10.837324142456055,0.000530242919921875,0.015820472429811334,0.00019759232956880136,1,0
M0_balanced,medium,7,0.6,0.1,2,9.296121597290039,15.809436465571686,-0.0006742477416992188,10.663429260253906,10.664103507995605,0.0006742477416992188,0.015809436465571685,0.00019745449412217832,1,1
M1_margin,medium,7,0.6,0.1,2,9.296121597290039,15.809436465571686,-0.00043010711669921875,12.605880737304688,12.606310844421387,0.00043010711669921875,0.015809436465571685,0.00019745449412217832,1,1
M2_popmass,medium,7,0.6,0.1,2,9.296121597290039,15.809436465571686,-0.000545501708984375,10.836793899536133,10.837339401245117,0.000545501708984375,0.015809436465571685,0.00019745449412217832,1,1
M0_balanced,medium,7,0.6,0.2,2,9.296121597290039,15.809436465571686,-0.0006742477416992188,10.663429260253906,10.664103507995605,0.0006742477416992188,0.015809436465571685,0.00019745449412217832,1,1
M1_margin,medium,7,0.6,0.2,2,9.296121597290039,15.809436465571686,-0.00043010711669921875,12.605880737304688,12.606310844421387,0.00043010711669921875,0.015809436465571685,0.00019745449412217832,1,1
M2_popmass,medium,7,0.6,0.2,2,9.296121597290039,15.809436465571686,-0.000545501708984375,10.836793899536133,10.837339401245117,0.000545501708984375,0.015809436465571685,0.00019745449412217832,1,1
M0_balanced,medium,7,0.6,0.4,2,9.296121597290039,15.809436465571686,-0.0006742477416992188,10.663429260253906,10.664103507995605,0.0006742477416992188,0.015809436465571685,0.00019745449412217832,1,1
M1_margin,medium,7,0.6,0.4,2,9.296121597290039,15.809436465571686,-0.00043010711669921875,12.605880737304688,12.606310844421387,0.00043010711669921875,0.015809436465571685,0.00019745449412217832,1,1
M2_popmass,medium,7,0.6,0.4,2,9.296121597290039,15.809436465571686,-0.000545501708984375,10.836793899536133,10.837339401245117,0.000545501708984375,0.015809436465571685,0.00019745449412217832,1,1
M0_balanced,high,0,1.0,0.1,0,9.88818359375,15.89199785249466,0.003696441650390625,10.663429260253906,10.659732818603516,-0.003696441650390625,0.01589199785249466,0.0001984856578151033,1,0
M1_margin,high,0,1.0,0.1,0,9.88818359375,15.89199785249466,0.0209197998046875,12.605880737304688,12.5849609375,-0.0209197998046875,0.01589199785249466,0.0001984856578151033,1,0
M2_popmass,high,0,1.0,0.1,0,9.88818359375,15.89199785249466,0.0037450790405273438,10.836793899536133,10.833048820495605,-0.0037450790405273438,0.01589199785249466,0.0001984856578151033,1,0
M0_balanced,high,0,1.0,0.2,0,9.88818359375,15.89199785249466,0.003696441650390625,10.663429260253906,10.659732818603516,-0.003696441650390625,0.01589199785249466,0.0001984856578151033,1,0
M1_margin,high,0,1.0,0.2,0,9.88818359375,15.89199785249466,0.0209197998046875,12.605880737304688,12.5849609375,-0.0209197998046875,0.01589199785249466,0.0001984856578151033,1,0
M2_popmass,high,0,1.0,0.2,0,9.88818359375,15.89199785249466,0.0037450790405273438,10.836793899536133,10.833048820495605,-0.0037450790405273438,0.01589199785249466,0.0001984856578151033,1,0
M0_balanced,high,0,1.0,0.4,0,9.863271713256836,15.89777134372679,0.0036640167236328125,10.663429260253906,10.659765243530273,-0.0036640167236328125,0.01589777134372679,0.0001985577667604817,1,1
M1_margin,high,0,1.0,0.4,0,9.863271713256836,15.89777134372679,0.020837783813476562,12.605880737304688,12.585042953491211,-0.020837783813476562,0.01589777134372679,0.0001985577667604817,1,1
M2_popmass,high,0,1.0,0.4,0,9.863271713256836,15.89777134372679,0.0037107467651367188,10.836793899536133,10.833083152770996,-0.0037107467651367188,0.01589777134372679,0.0001985577667604817,1,1
M0_balanced,high,0,1.0,0.1,1,9.895991325378418,15.900559526541914,0.0036773681640625,10.663429260253906,10.659751892089844,-0.0036773681640625,0.015900559526541912,0.00019859259021724935,1,1
M1_margin,high,0,1.0,0.1,1,9.895991325378418,15.900559526541914,0.020906448364257812,12.605880737304688,12.58497428894043,-0.020906448364257812,0.015900559526541912,0.00019859259021724935,1,1
M2_popmass,high,0,1.0,0.1,1,9.895991325378418,15.900559526541914,0.0037260055541992188,10.836793899536133,10.833067893981934,-0.0037260055541992188,0.015900559526541912,0.00019859259021724935,1,1
M0_balanced,high,0,1.0,0.2,1,9.895991325378418,15.900559526541914,0.0036773681640625,10.663429260253906,10.659751892089844,-0.0036773681640625,0.015900559526541912,0.00019859259021724935,1,1
M1_margin,high,0,1.0,0.2,1,9.895991325378418,15.900559526541914,0.020906448364257812,12.605880737304688,12.58497428894043,-0.020906448364257812,0.015900559526541912,0.00019859259021724935,1,1
M2_popmass,high,0,1.0,0.2,1,9.895991325378418,15.900559526541914,0.0037260055541992188,10.836793899536133,10.833067893981934,-0.0037260055541992188,0.015900559526541912,0.00019859259021724935,1,1
M0_balanced,high,0,1.0,0.4,1,9.895991325378418,15.900559526541914,0.0036773681640625,10.663429260253906,10.659751892089844,-0.0036773681640625,0.015900559526541912,0.00019859259021724935,1,1
M1_margin,high,0,1.0,0.4,1,9.895991325378418,15.900559526541914,0.020906448364257812,12.605880737304688,12.58497428894043,-0.020906448364257812,0.015900559526541912,0.00019859259021724935,1,1
M2_popmass,high,0,1.0,0.4,1,9.895991325378418,15.900559526541914,0.0037260055541992188,10.836793899536133,10.833067893981934,-0.0037260055541992188,0.015900559526541912,0.00019859259021724935,1,1
M0_balanced,high,0,1.0,0.1,2,9.92359733581543,15.899495706079191,0.003711700439453125,10.663429260253906,10.659717559814453,-0.003711700439453125,0.01589949570607919,0.00019857930346083897,1,0
M1_margin,high,0,1.0,0.1,2,9.92359733581543,15.899495706079191,0.02099323272705078,12.605880737304688,12.584887504577637,-0.02099323272705078,0.01589949570607919,0.00019857930346083897,1,0
M2_popmass,high,0,1.0,0.1,2,9.92359733581543,15.899495706079191,0.0037631988525390625,10.836793899536133,10.833030700683594,-0.0037631988525390625,0.01589949570607919,0.00019857930346083897,1,0
M0_balanced,high,0,1.0,0.2,2,9.843969345092773,15.888555852210322,0.0036830902099609375,10.663429260253906,10.659746170043945,-0.0036830902099609375,0.015888555852210322,0.00019844266840011735,1,1
M1_margin,high,0,1.0,0.2,2,9.843969345092773,15.888555852210322,0.020969390869140625,12.605880737304688,12.584911346435547,-0.020969390869140625,0.015888555852210322,0.00019844266840011735,1,1
M2_popmass,high,0,1.0,0.2,2,9.843969345092773,15.888555852210322,0.0037326812744140625,10.836793899536133,10.833061218261719,-0.0037326812744140625,0.015888555852210322,0.00019844266840011735,1,1
M0_balanced,high,0,1.0,0.4,2,9.843969345092773,15.888555852210322,0.0036830902099609375,10.663429260253906,10.659746170043945,-0.0036830902099609375,0.015888555852210322,0.00019844266840011735,1,1
M1_margin,high,0,1.0,0.4,2,9.843969345092773,15.888555852210322,0.020969390869140625,12.605880737304688,12.584911346435547,-0.020969390869140625,0.015888555852210322,0.00019844266840011735,1,1
M2_popmass,high,0,1.0,0.4,2,9.843969345092773,15.888555852210322,0.0037326812744140625,10.836793899536133,10.833061218261719,-0.0037326812744140625,0.015888555852210322,0.00019844266840011735,1,1
M0_balanced,high,1,0.75,0.1,0,10.106850624084473,18.880372159189438,0.015375137329101562,10.663429260253906,10.648054122924805,-0.015375137329101562,0.01888037215918944,0.00023580943834713728,1,0
M1_margin,high,1,0.75,0.1,0,10.106850624084473,18.880372159189438,0.0333099365234375,12.605880737304688,12.57257080078125,-0.0333099365234375,0.01888037215918944,0.00023580943834713728,1,0
M2_popmass,high,1,0.75,0.1,0,10.106850624084473,18.880372159189438,0.0155181884765625,10.836793899536133,10.82127571105957,-0.0155181884765625,0.01888037215918944,0.00023580943834713728,1,0
M0_balanced,high,1,0.75,0.2,0,10.106850624084473,18.880372159189438,0.015375137329101562,10.663429260253906,10.648054122924805,-0.015375137329101562,0.01888037215918944,0.00023580943834713728,1,0
M1_margin,high,1,0.75,0.2,0,10.106850624084473,18.880372159189438,0.0333099365234375,12.605880737304688,12.57257080078125,-0.0333099365234375,0.01888037215918944,0.00023580943834713728,1,0
M2_popmass,high,1,0.75,0.2,0,10.106850624084473,18.880372159189438,0.0155181884765625,10.836793899536133,10.82127571105957,-0.0155181884765625,0.01888037215918944,0.00023580943834713728,1,0
M0_balanced,high,1,0.75,0.4,0,10.106850624084473,18.880372159189438,0.015375137329101562,10.663429260253906,10.648054122924805,-0.015375137329101562,0.01888037215918944,0.00023580943834713728,1,0
M1_margin,high,1,0.75,0.4,0,10.106850624084473,18.880372159189438,0.0333099365234375,12.605880737304688,12.57257080078125,-0.0333099365234375,0.01888037215918944,0.00023580943834713728,1,0
M2_popmass,high,1,0.75,0.4,0,10.106850624084473,18.880372159189438,0.0155181884765625,10.836793899536133,10.82127571105957,-0.0155181884765625,0.01888037215918944,0.00023580943834713728,1,0
M0_balanced,high,1,0.75,0.1,1,10.173567771911621,18.85885457238309,0.015323638916015625,10.663429260253906,10.64810562133789,-0.015323638916015625,0.01885885457238309,0.00023554069099318637,1,1
M1_margin,high,1,0.75,0.1,1,10.173567771911621,18.85885457238309,0.033214569091796875,12.605880737304688,12.57266616821289,-0.033214569091796875,0.01885885457238309,0.00023554069099318637,1,1
M2_popmass,high,1,0.75,0.1,1,10.173567771911621,18.85885457238309,0.015465736389160156,10.836793899536133,10.821328163146973,-0.015465736389160156,0.01885885457238309,0.00023554069099318637,1,1
M0_balanced,high,1,0.75,0.2,1,10.173567771911621,18.85885457238309,0.015323638916015625,10.663429260253906,10.64810562133789,-0.015323638916015625,0.01885885457238309,0.00023554069099318637,1,1
M1_margin,high,1,0.75,0.2,1,10.173567771911621,18.85885457238309,0.033214569091796875,12.605880737304688,12.57266616821289,-0.033214569091796875,0.01885885457238309,0.00023554069099318637,1,1
M2_popmass,high,1,0.75,0.2,1,10.173567771911621,18.85885457238309,0.015465736389160156,10.836793899536133,10.821328163146973,-0.015465736389160156,0.01885885457238309,0.00023554069099318637,1,1
M0_balanced,high,1,0.75,0.4,1,10.173567771911621,18.85885457238309,0.015323638916015625,10.663429260253906,10.64810562133789,-0.015323638916015625,0.01885885457238309,0.00023554069099318637,1,1
M1_margin,high,1,0.75,0.4,1,10.173567771911621,18.85885457238309,0.033214569091796875,12.605880737304688,12.57266616821289,-0.033214569091796875,0.01885885457238309,0.00023554069099318637,1,1
M2_popmass,high,1,0.75,0.4,1,10.173567771911621,18.85885457238309,0.015465736389160156,10.836793899536133,10.821328163146973,-0.015465736389160156,0.01885885457238309,0.00023554069099318637,1,1
M0_balanced,high,1,0.75,0.1,2,10.172760009765625,18.858427662246754,0.015325546264648438,10.663429260253906,10.648103713989258,-0.015325546264648438,0.018858427662246754,0.0002355353590305203,1,1
M1_margin,high,1,0.75,0.1,2,10.172760009765625,18.858427662246754,0.0332183837890625,12.605880737304688,12.572662353515625,-0.0332183837890625,0.018858427662246754,0.0002355353590305203,1,1
M2_popmass,high,1,0.75,0.1,2,10.172760009765625,18.858427662246754,0.015467643737792969,10.836793899536133,10.82132625579834,-0.015467643737792969,0.018858427662246754,0.0002355353590305203,1,1
M0_balanced,high,1,0.75,0.2,2,10.172760009765625,18.858427662246754,0.015325546264648438,10.663429260253906,10.648103713989258,-0.015325546264648438,0.018858427662246754,0.0002355353590305203,1,1
M1_margin,high,1,0.75,0.2,2,10.172760009765625,18.858427662246754,0.0332183837890625,12.605880737304688,12.572662353515625,-0.0332183837890625,0.018858427662246754,0.0002355353590305203,1,1
M2_popmass,high,1,0.75,0.2,2,10.172760009765625,18.858427662246754,0.015467643737792969,10.836793899536133,10.82132625579834,-0.015467643737792969,0.018858427662246754,0.0002355353590305203,1,1
M0_balanced,high,1,0.75,0.4,2,10.172687530517578,18.84102436578579,0.015334129333496094,10.663429260253906,10.64809513092041,-0.015334129333496094,0.01884102436578579,0.00023531799776617407,1,2
M1_margin,high,1,0.75,0.4,2,10.172687530517578,18.84102436578579,0.033270835876464844,12.605880737304688,12.572609901428223,-0.033270835876464844,0.01884102436578579,0.00023531799776617407,1,2
M2_popmass,high,1,0.75,0.4,2,10.172687530517578,18.84102436578579,0.015477180480957031,10.836793899536133,10.821316719055176,-0.015477180480957031,0.01884102436578579,0.00023531799776617407,1,2
M0_balanced,high,2,1.0,0.1,0,9.210864067077637,15.83920017719854,-0.021559715270996094,10.663429260253906,10.684988975524902,0.021559715270996094,0.015839200177198542,0.00019782623277556284,1,0
M1_margin,high,2,1.0,0.1,0,9.210864067077637,15.83920017719854,-0.04886341094970703,12.605880737304688,12.654744148254395,0.04886341094970703,0.015839200177198542,0.00019782623277556284,1,0
M2_popmass,high,2,1.0,0.1,0,9.210864067077637,15.83920017719854,-0.021567344665527344,10.836793899536133,10.85836124420166,0.021567344665527344,0.015839200177198542,0.00019782623277556284,1,0
M0_balanced,high,2,1.0,0.2,0,9.210864067077637,15.83920017719854,-0.021559715270996094,10.663429260253906,10.684988975524902,0.021559715270996094,0.015839200177198542,0.00019782623277556284,1,0
M1_margin,high,2,1.0,0.2,0,9.210864067077637,15.83920017719854,-0.04886341094970703,12.605880737304688,12.654744148254395,0.04886341094970703,0.015839200177198542,0.00019782623277556284,1,0
M2_popmass,high,2,1.0,0.2,0,9.210864067077637,15.83920017719854,-0.021567344665527344,10.836793899536133,10.85836124420166,0.021567344665527344,0.015839200177198542,0.00019782623277556284,1,0
M0_balanced,high,2,1.0,0.4,0,9.223546981811523,15.841886664168564,-0.02161407470703125,10.663429260253906,10.685043334960938,0.02161407470703125,0.015841886664168563,0.00019785978608575112,1,1
M1_margin,high,2,1.0,0.4,0,9.223546981811523,15.841886664168564,-0.04902458190917969,12.605880737304688,12.654905319213867,0.04902458190917969,0.015841886664168563,0.00019785978608575112,1,1
M2_popmass,high,2,1.0,0.4,0,9.223546981811523,15.841886664168564,-0.02162456512451172,10.836793899536133,10.858418464660645,0.02162456512451172,0.015841886664168563,0.00019785978608575112,1,1
M0_balanced,high,2,1.0,0.1,1,9.210052490234375,15.838263643195901,-0.021558761596679688,10.663429260253906,10.684988021850586,0.021558761596679688,0.0158382636431959,0.00019781453578382487,1,0
M1_margin,high,2,1.0,0.1,1,9.210052490234375,15.838263643195901,-0.048858642578125,12.605880737304688,12.654739379882812,0.048858642578125,0.0158382636431959,0.00019781453578382487,1,0
M2_popmass,high,2,1.0,0.1,1,9.210052490234375,15.838263643195901,-0.021566390991210938,10.836793899536133,10.858360290527344,0.021566390991210938,0.0158382636431959,0.00019781453578382487,1,0
M0_balanced,high,2,1.0,0.2,1,9.210052490234375,15.838263643195901,-0.021558761596679688,10.663429260253906,10.684988021850586,0.021558761596679688,0.0158382636431959,0.00019781453578382487,1,0
M1_margin,high,2,1.0,0.2,1,9.210052490234375,15.838263643195901,-0.048858642578125,12.605880737304688,12.654739379882812,0.048858642578125,0.0158382636431959,0.00019781453578382487,1,0
M2_popmass,high,2,1.0,0.2,1,9.210052490234375,15.838263643195901,-0.021566390991210938,10.836793899536133,10.858360290527344,0.021566390991210938,0.0158382636431959,0.00019781453578382487,1,0
M0_balanced,high,2,1.0,0.4,1,9.210052490234375,15.838263643195901,-0.021558761596679688,10.663429260253906,10.684988021850586,0.021558761596679688,0.0158382636431959,0.00019781453578382487,1,0
M1_margin,high,2,1.0,0.4,1,9.210052490234375,15.838263643195901,-0.048858642578125,12.605880737304688,12.654739379882812,0.048858642578125,0.0158382636431959,0.00019781453578382487,1,0
M2_popmass,high,2,1.0,0.4,1,9.210052490234375,15.838263643195901,-0.021566390991210938,10.836793899536133,10.858360290527344,0.021566390991210938,0.0158382636431959,0.00019781453578382487,1,0
M0_balanced,high,2,1.0,0.1,2,9.209762573242188,15.838455356252162,-0.021558761596679688,10.663429260253906,10.684988021850586,0.021558761596679688,0.01583845535625216,0.0001978169302148106,1,0
M1_margin,high,2,1.0,0.1,2,9.209762573242188,15.838455356252162,-0.048857688903808594,12.605880737304688,12.654738426208496,0.048857688903808594,0.01583845535625216,0.0001978169302148106,1,0
M2_popmass,high,2,1.0,0.1,2,9.209762573242188,15.838455356252162,-0.021566390991210938,10.836793899536133,10.858360290527344,0.021566390991210938,0.01583845535625216,0.0001978169302148106,1,0
M0_balanced,high,2,1.0,0.2,2,9.21742057800293,15.8488050870434,-0.021635055541992188,10.663429260253906,10.685064315795898,0.021635055541992188,0.0158488050870434,0.00019794619483864053,1,1
M1_margin,high,2,1.0,0.2,2,9.21742057800293,15.8488050870434,-0.04913616180419922,12.605880737304688,12.655016899108887,0.04913616180419922,0.0158488050870434,0.00019794619483864053,1,1
M2_popmass,high,2,1.0,0.2,2,9.21742057800293,15.8488050870434,-0.021646499633789062,10.836793899536133,10.858440399169922,0.021646499633789062,0.0158488050870434,0.00019794619483864053,1,1
M0_balanced,high,2,1.0,0.4,2,9.21742057800293,15.8488050870434,-0.021635055541992188,10.663429260253906,10.685064315795898,0.021635055541992188,0.0158488050870434,0.00019794619483864053,1,1
M1_margin,high,2,1.0,0.4,2,9.21742057800293,15.8488050870434,-0.04913616180419922,12.605880737304688,12.655016899108887,0.04913616180419922,0.0158488050870434,0.00019794619483864053,1,1
M2_popmass,high,2,1.0,0.4,2,9.21742057800293,15.8488050870434,-0.021646499633789062,10.836793899536133,10.858440399169922,0.021646499633789062,0.0158488050870434,0.00019794619483864053,1,1
M0_balanced,high,3,0.875,0.1,0,10.0335693359375,14.378118393211219,0.004290580749511719,10.663429260253906,10.659138679504395,-0.004290580749511719,0.01437811839321122,0.00017957781733351916,1,1
M1_margin,high,3,0.875,0.1,0,10.0335693359375,14.378118393211219,0.011046409606933594,12.605880737304688,12.594834327697754,-0.011046409606933594,0.01437811839321122,0.00017957781733351916,1,1
M2_popmass,high,3,0.875,0.1,0,10.0335693359375,14.378118393211219,0.004492759704589844,10.836793899536133,10.832301139831543,-0.004492759704589844,0.01437811839321122,0.00017957781733351916,1,1
M0_balanced,high,3,0.875,0.2,0,10.0335693359375,14.378118393211219,0.004290580749511719,10.663429260253906,10.659138679504395,-0.004290580749511719,0.01437811839321122,0.00017957781733351916,1,1
M1_margin,high,3,0.875,0.2,0,10.0335693359375,14.378118393211219,0.011046409606933594,12.605880737304688,12.594834327697754,-0.011046409606933594,0.01437811839321122,0.00017957781733351916,1,1
M2_popmass,high,3,0.875,0.2,0,10.0335693359375,14.378118393211219,0.004492759704589844,10.836793899536133,10.832301139831543,-0.004492759704589844,0.01437811839321122,0.00017957781733351916,1,1
M0_balanced,high,3,0.875,0.4,0,10.061461448669434,14.376403371071925,0.004254341125488281,10.663429260253906,10.659174919128418,-0.004254341125488281,0.014376403371071926,0.00017955639728925256,1,2
M1_margin,high,3,0.875,0.4,0,10.061461448669434,14.376403371071925,0.010977745056152344,12.605880737304688,12.594902992248535,-0.010977745056152344,0.014376403371071926,0.00017955639728925256,1,2
M2_popmass,high,3,0.875,0.4,0,10.061461448669434,14.376403371071925,0.00445556640625,10.836793899536133,10.832338333129883,-0.00445556640625,0.014376403371071926,0.00017955639728925256,1,2
M0_balanced,high,3,0.875,0.1,1,10.029056549072266,14.357687396924689,0.00424957275390625,10.663429260253906,10.6591796875,-0.00424957275390625,0.014357687396924688,0.00017932264112626128,1,2
M1_margin,high,3,0.875,0.1,1,10.029056549072266,14.357687396924689,0.010941505432128906,12.605880737304688,12.594939231872559,-0.010941505432128906,0.014357687396924688,0.00017932264112626128,1,2
M2_popmass,high,3,0.875,0.1,1,10.029056549072266,14.357687396924689,0.004450798034667969,10.836793899536133,10.832343101501465,-0.004450798034667969,0.014357687396924688,0.00017932264112626128,1,2
M0_balanced,high,3,0.875,0.2,1,10.026007652282715,14.3829608418879,0.0042629241943359375,10.663429260253906,10.65916633605957,-0.0042629241943359375,0.014382960841887902,0.00017963829787347066,1,3
M1_margin,high,3,0.875,0.2,1,10.026007652282715,14.3829608418879,0.010987281799316406,12.605880737304688,12.594893455505371,-0.010987281799316406,0.014382960841887902,0.00017963829787347066,1,3
M2_popmass,high,3,0.875,0.2,1,10.026007652282715,14.3829608418879,0.004466056823730469,10.836793899536133,10.832327842712402,-0.004466056823730469,0.014382960841887902,0.00017963829787347066,1,3
M0_balanced,high,3,0.875,0.4,1,10.026007652282715,14.3829608418879,0.0042629241943359375,10.663429260253906,10.65916633605957,-0.0042629241943359375,0.014382960841887902,0.00017963829787347066,1,3
M1_margin,high,3,0.875,0.4,1,10.026007652282715,14.3829608418879,0.010987281799316406,12.605880737304688,12.594893455505371,-0.010987281799316406,0.014382960841887902,0.00017963829787347066,1,3
M2_popmass,high,3,0.875,0.4,1,10.026007652282715,14.3829608418879,0.004466056823730469,10.836793899536133,10.832327842712402,-0.004466056823730469,0.014382960841887902,0.00017963829787347066,1,3
M0_balanced,high,3,0.875,0.1,2,9.981793403625488,14.412055198568034,0.0043163299560546875,10.663429260253906,10.659112930297852,-0.0043163299560546875,0.014412055198568034,0.00018000167651081782,1,0
M1_margin,high,3,0.875,0.1,2,9.981793403625488,14.412055198568034,0.01107025146484375,12.605880737304688,12.594810485839844,-0.01107025146484375,0.014412055198568034,0.00018000167651081782,1,0
M2_popmass,high,3,0.875,0.1,2,9.981793403625488,14.412055198568034,0.004520416259765625,10.836793899536133,10.832273483276367,-0.004520416259765625,0.014412055198568034,0.00018000167651081782,1,0
M0_balanced,high,3,0.875,0.2,2,9.981793403625488,14.412055198568034,0.0043163299560546875,10.663429260253906,10.659112930297852,-0.0043163299560546875,0.014412055198568034,0.00018000167651081782,1,0
M1_margin,high,3,0.875,0.2,2,9.981793403625488,14.412055198568034,0.01107025146484375,12.605880737304688,12.594810485839844,-0.01107025146484375,0.014412055198568034,0.00018000167651081782,1,0
M2_popmass,high,3,0.875,0.2,2,9.981793403625488,14.412055198568034,0.004520416259765625,10.836793899536133,10.832273483276367,-0.004520416259765625,0.014412055198568034,0.00018000167651081782,1,0
M0_balanced,high,3,0.875,0.4,2,10.02885627746582,14.379679908367232,0.0042934417724609375,10.663429260253906,10.659135818481445,-0.0042934417724609375,0.014379679908367232,0.00017959732012768048,1,2
M1_margin,high,3,0.875,0.4,2,10.02885627746582,14.379679908367232,0.011058807373046875,12.605880737304688,12.59482192993164,-0.011058807373046875,0.014379679908367232,0.00017959732012768048,1,2
M2_popmass,high,3,0.875,0.4,2,10.02885627746582,14.379679908367232,0.004497528076171875,10.836793899536133,10.832296371459961,-0.004497528076171875,0.014379679908367232,0.00017959732012768048,1,2
M0_balanced,high,4,1.0,0.1,0,9.65534782409668,21.83975223067303,-0.016046524047851562,10.663429260253906,10.679475784301758,0.016046524047851562,0.021839752230673033,0.0002727710907249799,1,2
M1_margin,high,4,1.0,0.1,0,9.65534782409668,21.83975223067303,-0.010388374328613281,12.605880737304688,12.6162691116333,0.010388374328613281,0.021839752230673033,0.0002727710907249799,1,2
M2_popmass,high,4,1.0,0.1,0,9.65534782409668,21.83975223067303,-0.01601696014404297,10.836793899536133,10.852810859680176,0.01601696014404297,0.021839752230673033,0.0002727710907249799,1,2
M0_balanced,high,4,1.0,0.2,0,9.65534782409668,21.83975223067303,-0.016046524047851562,10.663429260253906,10.679475784301758,0.016046524047851562,0.021839752230673033,0.0002727710907249799,1,2
M1_margin,high,4,1.0,0.2,0,9.65534782409668,21.83975223067303,-0.010388374328613281,12.605880737304688,12.6162691116333,0.010388374328613281,0.021839752230673033,0.0002727710907249799,1,2
M2_popmass,high,4,1.0,0.2,0,9.65534782409668,21.83975223067303,-0.01601696014404297,10.836793899536133,10.852810859680176,0.01601696014404297,0.021839752230673033,0.0002727710907249799,1,2
M0_balanced,high,4,1.0,0.4,0,9.633406639099121,21.828942603812678,-0.015932083129882812,10.663429260253906,10.679361343383789,0.015932083129882812,0.021828942603812677,0.00027263608215538225,1,3
M1_margin,high,4,1.0,0.4,0,9.633406639099121,21.828942603812678,-0.010157585144042969,12.605880737304688,12.61603832244873,0.010157585144042969,0.021828942603812677,0.00027263608215538225,1,3
M2_popmass,high,4,1.0,0.4,0,9.633406639099121,21.828942603812678,-0.015900611877441406,10.836793899536133,10.852694511413574,0.015900611877441406,0.021828942603812677,0.00027263608215538225,1,3
M0_balanced,high,4,1.0,0.1,1,9.721660614013672,21.841172656261953,-0.016510009765625,10.663429260253906,10.679939270019531,0.016510009765625,0.021841172656261953,0.00027278883135834837,1,0
M1_margin,high,4,1.0,0.1,1,9.721660614013672,21.841172656261953,-0.011547088623046875,12.605880737304688,12.617427825927734,0.011547088623046875,0.021841172656261953,0.00027278883135834837,1,0
M2_popmass,high,4,1.0,0.1,1,9.721660614013672,21.841172656261953,-0.016498565673828125,10.836793899536133,10.853292465209961,0.016498565673828125,0.021841172656261953,0.00027278883135834837,1,0
M0_balanced,high,4,1.0,0.2,1,9.721660614013672,21.841172656261953,-0.016510009765625,10.663429260253906,10.679939270019531,0.016510009765625,0.021841172656261953,0.00027278883135834837,1,0
M1_margin,high,4,1.0,0.2,1,9.721660614013672,21.841172656261953,-0.011547088623046875,12.605880737304688,12.617427825927734,0.011547088623046875,0.021841172656261953,0.00027278883135834837,1,0
M2_popmass,high,4,1.0,0.2,1,9.721660614013672,21.841172656261953,-0.016498565673828125,10.836793899536133,10.853292465209961,0.016498565673828125,0.021841172656261953,0.00027278883135834837,1,0
M0_balanced,high,4,1.0,0.4,1,9.585725784301758,21.793959867358158,-0.016412734985351562,10.663429260253906,10.679841995239258,0.016412734985351562,0.02179395986735816,0.0002721991596537688,1,2
M1_margin,high,4,1.0,0.4,1,9.585725784301758,21.793959867358158,-0.011372566223144531,12.605880737304688,12.617253303527832,0.011372566223144531,0.02179395986735816,0.0002721991596537688,1,2
M2_popmass,high,4,1.0,0.4,1,9.585725784301758,21.793959867358158,-0.01640033721923828,10.836793899536133,10.853194236755371,0.01640033721923828,0.02179395986735816,0.0002721991596537688,1,2
M0_balanced,high,4,1.0,0.1,2,9.58840560913086,21.763438755737905,-0.016265869140625,10.663429260253906,10.679695129394531,0.016265869140625,0.021763438755737906,0.0002718179613316055,1,2
M1_margin,high,4,1.0,0.1,2,9.58840560913086,21.763438755737905,-0.011122703552246094,12.605880737304688,12.617003440856934,0.011122703552246094,0.021763438755737906,0.0002718179613316055,1,2
M2_popmass,high,4,1.0,0.1,2,9.58840560913086,21.763438755737905,-0.016251564025878906,10.836793899536133,10.853045463562012,0.016251564025878906,0.021763438755737906,0.0002718179613316055,1,2
M0_balanced,high,4,1.0,0.2,2,9.574079513549805,21.735559957176168,-0.016195297241210938,10.663429260253906,10.679624557495117,0.016195297241210938,0.02173555995717617,0.0002714697646024729,1,3
M1_margin,high,4,1.0,0.2,2,9.574079513549805,21.735559957176168,-0.011023521423339844,12.605880737304688,12.616904258728027,0.011023521423339844,0.02173555995717617,0.0002714697646024729,1,3
M2_popmass,high,4,1.0,0.2,2,9.574079513549805,21.735559957176168,-0.01618194580078125,10.836793899536133,10.852975845336914,0.01618194580078125,0.02173555995717617,0.0002714697646024729,1,3
M0_balanced,high,4,1.0,0.4,2,9.529745101928711,21.73533423843999,-0.016269683837890625,10.663429260253906,10.679698944091797,0.016269683837890625,0.02173533423843999,0.00027146694545208993,1,4
M1_margin,high,4,1.0,0.4,2,9.529745101928711,21.73533423843999,-0.01116180419921875,12.605880737304688,12.617042541503906,0.01116180419921875,0.02173533423843999,0.00027146694545208993,1,4
M2_popmass,high,4,1.0,0.4,2,9.529745101928711,21.73533423843999,-0.01625823974609375,10.836793899536133,10.853052139282227,0.01625823974609375,0.02173533423843999,0.00027146694545208993,1,4
M0_balanced,high,5,0.75,0.1,0,9.245546340942383,16.207029281234515,-0.010051727294921875,10.663429260253906,10.673480987548828,0.010051727294921875,0.016207029281234516,0.00020242029340631352,1,0
M1_margin,high,5,0.75,0.1,0,9.245546340942383,16.207029281234515,-0.024019241333007812,12.605880737304688,12.629899978637695,0.024019241333007812,0.016207029281234516,0.00020242029340631352,1,0
M2_popmass,high,5,0.75,0.1,0,9.245546340942383,16.207029281234515,-0.010082244873046875,10.836793899536133,10.84687614440918,0.010082244873046875,0.016207029281234516,0.00020242029340631352,1,0
M0_balanced,high,5,0.75,0.2,0,9.245546340942383,16.207029281234515,-0.010051727294921875,10.663429260253906,10.673480987548828,0.010051727294921875,0.016207029281234516,0.00020242029340631352,1,0
M1_margin,high,5,0.75,0.2,0,9.245546340942383,16.207029281234515,-0.024019241333007812,12.605880737304688,12.629899978637695,0.024019241333007812,0.016207029281234516,0.00020242029340631352,1,0
M2_popmass,high,5,0.75,0.2,0,9.245546340942383,16.207029281234515,-0.010082244873046875,10.836793899536133,10.84687614440918,0.010082244873046875,0.016207029281234516,0.00020242029340631352,1,0
M0_balanced,high,5,0.75,0.4,0,9.245546340942383,16.207029281234515,-0.010051727294921875,10.663429260253906,10.673480987548828,0.010051727294921875,0.016207029281234516,0.00020242029340631352,1,0
M1_margin,high,5,0.75,0.4,0,9.245546340942383,16.207029281234515,-0.024019241333007812,12.605880737304688,12.629899978637695,0.024019241333007812,0.016207029281234516,0.00020242029340631352,1,0
M2_popmass,high,5,0.75,0.4,0,9.245546340942383,16.207029281234515,-0.010082244873046875,10.836793899536133,10.84687614440918,0.010082244873046875,0.016207029281234516,0.00020242029340631352,1,0
M0_balanced,high,5,0.75,0.1,1,9.198824882507324,16.15841778163751,-0.010107040405273438,10.663429260253906,10.67353630065918,0.010107040405273438,0.01615841778163751,0.00020181315228004062,1,0
M1_margin,high,5,0.75,0.1,1,9.198824882507324,16.15841778163751,-0.02423381805419922,12.605880737304688,12.630114555358887,0.02423381805419922,0.01615841778163751,0.00020181315228004062,1,0
M2_popmass,high,5,0.75,0.1,1,9.198824882507324,16.15841778163751,-0.010143280029296875,10.836793899536133,10.84693717956543,0.010143280029296875,0.01615841778163751,0.00020181315228004062,1,0
M0_balanced,high,5,0.75,0.2,1,9.198824882507324,16.15841778163751,-0.010107040405273438,10.663429260253906,10.67353630065918,0.010107040405273438,0.01615841778163751,0.00020181315228004062,1,0
M1_margin,high,5,0.75,0.2,1,9.198824882507324,16.15841778163751,-0.02423381805419922,12.605880737304688,12.630114555358887,0.02423381805419922,0.01615841778163751,0.00020181315228004062,1,0
M2_popmass,high,5,0.75,0.2,1,9.198824882507324,16.15841778163751,-0.010143280029296875,10.836793899536133,10.84693717956543,0.010143280029296875,0.01615841778163751,0.00020181315228004062,1,0
M0_balanced,high,5,0.75,0.4,1,9.198824882507324,16.15841778163751,-0.010107040405273438,10.663429260253906,10.67353630065918,0.010107040405273438,0.01615841778163751,0.00020181315228004062,1,0
M1_margin,high,5,0.75,0.4,1,9.198824882507324,16.15841778163751,-0.02423381805419922,12.605880737304688,12.630114555358887,0.02423381805419922,0.01615841778163751,0.00020181315228004062,1,0
M2_popmass,high,5,0.75,0.4,1,9.198824882507324,16.15841778163751,-0.010143280029296875,10.836793899536133,10.84693717956543,0.010143280029296875,0.01615841778163751,0.00020181315228004062,1,0
M0_balanced,high,5,0.75,0.1,2,9.245023727416992,16.206314360403923,-0.010049819946289062,10.663429260253906,10.673479080200195,0.010049819946289062,0.01620631436040392,0.00020241136428785633,1,0
M1_margin,high,5,0.75,0.1,2,9.245023727416992,16.206314360403923,-0.02401447296142578,12.605880737304688,12.629895210266113,0.02401447296142578,0.01620631436040392,0.00020241136428785633,1,0
M2_popmass,high,5,0.75,0.1,2,9.245023727416992,16.206314360403923,-0.010080337524414062,10.836793899536133,10.846874237060547,0.010080337524414062,0.01620631436040392,0.00020241136428785633,1,0
M0_balanced,high,5,0.75,0.2,2,9.245023727416992,16.206314360403923,-0.010049819946289062,10.663429260253906,10.673479080200195,0.010049819946289062,0.01620631436040392,0.00020241136428785633,1,0
M1_margin,high,5,0.75,0.2,2,9.245023727416992,16.206314360403923,-0.02401447296142578,12.605880737304688,12.629895210266113,0.02401447296142578,0.01620631436040392,0.00020241136428785633,1,0
M2_popmass,high,5,0.75,0.2,2,9.245023727416992,16.206314360403923,-0.010080337524414062,10.836793899536133,10.846874237060547,0.010080337524414062,0.01620631436040392,0.00020241136428785633,1,0
M0_balanced,high,5,0.75,0.4,2,9.245023727416992,16.206314360403923,-0.010049819946289062,10.663429260253906,10.673479080200195,0.010049819946289062,0.01620631436040392,0.00020241136428785633,1,0
M1_margin,high,5,0.75,0.4,2,9.245023727416992,16.206314360403923,-0.02401447296142578,12.605880737304688,12.629895210266113,0.02401447296142578,0.01620631436040392,0.00020241136428785633,1,0
M2_popmass,high,5,0.75,0.4,2,9.245023727416992,16.206314360403923,-0.010080337524414062,10.836793899536133,10.846874237060547,0.010080337524414062,0.01620631436040392,0.00020241136428785633,1,0
M0_balanced,high,6,1.0,0.1,0,9.544870376586914,18.03336180738335,0.012208938598632812,10.663429260253906,10.651220321655273,-0.012208938598632812,0.018033361807383352,0.00022523056661465448,1,0
M1_margin,high,6,1.0,0.1,0,9.544870376586914,18.03336180738335,0.042774200439453125,12.605880737304688,12.563106536865234,-0.042774200439453125,0.018033361807383352,0.00022523056661465448,1,0
M2_popmass,high,6,1.0,0.1,0,9.544870376586914,18.03336180738335,0.012339591979980469,10.836793899536133,10.824454307556152,-0.012339591979980469,0.018033361807383352,0.00022523056661465448,1,0
M0_balanced,high,6,1.0,0.2,0,9.452418327331543,18.072705671168762,0.012140274047851562,10.663429260253906,10.651288986206055,-0.012140274047851562,0.018072705671168764,0.00022572195811602002,1,2
M1_margin,high,6,1.0,0.2,0,9.452418327331543,18.072705671168762,0.042572021484375,12.605880737304688,12.563308715820312,-0.042572021484375,0.018072705671168764,0.00022572195811602002,1,2
M2_popmass,high,6,1.0,0.2,0,9.452418327331543,18.072705671168762,0.012264251708984375,10.836793899536133,10.824529647827148,-0.012264251708984375,0.018072705671168764,0.00022572195811602002,1,2
M0_balanced,high,6,1.0,0.4,0,9.452418327331543,18.072705671168762,0.012140274047851562,10.663429260253906,10.651288986206055,-0.012140274047851562,0.018072705671168764,0.00022572195811602002,1,2
M1_margin,high,6,1.0,0.4,0,9.452418327331543,18.072705671168762,0.042572021484375,12.605880737304688,12.563308715820312,-0.042572021484375,0.018072705671168764,0.00022572195811602002,1,2
M2_popmass,high,6,1.0,0.4,0,9.452418327331543,18.072705671168762,0.012264251708984375,10.836793899536133,10.824529647827148,-0.012264251708984375,0.018072705671168764,0.00022572195811602002,1,2
M0_balanced,high,6,1.0,0.1,1,9.642271041870117,18.06378209283929,0.012106895446777344,10.663429260253906,10.651322364807129,-0.012106895446777344,0.01806378209283929,0.00022561050565225618,1,0
M1_margin,high,6,1.0,0.1,1,9.642271041870117,18.06378209283929,0.04248046875,12.605880737304688,12.563400268554688,-0.04248046875,0.01806378209283929,0.00022561050565225618,1,0
M2_popmass,high,6,1.0,0.1,1,9.642271041870117,18.06378209283929,0.012230873107910156,10.836793899536133,10.824563026428223,-0.012230873107910156,0.01806378209283929,0.00022561050565225618,1,0
M0_balanced,high,6,1.0,0.2,1,9.642271041870117,18.06378209283929,0.012106895446777344,10.663429260253906,10.651322364807129,-0.012106895446777344,0.01806378209283929,0.00022561050565225618,1,0
M1_margin,high,6,1.0,0.2,1,9.642271041870117,18.06378209283929,0.04248046875,12.605880737304688,12.563400268554688,-0.04248046875,0.01806378209283929,0.00022561050565225618,1,0
M2_popmass,high,6,1.0,0.2,1,9.642271041870117,18.06378209283929,0.012230873107910156,10.836793899536133,10.824563026428223,-0.012230873107910156,0.01806378209283929,0.00022561050565225618,1,0
M0_balanced,high,6,1.0,0.4,1,9.642271041870117,18.06378209283929,0.012106895446777344,10.663429260253906,10.651322364807129,-0.012106895446777344,0.01806378209283929,0.00022561050565225618,1,0
M1_margin,high,6,1.0,0.4,1,9.642271041870117,18.06378209283929,0.04248046875,12.605880737304688,12.563400268554688,-0.04248046875,0.01806378209283929,0.00022561050565225618,1,0
M2_popmass,high,6,1.0,0.4,1,9.642271041870117,18.06378209283929,0.012230873107910156,10.836793899536133,10.824563026428223,-0.012230873107910156,0.01806378209283929,0.00022561050565225618,1,0
M0_balanced,high,6,1.0,0.1,2,9.5455322265625,18.03444049237199,0.012209892272949219,10.663429260253906,10.651219367980957,-0.012209892272949219,0.01803444049237199,0.000225244039023947,1,0
M1_margin,high,6,1.0,0.1,2,9.5455322265625,18.03444049237199,0.04277515411376953,12.605880737304688,12.563105583190918,-0.04277515411376953,0.01803444049237199,0.000225244039023947,1,0
M2_popmass,high,6,1.0,0.1,2,9.5455322265625,18.03444049237199,0.012340545654296875,10.836793899536133,10.824453353881836,-0.012340545654296875,0.01803444049237199,0.000225244039023947,1,0
M0_balanced,high,6,1.0,0.2,2,9.5455322265625,18.03444049237199,0.012209892272949219,10.663429260253906,10.651219367980957,-0.012209892272949219,0.01803444049237199,0.000225244039023947,1,0
M1_margin,high,6,1.0,0.2,2,9.5455322265625,18.03444049237199,0.04277515411376953,12.605880737304688,12.563105583190918,-0.04277515411376953,0.01803444049237199,0.000225244039023947,1,0
M2_popmass,high,6,1.0,0.2,2,9.5455322265625,18.03444049237199,0.012340545654296875,10.836793899536133,10.824453353881836,-0.012340545654296875,0.01803444049237199,0.000225244039023947,1,0
M0_balanced,high,6,1.0,0.4,2,9.563812255859375,18.028923372153024,0.012179374694824219,10.663429260253906,10.651249885559082,-0.012179374694824219,0.018028923372153022,0.00022517513206548462,1,1
M1_margin,high,6,1.0,0.4,2,9.563812255859375,18.028923372153024,0.04266166687011719,12.605880737304688,12.56321907043457,-0.04266166687011719,0.018028923372153022,0.00022517513206548462,1,1
M2_popmass,high,6,1.0,0.4,2,9.563812255859375,18.028923372153024,0.012308120727539062,10.836793899536133,10.824485778808594,-0.012308120727539062,0.018028923372153022,0.00022517513206548462,1,1
M0_balanced,high,7,1.0,0.1,0,9.081330299377441,15.22452268841296,0.011256217956542969,10.663429260253906,10.652173042297363,-0.011256217956542969,0.015224522688412961,0.00019014911962477102,1,0
M1_margin,high,7,1.0,0.1,0,9.081330299377441,15.22452268841296,0.030200958251953125,12.605880737304688,12.575679779052734,-0.030200958251953125,0.015224522688412961,0.00019014911962477102,1,0
M2_popmass,high,7,1.0,0.1,0,9.081330299377441,15.22452268841296,0.011491775512695312,10.836793899536133,10.825302124023438,-0.011491775512695312,0.015224522688412961,0.00019014911962477102,1,0
M0_balanced,high,7,1.0,0.2,0,9.081330299377441,15.22452268841296,0.011256217956542969,10.663429260253906,10.652173042297363,-0.011256217956542969,0.015224522688412961,0.00019014911962477102,1,0
M1_margin,high,7,1.0,0.2,0,9.081330299377441,15.22452268841296,0.030200958251953125,12.605880737304688,12.575679779052734,-0.030200958251953125,0.015224522688412961,0.00019014911962477102,1,0
M2_popmass,high,7,1.0,0.2,0,9.081330299377441,15.22452268841296,0.011491775512695312,10.836793899536133,10.825302124023438,-0.011491775512695312,0.015224522688412961,0.00019014911962477102,1,0
M0_balanced,high,7,1.0,0.4,0,9.033500671386719,15.234685278926522,0.011260986328125,10.663429260253906,10.652168273925781,-0.011260986328125,0.015234685278926522,0.0001902760469300672,1,1
M1_margin,high,7,1.0,0.4,0,9.033500671386719,15.234685278926522,0.030195236206054688,12.605880737304688,12.575685501098633,-0.030195236206054688,0.015234685278926522,0.0001902760469300672,1,1
M2_popmass,high,7,1.0,0.4,0,9.033500671386719,15.234685278926522,0.011495590209960938,10.836793899536133,10.825298309326172,-0.011495590209960938,0.015234685278926522,0.0001902760469300672,1,1
M0_balanced,high,7,1.0,0.1,1,9.083358764648438,15.225767374950813,0.011258125305175781,10.663429260253906,10.65217113494873,-0.011258125305175781,0.015225767374950813,0.00019016466533705543,1,0
M1_margin,high,7,1.0,0.1,1,9.083358764648438,15.225767374950813,0.03020477294921875,12.605880737304688,12.575675964355469,-0.03020477294921875,0.015225767374950813,0.00019016466533705543,1,0
M2_popmass,high,7,1.0,0.1,1,9.083358764648438,15.225767374950813,0.011493682861328125,10.836793899536133,10.825300216674805,-0.011493682861328125,0.015225767374950813,0.00019016466533705543,1,0
M0_balanced,high,7,1.0,0.2,1,9.024105072021484,15.228227053274646,0.011234283447265625,10.663429260253906,10.65219497680664,-0.011234283447265625,0.015228227053274646,0.00019019538588425477,1,1
M1_margin,high,7,1.0,0.2,1,9.024105072021484,15.228227053274646,0.030155181884765625,12.605880737304688,12.575725555419922,-0.030155181884765625,0.015228227053274646,0.00019019538588425477,1,1
M2_popmass,high,7,1.0,0.2,1,9.024105072021484,15.228227053274646,0.011468887329101562,10.836793899536133,10.825325012207031,-0.011468887329101562,0.015228227053274646,0.00019019538588425477,1,1
M0_balanced,high,7,1.0,0.4,1,9.004356384277344,15.220734668651268,0.011234283447265625,10.663429260253906,10.65219497680664,-0.011234283447265625,0.015220734668651268,0.00019010180854398716,1,2
M1_margin,high,7,1.0,0.4,1,9.004356384277344,15.220734668651268,0.030129432678222656,12.605880737304688,12.575751304626465,-0.030129432678222656,0.015220734668651268,0.00019010180854398716,1,2
M2_popmass,high,7,1.0,0.4,1,9.004356384277344,15.220734668651268,0.011467933654785156,10.836793899536133,10.825325965881348,-0.011467933654785156,0.015220734668651268,0.00019010180854398716,1,2
M0_balanced,high,7,1.0,0.1,2,9.080087661743164,15.225561313817549,0.011257171630859375,10.663429260253906,10.652172088623047,-0.011257171630859375,0.015225561313817549,0.00019016209170345908,1,0
M1_margin,high,7,1.0,0.1,2,9.080087661743164,15.225561313817549,0.030203819274902344,12.605880737304688,12.575676918029785,-0.030203819274902344,0.015225561313817549,0.00019016209170345908,1,0
M2_popmass,high,7,1.0,0.1,2,9.080087661743164,15.225561313817549,0.011492729187011719,10.836793899536133,10.825301170349121,-0.011492729187011719,0.015225561313817549,0.00019016209170345908,1,0
M0_balanced,high,7,1.0,0.2,2,9.080087661743164,15.225561313817549,0.011257171630859375,10.663429260253906,10.652172088623047,-0.011257171630859375,0.015225561313817549,0.00019016209170345908,1,0
M1_margin,high,7,1.0,0.2,2,9.080087661743164,15.225561313817549,0.030203819274902344,12.605880737304688,12.575676918029785,-0.030203819274902344,0.015225561313817549,0.00019016209170345908,1,0
M2_popmass,high,7,1.0,0.2,2,9.080087661743164,15.225561313817549,0.011492729187011719,10.836793899536133,10.825301170349121,-0.011492729187011719,0.015225561313817549,0.00019016209170345908,1,0
M0_balanced,high,7,1.0,0.4,2,9.080087661743164,15.225561313817549,0.011257171630859375,10.663429260253906,10.652172088623047,-0.011257171630859375,0.015225561313817549,0.00019016209170345908,1,0
M1_margin,high,7,1.0,0.4,2,9.080087661743164,15.225561313817549,0.030203819274902344,12.605880737304688,12.575676918029785,-0.030203819274902344,0.015225561313817549,0.00019016209170345908,1,0
M2_popmass,high,7,1.0,0.4,2,9.080087661743164,15.225561313817549,0.011492729187011719,10.836793899536133,10.825301170349121,-0.011492729187011719,0.015225561313817549,0.00019016209170345908,1,0
