meta_objective,state,sample_index,seq_pop_ratio,strength,repeat,sample_loss,sample_grad_norm,reward,meta_before,meta_after,meta_delta,virtual_step_norm,relative_step,augmented,dropped_items
M0_balanced,low,0,0.375,0.1,0,10.907244682312012,17.378463734916455,-0.07716655731201172,10.663429260253906,10.740595817565918,0.07716655731201172,0.08689231867458228,0.0010852555601432265,1,1
M1_margin,low,0,0.375,0.1,0,10.907244682312012,17.378463734916455,-0.18027496337890625,12.605880737304688,12.786155700683594,0.18027496337890625,0.08689231867458228,0.0010852555601432265,1,1
M2_popmass,low,0,0.375,0.1,0,10.907244682312012,17.378463734916455,-0.0751657485961914,10.836793899536133,10.911959648132324,0.0751657485961914,0.08689231867458228,0.0010852555601432265,1,1
M0_balanced,low,0,0.375,0.2,0,10.907244682312012,17.378463734916455,-0.07716655731201172,10.663429260253906,10.740595817565918,0.07716655731201172,0.08689231867458228,0.0010852555601432265,1,1
M1_margin,low,0,0.375,0.2,0,10.907244682312012,17.378463734916455,-0.18027496337890625,12.605880737304688,12.786155700683594,0.18027496337890625,0.08689231867458228,0.0010852555601432265,1,1
M2_popmass,low,0,0.375,0.2,0,10.907244682312012,17.378463734916455,-0.0751657485961914,10.836793899536133,10.911959648132324,0.0751657485961914,0.08689231867458228,0.0010852555601432265,1,1
M0_balanced,low,0,0.375,0.4,0,10.809959411621094,17.339282380023135,-0.07770347595214844,10.663429260253906,10.741132736206055,0.07770347595214844,0.08669641190011568,0.0010828087510408497,1,3
M1_margin,low,0,0.375,0.4,0,10.809959411621094,17.339282380023135,-0.1816883087158203,12.605880737304688,12.787569046020508,0.1816883087158203,0.08669641190011568,0.0010828087510408497,1,3
M2_popmass,low,0,0.375,0.4,0,10.809959411621094,17.339282380023135,-0.07574176788330078,10.836793899536133,10.912535667419434,0.07574176788330078,0.08669641190011568,0.0010828087510408497,1,3
M0_balanced,low,0,0.375,0.1,1,10.915111541748047,17.356566409381614,-0.07755565643310547,10.663429260253906,10.740984916687012,0.07755565643310547,0.08678283204690806,0.0010838881093344875,1,1
M1_margin,low,0,0.375,0.1,1,10.915111541748047,17.356566409381614,-0.1812877655029297,12.605880737304688,12.787168502807617,0.1812877655029297,0.08678283204690806,0.0010838881093344875,1,1
M2_popmass,low,0,0.375,0.1,1,10.915111541748047,17.356566409381614,-0.07557010650634766,10.836793899536133,10.91236400604248,0.07557010650634766,0.08678283204690806,0.0010838881093344875,1,1
M0_balanced,low,0,0.375,0.2,1,10.915111541748047,17.356566409381614,-0.07755565643310547,10.663429260253906,10.740984916687012,0.07755565643310547,0.08678283204690806,0.0010838881093344875,1,1
M1_margin,low,0,0.375,0.2,1,10.915111541748047,17.356566409381614,-0.1812877655029297,12.605880737304688,12.787168502807617,0.1812877655029297,0.08678283204690806,0.0010838881093344875,1,1
M2_popmass,low,0,0.375,0.2,1,10.915111541748047,17.356566409381614,-0.07557010650634766,10.836793899536133,10.91236400604248,0.07557010650634766,0.08678283204690806,0.0010838881093344875,1,1
M0_balanced,low,0,0.375,0.4,1,10.915111541748047,17.356566409381614,-0.07755565643310547,10.663429260253906,10.740984916687012,0.07755565643310547,0.08678283204690806,0.0010838881093344875,1,1
M1_margin,low,0,0.375,0.4,1,10.915111541748047,17.356566409381614,-0.1812877655029297,12.605880737304688,12.787168502807617,0.1812877655029297,0.08678283204690806,0.0010838881093344875,1,1
M2_popmass,low,0,0.375,0.4,1,10.915111541748047,17.356566409381614,-0.07557010650634766,10.836793899536133,10.91236400604248,0.07557010650634766,0.08678283204690806,0.0010838881093344875,1,1
M0_balanced,low,0,0.375,0.1,2,11.012968063354492,17.40197804457893,-0.077392578125,10.663429260253906,10.740821838378906,0.077392578125,0.08700989022289464,0.0010867239888658908,1,0
M1_margin,low,0,0.375,0.1,2,11.012968063354492,17.40197804457893,-0.1810131072998047,12.605880737304688,12.786893844604492,0.1810131072998047,0.08700989022289464,0.0010867239888658908,1,0
M2_popmass,low,0,0.375,0.1,2,11.012968063354492,17.40197804457893,-0.07540130615234375,10.836793899536133,10.912195205688477,0.07540130615234375,0.08700989022289464,0.0010867239888658908,1,0
M0_balanced,low,0,0.375,0.2,2,11.012968063354492,17.40197804457893,-0.077392578125,10.663429260253906,10.740821838378906,0.077392578125,0.08700989022289464,0.0010867239888658908,1,0
M1_margin,low,0,0.375,0.2,2,11.012968063354492,17.40197804457893,-0.1810131072998047,12.605880737304688,12.786893844604492,0.1810131072998047,0.08700989022289464,0.0010867239888658908,1,0
M2_popmass,low,0,0.375,0.2,2,11.012968063354492,17.40197804457893,-0.07540130615234375,10.836793899536133,10.912195205688477,0.07540130615234375,0.08700989022289464,0.0010867239888658908,1,0
M0_balanced,low,0,0.375,0.4,2,10.844213485717773,17.369552973702763,-0.07763290405273438,10.663429260253906,10.74106216430664,0.07763290405273438,0.08684776486851382,0.001084699098231531,1,2
M1_margin,low,0,0.375,0.4,2,10.844213485717773,17.369552973702763,-0.18138980865478516,12.605880737304688,12.787270545959473,0.18138980865478516,0.08684776486851382,0.001084699098231531,1,2
M2_popmass,low,0,0.375,0.4,2,10.844213485717773,17.369552973702763,-0.07566261291503906,10.836793899536133,10.912456512451172,0.07566261291503906,0.08684776486851382,0.001084699098231531,1,2
M0_balanced,low,1,0.0,0.1,0,8.012024879455566,18.315163892163064,0.04678058624267578,10.663429260253906,10.61664867401123,-0.04678058624267578,0.09157581946081532,0.0011437508949061301,1,1
M1_margin,low,1,0.0,0.1,0,8.012024879455566,18.315163892163064,0.18919086456298828,12.605880737304688,12.4166898727417,-0.18919086456298828,0.09157581946081532,0.0011437508949061301,1,1
M2_popmass,low,1,0.0,0.1,0,8.012024879455566,18.315163892163064,0.048201560974121094,10.836793899536133,10.788592338562012,-0.048201560974121094,0.09157581946081532,0.0011437508949061301,1,1
M0_balanced,low,1,0.0,0.2,0,8.012024879455566,18.315163892163064,0.04678058624267578,10.663429260253906,10.61664867401123,-0.04678058624267578,0.09157581946081532,0.0011437508949061301,1,1
M1_margin,low,1,0.0,0.2,0,8.012024879455566,18.315163892163064,0.18919086456298828,12.605880737304688,12.4166898727417,-0.18919086456298828,0.09157581946081532,0.0011437508949061301,1,1
M2_popmass,low,1,0.0,0.2,0,8.012024879455566,18.315163892163064,0.048201560974121094,10.836793899536133,10.788592338562012,-0.048201560974121094,0.09157581946081532,0.0011437508949061301,1,1
M0_balanced,low,1,0.0,0.4,0,8.012024879455566,18.315163892163064,0.04678058624267578,10.663429260253906,10.61664867401123,-0.04678058624267578,0.09157581946081532,0.0011437508949061301,1,1
M1_margin,low,1,0.0,0.4,0,8.012024879455566,18.315163892163064,0.18919086456298828,12.605880737304688,12.4166898727417,-0.18919086456298828,0.09157581946081532,0.0011437508949061301,1,1
M2_popmass,low,1,0.0,0.4,0,8.012024879455566,18.315163892163064,0.048201560974121094,10.836793899536133,10.788592338562012,-0.048201560974121094,0.09157581946081532,0.0011437508949061301,1,1
M0_balanced,low,1,0.0,0.1,1,8.144858360290527,18.350892990988044,0.04613494873046875,10.663429260253906,10.617294311523438,-0.04613494873046875,0.09175446495494022,0.0011459821164772758,1,3
M1_margin,low,1,0.0,0.1,1,8.144858360290527,18.350892990988044,0.1876697540283203,12.605880737304688,12.418210983276367,-0.1876697540283203,0.09175446495494022,0.0011459821164772758,1,3
M2_popmass,low,1,0.0,0.1,1,8.144858360290527,18.350892990988044,0.04752826690673828,10.836793899536133,10.789265632629395,-0.04752826690673828,0.09175446495494022,0.0011459821164772758,1,3
M0_balanced,low,1,0.0,0.2,1,8.144858360290527,18.350892990988044,0.04613494873046875,10.663429260253906,10.617294311523438,-0.04613494873046875,0.09175446495494022,0.0011459821164772758,1,3
M1_margin,low,1,0.0,0.2,1,8.144858360290527,18.350892990988044,0.1876697540283203,12.605880737304688,12.418210983276367,-0.1876697540283203,0.09175446495494022,0.0011459821164772758,1,3
M2_popmass,low,1,0.0,0.2,1,8.144858360290527,18.350892990988044,0.04752826690673828,10.836793899536133,10.789265632629395,-0.04752826690673828,0.09175446495494022,0.0011459821164772758,1,3
M0_balanced,low,1,0.0,0.4,1,8.212526321411133,18.36021704338935,0.046142578125,10.663429260253906,10.617286682128906,-0.046142578125,0.09180108521694676,0.0011465643877220724,1,4
M1_margin,low,1,0.0,0.4,1,8.212526321411133,18.36021704338935,0.18758869171142578,12.605880737304688,12.418292045593262,-0.18758869171142578,0.09180108521694676,0.0011465643877220724,1,4
M2_popmass,low,1,0.0,0.4,1,8.212526321411133,18.36021704338935,0.04753684997558594,10.836793899536133,10.789257049560547,-0.04753684997558594,0.09180108521694676,0.0011465643877220724,1,4
M0_balanced,low,1,0.0,0.1,2,7.960819721221924,18.337661213072465,0.04710960388183594,10.663429260253906,10.61631965637207,-0.04710960388183594,0.09168830606536232,0.0011451558144075127,1,0
M1_margin,low,1,0.0,0.1,2,7.960819721221924,18.337661213072465,0.190032958984375,12.605880737304688,12.415847778320312,-0.190032958984375,0.09168830606536232,0.0011451558144075127,1,0
M2_popmass,low,1,0.0,0.1,2,7.960819721221924,18.337661213072465,0.048544883728027344,10.836793899536133,10.788249015808105,-0.048544883728027344,0.09168830606536232,0.0011451558144075127,1,0
M0_balanced,low,1,0.0,0.2,2,8.06262493133545,18.3442697462617,0.04642009735107422,10.663429260253906,10.617009162902832,-0.04642009735107422,0.0917213487313085,0.0011455685060871345,1,2
M1_margin,low,1,0.0,0.2,2,8.06262493133545,18.3442697462617,0.1881885528564453,12.605880737304688,12.417692184448242,-0.1881885528564453,0.0917213487313085,0.0011455685060871345,1,2
M2_popmass,low,1,0.0,0.2,2,8.06262493133545,18.3442697462617,0.04782867431640625,10.836793899536133,10.788965225219727,-0.04782867431640625,0.0917213487313085,0.0011455685060871345,1,2
M0_balanced,low,1,0.0,0.4,2,8.318398475646973,18.353594386498845,0.046062469482421875,10.663429260253906,10.617366790771484,-0.046062469482421875,0.09176797193249422,0.0011461508140412815,1,5
M1_margin,low,1,0.0,0.4,2,8.318398475646973,18.353594386498845,0.18727970123291016,12.605880737304688,12.418601036071777,-0.18727970123291016,0.09176797193249422,0.0011461508140412815,1,5
M2_popmass,low,1,0.0,0.4,2,8.318398475646973,18.353594386498845,0.047454833984375,10.836793899536133,10.789339065551758,-0.047454833984375,0.09176797193249422,0.0011461508140412815,1,5
M0_balanced,low,2,0.0,0.1,0,10.684162139892578,16.41148605939266,0.026691436767578125,10.663429260253906,10.636737823486328,-0.026691436767578125,0.08205743029696332,0.0010248694457602792,1,0
M1_margin,low,2,0.0,0.1,0,10.684162139892578,16.41148605939266,0.10255908966064453,12.605880737304688,12.503321647644043,-0.10255908966064453,0.08205743029696332,0.0010248694457602792,1,0
M2_popmass,low,2,0.0,0.1,0,10.684162139892578,16.41148605939266,0.027463912963867188,10.836793899536133,10.809329986572266,-0.027463912963867188,0.08205743029696332,0.0010248694457602792,1,0
M0_balanced,low,2,0.0,0.2,0,10.684162139892578,16.41148605939266,0.026691436767578125,10.663429260253906,10.636737823486328,-0.026691436767578125,0.08205743029696332,0.0010248694457602792,1,0
M1_margin,low,2,0.0,0.2,0,10.684162139892578,16.41148605939266,0.10255908966064453,12.605880737304688,12.503321647644043,-0.10255908966064453,0.08205743029696332,0.0010248694457602792,1,0
M2_popmass,low,2,0.0,0.2,0,10.684162139892578,16.41148605939266,0.027463912963867188,10.836793899536133,10.809329986572266,-0.027463912963867188,0.08205743029696332,0.0010248694457602792,1,0
M0_balanced,low,2,0.0,0.4,0,10.684162139892578,16.41148605939266,0.026691436767578125,10.663429260253906,10.636737823486328,-0.026691436767578125,0.08205743029696332,0.0010248694457602792,1,0
M1_margin,low,2,0.0,0.4,0,10.684162139892578,16.41148605939266,0.10255908966064453,12.605880737304688,12.503321647644043,-0.10255908966064453,0.08205743029696332,0.0010248694457602792,1,0
M2_popmass,low,2,0.0,0.4,0,10.684162139892578,16.41148605939266,0.027463912963867188,10.836793899536133,10.809329986572266,-0.027463912963867188,0.08205743029696332,0.0010248694457602792,1,0
M0_balanced,low,2,0.0,0.1,1,10.561845779418945,16.404396743264392,0.027322769165039062,10.663429260253906,10.636106491088867,-0.027322769165039062,0.08202198371632197,0.0010244267300022483,1,0
M1_margin,low,2,0.0,0.1,1,10.561845779418945,16.404396743264392,0.10380744934082031,12.605880737304688,12.502073287963867,-0.10380744934082031,0.08202198371632197,0.0010244267300022483,1,0
M2_popmass,low,2,0.0,0.1,1,10.561845779418945,16.404396743264392,0.028110504150390625,10.836793899536133,10.808683395385742,-0.028110504150390625,0.08202198371632197,0.0010244267300022483,1,0
M0_balanced,low,2,0.0,0.2,1,10.587307929992676,16.390381320348844,0.027042388916015625,10.663429260253906,10.63638687133789,-0.027042388916015625,0.08195190660174421,0.0010235514906324816,1,2
M1_margin,low,2,0.0,0.2,1,10.587307929992676,16.390381320348844,0.10299301147460938,12.605880737304688,12.502887725830078,-0.10299301147460938,0.08195190660174421,0.0010235514906324816,1,2
M2_popmass,low,2,0.0,0.2,1,10.587307929992676,16.390381320348844,0.027817726135253906,10.836793899536133,10.808976173400879,-0.027817726135253906,0.08195190660174421,0.0010235514906324816,1,2
M0_balanced,low,2,0.0,0.4,1,10.678422927856445,16.37079819940314,0.02693939208984375,10.663429260253906,10.636489868164062,-0.02693939208984375,0.08185399099701571,0.0010223285579719508,1,3
M1_margin,low,2,0.0,0.4,1,10.678422927856445,16.37079819940314,0.10277557373046875,12.605880737304688,12.503105163574219,-0.10277557373046875,0.08185399099701571,0.0010223285579719508,1,3
M2_popmass,low,2,0.0,0.4,1,10.678422927856445,16.37079819940314,0.02770519256591797,10.836793899536133,10.809088706970215,-0.02770519256591797,0.08185399099701571,0.0010223285579719508,1,3
M0_balanced,low,2,0.0,0.1,2,10.698152542114258,16.392576279283595,0.02672290802001953,10.663429260253906,10.636706352233887,-0.02672290802001953,0.08196288139641798,0.001023688562091994,1,1
M1_margin,low,2,0.0,0.1,2,10.698152542114258,16.392576279283595,0.10254287719726562,12.605880737304688,12.503337860107422,-0.10254287719726562,0.08196288139641798,0.001023688562091994,1,1
M2_popmass,low,2,0.0,0.1,2,10.698152542114258,16.392576279283595,0.027492523193359375,10.836793899536133,10.809301376342773,-0.027492523193359375,0.08196288139641798,0.001023688562091994,1,1
M0_balanced,low,2,0.0,0.2,2,10.698152542114258,16.392576279283595,0.02672290802001953,10.663429260253906,10.636706352233887,-0.02672290802001953,0.08196288139641798,0.001023688562091994,1,1
M1_margin,low,2,0.0,0.2,2,10.698152542114258,16.392576279283595,0.10254287719726562,12.605880737304688,12.503337860107422,-0.10254287719726562,0.08196288139641798,0.001023688562091994,1,1
M2_popmass,low,2,0.0,0.2,2,10.698152542114258,16.392576279283595,0.027492523193359375,10.836793899536133,10.809301376342773,-0.027492523193359375,0.08196288139641798,0.001023688562091994,1,1
M0_balanced,low,2,0.0,0.4,2,10.698152542114258,16.392576279283595,0.02672290802001953,10.663429260253906,10.636706352233887,-0.02672290802001953,0.08196288139641798,0.001023688562091994,1,1
M1_margin,low,2,0.0,0.4,2,10.698152542114258,16.392576279283595,0.10254287719726562,12.605880737304688,12.503337860107422,-0.10254287719726562,0.08196288139641798,0.001023688562091994,1,1
M2_popmass,low,2,0.0,0.4,2,10.698152542114258,16.392576279283595,0.027492523193359375,10.836793899536133,10.809301376342773,-0.027492523193359375,0.08196288139641798,0.001023688562091994,1,1
M0_balanced,low,3,0.3333333333333333,0.1,0,9.343334197998047,16.380018767841474,0.009613037109375,10.663429260253906,10.653816223144531,-0.009613037109375,0.08190009383920736,0.0010229043668189247,1,0
M1_margin,low,3,0.3333333333333333,0.1,0,9.343334197998047,16.380018767841474,0.017696380615234375,12.605880737304688,12.588184356689453,-0.017696380615234375,0.08190009383920736,0.0010229043668189247,1,0
M2_popmass,low,3,0.3333333333333333,0.1,0,9.343334197998047,16.380018767841474,0.009729385375976562,10.836793899536133,10.827064514160156,-0.009729385375976562,0.08190009383920736,0.0010229043668189247,1,0
M0_balanced,low,3,0.3333333333333333,0.2,0,9.361421585083008,16.3682144283749,0.009535789489746094,10.663429260253906,10.65389347076416,-0.009535789489746094,0.0818410721418745,0.0010221672058572122,1,1
M1_margin,low,3,0.3333333333333333,0.2,0,9.361421585083008,16.3682144283749,0.01752471923828125,12.605880737304688,12.588356018066406,-0.01752471923828125,0.0818410721418745,0.0010221672058572122,1,1
M2_popmass,low,3,0.3333333333333333,0.2,0,9.361421585083008,16.3682144283749,0.009647369384765625,10.836793899536133,10.827146530151367,-0.009647369384765625,0.0818410721418745,0.0010221672058572122,1,1
M0_balanced,low,3,0.3333333333333333,0.4,0,9.361421585083008,16.3682144283749,0.009535789489746094,10.663429260253906,10.65389347076416,-0.009535789489746094,0.0818410721418745,0.0010221672058572122,1,1
M1_margin,low,3,0.3333333333333333,0.4,0,9.361421585083008,16.3682144283749,0.01752471923828125,12.605880737304688,12.588356018066406,-0.01752471923828125,0.0818410721418745,0.0010221672058572122,1,1
M2_popmass,low,3,0.3333333333333333,0.4,0,9.361421585083008,16.3682144283749,0.009647369384765625,10.836793899536133,10.827146530151367,-0.009647369384765625,0.0818410721418745,0.0010221672058572122,1,1
M0_balanced,low,3,0.3333333333333333,0.1,1,9.394047737121582,16.464589976247503,0.009288787841796875,10.663429260253906,10.65414047241211,-0.009288787841796875,0.08232294988123752,0.0010281856952234758,1,0
M1_margin,low,3,0.3333333333333333,0.1,1,9.394047737121582,16.464589976247503,0.016630172729492188,12.605880737304688,12.589250564575195,-0.016630172729492188,0.08232294988123752,0.0010281856952234758,1,0
M2_popmass,low,3,0.3333333333333333,0.1,1,9.394047737121582,16.464589976247503,0.009385108947753906,10.836793899536133,10.827408790588379,-0.009385108947753906,0.08232294988123752,0.0010281856952234758,1,0
M0_balanced,low,3,0.3333333333333333,0.2,1,9.394047737121582,16.464589976247503,0.009288787841796875,10.663429260253906,10.65414047241211,-0.009288787841796875,0.08232294988123752,0.0010281856952234758,1,0
M1_margin,low,3,0.3333333333333333,0.2,1,9.394047737121582,16.464589976247503,0.016630172729492188,12.605880737304688,12.589250564575195,-0.016630172729492188,0.08232294988123752,0.0010281856952234758,1,0
M2_popmass,low,3,0.3333333333333333,0.2,1,9.394047737121582,16.464589976247503,0.009385108947753906,10.836793899536133,10.827408790588379,-0.009385108947753906,0.08232294988123752,0.0010281856952234758,1,0
M0_balanced,low,3,0.3333333333333333,0.4,1,9.46120834350586,16.450414516678247,0.009098052978515625,10.663429260253906,10.65433120727539,-0.009098052978515625,0.08225207258339123,0.001027300461836349,1,1
M1_margin,low,3,0.3333333333333333,0.4,1,9.46120834350586,16.450414516678247,0.015989303588867188,12.605880737304688,12.58989143371582,-0.015989303588867188,0.08225207258339123,0.001027300461836349,1,1
M2_popmass,low,3,0.3333333333333333,0.4,1,9.46120834350586,16.450414516678247,0.00917816162109375,10.836793899536133,10.827615737915039,-0.00917816162109375,0.08225207258339123,0.001027300461836349,1,1
M0_balanced,low,3,0.3333333333333333,0.1,2,9.344743728637695,16.380238128439775,0.009602546691894531,10.663429260253906,10.653826713562012,-0.009602546691894531,0.08190119064219888,0.0010229180655159222,1,0
M1_margin,low,3,0.3333333333333333,0.1,2,9.344743728637695,16.380238128439775,0.017665863037109375,12.605880737304688,12.588214874267578,-0.017665863037109375,0.08190119064219888,0.0010229180655159222,1,0
M2_popmass,low,3,0.3333333333333333,0.1,2,9.344743728637695,16.380238128439775,0.009717941284179688,10.836793899536133,10.827075958251953,-0.009717941284179688,0.08190119064219888,0.0010229180655159222,1,0
M0_balanced,low,3,0.3333333333333333,0.2,2,9.344743728637695,16.380238128439775,0.009602546691894531,10.663429260253906,10.653826713562012,-0.009602546691894531,0.08190119064219888,0.0010229180655159222,1,0
M1_margin,low,3,0.3333333333333333,0.2,2,9.344743728637695,16.380238128439775,0.017665863037109375,12.605880737304688,12.588214874267578,-0.017665863037109375,0.08190119064219888,0.0010229180655159222,1,0
M2_popmass,low,3,0.3333333333333333,0.2,2,9.344743728637695,16.380238128439775,0.009717941284179688,10.836793899536133,10.827075958251953,-0.009717941284179688,0.08190119064219888,0.0010229180655159222,1,0
M0_balanced,low,3,0.3333333333333333,0.4,2,9.30613899230957,16.355722014910512,0.009348869323730469,10.663429260253906,10.654080390930176,-0.009348869323730469,0.08177861007455256,0.0010213870758423481,1,2
M1_margin,low,3,0.3333333333333333,0.4,2,9.30613899230957,16.355722014910512,0.016997337341308594,12.605880737304688,12.588883399963379,-0.016997337341308594,0.08177861007455256,0.0010213870758423481,1,2
M2_popmass,low,3,0.3333333333333333,0.4,2,9.30613899230957,16.355722014910512,0.009444236755371094,10.836793899536133,10.827349662780762,-0.009444236755371094,0.08177861007455256,0.0010213870758423481,1,2
M0_balanced,low,4,0.25,0.1,0,9.796138763427734,23.395151128098842,-0.035271644592285156,10.663429260253906,10.698700904846191,0.035271644592285156,0.11697575564049421,0.0014609874744651822,1,0
M1_margin,low,4,0.25,0.1,0,9.796138763427734,23.395151128098842,0.0859375,12.605880737304688,12.519943237304688,-0.0859375,0.11697575564049421,0.0014609874744651822,1,0
M2_popmass,low,4,0.25,0.1,0,9.796138763427734,23.395151128098842,-0.030875205993652344,10.836793899536133,10.867669105529785,0.030875205993652344,0.11697575564049421,0.0014609874744651822,1,0
M0_balanced,low,4,0.25,0.2,0,9.750520706176758,23.391305502178227,-0.03529167175292969,10.663429260253906,10.698720932006836,0.03529167175292969,0.11695652751089114,0.0014607473216544252,1,1
M1_margin,low,4,0.25,0.2,0,9.750520706176758,23.391305502178227,0.08591270446777344,12.605880737304688,12.519968032836914,-0.08591270446777344,0.11695652751089114,0.0014607473216544252,1,1
M2_popmass,low,4,0.25,0.2,0,9.750520706176758,23.391305502178227,-0.03089618682861328,10.836793899536133,10.867690086364746,0.03089618682861328,0.11695652751089114,0.0014607473216544252,1,1
M0_balanced,low,4,0.25,0.4,0,9.750520706176758,23.391305502178227,-0.03529167175292969,10.663429260253906,10.698720932006836,0.03529167175292969,0.11695652751089114,0.0014607473216544252,1,1
M1_margin,low,4,0.25,0.4,0,9.750520706176758,23.391305502178227,0.08591270446777344,12.605880737304688,12.519968032836914,-0.08591270446777344,0.11695652751089114,0.0014607473216544252,1,1
M2_popmass,low,4,0.25,0.4,0,9.750520706176758,23.391305502178227,-0.03089618682861328,10.836793899536133,10.867690086364746,0.03089618682861328,0.11695652751089114,0.0014607473216544252,1,1
M0_balanced,low,4,0.25,0.1,1,9.75367546081543,23.391600472855487,-0.035284996032714844,10.663429260253906,10.698714256286621,0.035284996032714844,0.11695800236427743,0.0014607657420725045,1,1
M1_margin,low,4,0.25,0.1,1,9.75367546081543,23.391600472855487,0.08591651916503906,12.605880737304688,12.519964218139648,-0.08591651916503906,0.11695800236427743,0.0014607657420725045,1,1
M2_popmass,low,4,0.25,0.1,1,9.75367546081543,23.391600472855487,-0.030889511108398438,10.836793899536133,10.867683410644531,0.030889511108398438,0.11695800236427743,0.0014607657420725045,1,1
M0_balanced,low,4,0.25,0.2,1,9.75367546081543,23.391600472855487,-0.035284996032714844,10.663429260253906,10.698714256286621,0.035284996032714844,0.11695800236427743,0.0014607657420725045,1,1
M1_margin,low,4,0.25,0.2,1,9.75367546081543,23.391600472855487,0.08591651916503906,12.605880737304688,12.519964218139648,-0.08591651916503906,0.11695800236427743,0.0014607657420725045,1,1
M2_popmass,low,4,0.25,0.2,1,9.75367546081543,23.391600472855487,-0.030889511108398438,10.836793899536133,10.867683410644531,0.030889511108398438,0.11695800236427743,0.0014607657420725045,1,1
M0_balanced,low,4,0.25,0.4,1,9.75367546081543,23.391600472855487,-0.035284996032714844,10.663429260253906,10.698714256286621,0.035284996032714844,0.11695800236427743,0.0014607657420725045,1,1
M1_margin,low,4,0.25,0.4,1,9.75367546081543,23.391600472855487,0.08591651916503906,12.605880737304688,12.519964218139648,-0.08591651916503906,0.11695800236427743,0.0014607657420725045,1,1
M2_popmass,low,4,0.25,0.4,1,9.75367546081543,23.391600472855487,-0.030889511108398438,10.836793899536133,10.867683410644531,0.030889511108398438,0.11695800236427743,0.0014607657420725045,1,1
M0_balanced,low,4,0.25,0.1,2,9.798913955688477,23.395575992021687,-0.035266876220703125,10.663429260253906,10.69869613647461,0.035266876220703125,0.11697787996010844,0.0014610140064959536,1,0
M1_margin,low,4,0.25,0.1,2,9.798913955688477,23.395575992021687,0.0859384536743164,12.605880737304688,12.519942283630371,-0.0859384536743164,0.11697787996010844,0.0014610140064959536,1,0
M2_popmass,low,4,0.25,0.1,2,9.798913955688477,23.395575992021687,-0.030870437622070312,10.836793899536133,10.867664337158203,0.030870437622070312,0.11697787996010844,0.0014610140064959536,1,0
M0_balanced,low,4,0.25,0.2,2,9.754005432128906,23.39218545491104,-0.03516387939453125,10.663429260253906,10.698593139648438,0.03516387939453125,0.1169609272745552,0.0014608022732088615,1,1
M1_margin,low,4,0.25,0.2,2,9.754005432128906,23.39218545491104,0.08605384826660156,12.605880737304688,12.519826889038086,-0.08605384826660156,0.1169609272745552,0.0014608022732088615,1,1
M2_popmass,low,4,0.25,0.2,2,9.754005432128906,23.39218545491104,-0.030765533447265625,10.836793899536133,10.867559432983398,0.030765533447265625,0.1169609272745552,0.0014608022732088615,1,1
M0_balanced,low,4,0.25,0.4,2,9.753084182739258,23.387626023485343,-0.035228729248046875,10.663429260253906,10.698657989501953,0.035228729248046875,0.11693813011742671,0.0014605175444560034,1,2
M1_margin,low,4,0.25,0.4,2,9.753084182739258,23.387626023485343,0.08601665496826172,12.605880737304688,12.519864082336426,-0.08601665496826172,0.11693813011742671,0.0014605175444560034,1,2
M2_popmass,low,4,0.25,0.4,2,9.753084182739258,23.387626023485343,-0.03083324432373047,10.836793899536133,10.867627143859863,0.03083324432373047,0.11693813011742671,0.0014605175444560034,1,2
M0_balanced,low,5,0.25,0.1,0,7.954774379730225,19.62601913942503,-0.1921682357788086,10.663429260253906,10.855597496032715,0.1921682357788086,0.09813009569712515,0.0012256115799087802,1,0
M1_margin,low,5,0.25,0.1,0,7.954774379730225,19.62601913942503,-0.33379364013671875,12.605880737304688,12.939674377441406,0.33379364013671875,0.09813009569712515,0.0012256115799087802,1,0
M2_popmass,low,5,0.25,0.1,0,7.954774379730225,19.62601913942503,-0.1913900375366211,10.836793899536133,11.028183937072754,0.1913900375366211,0.09813009569712515,0.0012256115799087802,1,0
M0_balanced,low,5,0.25,0.2,0,7.954774379730225,19.62601913942503,-0.1921682357788086,10.663429260253906,10.855597496032715,0.1921682357788086,0.09813009569712515,0.0012256115799087802,1,0
M1_margin,low,5,0.25,0.2,0,7.954774379730225,19.62601913942503,-0.33379364013671875,12.605880737304688,12.939674377441406,0.33379364013671875,0.09813009569712515,0.0012256115799087802,1,0
M2_popmass,low,5,0.25,0.2,0,7.954774379730225,19.62601913942503,-0.1913900375366211,10.836793899536133,11.028183937072754,0.1913900375366211,0.09813009569712515,0.0012256115799087802,1,0
M0_balanced,low,5,0.25,0.4,0,7.954774379730225,19.62601913942503,-0.1921682357788086,10.663429260253906,10.855597496032715,0.1921682357788086,0.09813009569712515,0.0012256115799087802,1,0
M1_margin,low,5,0.25,0.4,0,7.954774379730225,19.62601913942503,-0.33379364013671875,12.605880737304688,12.939674377441406,0.33379364013671875,0.09813009569712515,0.0012256115799087802,1,0
M2_popmass,low,5,0.25,0.4,0,7.954774379730225,19.62601913942503,-0.1913900375366211,10.836793899536133,11.028183937072754,0.1913900375366211,0.09813009569712515,0.0012256115799087802,1,0
M0_balanced,low,5,0.25,0.1,1,7.925727367401123,19.660955425214087,-0.19272613525390625,10.663429260253906,10.856155395507812,0.19272613525390625,0.09830477712607044,0.00122779329165164,1,0
M1_margin,low,5,0.25,0.1,1,7.925727367401123,19.660955425214087,-0.3337869644165039,12.605880737304688,12.939667701721191,0.3337869644165039,0.09830477712607044,0.00122779329165164,1,0
M2_popmass,low,5,0.25,0.1,1,7.925727367401123,19.660955425214087,-0.19193649291992188,10.836793899536133,11.028730392456055,0.19193649291992188,0.09830477712607044,0.00122779329165164,1,0
M0_balanced,low,5,0.25,0.2,1,7.925727367401123,19.660955425214087,-0.19272613525390625,10.663429260253906,10.856155395507812,0.19272613525390625,0.09830477712607044,0.00122779329165164,1,0
M1_margin,low,5,0.25,0.2,1,7.925727367401123,19.660955425214087,-0.3337869644165039,12.605880737304688,12.939667701721191,0.3337869644165039,0.09830477712607044,0.00122779329165164,1,0
M2_popmass,low,5,0.25,0.2,1,7.925727367401123,19.660955425214087,-0.19193649291992188,10.836793899536133,11.028730392456055,0.19193649291992188,0.09830477712607044,0.00122779329165164,1,0
M0_balanced,low,5,0.25,0.4,1,7.958617687225342,19.644980550788684,-0.1922597885131836,10.663429260253906,10.85568904876709,0.1922597885131836,0.09822490275394342,0.0012267956878612698,1,1
M1_margin,low,5,0.25,0.4,1,7.958617687225342,19.644980550788684,-0.3329887390136719,12.605880737304688,12.93886947631836,0.3329887390136719,0.09822490275394342,0.0012267956878612698,1,1
M2_popmass,low,5,0.25,0.4,1,7.958617687225342,19.644980550788684,-0.19146442413330078,10.836793899536133,11.028258323669434,0.19146442413330078,0.09822490275394342,0.0012267956878612698,1,1
M0_balanced,low,5,0.25,0.1,2,7.923006057739258,19.661473594886765,-0.1927471160888672,10.663429260253906,10.856176376342773,0.1927471160888672,0.09830736797443383,0.0012278256504681007,1,0
M1_margin,low,5,0.25,0.1,2,7.923006057739258,19.661473594886765,-0.33382606506347656,12.605880737304688,12.939706802368164,0.33382606506347656,0.09830736797443383,0.0012278256504681007,1,0
M2_popmass,low,5,0.25,0.1,2,7.923006057739258,19.661473594886765,-0.19195842742919922,10.836793899536133,11.028752326965332,0.19195842742919922,0.09830736797443383,0.0012278256504681007,1,0
M0_balanced,low,5,0.25,0.2,2,7.923006057739258,19.661473594886765,-0.1927471160888672,10.663429260253906,10.856176376342773,0.1927471160888672,0.09830736797443383,0.0012278256504681007,1,0
M1_margin,low,5,0.25,0.2,2,7.923006057739258,19.661473594886765,-0.33382606506347656,12.605880737304688,12.939706802368164,0.33382606506347656,0.09830736797443383,0.0012278256504681007,1,0
M2_popmass,low,5,0.25,0.2,2,7.923006057739258,19.661473594886765,-0.19195842742919922,10.836793899536133,11.028752326965332,0.19195842742919922,0.09830736797443383,0.0012278256504681007,1,0
M0_balanced,low,5,0.25,0.4,2,7.923006057739258,19.661473594886765,-0.1927471160888672,10.663429260253906,10.856176376342773,0.1927471160888672,0.09830736797443383,0.0012278256504681007,1,0
M1_margin,low,5,0.25,0.4,2,7.923006057739258,19.661473594886765,-0.33382606506347656,12.605880737304688,12.939706802368164,0.33382606506347656,0.09830736797443383,0.0012278256504681007,1,0
M2_popmass,low,5,0.25,0.4,2,7.923006057739258,19.661473594886765,-0.19195842742919922,10.836793899536133,11.028752326965332,0.19195842742919922,0.09830736797443383,0.0012278256504681007,1,0
M0_balanced,low,6,0.375,0.1,0,10.20120906829834,16.49612596255037,-0.1170358657836914,10.663429260253906,10.780465126037598,0.1170358657836914,0.08248062981275185,0.0010301550640354625,1,1
M1_margin,low,6,0.375,0.1,0,10.20120906829834,16.49612596255037,-0.2532501220703125,12.605880737304688,12.859130859375,0.2532501220703125,0.08248062981275185,0.0010301550640354625,1,1
M2_popmass,low,6,0.375,0.1,0,10.20120906829834,16.49612596255037,-0.11606216430664062,10.836793899536133,10.952856063842773,0.11606216430664062,0.08248062981275185,0.0010301550640354625,1,1
M0_balanced,low,6,0.375,0.2,0,10.20003890991211,16.488369477625444,-0.11717510223388672,10.663429260253906,10.780604362487793,0.11717510223388672,0.08244184738812722,0.0010296706847186057,1,2
M1_margin,low,6,0.375,0.2,0,10.20003890991211,16.488369477625444,-0.2536029815673828,12.605880737304688,12.85948371887207,0.2536029815673828,0.08244184738812722,0.0010296706847186057,1,2
M2_popmass,low,6,0.375,0.2,0,10.20003890991211,16.488369477625444,-0.11620521545410156,10.836793899536133,10.952999114990234,0.11620521545410156,0.08244184738812722,0.0010296706847186057,1,2
M0_balanced,low,6,0.375,0.4,0,10.238687515258789,16.503094993229038,-0.1178436279296875,10.663429260253906,10.781272888183594,0.1178436279296875,0.08251547496614518,0.0010305902681713515,1,3
M1_margin,low,6,0.375,0.4,0,10.238687515258789,16.503094993229038,-0.2554340362548828,12.605880737304688,12.86131477355957,0.2554340362548828,0.08251547496614518,0.0010305902681713515,1,3
M2_popmass,low,6,0.375,0.4,0,10.238687515258789,16.503094993229038,-0.1168966293334961,10.836793899536133,10.953690528869629,0.1168966293334961,0.08251547496614518,0.0010305902681713515,1,3
M0_balanced,low,6,0.375,0.1,1,10.202091217041016,16.496734586928813,-0.11704254150390625,10.663429260253906,10.780471801757812,0.11704254150390625,0.08248367293464406,0.001030193071594751,1,1
M1_margin,low,6,0.375,0.1,1,10.202091217041016,16.496734586928813,-0.253265380859375,12.605880737304688,12.859146118164062,0.253265380859375,0.08248367293464406,0.001030193071594751,1,1
M2_popmass,low,6,0.375,0.1,1,10.202091217041016,16.496734586928813,-0.11606884002685547,10.836793899536133,10.952862739562988,0.11606884002685547,0.08248367293464406,0.001030193071594751,1,1
M0_balanced,low,6,0.375,0.2,1,10.202091217041016,16.496734586928813,-0.11704254150390625,10.663429260253906,10.780471801757812,0.11704254150390625,0.08248367293464406,0.001030193071594751,1,1
M1_margin,low,6,0.375,0.2,1,10.202091217041016,16.496734586928813,-0.253265380859375,12.605880737304688,12.859146118164062,0.253265380859375,0.08248367293464406,0.001030193071594751,1,1
M2_popmass,low,6,0.375,0.2,1,10.202091217041016,16.496734586928813,-0.11606884002685547,10.836793899536133,10.952862739562988,0.11606884002685547,0.08248367293464406,0.001030193071594751,1,1
M0_balanced,low,6,0.375,0.4,1,10.202091217041016,16.496734586928813,-0.11704254150390625,10.663429260253906,10.780471801757812,0.11704254150390625,0.08248367293464406,0.001030193071594751,1,1
M1_margin,low,6,0.375,0.4,1,10.202091217041016,16.496734586928813,-0.253265380859375,12.605880737304688,12.859146118164062,0.253265380859375,0.08248367293464406,0.001030193071594751,1,1
M2_popmass,low,6,0.375,0.4,1,10.202091217041016,16.496734586928813,-0.11606884002685547,10.836793899536133,10.952862739562988,0.11606884002685547,0.08248367293464406,0.001030193071594751,1,1
M0_balanced,low,6,0.375,0.1,2,10.206412315368652,16.512075069475376,-0.11699676513671875,10.663429260253906,10.780426025390625,0.11699676513671875,0.08256037534737688,0.0010311510586891732,1,0
M1_margin,low,6,0.375,0.1,2,10.206412315368652,16.512075069475376,-0.25310802459716797,12.605880737304688,12.858988761901855,0.25310802459716797,0.08256037534737688,0.0010311510586891732,1,0
M2_popmass,low,6,0.375,0.1,2,10.206412315368652,16.512075069475376,-0.11602401733398438,10.836793899536133,10.952817916870117,0.11602401733398438,0.08256037534737688,0.0010311510586891732,1,0
M0_balanced,low,6,0.375,0.2,2,10.206412315368652,16.512075069475376,-0.11699676513671875,10.663429260253906,10.780426025390625,0.11699676513671875,0.08256037534737688,0.0010311510586891732,1,0
M1_margin,low,6,0.375,0.2,2,10.206412315368652,16.512075069475376,-0.25310802459716797,12.605880737304688,12.858988761901855,0.25310802459716797,0.08256037534737688,0.0010311510586891732,1,0
M2_popmass,low,6,0.375,0.2,2,10.206412315368652,16.512075069475376,-0.11602401733398438,10.836793899536133,10.952817916870117,0.11602401733398438,0.08256037534737688,0.0010311510586891732,1,0
M0_balanced,low,6,0.375,0.4,2,10.22906494140625,16.51256246452963,-0.1171121597290039,10.663429260253906,10.78054141998291,0.1171121597290039,0.08256281232264816,0.0010311814956829538,1,1
M1_margin,low,6,0.375,0.4,2,10.22906494140625,16.51256246452963,-0.25337982177734375,12.605880737304688,12.859260559082031,0.25337982177734375,0.08256281232264816,0.0010311814956829538,1,1
M2_popmass,low,6,0.375,0.4,2,10.22906494140625,16.51256246452963,-0.11614131927490234,10.836793899536133,10.952935218811035,0.11614131927490234,0.08256281232264816,0.0010311814956829538,1,1
M0_balanced,low,7,0.375,0.1,0,9.511672973632812,14.541626857058892,0.04923439025878906,10.663429260253906,10.614194869995117,-0.04923439025878906,0.07270813428529446,0.0009080999126777591,1,1
M1_margin,low,7,0.375,0.1,0,9.511672973632812,14.541626857058892,0.14340686798095703,12.605880737304688,12.46247386932373,-0.14340686798095703,0.07270813428529446,0.0009080999126777591,1,1
M2_popmass,low,7,0.375,0.1,0,9.511672973632812,14.541626857058892,0.050457000732421875,10.836793899536133,10.786336898803711,-0.050457000732421875,0.07270813428529446,0.0009080999126777591,1,1
M0_balanced,low,7,0.375,0.2,0,9.511672973632812,14.541626857058892,0.04923439025878906,10.663429260253906,10.614194869995117,-0.04923439025878906,0.07270813428529446,0.0009080999126777591,1,1
M1_margin,low,7,0.375,0.2,0,9.511672973632812,14.541626857058892,0.14340686798095703,12.605880737304688,12.46247386932373,-0.14340686798095703,0.07270813428529446,0.0009080999126777591,1,1
M2_popmass,low,7,0.375,0.2,0,9.511672973632812,14.541626857058892,0.050457000732421875,10.836793899536133,10.786336898803711,-0.050457000732421875,0.07270813428529446,0.0009080999126777591,1,1
M0_balanced,low,7,0.375,0.4,0,9.541687965393066,14.512520308852428,0.0492401123046875,10.663429260253906,10.614189147949219,-0.0492401123046875,0.07256260154426214,0.0009062822581508991,1,2
M1_margin,low,7,0.375,0.4,0,9.541687965393066,14.512520308852428,0.14325428009033203,12.605880737304688,12.462626457214355,-0.14325428009033203,0.07256260154426214,0.0009062822581508991,1,2
M2_popmass,low,7,0.375,0.4,0,9.541687965393066,14.512520308852428,0.050459861755371094,10.836793899536133,10.786334037780762,-0.050459861755371094,0.07256260154426214,0.0009062822581508991,1,2
M0_balanced,low,7,0.375,0.1,1,9.51618766784668,14.53422591725901,0.04929924011230469,10.663429260253906,10.614130020141602,-0.04929924011230469,0.07267112958629506,0.00090763773655042,1,0
M1_margin,low,7,0.375,0.1,1,9.51618766784668,14.53422591725901,0.14325332641601562,12.605880737304688,12.462627410888672,-0.14325332641601562,0.07267112958629506,0.00090763773655042,1,0
M2_popmass,low,7,0.375,0.1,1,9.51618766784668,14.53422591725901,0.05051898956298828,10.836793899536133,10.786274909973145,-0.05051898956298828,0.07267112958629506,0.00090763773655042,1,0
M0_balanced,low,7,0.375,0.2,1,9.504701614379883,14.553340837813318,0.048943519592285156,10.663429260253906,10.614485740661621,-0.048943519592285156,0.0727667041890666,0.0009088314308912829,1,1
M1_margin,low,7,0.375,0.2,1,9.504701614379883,14.553340837813318,0.14278602600097656,12.605880737304688,12.463094711303711,-0.14278602600097656,0.0727667041890666,0.0009088314308912829,1,1
M2_popmass,low,7,0.375,0.2,1,9.504701614379883,14.553340837813318,0.050151824951171875,10.836793899536133,10.786642074584961,-0.050151824951171875,0.0727667041890666,0.0009088314308912829,1,1
M0_balanced,low,7,0.375,0.4,1,9.5040283203125,14.54130678955122,0.04891395568847656,10.663429260253906,10.61451530456543,-0.04891395568847656,0.0727065339477561,0.0009080799250052225,1,2
M1_margin,low,7,0.375,0.4,1,9.5040283203125,14.54130678955122,0.1427745819091797,12.605880737304688,12.463106155395508,-0.1427745819091797,0.0727065339477561,0.0009080799250052225,1,2
M2_popmass,low,7,0.375,0.4,1,9.5040283203125,14.54130678955122,0.05012321472167969,10.836793899536133,10.786670684814453,-0.05012321472167969,0.0727065339477561,0.0009080799250052225,1,2
M0_balanced,low,7,0.375,0.1,2,9.3921537399292,14.576701608939288,0.04904937744140625,10.663429260253906,10.6143798828125,-0.04904937744140625,0.07288350804469644,0.0009102902713929754,1,1
M1_margin,low,7,0.375,0.1,2,9.3921537399292,14.576701608939288,0.14273452758789062,12.605880737304688,12.463146209716797,-0.14273452758789062,0.07288350804469644,0.0009102902713929754,1,1
M2_popmass,low,7,0.375,0.1,2,9.3921537399292,14.576701608939288,0.050261497497558594,10.836793899536133,10.786532402038574,-0.050261497497558594,0.07288350804469644,0.0009102902713929754,1,1
M0_balanced,low,7,0.375,0.2,2,9.3921537399292,14.576701608939288,0.04904937744140625,10.663429260253906,10.6143798828125,-0.04904937744140625,0.07288350804469644,0.0009102902713929754,1,1
M1_margin,low,7,0.375,0.2,2,9.3921537399292,14.576701608939288,0.14273452758789062,12.605880737304688,12.463146209716797,-0.14273452758789062,0.07288350804469644,0.0009102902713929754,1,1
M2_popmass,low,7,0.375,0.2,2,9.3921537399292,14.576701608939288,0.050261497497558594,10.836793899536133,10.786532402038574,-0.050261497497558594,0.07288350804469644,0.0009102902713929754,1,1
M0_balanced,low,7,0.375,0.4,2,9.441354751586914,14.561948995905597,0.048933982849121094,10.663429260253906,10.614495277404785,-0.048933982849121094,0.07280974497952798,0.0009093689957517179,1,3
M1_margin,low,7,0.375,0.4,2,9.441354751586914,14.561948995905597,0.14293193817138672,12.605880737304688,12.4629487991333,-0.14293193817138672,0.07280974497952798,0.0009093689957517179,1,3
M2_popmass,low,7,0.375,0.4,2,9.441354751586914,14.561948995905597,0.05014514923095703,10.836793899536133,10.786648750305176,-0.05014514923095703,0.07280974497952798,0.0009093689957517179,1,3
M0_balanced,medium,0,0.625,0.1,0,8.947500228881836,14.74031987563002,0.00495147705078125,10.663429260253906,10.658477783203125,-0.00495147705078125,0.0737015993781501,0.0009205079544042964,1,0
M1_margin,medium,0,0.625,0.1,0,8.947500228881836,14.74031987563002,-0.017278671264648438,12.605880737304688,12.623159408569336,0.017278671264648438,0.0737015993781501,0.0009205079544042964,1,0
M2_popmass,medium,0,0.625,0.1,0,8.947500228881836,14.74031987563002,0.005207061767578125,10.836793899536133,10.831586837768555,-0.005207061767578125,0.0737015993781501,0.0009205079544042964,1,0
M0_balanced,medium,0,0.625,0.2,0,8.947500228881836,14.74031987563002,0.00495147705078125,10.663429260253906,10.658477783203125,-0.00495147705078125,0.0737015993781501,0.0009205079544042964,1,0
M1_margin,medium,0,0.625,0.2,0,8.947500228881836,14.74031987563002,-0.017278671264648438,12.605880737304688,12.623159408569336,0.017278671264648438,0.0737015993781501,0.0009205079544042964,1,0
M2_popmass,medium,0,0.625,0.2,0,8.947500228881836,14.74031987563002,0.005207061767578125,10.836793899536133,10.831586837768555,-0.005207061767578125,0.0737015993781501,0.0009205079544042964,1,0
M0_balanced,medium,0,0.625,0.4,0,8.868349075317383,14.681834793518249,0.0044879913330078125,10.663429260253906,10.658941268920898,-0.0044879913330078125,0.07340917396759125,0.000916855660305382,1,2
M1_margin,medium,0,0.625,0.4,0,8.868349075317383,14.681834793518249,-0.01809406280517578,12.605880737304688,12.623974800109863,0.01809406280517578,0.07340917396759125,0.000916855660305382,1,2
M2_popmass,medium,0,0.625,0.4,0,8.868349075317383,14.681834793518249,0.00472259521484375,10.836793899536133,10.832071304321289,-0.00472259521484375,0.07340917396759125,0.000916855660305382,1,2
M0_balanced,medium,0,0.625,0.1,1,8.962153434753418,14.70242241319594,0.0050525665283203125,10.663429260253906,10.658376693725586,-0.0050525665283203125,0.0735121120659797,0.0009181413222065797,1,0
M1_margin,medium,0,0.625,0.1,1,8.962153434753418,14.70242241319594,-0.017698287963867188,12.605880737304688,12.623579025268555,0.017698287963867188,0.0735121120659797,0.0009181413222065797,1,0
M2_popmass,medium,0,0.625,0.1,1,8.962153434753418,14.70242241319594,0.00530242919921875,10.836793899536133,10.831491470336914,-0.00530242919921875,0.0735121120659797,0.0009181413222065797,1,0
M0_balanced,medium,0,0.625,0.2,1,8.962153434753418,14.70242241319594,0.0050525665283203125,10.663429260253906,10.658376693725586,-0.0050525665283203125,0.0735121120659797,0.0009181413222065797,1,0
M1_margin,medium,0,0.625,0.2,1,8.962153434753418,14.70242241319594,-0.017698287963867188,12.605880737304688,12.623579025268555,0.017698287963867188,0.0735121120659797,0.0009181413222065797,1,0
M2_popmass,medium,0,0.625,0.2,1,8.962153434753418,14.70242241319594,0.00530242919921875,10.836793899536133,10.831491470336914,-0.00530242919921875,0.0735121120659797,0.0009181413222065797,1,0
M0_balanced,medium,0,0.625,0.4,1,8.9315185546875,14.657204631631272,0.00469207763671875,10.663429260253906,10.658737182617188,-0.00469207763671875,0.07328602315815635,0.000915317548505467,1,2
M1_margin,medium,0,0.625,0.4,1,8.9315185546875,14.657204631631272,-0.018224716186523438,12.605880737304688,12.624105453491211,0.018224716186523438,0.07328602315815635,0.000915317548505467,1,2
M2_popmass,medium,0,0.625,0.4,1,8.9315185546875,14.657204631631272,0.004921913146972656,10.836793899536133,10.83187198638916,-0.004921913146972656,0.07328602315815635,0.000915317548505467,1,2
M0_balanced,medium,0,0.625,0.1,2,8.94479751586914,14.739593316070962,0.00494384765625,10.663429260253906,10.658485412597656,-0.00494384765625,0.07369796658035481,0.0009204625819931747,1,0
M1_margin,medium,0,0.625,0.1,2,8.94479751586914,14.739593316070962,-0.01729297637939453,12.605880737304688,12.623173713684082,0.01729297637939453,0.07369796658035481,0.0009204625819931747,1,0
M2_popmass,medium,0,0.625,0.1,2,8.94479751586914,14.739593316070962,0.005199432373046875,10.836793899536133,10.831594467163086,-0.005199432373046875,0.07369796658035481,0.0009204625819931747,1,0
M0_balanced,medium,0,0.625,0.2,2,8.885232925415039,14.686827943801722,0.004910469055175781,10.663429260253906,10.65851879119873,-0.004910469055175781,0.07343413971900861,0.0009171674740646663,1,1
M1_margin,medium,0,0.625,0.2,2,8.885232925415039,14.686827943801722,-0.01710987091064453,12.605880737304688,12.622990608215332,0.01710987091064453,0.07343413971900861,0.0009171674740646663,1,1
M2_popmass,medium,0,0.625,0.2,2,8.885232925415039,14.686827943801722,0.005158424377441406,10.836793899536133,10.831635475158691,-0.005158424377441406,0.07343413971900861,0.0009171674740646663,1,1
M0_balanced,medium,0,0.625,0.4,2,8.885232925415039,14.686827943801722,0.004910469055175781,10.663429260253906,10.65851879119873,-0.004910469055175781,0.07343413971900861,0.0009171674740646663,1,1
M1_margin,medium,0,0.625,0.4,2,8.885232925415039,14.686827943801722,-0.01710987091064453,12.605880737304688,12.622990608215332,0.01710987091064453,0.07343413971900861,0.0009171674740646663,1,1
M2_popmass,medium,0,0.625,0.4,2,8.885232925415039,14.686827943801722,0.005158424377441406,10.836793899536133,10.831635475158691,-0.005158424377441406,0.07343413971900861,0.0009171674740646663,1,1
M0_balanced,medium,1,0.5,0.1,0,9.500797271728516,15.21642740108335,-0.0744466781616211,10.663429260253906,10.737875938415527,0.0744466781616211,0.07608213700541674,0.0009502400611719456,1,2
M1_margin,medium,1,0.5,0.1,0,9.500797271728516,15.21642740108335,-0.08945369720458984,12.605880737304688,12.695334434509277,0.08945369720458984,0.07608213700541674,0.0009502400611719456,1,2
M2_popmass,medium,1,0.5,0.1,0,9.500797271728516,15.21642740108335,-0.0742807388305664,10.836793899536133,10.9110746383667,0.0742807388305664,0.07608213700541674,0.0009502400611719456,1,2
M0_balanced,medium,1,0.5,0.2,0,9.500797271728516,15.21642740108335,-0.0744466781616211,10.663429260253906,10.737875938415527,0.0744466781616211,0.07608213700541674,0.0009502400611719456,1,2
M1_margin,medium,1,0.5,0.2,0,9.500797271728516,15.21642740108335,-0.08945369720458984,12.605880737304688,12.695334434509277,0.08945369720458984,0.07608213700541674,0.0009502400611719456,1,2
M2_popmass,medium,1,0.5,0.2,0,9.500797271728516,15.21642740108335,-0.0742807388305664,10.836793899536133,10.9110746383667,0.0742807388305664,0.07608213700541674,0.0009502400611719456,1,2
M0_balanced,medium,1,0.5,0.4,0,9.538743019104004,15.193504654985666,-0.07361316680908203,10.663429260253906,10.737042427062988,0.07361316680908203,0.07596752327492834,0.0009488085745897182,1,4
M1_margin,medium,1,0.5,0.4,0,9.538743019104004,15.193504654985666,-0.08783626556396484,12.605880737304688,12.693717002868652,0.08783626556396484,0.07596752327492834,0.0009488085745897182,1,4
M2_popmass,medium,1,0.5,0.4,0,9.538743019104004,15.193504654985666,-0.07343006134033203,10.836793899536133,10.910223960876465,0.07343006134033203,0.07596752327492834,0.0009488085745897182,1,4
M0_balanced,medium,1,0.5,0.1,1,9.442926406860352,15.26087284963485,-0.07480812072753906,10.663429260253906,10.738237380981445,0.07480812072753906,0.07630436424817426,0.0009530156039874286,1,0
M1_margin,medium,1,0.5,0.1,1,9.442926406860352,15.26087284963485,-0.08971786499023438,12.605880737304688,12.695598602294922,0.08971786499023438,0.07630436424817426,0.0009530156039874286,1,0
M2_popmass,medium,1,0.5,0.1,1,9.442926406860352,15.26087284963485,-0.0746297836303711,10.836793899536133,10.911423683166504,0.0746297836303711,0.07630436424817426,0.0009530156039874286,1,0
M0_balanced,medium,1,0.5,0.2,1,9.442926406860352,15.26087284963485,-0.07480812072753906,10.663429260253906,10.738237380981445,0.07480812072753906,0.07630436424817426,0.0009530156039874286,1,0
M1_margin,medium,1,0.5,0.2,1,9.442926406860352,15.26087284963485,-0.08971786499023438,12.605880737304688,12.695598602294922,0.08971786499023438,0.07630436424817426,0.0009530156039874286,1,0
M2_popmass,medium,1,0.5,0.2,1,9.442926406860352,15.26087284963485,-0.0746297836303711,10.836793899536133,10.911423683166504,0.0746297836303711,0.07630436424817426,0.0009530156039874286,1,0
M0_balanced,medium,1,0.5,0.4,1,9.499771118164062,15.238678334679841,-0.07443428039550781,10.663429260253906,10.737863540649414,0.07443428039550781,0.07619339167339921,0.0009516295942038819,1,1
M1_margin,medium,1,0.5,0.4,1,9.499771118164062,15.238678334679841,-0.08940696716308594,12.605880737304688,12.695287704467773,0.08940696716308594,0.07619339167339921,0.0009516295942038819,1,1
M2_popmass,medium,1,0.5,0.4,1,9.499771118164062,15.238678334679841,-0.07426834106445312,10.836793899536133,10.911062240600586,0.07426834106445312,0.07619339167339921,0.0009516295942038819,1,1
M0_balanced,medium,1,0.5,0.1,2,9.444831848144531,15.26011655111133,-0.07471847534179688,10.663429260253906,10.738147735595703,0.07471847534179688,0.07630058275555665,0.0009529683744284584,1,0
M1_margin,medium,1,0.5,0.1,2,9.444831848144531,15.26011655111133,-0.08957099914550781,12.605880737304688,12.695451736450195,0.08957099914550781,0.07630058275555665,0.0009529683744284584,1,0
M2_popmass,medium,1,0.5,0.1,2,9.444831848144531,15.26011655111133,-0.0745382308959961,10.836793899536133,10.911332130432129,0.0745382308959961,0.07630058275555665,0.0009529683744284584,1,0
M0_balanced,medium,1,0.5,0.2,2,9.511218070983887,15.235056010929581,-0.07430553436279297,10.663429260253906,10.7377347946167,0.07430553436279297,0.07617528005464791,0.0009514033862346061,1,1
M1_margin,medium,1,0.5,0.2,2,9.511218070983887,15.235056010929581,-0.0892934799194336,12.605880737304688,12.695174217224121,0.0892934799194336,0.07617528005464791,0.0009514033862346061,1,1
M2_popmass,medium,1,0.5,0.2,2,9.511218070983887,15.235056010929581,-0.07413768768310547,10.836793899536133,10.910931587219238,0.07413768768310547,0.07617528005464791,0.0009514033862346061,1,1
M0_balanced,medium,1,0.5,0.4,2,9.506744384765625,15.216984170546608,-0.07440185546875,10.663429260253906,10.737831115722656,0.07440185546875,0.07608492085273304,0.0009502748304798049,1,2
M1_margin,medium,1,0.5,0.4,2,9.506744384765625,15.216984170546608,-0.0893564224243164,12.605880737304688,12.695237159729004,0.0893564224243164,0.07608492085273304,0.0009502748304798049,1,2
M2_popmass,medium,1,0.5,0.4,2,9.506744384765625,15.216984170546608,-0.0742349624633789,10.836793899536133,10.911028861999512,0.0742349624633789,0.07608492085273304,0.0009502748304798049,1,2
M0_balanced,medium,2,0.5,0.1,0,8.968734741210938,15.158246823667124,0.011940956115722656,10.663429260253906,10.651488304138184,-0.011940956115722656,0.07579123411833562,0.0009466067828743686,1,0
M1_margin,medium,2,0.5,0.1,0,8.968734741210938,15.158246823667124,0.052371978759765625,12.605880737304688,12.553508758544922,-0.052371978759765625,0.07579123411833562,0.0009466067828743686,1,0
M2_popmass,medium,2,0.5,0.1,0,8.968734741210938,15.158246823667124,0.012690544128417969,10.836793899536133,10.824103355407715,-0.012690544128417969,0.07579123411833562,0.0009466067828743686,1,0
M0_balanced,medium,2,0.5,0.2,0,8.97774887084961,15.143858806982179,0.011907577514648438,10.663429260253906,10.651521682739258,-0.011907577514648438,0.0757192940349109,0.0009457082756561848,1,1
M1_margin,medium,2,0.5,0.2,0,8.97774887084961,15.143858806982179,0.05228137969970703,12.605880737304688,12.55359935760498,-0.05228137969970703,0.0757192940349109,0.0009457082756561848,1,1
M2_popmass,medium,2,0.5,0.2,0,8.97774887084961,15.143858806982179,0.012650489807128906,10.836793899536133,10.824143409729004,-0.012650489807128906,0.0757192940349109,0.0009457082756561848,1,1
M0_balanced,medium,2,0.5,0.4,0,8.98768424987793,15.13213525650946,0.01200103759765625,10.663429260253906,10.65142822265625,-0.01200103759765625,0.0756606762825473,0.0009449761598299983,1,2
M1_margin,medium,2,0.5,0.4,0,8.98768424987793,15.13213525650946,0.05253791809082031,12.605880737304688,12.553342819213867,-0.05253791809082031,0.0756606762825473,0.0009449761598299983,1,2
M2_popmass,medium,2,0.5,0.4,0,8.98768424987793,15.13213525650946,0.012746810913085938,10.836793899536133,10.824047088623047,-0.012746810913085938,0.0756606762825473,0.0009449761598299983,1,2
M0_balanced,medium,2,0.5,0.1,1,8.93369197845459,15.128876264557373,0.0113067626953125,10.663429260253906,10.652122497558594,-0.0113067626953125,0.07564438132278686,0.0009447726413147594,1,2
M1_margin,medium,2,0.5,0.1,1,8.93369197845459,15.128876264557373,0.050830841064453125,12.605880737304688,12.555049896240234,-0.050830841064453125,0.07564438132278686,0.0009447726413147594,1,2
M2_popmass,medium,2,0.5,0.1,1,8.93369197845459,15.128876264557373,0.012012481689453125,10.836793899536133,10.82478141784668,-0.012012481689453125,0.07564438132278686,0.0009447726413147594,1,2
M0_balanced,medium,2,0.5,0.2,1,8.93369197845459,15.128876264557373,0.0113067626953125,10.663429260253906,10.652122497558594,-0.0113067626953125,0.07564438132278686,0.0009447726413147594,1,2
M1_margin,medium,2,0.5,0.2,1,8.93369197845459,15.128876264557373,0.050830841064453125,12.605880737304688,12.555049896240234,-0.050830841064453125,0.07564438132278686,0.0009447726413147594,1,2
M2_popmass,medium,2,0.5,0.2,1,8.93369197845459,15.128876264557373,0.012012481689453125,10.836793899536133,10.82478141784668,-0.012012481689453125,0.07564438132278686,0.0009447726413147594,1,2
M0_balanced,medium,2,0.5,0.4,1,8.960891723632812,15.116261137967138,0.010883331298828125,10.663429260253906,10.652545928955078,-0.010883331298828125,0.07558130568983569,0.0009439848480734929,1,3
M1_margin,medium,2,0.5,0.4,1,8.960891723632812,15.116261137967138,0.04987907409667969,12.605880737304688,12.556001663208008,-0.04987907409667969,0.07558130568983569,0.0009439848480734929,1,3
M2_popmass,medium,2,0.5,0.4,1,8.960891723632812,15.116261137967138,0.01155853271484375,10.836793899536133,10.825235366821289,-0.01155853271484375,0.07558130568983569,0.0009439848480734929,1,3
M0_balanced,medium,2,0.5,0.1,2,8.969791412353516,15.157488979239462,0.011960983276367188,10.663429260253906,10.651468276977539,-0.011960983276367188,0.0757874448961973,0.000946559456776309,1,0
M1_margin,medium,2,0.5,0.1,2,8.969791412353516,15.157488979239462,0.052425384521484375,12.605880737304688,12.553455352783203,-0.052425384521484375,0.0757874448961973,0.000946559456776309,1,0
M2_popmass,medium,2,0.5,0.1,2,8.969791412353516,15.157488979239462,0.012711524963378906,10.836793899536133,10.824082374572754,-0.012711524963378906,0.0757874448961973,0.000946559456776309,1,0
M0_balanced,medium,2,0.5,0.2,2,8.986438751220703,15.133304038067662,0.011621475219726562,10.663429260253906,10.65180778503418,-0.011621475219726562,0.07566652019033832,0.0009450491482542907,1,1
M1_margin,medium,2,0.5,0.2,2,8.986438751220703,15.133304038067662,0.05176544189453125,12.605880737304688,12.554115295410156,-0.05176544189453125,0.07566652019033832,0.0009450491482542907,1,1
M2_popmass,medium,2,0.5,0.2,2,8.986438751220703,15.133304038067662,0.01235198974609375,10.836793899536133,10.824441909790039,-0.01235198974609375,0.07566652019033832,0.0009450491482542907,1,1
M0_balanced,medium,2,0.5,0.4,2,8.963848114013672,15.117337853902196,0.010866165161132812,10.663429260253906,10.652563095092773,-0.010866165161132812,0.07558668926951098,0.000944052087155902,1,3
M1_margin,medium,2,0.5,0.4,2,8.963848114013672,15.117337853902196,0.04986286163330078,12.605880737304688,12.556017875671387,-0.04986286163330078,0.07558668926951098,0.000944052087155902,1,3
M2_popmass,medium,2,0.5,0.4,2,8.963848114013672,15.117337853902196,0.011541366577148438,10.836793899536133,10.825252532958984,-0.011541366577148438,0.07558668926951098,0.000944052087155902,1,3
M0_balanced,medium,3,0.5,0.1,0,10.777534484863281,16.880052901245637,-0.1242818832397461,10.663429260253906,10.787711143493652,0.1242818832397461,0.08440026450622819,0.0010541306496374663,1,0
M1_margin,medium,3,0.5,0.1,0,10.777534484863281,16.880052901245637,-0.24730682373046875,12.605880737304688,12.853187561035156,0.24730682373046875,0.08440026450622819,0.0010541306496374663,1,0
M2_popmass,medium,3,0.5,0.1,0,10.777534484863281,16.880052901245637,-0.12327766418457031,10.836793899536133,10.960071563720703,0.12327766418457031,0.08440026450622819,0.0010541306496374663,1,0
M0_balanced,medium,3,0.5,0.2,0,10.777534484863281,16.880052901245637,-0.1242818832397461,10.663429260253906,10.787711143493652,0.1242818832397461,0.08440026450622819,0.0010541306496374663,1,0
M1_margin,medium,3,0.5,0.2,0,10.777534484863281,16.880052901245637,-0.24730682373046875,12.605880737304688,12.853187561035156,0.24730682373046875,0.08440026450622819,0.0010541306496374663,1,0
M2_popmass,medium,3,0.5,0.2,0,10.777534484863281,16.880052901245637,-0.12327766418457031,10.836793899536133,10.960071563720703,0.12327766418457031,0.08440026450622819,0.0010541306496374663,1,0
M0_balanced,medium,3,0.5,0.4,0,10.776949882507324,16.86573945564599,-0.12393760681152344,10.663429260253906,10.78736686706543,0.12393760681152344,0.08432869727822995,0.0010532367992569741,1,1
M1_margin,medium,3,0.5,0.4,0,10.776949882507324,16.86573945564599,-0.24680614471435547,12.605880737304688,12.852686882019043,0.24680614471435547,0.08432869727822995,0.0010532367992569741,1,1
M2_popmass,medium,3,0.5,0.4,0,10.776949882507324,16.86573945564599,-0.12293529510498047,10.836793899536133,10.959729194641113,0.12293529510498047,0.08432869727822995,0.0010532367992569741,1,1
M0_balanced,medium,3,0.5,0.1,1,10.782833099365234,16.880066116641053,-0.1242513656616211,10.663429260253906,10.787680625915527,0.1242513656616211,0.08440033058320527,0.0010541314749164768,1,0
M1_margin,medium,3,0.5,0.1,1,10.782833099365234,16.880066116641053,-0.24724388122558594,12.605880737304688,12.853124618530273,0.24724388122558594,0.08440033058320527,0.0010541314749164768,1,0
M2_popmass,medium,3,0.5,0.1,1,10.782833099365234,16.880066116641053,-0.1232461929321289,10.836793899536133,10.960040092468262,0.1232461929321289,0.08440033058320527,0.0010541314749164768,1,0
M0_balanced,medium,3,0.5,0.2,1,10.782833099365234,16.880066116641053,-0.1242513656616211,10.663429260253906,10.787680625915527,0.1242513656616211,0.08440033058320527,0.0010541314749164768,1,0
M1_margin,medium,3,0.5,0.2,1,10.782833099365234,16.880066116641053,-0.24724388122558594,12.605880737304688,12.853124618530273,0.24724388122558594,0.08440033058320527,0.0010541314749164768,1,0
M2_popmass,medium,3,0.5,0.2,1,10.782833099365234,16.880066116641053,-0.1232461929321289,10.836793899536133,10.960040092468262,0.1232461929321289,0.08440033058320527,0.0010541314749164768,1,0
M0_balanced,medium,3,0.5,0.4,1,10.782833099365234,16.880066116641053,-0.1242513656616211,10.663429260253906,10.787680625915527,0.1242513656616211,0.08440033058320527,0.0010541314749164768,1,0
M1_margin,medium,3,0.5,0.4,1,10.782833099365234,16.880066116641053,-0.24724388122558594,12.605880737304688,12.853124618530273,0.24724388122558594,0.08440033058320527,0.0010541314749164768,1,0
M2_popmass,medium,3,0.5,0.4,1,10.782833099365234,16.880066116641053,-0.1232461929321289,10.836793899536133,10.960040092468262,0.1232461929321289,0.08440033058320527,0.0010541314749164768,1,0
M0_balanced,medium,3,0.5,0.1,2,10.78048324584961,16.880259641699094,-0.1242666244506836,10.663429260253906,10.78769588470459,0.1242666244506836,0.08440129820849547,0.001054143560227841,1,0
M1_margin,medium,3,0.5,0.1,2,10.78048324584961,16.880259641699094,-0.247283935546875,12.605880737304688,12.853164672851562,0.247283935546875,0.08440129820849547,0.001054143560227841,1,0
M2_popmass,medium,3,0.5,0.1,2,10.78048324584961,16.880259641699094,-0.12326240539550781,10.836793899536133,10.96005630493164,0.12326240539550781,0.08440129820849547,0.001054143560227841,1,0
M0_balanced,medium,3,0.5,0.2,2,10.690519332885742,16.85013297608101,-0.12433815002441406,10.663429260253906,10.78776741027832,0.12433815002441406,0.08425066488040506,0.001052262201100284,1,1
M1_margin,medium,3,0.5,0.2,2,10.690519332885742,16.85013297608101,-0.2475414276123047,12.605880737304688,12.853422164916992,0.2475414276123047,0.08425066488040506,0.001052262201100284,1,1
M2_popmass,medium,3,0.5,0.2,2,10.690519332885742,16.85013297608101,-0.1233530044555664,10.836793899536133,10.9601469039917,0.1233530044555664,0.08425066488040506,0.001052262201100284,1,1
M0_balanced,medium,3,0.5,0.4,2,10.690519332885742,16.85013297608101,-0.12433815002441406,10.663429260253906,10.78776741027832,0.12433815002441406,0.08425066488040506,0.001052262201100284,1,1
M1_margin,medium,3,0.5,0.4,2,10.690519332885742,16.85013297608101,-0.2475414276123047,12.605880737304688,12.853422164916992,0.2475414276123047,0.08425066488040506,0.001052262201100284,1,1
M2_popmass,medium,3,0.5,0.4,2,10.690519332885742,16.85013297608101,-0.1233530044555664,10.836793899536133,10.9601469039917,0.1233530044555664,0.08425066488040506,0.001052262201100284,1,1
M0_balanced,medium,4,0.6,0.1,0,7.76024866104126,15.892318420637217,-0.044579505920410156,10.663429260253906,10.708008766174316,0.044579505920410156,0.07946159210318608,0.0009924483080118516,1,2
M1_margin,medium,4,0.6,0.1,0,7.76024866104126,15.892318420637217,0.010049819946289062,12.605880737304688,12.595830917358398,-0.010049819946289062,0.07946159210318608,0.0009924483080118516,1,2
M2_popmass,medium,4,0.6,0.1,0,7.76024866104126,15.892318420637217,-0.044277191162109375,10.836793899536133,10.881071090698242,0.044277191162109375,0.07946159210318608,0.0009924483080118516,1,2
M0_balanced,medium,4,0.6,0.2,0,7.76024866104126,15.892318420637217,-0.044579505920410156,10.663429260253906,10.708008766174316,0.044579505920410156,0.07946159210318608,0.0009924483080118516,1,2
M1_margin,medium,4,0.6,0.2,0,7.76024866104126,15.892318420637217,0.010049819946289062,12.605880737304688,12.595830917358398,-0.010049819946289062,0.07946159210318608,0.0009924483080118516,1,2
M2_popmass,medium,4,0.6,0.2,0,7.76024866104126,15.892318420637217,-0.044277191162109375,10.836793899536133,10.881071090698242,0.044277191162109375,0.07946159210318608,0.0009924483080118516,1,2
M0_balanced,medium,4,0.6,0.4,0,7.76024866104126,15.892318420637217,-0.044579505920410156,10.663429260253906,10.708008766174316,0.044579505920410156,0.07946159210318608,0.0009924483080118516,1,2
M1_margin,medium,4,0.6,0.4,0,7.76024866104126,15.892318420637217,0.010049819946289062,12.605880737304688,12.595830917358398,-0.010049819946289062,0.07946159210318608,0.0009924483080118516,1,2
M2_popmass,medium,4,0.6,0.4,0,7.76024866104126,15.892318420637217,-0.044277191162109375,10.836793899536133,10.881071090698242,0.044277191162109375,0.07946159210318608,0.0009924483080118516,1,2
M0_balanced,medium,4,0.6,0.1,1,7.770693302154541,15.901314078717544,-0.04488372802734375,10.663429260253906,10.70831298828125,0.04488372802734375,0.07950657039358772,0.0009930100715887557,1,0
M1_margin,medium,4,0.6,0.1,1,7.770693302154541,15.901314078717544,0.009214401245117188,12.605880737304688,12.59666633605957,-0.009214401245117188,0.07950657039358772,0.0009930100715887557,1,0
M2_popmass,medium,4,0.6,0.1,1,7.770693302154541,15.901314078717544,-0.04459953308105469,10.836793899536133,10.881393432617188,0.04459953308105469,0.07950657039358772,0.0009930100715887557,1,0
M0_balanced,medium,4,0.6,0.2,1,7.770693302154541,15.901314078717544,-0.04488372802734375,10.663429260253906,10.70831298828125,0.04488372802734375,0.07950657039358772,0.0009930100715887557,1,0
M1_margin,medium,4,0.6,0.2,1,7.770693302154541,15.901314078717544,0.009214401245117188,12.605880737304688,12.59666633605957,-0.009214401245117188,0.07950657039358772,0.0009930100715887557,1,0
M2_popmass,medium,4,0.6,0.2,1,7.770693302154541,15.901314078717544,-0.04459953308105469,10.836793899536133,10.881393432617188,0.04459953308105469,0.07950657039358772,0.0009930100715887557,1,0
M0_balanced,medium,4,0.6,0.4,1,7.721503257751465,15.907130146502253,-0.0467681884765625,10.663429260253906,10.710197448730469,0.0467681884765625,0.07953565073251126,0.000993373275149082,1,2
M1_margin,medium,4,0.6,0.4,1,7.721503257751465,15.907130146502253,0.005580902099609375,12.605880737304688,12.600299835205078,-0.005580902099609375,0.07953565073251126,0.000993373275149082,1,2
M2_popmass,medium,4,0.6,0.4,1,7.721503257751465,15.907130146502253,-0.04653167724609375,10.836793899536133,10.883325576782227,0.04653167724609375,0.07953565073251126,0.000993373275149082,1,2
M0_balanced,medium,4,0.6,0.1,2,7.858925819396973,15.92812228872644,-0.044094085693359375,10.663429260253906,10.707523345947266,0.044094085693359375,0.0796406114436322,0.0009946841987966278,1,0
M1_margin,medium,4,0.6,0.1,2,7.858925819396973,15.92812228872644,0.011391639709472656,12.605880737304688,12.594489097595215,-0.011391639709472656,0.0796406114436322,0.0009946841987966278,1,0
M2_popmass,medium,4,0.6,0.1,2,7.858925819396973,15.92812228872644,-0.04376029968261719,10.836793899536133,10.88055419921875,0.04376029968261719,0.0796406114436322,0.0009946841987966278,1,0
M0_balanced,medium,4,0.6,0.2,2,7.858925819396973,15.92812228872644,-0.044094085693359375,10.663429260253906,10.707523345947266,0.044094085693359375,0.0796406114436322,0.0009946841987966278,1,0
M1_margin,medium,4,0.6,0.2,2,7.858925819396973,15.92812228872644,0.011391639709472656,12.605880737304688,12.594489097595215,-0.011391639709472656,0.0796406114436322,0.0009946841987966278,1,0
M2_popmass,medium,4,0.6,0.2,2,7.858925819396973,15.92812228872644,-0.04376029968261719,10.836793899536133,10.88055419921875,0.04376029968261719,0.0796406114436322,0.0009946841987966278,1,0
M0_balanced,medium,4,0.6,0.4,2,7.858925819396973,15.92812228872644,-0.044094085693359375,10.663429260253906,10.707523345947266,0.044094085693359375,0.0796406114436322,0.0009946841987966278,1,0
M1_margin,medium,4,0.6,0.4,2,7.858925819396973,15.92812228872644,0.011391639709472656,12.605880737304688,12.594489097595215,-0.011391639709472656,0.0796406114436322,0.0009946841987966278,1,0
M2_popmass,medium,4,0.6,0.4,2,7.858925819396973,15.92812228872644,-0.04376029968261719,10.836793899536133,10.88055419921875,0.04376029968261719,0.0796406114436322,0.0009946841987966278,1,0
M0_balanced,medium,5,0.5,0.1,0,8.453893661499023,16.75439338021036,0.009099960327148438,10.663429260253906,10.654329299926758,-0.009099960327148438,0.0837719669010518,0.001046283425857008,1,2
M1_margin,medium,5,0.5,0.1,0,8.453893661499023,16.75439338021036,0.07117462158203125,12.605880737304688,12.534706115722656,-0.07117462158203125,0.0837719669010518,0.001046283425857008,1,2
M2_popmass,medium,5,0.5,0.1,0,8.453893661499023,16.75439338021036,0.009831428527832031,10.836793899536133,10.8269624710083,-0.009831428527832031,0.0837719669010518,0.001046283425857008,1,2
M0_balanced,medium,5,0.5,0.2,0,8.453893661499023,16.75439338021036,0.009099960327148438,10.663429260253906,10.654329299926758,-0.009099960327148438,0.0837719669010518,0.001046283425857008,1,2
M1_margin,medium,5,0.5,0.2,0,8.453893661499023,16.75439338021036,0.07117462158203125,12.605880737304688,12.534706115722656,-0.07117462158203125,0.0837719669010518,0.001046283425857008,1,2
M2_popmass,medium,5,0.5,0.2,0,8.453893661499023,16.75439338021036,0.009831428527832031,10.836793899536133,10.8269624710083,-0.009831428527832031,0.0837719669010518,0.001046283425857008,1,2
M0_balanced,medium,5,0.5,0.4,0,8.453893661499023,16.75439338021036,0.009099960327148438,10.663429260253906,10.654329299926758,-0.009099960327148438,0.0837719669010518,0.001046283425857008,1,2
M1_margin,medium,5,0.5,0.4,0,8.453893661499023,16.75439338021036,0.07117462158203125,12.605880737304688,12.534706115722656,-0.07117462158203125,0.0837719669010518,0.001046283425857008,1,2
M2_popmass,medium,5,0.5,0.4,0,8.453893661499023,16.75439338021036,0.009831428527832031,10.836793899536133,10.8269624710083,-0.009831428527832031,0.0837719669010518,0.001046283425857008,1,2
M0_balanced,medium,5,0.5,0.1,1,8.405562400817871,16.760297473836527,0.00849151611328125,10.663429260253906,10.654937744140625,-0.00849151611328125,0.08380148736918264,0.0010466521264817087,1,1
M1_margin,medium,5,0.5,0.1,1,8.405562400817871,16.760297473836527,0.0695199966430664,12.605880737304688,12.536360740661621,-0.0695199966430664,0.08380148736918264,0.0010466521264817087,1,1
M2_popmass,medium,5,0.5,0.1,1,8.405562400817871,16.760297473836527,0.009199142456054688,10.836793899536133,10.827594757080078,-0.009199142456054688,0.08380148736918264,0.0010466521264817087,1,1
M0_balanced,medium,5,0.5,0.2,1,8.428802490234375,16.7245028836103,0.008933067321777344,10.663429260253906,10.654496192932129,-0.008933067321777344,0.08362251441805149,0.0010444168150837276,1,2
M1_margin,medium,5,0.5,0.2,1,8.428802490234375,16.7245028836103,0.070953369140625,12.605880737304688,12.534927368164062,-0.070953369140625,0.08362251441805149,0.0010444168150837276,1,2
M2_popmass,medium,5,0.5,0.2,1,8.428802490234375,16.7245028836103,0.009657859802246094,10.836793899536133,10.827136039733887,-0.009657859802246094,0.08362251441805149,0.0010444168150837276,1,2
M0_balanced,medium,5,0.5,0.4,1,8.470030784606934,16.750189127797224,0.009079933166503906,10.663429260253906,10.654349327087402,-0.009079933166503906,0.08375094563898612,0.0010460208774305648,1,3
M1_margin,medium,5,0.5,0.4,1,8.470030784606934,16.750189127797224,0.07115554809570312,12.605880737304688,12.534725189208984,-0.07115554809570312,0.08375094563898612,0.0010460208774305648,1,3
M2_popmass,medium,5,0.5,0.4,1,8.470030784606934,16.750189127797224,0.009804725646972656,10.836793899536133,10.82698917388916,-0.009804725646972656,0.08375094563898612,0.0010460208774305648,1,3
M0_balanced,medium,5,0.5,0.1,2,8.363821029663086,16.730985804333297,0.008897781372070312,10.663429260253906,10.654531478881836,-0.008897781372070312,0.08365492902166649,0.0010448216624780612,1,1
M1_margin,medium,5,0.5,0.1,2,8.363821029663086,16.730985804333297,0.07088279724121094,12.605880737304688,12.534997940063477,-0.07088279724121094,0.08365492902166649,0.0010448216624780612,1,1
M2_popmass,medium,5,0.5,0.1,2,8.363821029663086,16.730985804333297,0.009623527526855469,10.836793899536133,10.827170372009277,-0.009623527526855469,0.08365492902166649,0.0010448216624780612,1,1
M0_balanced,medium,5,0.5,0.2,2,8.363821029663086,16.730985804333297,0.008897781372070312,10.663429260253906,10.654531478881836,-0.008897781372070312,0.08365492902166649,0.0010448216624780612,1,1
M1_margin,medium,5,0.5,0.2,2,8.363821029663086,16.730985804333297,0.07088279724121094,12.605880737304688,12.534997940063477,-0.07088279724121094,0.08365492902166649,0.0010448216624780612,1,1
M2_popmass,medium,5,0.5,0.2,2,8.363821029663086,16.730985804333297,0.009623527526855469,10.836793899536133,10.827170372009277,-0.009623527526855469,0.08365492902166649,0.0010448216624780612,1,1
M0_balanced,medium,5,0.5,0.4,2,8.492366790771484,16.7569469048967,0.009171485900878906,10.663429260253906,10.654257774353027,-0.009171485900878906,0.08378473452448351,0.0010464428891390383,1,3
M1_margin,medium,5,0.5,0.4,2,8.492366790771484,16.7569469048967,0.07115840911865234,12.605880737304688,12.534722328186035,-0.07115840911865234,0.08378473452448351,0.0010464428891390383,1,3
M2_popmass,medium,5,0.5,0.4,2,8.492366790771484,16.7569469048967,0.009897232055664062,10.836793899536133,10.826896667480469,-0.009897232055664062,0.08378473452448351,0.0010464428891390383,1,3
M0_balanced,medium,6,0.5,0.1,0,10.484582901000977,19.13559517689984,-0.006145477294921875,10.663429260253906,10.669574737548828,0.006145477294921875,0.09567797588449921,0.001194985435948277,1,0
M1_margin,medium,6,0.5,0.1,0,10.484582901000977,19.13559517689984,0.05926513671875,12.605880737304688,12.546615600585938,-0.05926513671875,0.09567797588449921,0.001194985435948277,1,0
M2_popmass,medium,6,0.5,0.1,0,10.484582901000977,19.13559517689984,-0.005713462829589844,10.836793899536133,10.842507362365723,0.005713462829589844,0.09567797588449921,0.001194985435948277,1,0
M0_balanced,medium,6,0.5,0.2,0,10.474691390991211,19.171104154427216,-0.006008148193359375,10.663429260253906,10.669437408447266,0.006008148193359375,0.09585552077213608,0.001197202911318045,1,2
M1_margin,medium,6,0.5,0.2,0,10.474691390991211,19.171104154427216,0.059760093688964844,12.605880737304688,12.546120643615723,-0.059760093688964844,0.09585552077213608,0.001197202911318045,1,2
M2_popmass,medium,6,0.5,0.2,0,10.474691390991211,19.171104154427216,-0.0055694580078125,10.836793899536133,10.842363357543945,0.0055694580078125,0.09585552077213608,0.001197202911318045,1,2
M0_balanced,medium,6,0.5,0.4,0,10.48337173461914,19.18610090199244,-0.006092071533203125,10.663429260253906,10.66952133178711,0.006092071533203125,0.0959305045099622,0.001198139432746376,1,3
M1_margin,medium,6,0.5,0.4,0,10.48337173461914,19.18610090199244,0.059566497802734375,12.605880737304688,12.546314239501953,-0.059566497802734375,0.0959305045099622,0.001198139432746376,1,3
M2_popmass,medium,6,0.5,0.4,0,10.48337173461914,19.18610090199244,-0.0056591033935546875,10.836793899536133,10.842453002929688,0.0056591033935546875,0.0959305045099622,0.001198139432746376,1,3
M0_balanced,medium,6,0.5,0.1,1,10.48678207397461,19.13545284909268,-0.006146430969238281,10.663429260253906,10.669575691223145,0.006146430969238281,0.0956772642454634,0.0011949765478183225,1,0
M1_margin,medium,6,0.5,0.1,1,10.48678207397461,19.13545284909268,0.05926513671875,12.605880737304688,12.546615600585938,-0.05926513671875,0.0956772642454634,0.0011949765478183225,1,0
M2_popmass,medium,6,0.5,0.1,1,10.48678207397461,19.13545284909268,-0.00571441650390625,10.836793899536133,10.842508316040039,0.00571441650390625,0.0956772642454634,0.0011949765478183225,1,0
M0_balanced,medium,6,0.5,0.2,1,10.48678207397461,19.13545284909268,-0.006146430969238281,10.663429260253906,10.669575691223145,0.006146430969238281,0.0956772642454634,0.0011949765478183225,1,0
M1_margin,medium,6,0.5,0.2,1,10.48678207397461,19.13545284909268,0.05926513671875,12.605880737304688,12.546615600585938,-0.05926513671875,0.0956772642454634,0.0011949765478183225,1,0
M2_popmass,medium,6,0.5,0.2,1,10.48678207397461,19.13545284909268,-0.00571441650390625,10.836793899536133,10.842508316040039,0.00571441650390625,0.0956772642454634,0.0011949765478183225,1,0
M0_balanced,medium,6,0.5,0.4,1,10.544842720031738,19.191515324650183,-0.005805015563964844,10.663429260253906,10.669234275817871,0.005805015563964844,0.09595757662325091,0.0011984775542503198,1,2
M1_margin,medium,6,0.5,0.4,1,10.544842720031738,19.191515324650183,0.06020545959472656,12.605880737304688,12.545675277709961,-0.06020545959472656,0.09595757662325091,0.0011984775542503198,1,2
M2_popmass,medium,6,0.5,0.4,1,10.544842720031738,19.191515324650183,-0.0053577423095703125,10.836793899536133,10.842151641845703,0.0053577423095703125,0.09595757662325091,0.0011984775542503198,1,2
M0_balanced,medium,6,0.5,0.1,2,10.48243522644043,19.126654613243826,-0.005523681640625,10.663429260253906,10.668952941894531,0.005523681640625,0.09563327306621913,0.001194427112924648,1,0
M1_margin,medium,6,0.5,0.1,2,10.48243522644043,19.126654613243826,0.06003093719482422,12.605880737304688,12.545849800109863,-0.06003093719482422,0.09563327306621913,0.001194427112924648,1,0
M2_popmass,medium,6,0.5,0.1,2,10.48243522644043,19.126654613243826,-0.005095481872558594,10.836793899536133,10.841889381408691,0.005095481872558594,0.09563327306621913,0.001194427112924648,1,0
M0_balanced,medium,6,0.5,0.2,2,10.48243522644043,19.126654613243826,-0.005523681640625,10.663429260253906,10.668952941894531,0.005523681640625,0.09563327306621913,0.001194427112924648,1,0
M1_margin,medium,6,0.5,0.2,2,10.48243522644043,19.126654613243826,0.06003093719482422,12.605880737304688,12.545849800109863,-0.06003093719482422,0.09563327306621913,0.001194427112924648,1,0
M2_popmass,medium,6,0.5,0.2,2,10.48243522644043,19.126654613243826,-0.005095481872558594,10.836793899536133,10.841889381408691,0.005095481872558594,0.09563327306621913,0.001194427112924648,1,0
M0_balanced,medium,6,0.5,0.4,2,10.534611701965332,19.144975216203473,-0.0058231353759765625,10.663429260253906,10.669252395629883,0.0058231353759765625,0.09572487608101737,0.0011955712034800857,1,2
M1_margin,medium,6,0.5,0.4,2,10.534611701965332,19.144975216203473,0.05969047546386719,12.605880737304688,12.54619026184082,-0.05969047546386719,0.09572487608101737,0.0011955712034800857,1,2
M2_popmass,medium,6,0.5,0.4,2,10.534611701965332,19.144975216203473,-0.005398750305175781,10.836793899536133,10.842192649841309,0.005398750305175781,0.09572487608101737,0.0011955712034800857,1,2
M0_balanced,medium,7,0.6,0.1,0,9.399147987365723,15.819910842384337,-0.012409210205078125,10.663429260253906,10.675838470458984,0.012409210205078125,0.07909955421192169,0.0009879265776624906,1,0
M1_margin,medium,7,0.6,0.1,0,9.399147987365723,15.819910842384337,-0.010716438293457031,12.605880737304688,12.616597175598145,0.010716438293457031,0.07909955421192169,0.0009879265776624906,1,0
M2_popmass,medium,7,0.6,0.1,0,9.399147987365723,15.819910842384337,-0.011686325073242188,10.836793899536133,10.848480224609375,0.011686325073242188,0.07909955421192169,0.0009879265776624906,1,0
M0_balanced,medium,7,0.6,0.2,0,9.399147987365723,15.819910842384337,-0.012409210205078125,10.663429260253906,10.675838470458984,0.012409210205078125,0.07909955421192169,0.0009879265776624906,1,0
M1_margin,medium,7,0.6,0.2,0,9.399147987365723,15.819910842384337,-0.010716438293457031,12.605880737304688,12.616597175598145,0.010716438293457031,0.07909955421192169,0.0009879265776624906,1,0
M2_popmass,medium,7,0.6,0.2,0,9.399147987365723,15.819910842384337,-0.011686325073242188,10.836793899536133,10.848480224609375,0.011686325073242188,0.07909955421192169,0.0009879265776624906,1,0
M0_balanced,medium,7,0.6,0.4,0,9.399147987365723,15.819910842384337,-0.012409210205078125,10.663429260253906,10.675838470458984,0.012409210205078125,0.07909955421192169,0.0009879265776624906,1,0
M1_margin,medium,7,0.6,0.4,0,9.399147987365723,15.819910842384337,-0.010716438293457031,12.605880737304688,12.616597175598145,0.010716438293457031,0.07909955421192169,0.0009879265776624906,1,0
M2_popmass,medium,7,0.6,0.4,0,9.399147987365723,15.819910842384337,-0.011686325073242188,10.836793899536133,10.848480224609375,0.011686325073242188,0.07909955421192169,0.0009879265776624906,1,0
M0_balanced,medium,7,0.6,0.1,1,9.397345542907715,15.820472429811334,-0.012416839599609375,10.663429260253906,10.675846099853516,0.012416839599609375,0.07910236214905667,0.0009879616478440066,1,0
M1_margin,medium,7,0.6,0.1,1,9.397345542907715,15.820472429811334,-0.010718345642089844,12.605880737304688,12.616599082946777,0.010718345642089844,0.07910236214905667,0.0009879616478440066,1,0
M2_popmass,medium,7,0.6,0.1,1,9.397345542907715,15.820472429811334,-0.011693954467773438,10.836793899536133,10.848487854003906,0.011693954467773438,0.07910236214905667,0.0009879616478440066,1,0
M0_balanced,medium,7,0.6,0.2,1,9.397345542907715,15.820472429811334,-0.012416839599609375,10.663429260253906,10.675846099853516,0.012416839599609375,0.07910236214905667,0.0009879616478440066,1,0
M1_margin,medium,7,0.6,0.2,1,9.397345542907715,15.820472429811334,-0.010718345642089844,12.605880737304688,12.616599082946777,0.010718345642089844,0.07910236214905667,0.0009879616478440066,1,0
M2_popmass,medium,7,0.6,0.2,1,9.397345542907715,15.820472429811334,-0.011693954467773438,10.836793899536133,10.848487854003906,0.011693954467773438,0.07910236214905667,0.0009879616478440066,1,0
M0_balanced,medium,7,0.6,0.4,1,9.397345542907715,15.820472429811334,-0.012416839599609375,10.663429260253906,10.675846099853516,0.012416839599609375,0.07910236214905667,0.0009879616478440066,1,0
M1_margin,medium,7,0.6,0.4,1,9.397345542907715,15.820472429811334,-0.010718345642089844,12.605880737304688,12.616599082946777,0.010718345642089844,0.07910236214905667,0.0009879616478440066,1,0
M2_popmass,medium,7,0.6,0.4,1,9.397345542907715,15.820472429811334,-0.011693954467773438,10.836793899536133,10.848487854003906,0.011693954467773438,0.07910236214905667,0.0009879616478440066,1,0
M0_balanced,medium,7,0.6,0.1,2,9.296121597290039,15.809436465571686,-0.012439727783203125,10.663429260253906,10.67586898803711,0.012439727783203125,0.07904718232785843,0.0009872724706108916,1,1
M1_margin,medium,7,0.6,0.1,2,9.296121597290039,15.809436465571686,-0.011284828186035156,12.605880737304688,12.617165565490723,0.011284828186035156,0.07904718232785843,0.0009872724706108916,1,1
M2_popmass,medium,7,0.6,0.1,2,9.296121597290039,15.809436465571686,-0.011734962463378906,10.836793899536133,10.848528861999512,0.011734962463378906,0.07904718232785843,0.0009872724706108916,1,1
M0_balanced,medium,7,0.6,0.2,2,9.296121597290039,15.809436465571686,-0.012439727783203125,10.663429260253906,10.67586898803711,0.012439727783203125,0.07904718232785843,0.0009872724706108916,1,1
M1_margin,medium,7,0.6,0.2,2,9.296121597290039,15.809436465571686,-0.011284828186035156,12.605880737304688,12.617165565490723,0.011284828186035156,0.07904718232785843,0.0009872724706108916,1,1
M2_popmass,medium,7,0.6,0.2,2,9.296121597290039,15.809436465571686,-0.011734962463378906,10.836793899536133,10.848528861999512,0.011734962463378906,0.07904718232785843,0.0009872724706108916,1,1
M0_balanced,medium,7,0.6,0.4,2,9.296121597290039,15.809436465571686,-0.012439727783203125,10.663429260253906,10.67586898803711,0.012439727783203125,0.07904718232785843,0.0009872724706108916,1,1
M1_margin,medium,7,0.6,0.4,2,9.296121597290039,15.809436465571686,-0.011284828186035156,12.605880737304688,12.617165565490723,0.011284828186035156,0.07904718232785843,0.0009872724706108916,1,1
M2_popmass,medium,7,0.6,0.4,2,9.296121597290039,15.809436465571686,-0.011734962463378906,10.836793899536133,10.848528861999512,0.011734962463378906,0.07904718232785843,0.0009872724706108916,1,1
M0_balanced,high,0,1.0,0.1,0,9.88818359375,15.89199785249466,-0.004734039306640625,10.663429260253906,10.668163299560547,0.004734039306640625,0.0794599892624733,0.0009924282890755164,1,0
M1_margin,high,0,1.0,0.1,0,9.88818359375,15.89199785249466,0.0794830322265625,12.605880737304688,12.526397705078125,-0.0794830322265625,0.0794599892624733,0.0009924282890755164,1,0
M2_popmass,high,0,1.0,0.1,0,9.88818359375,15.89199785249466,-0.0041255950927734375,10.836793899536133,10.840919494628906,0.0041255950927734375,0.0794599892624733,0.0009924282890755164,1,0
M0_balanced,high,0,1.0,0.2,0,9.88818359375,15.89199785249466,-0.004734039306640625,10.663429260253906,10.668163299560547,0.004734039306640625,0.0794599892624733,0.0009924282890755164,1,0
M1_margin,high,0,1.0,0.2,0,9.88818359375,15.89199785249466,0.0794830322265625,12.605880737304688,12.526397705078125,-0.0794830322265625,0.0794599892624733,0.0009924282890755164,1,0
M2_popmass,high,0,1.0,0.2,0,9.88818359375,15.89199785249466,-0.0041255950927734375,10.836793899536133,10.840919494628906,0.0041255950927734375,0.0794599892624733,0.0009924282890755164,1,0
M0_balanced,high,0,1.0,0.4,0,9.863271713256836,15.89777134372679,-0.004940032958984375,10.663429260253906,10.66836929321289,0.004940032958984375,0.07948885671863395,0.0009927888338024085,1,1
M1_margin,high,0,1.0,0.4,0,9.863271713256836,15.89777134372679,0.07903480529785156,12.605880737304688,12.526845932006836,-0.07903480529785156,0.07948885671863395,0.0009927888338024085,1,1
M2_popmass,high,0,1.0,0.4,0,9.863271713256836,15.89777134372679,-0.004340171813964844,10.836793899536133,10.841134071350098,0.004340171813964844,0.07948885671863395,0.0009927888338024085,1,1
M0_balanced,high,0,1.0,0.1,1,9.895991325378418,15.900559526541914,-0.004858970642089844,10.663429260253906,10.668288230895996,0.004858970642089844,0.07950279763270957,0.0009929629510862469,1,1
M1_margin,high,0,1.0,0.1,1,9.895991325378418,15.900559526541914,0.07941246032714844,12.605880737304688,12.526468276977539,-0.07941246032714844,0.07950279763270957,0.0009929629510862469,1,1
M2_popmass,high,0,1.0,0.1,1,9.895991325378418,15.900559526541914,-0.00424957275390625,10.836793899536133,10.841043472290039,0.00424957275390625,0.07950279763270957,0.0009929629510862469,1,1
M0_balanced,high,0,1.0,0.2,1,9.895991325378418,15.900559526541914,-0.004858970642089844,10.663429260253906,10.668288230895996,0.004858970642089844,0.07950279763270957,0.0009929629510862469,1,1
M1_margin,high,0,1.0,0.2,1,9.895991325378418,15.900559526541914,0.07941246032714844,12.605880737304688,12.526468276977539,-0.07941246032714844,0.07950279763270957,0.0009929629510862469,1,1
M2_popmass,high,0,1.0,0.2,1,9.895991325378418,15.900559526541914,-0.00424957275390625,10.836793899536133,10.841043472290039,0.00424957275390625,0.07950279763270957,0.0009929629510862469,1,1
M0_balanced,high,0,1.0,0.4,1,9.895991325378418,15.900559526541914,-0.004858970642089844,10.663429260253906,10.668288230895996,0.004858970642089844,0.07950279763270957,0.0009929629510862469,1,1
M1_margin,high,0,1.0,0.4,1,9.895991325378418,15.900559526541914,0.07941246032714844,12.605880737304688,12.526468276977539,-0.07941246032714844,0.07950279763270957,0.0009929629510862469,1,1
M2_popmass,high,0,1.0,0.4,1,9.895991325378418,15.900559526541914,-0.00424957275390625,10.836793899536133,10.841043472290039,0.00424957275390625,0.07950279763270957,0.0009929629510862469,1,1
M0_balanced,high,0,1.0,0.1,2,9.92359733581543,15.899495706079191,-0.004650115966796875,10.663429260253906,10.668079376220703,0.004650115966796875,0.07949747853039596,0.000992896517304195,1,0
M1_margin,high,0,1.0,0.1,2,9.92359733581543,15.899495706079191,0.07987785339355469,12.605880737304688,12.526002883911133,-0.07987785339355469,0.07949747853039596,0.000992896517304195,1,0
M2_popmass,high,0,1.0,0.1,2,9.92359733581543,15.899495706079191,-0.004031181335449219,10.836793899536133,10.840825080871582,0.004031181335449219,0.07949747853039596,0.000992896517304195,1,0
M0_balanced,high,0,1.0,0.2,2,9.843969345092773,15.888555852210322,-0.004795074462890625,10.663429260253906,10.668224334716797,0.004795074462890625,0.07944277926105162,0.0009922133420005867,1,1
M1_margin,high,0,1.0,0.2,2,9.843969345092773,15.888555852210322,0.07973098754882812,12.605880737304688,12.52614974975586,-0.07973098754882812,0.07944277926105162,0.0009922133420005867,1,1
M2_popmass,high,0,1.0,0.2,2,9.843969345092773,15.888555852210322,-0.0041828155517578125,10.836793899536133,10.84097671508789,0.0041828155517578125,0.07944277926105162,0.0009922133420005867,1,1
M0_balanced,high,0,1.0,0.4,2,9.843969345092773,15.888555852210322,-0.004795074462890625,10.663429260253906,10.668224334716797,0.004795074462890625,0.07944277926105162,0.0009922133420005867,1,1
M1_margin,high,0,1.0,0.4,2,9.843969345092773,15.888555852210322,0.07973098754882812,12.605880737304688,12.52614974975586,-0.07973098754882812,0.07944277926105162,0.0009922133420005867,1,1
M2_popmass,high,0,1.0,0.4,2,9.843969345092773,15.888555852210322,-0.0041828155517578125,10.836793899536133,10.84097671508789,0.0041828155517578125,0.07944277926105162,0.0009922133420005867,1,1
M0_balanced,high,1,0.75,0.1,0,10.106850624084473,18.880372159189438,0.03617095947265625,10.663429260253906,10.62725830078125,-0.03617095947265625,0.09440186079594719,0.0011790471917356863,1,0
M1_margin,high,1,0.75,0.1,0,10.106850624084473,18.880372159189438,0.11721134185791016,12.605880737304688,12.488669395446777,-0.11721134185791016,0.09440186079594719,0.0011790471917356863,1,0
M2_popmass,high,1,0.75,0.1,0,10.106850624084473,18.880372159189438,0.03742790222167969,10.836793899536133,10.799365997314453,-0.03742790222167969,0.09440186079594719,0.0011790471917356863,1,0
M0_balanced,high,1,0.75,0.2,0,10.106850624084473,18.880372159189438,0.03617095947265625,10.663429260253906,10.62725830078125,-0.03617095947265625,0.09440186079594719,0.0011790471917356863,1,0
M1_margin,high,1,0.75,0.2,0,10.106850624084473,18.880372159189438,0.11721134185791016,12.605880737304688,12.488669395446777,-0.11721134185791016,0.09440186079594719,0.0011790471917356863,1,0
M2_popmass,high,1,0.75,0.2,0,10.106850624084473,18.880372159189438,0.03742790222167969,10.836793899536133,10.799365997314453,-0.03742790222167969,0.09440186079594719,0.0011790471917356863,1,0
M0_balanced,high,1,0.75,0.4,0,10.106850624084473,18.880372159189438,0.03617095947265625,10.663429260253906,10.62725830078125,-0.03617095947265625,0.09440186079594719,0.0011790471917356863,1,0
M1_margin,high,1,0.75,0.4,0,10.106850624084473,18.880372159189438,0.11721134185791016,12.605880737304688,12.488669395446777,-0.11721134185791016,0.09440186079594719,0.0011790471917356863,1,0
M2_popmass,high,1,0.75,0.4,0,10.106850624084473,18.880372159189438,0.03742790222167969,10.836793899536133,10.799365997314453,-0.03742790222167969,0.09440186079594719,0.0011790471917356863,1,0
M0_balanced,high,1,0.75,0.1,1,10.173567771911621,18.85885457238309,0.035872459411621094,10.663429260253906,10.627556800842285,-0.035872459411621094,0.09429427286191545,0.001177703454965932,1,1
M1_margin,high,1,0.75,0.1,1,10.173567771911621,18.85885457238309,0.11668014526367188,12.605880737304688,12.489200592041016,-0.11668014526367188,0.09429427286191545,0.001177703454965932,1,1
M2_popmass,high,1,0.75,0.1,1,10.173567771911621,18.85885457238309,0.037123680114746094,10.836793899536133,10.799670219421387,-0.037123680114746094,0.09429427286191545,0.001177703454965932,1,1
M0_balanced,high,1,0.75,0.2,1,10.173567771911621,18.85885457238309,0.035872459411621094,10.663429260253906,10.627556800842285,-0.035872459411621094,0.09429427286191545,0.001177703454965932,1,1
M1_margin,high,1,0.75,0.2,1,10.173567771911621,18.85885457238309,0.11668014526367188,12.605880737304688,12.489200592041016,-0.11668014526367188,0.09429427286191545,0.001177703454965932,1,1
M2_popmass,high,1,0.75,0.2,1,10.173567771911621,18.85885457238309,0.037123680114746094,10.836793899536133,10.799670219421387,-0.037123680114746094,0.09429427286191545,0.001177703454965932,1,1
M0_balanced,high,1,0.75,0.4,1,10.173567771911621,18.85885457238309,0.035872459411621094,10.663429260253906,10.627556800842285,-0.035872459411621094,0.09429427286191545,0.001177703454965932,1,1
M1_margin,high,1,0.75,0.4,1,10.173567771911621,18.85885457238309,0.11668014526367188,12.605880737304688,12.489200592041016,-0.11668014526367188,0.09429427286191545,0.001177703454965932,1,1
M2_popmass,high,1,0.75,0.4,1,10.173567771911621,18.85885457238309,0.037123680114746094,10.836793899536133,10.799670219421387,-0.037123680114746094,0.09429427286191545,0.001177703454965932,1,1
M0_balanced,high,1,0.75,0.1,2,10.172760009765625,18.858427662246754,0.035877227783203125,10.663429260253906,10.627552032470703,-0.035877227783203125,0.09429213831123377,0.0011776767951526016,1,1
M1_margin,high,1,0.75,0.1,2,10.172760009765625,18.858427662246754,0.11669158935546875,12.605880737304688,12.489189147949219,-0.11669158935546875,0.09429213831123377,0.0011776767951526016,1,1
M2_popmass,high,1,0.75,0.1,2,10.172760009765625,18.858427662246754,0.037128448486328125,10.836793899536133,10.799665451049805,-0.037128448486328125,0.09429213831123377,0.0011776767951526016,1,1
M0_balanced,high,1,0.75,0.2,2,10.172760009765625,18.858427662246754,0.035877227783203125,10.663429260253906,10.627552032470703,-0.035877227783203125,0.09429213831123377,0.0011776767951526016,1,1
M1_margin,high,1,0.75,0.2,2,10.172760009765625,18.858427662246754,0.11669158935546875,12.605880737304688,12.489189147949219,-0.11669158935546875,0.09429213831123377,0.0011776767951526016,1,1
M2_popmass,high,1,0.75,0.2,2,10.172760009765625,18.858427662246754,0.037128448486328125,10.836793899536133,10.799665451049805,-0.037128448486328125,0.09429213831123377,0.0011776767951526016,1,1
M0_balanced,high,1,0.75,0.4,2,10.172687530517578,18.84102436578579,0.03589153289794922,10.663429260253906,10.627537727355957,-0.03589153289794922,0.09420512182892894,0.0011765899888308703,1,2
M1_margin,high,1,0.75,0.4,2,10.172687530517578,18.84102436578579,0.11685752868652344,12.605880737304688,12.489023208618164,-0.11685752868652344,0.09420512182892894,0.0011765899888308703,1,2
M2_popmass,high,1,0.75,0.4,2,10.172687530517578,18.84102436578579,0.037148475646972656,10.836793899536133,10.79964542388916,-0.037148475646972656,0.09420512182892894,0.0011765899888308703,1,2
M0_balanced,high,2,1.0,0.1,0,9.210864067077637,15.83920017719854,-0.1494588851928711,10.663429260253906,10.812888145446777,0.1494588851928711,0.0791960008859927,0.000989131163877814,1,0
M1_margin,high,2,1.0,0.1,0,9.210864067077637,15.83920017719854,-0.2860527038574219,12.605880737304688,12.89193344116211,0.2860527038574219,0.0791960008859927,0.000989131163877814,1,0
M2_popmass,high,2,1.0,0.1,0,9.210864067077637,15.83920017719854,-0.14877891540527344,10.836793899536133,10.985572814941406,0.14877891540527344,0.0791960008859927,0.000989131163877814,1,0
M0_balanced,high,2,1.0,0.2,0,9.210864067077637,15.83920017719854,-0.1494588851928711,10.663429260253906,10.812888145446777,0.1494588851928711,0.0791960008859927,0.000989131163877814,1,0
M1_margin,high,2,1.0,0.2,0,9.210864067077637,15.83920017719854,-0.2860527038574219,12.605880737304688,12.89193344116211,0.2860527038574219,0.0791960008859927,0.000989131163877814,1,0
M2_popmass,high,2,1.0,0.2,0,9.210864067077637,15.83920017719854,-0.14877891540527344,10.836793899536133,10.985572814941406,0.14877891540527344,0.0791960008859927,0.000989131163877814,1,0
M0_balanced,high,2,1.0,0.4,0,9.223546981811523,15.841886664168564,-0.1498279571533203,10.663429260253906,10.813257217407227,0.1498279571533203,0.07920943332084282,0.0009892989304287555,1,1
M1_margin,high,2,1.0,0.4,0,9.223546981811523,15.841886664168564,-0.2869577407836914,12.605880737304688,12.892838478088379,0.2869577407836914,0.07920943332084282,0.0009892989304287555,1,1
M2_popmass,high,2,1.0,0.4,0,9.223546981811523,15.841886664168564,-0.14915847778320312,10.836793899536133,10.985952377319336,0.14915847778320312,0.07920943332084282,0.0009892989304287555,1,1
M0_balanced,high,2,1.0,0.1,1,9.210052490234375,15.838263643195901,-0.1494426727294922,10.663429260253906,10.812871932983398,0.1494426727294922,0.07919131821597951,0.0009890726789191244,1,0
M1_margin,high,2,1.0,0.1,1,9.210052490234375,15.838263643195901,-0.28601646423339844,12.605880737304688,12.891897201538086,0.28601646423339844,0.07919131821597951,0.0009890726789191244,1,0
M2_popmass,high,2,1.0,0.1,1,9.210052490234375,15.838263643195901,-0.14876270294189453,10.836793899536133,10.985556602478027,0.14876270294189453,0.07919131821597951,0.0009890726789191244,1,0
M0_balanced,high,2,1.0,0.2,1,9.210052490234375,15.838263643195901,-0.1494426727294922,10.663429260253906,10.812871932983398,0.1494426727294922,0.07919131821597951,0.0009890726789191244,1,0
M1_margin,high,2,1.0,0.2,1,9.210052490234375,15.838263643195901,-0.28601646423339844,12.605880737304688,12.891897201538086,0.28601646423339844,0.07919131821597951,0.0009890726789191244,1,0
M2_popmass,high,2,1.0,0.2,1,9.210052490234375,15.838263643195901,-0.14876270294189453,10.836793899536133,10.985556602478027,0.14876270294189453,0.07919131821597951,0.0009890726789191244,1,0
M0_balanced,high,2,1.0,0.4,1,9.210052490234375,15.838263643195901,-0.1494426727294922,10.663429260253906,10.812871932983398,0.1494426727294922,0.07919131821597951,0.0009890726789191244,1,0
M1_margin,high,2,1.0,0.4,1,9.210052490234375,15.838263643195901,-0.28601646423339844,12.605880737304688,12.891897201538086,0.28601646423339844,0.07919131821597951,0.0009890726789191244,1,0
M2_popmass,high,2,1.0,0.4,1,9.210052490234375,15.838263643195901,-0.14876270294189453,10.836793899536133,10.985556602478027,0.14876270294189453,0.07919131821597951,0.0009890726789191244,1,0
M0_balanced,high,2,1.0,0.1,2,9.209762573242188,15.838455356252162,-0.149444580078125,10.663429260253906,10.812873840332031,0.149444580078125,0.07919227678126081,0.000989084651074053,1,0
M1_margin,high,2,1.0,0.1,2,9.209762573242188,15.838455356252162,-0.2860136032104492,12.605880737304688,12.891894340515137,0.2860136032104492,0.07919227678126081,0.000989084651074053,1,0
M2_popmass,high,2,1.0,0.1,2,9.209762573242188,15.838455356252162,-0.14876461029052734,10.836793899536133,10.98555850982666,0.14876461029052734,0.07919227678126081,0.000989084651074053,1,0
M0_balanced,high,2,1.0,0.2,2,9.21742057800293,15.8488050870434,-0.15000152587890625,10.663429260253906,10.813430786132812,0.15000152587890625,0.07924402543521701,0.0009897309741932028,1,1
M1_margin,high,2,1.0,0.2,2,9.21742057800293,15.8488050870434,-0.2875804901123047,12.605880737304688,12.893461227416992,0.2875804901123047,0.07924402543521701,0.0009897309741932028,1,1
M2_popmass,high,2,1.0,0.2,2,9.21742057800293,15.8488050870434,-0.14933490753173828,10.836793899536133,10.986128807067871,0.14933490753173828,0.07924402543521701,0.0009897309741932028,1,1
M0_balanced,high,2,1.0,0.4,2,9.21742057800293,15.8488050870434,-0.15000152587890625,10.663429260253906,10.813430786132812,0.15000152587890625,0.07924402543521701,0.0009897309741932028,1,1
M1_margin,high,2,1.0,0.4,2,9.21742057800293,15.8488050870434,-0.2875804901123047,12.605880737304688,12.893461227416992,0.2875804901123047,0.07924402543521701,0.0009897309741932028,1,1
M2_popmass,high,2,1.0,0.4,2,9.21742057800293,15.8488050870434,-0.14933490753173828,10.836793899536133,10.986128807067871,0.14933490753173828,0.07924402543521701,0.0009897309741932028,1,1
M0_balanced,high,3,0.875,0.1,0,10.0335693359375,14.378118393211219,0.014217376708984375,10.663429260253906,10.649211883544922,-0.014217376708984375,0.0718905919660561,0.0008978890866675959,1,1
M1_margin,high,3,0.875,0.1,0,10.0335693359375,14.378118393211219,0.047591209411621094,12.605880737304688,12.558289527893066,-0.047591209411621094,0.0718905919660561,0.0008978890866675959,1,1
M2_popmass,high,3,0.875,0.1,0,10.0335693359375,14.378118393211219,0.015299797058105469,10.836793899536133,10.821494102478027,-0.015299797058105469,0.0718905919660561,0.0008978890866675959,1,1
M0_balanced,high,3,0.875,0.2,0,10.0335693359375,14.378118393211219,0.014217376708984375,10.663429260253906,10.649211883544922,-0.014217376708984375,0.0718905919660561,0.0008978890866675959,1,1
M1_margin,high,3,0.875,0.2,0,10.0335693359375,14.378118393211219,0.047591209411621094,12.605880737304688,12.558289527893066,-0.047591209411621094,0.0718905919660561,0.0008978890866675959,1,1
M2_popmass,high,3,0.875,0.2,0,10.0335693359375,14.378118393211219,0.015299797058105469,10.836793899536133,10.821494102478027,-0.015299797058105469,0.0718905919660561,0.0008978890866675959,1,1
M0_balanced,high,3,0.875,0.4,0,10.061461448669434,14.376403371071925,0.01406097412109375,10.663429260253906,10.649368286132812,-0.01406097412109375,0.07188201685535962,0.0008977819864462627,1,2
M1_margin,high,3,0.875,0.4,0,10.061461448669434,14.376403371071925,0.04727458953857422,12.605880737304688,12.558606147766113,-0.04727458953857422,0.07188201685535962,0.0008977819864462627,1,2
M2_popmass,high,3,0.875,0.4,0,10.061461448669434,14.376403371071925,0.015138626098632812,10.836793899536133,10.8216552734375,-0.015138626098632812,0.07188201685535962,0.0008977819864462627,1,2
M0_balanced,high,3,0.875,0.1,1,10.029056549072266,14.357687396924689,0.0140380859375,10.663429260253906,10.649391174316406,-0.0140380859375,0.07178843698462345,0.0008966132056313065,1,2
M1_margin,high,3,0.875,0.1,1,10.029056549072266,14.357687396924689,0.04709625244140625,12.605880737304688,12.558784484863281,-0.04709625244140625,0.07178843698462345,0.0008966132056313065,1,2
M2_popmass,high,3,0.875,0.1,1,10.029056549072266,14.357687396924689,0.015114784240722656,10.836793899536133,10.82167911529541,-0.015114784240722656,0.07178843698462345,0.0008966132056313065,1,2
M0_balanced,high,3,0.875,0.2,1,10.026007652282715,14.3829608418879,0.014120101928710938,10.663429260253906,10.649309158325195,-0.014120101928710938,0.0719148042094395,0.0008981914893673533,1,3
M1_margin,high,3,0.875,0.2,1,10.026007652282715,14.3829608418879,0.047348976135253906,12.605880737304688,12.558531761169434,-0.047348976135253906,0.0719148042094395,0.0008981914893673533,1,3
M2_popmass,high,3,0.875,0.2,1,10.026007652282715,14.3829608418879,0.015204429626464844,10.836793899536133,10.821589469909668,-0.015204429626464844,0.0719148042094395,0.0008981914893673533,1,3
M0_balanced,high,3,0.875,0.4,1,10.026007652282715,14.3829608418879,0.014120101928710938,10.663429260253906,10.649309158325195,-0.014120101928710938,0.0719148042094395,0.0008981914893673533,1,3
M1_margin,high,3,0.875,0.4,1,10.026007652282715,14.3829608418879,0.047348976135253906,12.605880737304688,12.558531761169434,-0.047348976135253906,0.0719148042094395,0.0008981914893673533,1,3
M2_popmass,high,3,0.875,0.4,1,10.026007652282715,14.3829608418879,0.015204429626464844,10.836793899536133,10.821589469909668,-0.015204429626464844,0.0719148042094395,0.0008981914893673533,1,3
M0_balanced,high,3,0.875,0.1,2,9.981793403625488,14.412055198568034,0.014322280883789062,10.663429260253906,10.649106979370117,-0.014322280883789062,0.07206027599284016,0.000900008382554089,1,0
M1_margin,high,3,0.875,0.1,2,9.981793403625488,14.412055198568034,0.0476837158203125,12.605880737304688,12.558197021484375,-0.0476837158203125,0.07206027599284016,0.000900008382554089,1,0
M2_popmass,high,3,0.875,0.1,2,9.981793403625488,14.412055198568034,0.015411376953125,10.836793899536133,10.821382522583008,-0.015411376953125,0.07206027599284016,0.000900008382554089,1,0
M0_balanced,high,3,0.875,0.2,2,9.981793403625488,14.412055198568034,0.014322280883789062,10.663429260253906,10.649106979370117,-0.014322280883789062,0.07206027599284016,0.000900008382554089,1,0
M1_margin,high,3,0.875,0.2,2,9.981793403625488,14.412055198568034,0.0476837158203125,12.605880737304688,12.558197021484375,-0.0476837158203125,0.07206027599284016,0.000900008382554089,1,0
M2_popmass,high,3,0.875,0.2,2,9.981793403625488,14.412055198568034,0.015411376953125,10.836793899536133,10.821382522583008,-0.015411376953125,0.07206027599284016,0.000900008382554089,1,0
M0_balanced,high,3,0.875,0.4,2,10.02885627746582,14.379679908367232,0.014245986938476562,10.663429260253906,10.64918327331543,-0.014245986938476562,0.07189839954183616,0.0008979866006384024,1,2
M1_margin,high,3,0.875,0.4,2,10.02885627746582,14.379679908367232,0.04767131805419922,12.605880737304688,12.558209419250488,-0.04767131805419922,0.07189839954183616,0.0008979866006384024,1,2
M2_popmass,high,3,0.875,0.4,2,10.02885627746582,14.379679908367232,0.015334129333496094,10.836793899536133,10.821459770202637,-0.015334129333496094,0.07189839954183616,0.0008979866006384024,1,2
M0_balanced,high,4,1.0,0.1,0,9.65534782409668,21.83975223067303,-0.1689300537109375,10.663429260253906,10.832359313964844,0.1689300537109375,0.10919876115336516,0.0013638554536248993,1,2
M1_margin,high,4,1.0,0.1,0,9.65534782409668,21.83975223067303,-0.1458730697631836,12.605880737304688,12.751753807067871,0.1458730697631836,0.10919876115336516,0.0013638554536248993,1,2
M2_popmass,high,4,1.0,0.1,0,9.65534782409668,21.83975223067303,-0.16744327545166016,10.836793899536133,11.004237174987793,0.16744327545166016,0.10919876115336516,0.0013638554536248993,1,2
M0_balanced,high,4,1.0,0.2,0,9.65534782409668,21.83975223067303,-0.1689300537109375,10.663429260253906,10.832359313964844,0.1689300537109375,0.10919876115336516,0.0013638554536248993,1,2
M1_margin,high,4,1.0,0.2,0,9.65534782409668,21.83975223067303,-0.1458730697631836,12.605880737304688,12.751753807067871,0.1458730697631836,0.10919876115336516,0.0013638554536248993,1,2
M2_popmass,high,4,1.0,0.2,0,9.65534782409668,21.83975223067303,-0.16744327545166016,10.836793899536133,11.004237174987793,0.16744327545166016,0.10919876115336516,0.0013638554536248993,1,2
M0_balanced,high,4,1.0,0.4,0,9.633406639099121,21.828942603812678,-0.1681995391845703,10.663429260253906,10.831628799438477,0.1681995391845703,0.1091447130190634,0.0013631804107769115,1,3
M1_margin,high,4,1.0,0.4,0,9.633406639099121,21.828942603812678,-0.1445932388305664,12.605880737304688,12.750473976135254,0.1445932388305664,0.1091447130190634,0.0013631804107769115,1,3
M2_popmass,high,4,1.0,0.4,0,9.633406639099121,21.828942603812678,-0.1667041778564453,10.836793899536133,11.003498077392578,0.1667041778564453,0.1091447130190634,0.0013631804107769115,1,3
M0_balanced,high,4,1.0,0.1,1,9.721660614013672,21.841172656261953,-0.17160415649414062,10.663429260253906,10.835033416748047,0.17160415649414062,0.10920586328130977,0.0013639441567917419,1,0
M1_margin,high,4,1.0,0.1,1,9.721660614013672,21.841172656261953,-0.1517333984375,12.605880737304688,12.757614135742188,0.1517333984375,0.10920586328130977,0.0013639441567917419,1,0
M2_popmass,high,4,1.0,0.1,1,9.721660614013672,21.841172656261953,-0.17019939422607422,10.836793899536133,11.006993293762207,0.17019939422607422,0.10920586328130977,0.0013639441567917419,1,0
M0_balanced,high,4,1.0,0.2,1,9.721660614013672,21.841172656261953,-0.17160415649414062,10.663429260253906,10.835033416748047,0.17160415649414062,0.10920586328130977,0.0013639441567917419,1,0
M1_margin,high,4,1.0,0.2,1,9.721660614013672,21.841172656261953,-0.1517333984375,12.605880737304688,12.757614135742188,0.1517333984375,0.10920586328130977,0.0013639441567917419,1,0
M2_popmass,high,4,1.0,0.2,1,9.721660614013672,21.841172656261953,-0.17019939422607422,10.836793899536133,11.006993293762207,0.17019939422607422,0.10920586328130977,0.0013639441567917419,1,0
M0_balanced,high,4,1.0,0.4,1,9.585725784301758,21.793959867358158,-0.1709880828857422,10.663429260253906,10.834417343139648,0.1709880828857422,0.1089697993367908,0.001360995798268844,1,2
M1_margin,high,4,1.0,0.4,1,9.585725784301758,21.793959867358158,-0.15077877044677734,12.605880737304688,12.756659507751465,0.15077877044677734,0.1089697993367908,0.001360995798268844,1,2
M2_popmass,high,4,1.0,0.4,1,9.585725784301758,21.793959867358158,-0.16958045959472656,10.836793899536133,11.00637435913086,0.16958045959472656,0.1089697993367908,0.001360995798268844,1,2
M0_balanced,high,4,1.0,0.1,2,9.58840560913086,21.763438755737905,-0.1698312759399414,10.663429260253906,10.833260536193848,0.1698312759399414,0.10881719377868952,0.0013590898066580274,1,2
M1_margin,high,4,1.0,0.1,2,9.58840560913086,21.763438755737905,-0.14912033081054688,12.605880737304688,12.755001068115234,0.14912033081054688,0.10881719377868952,0.0013590898066580274,1,2
M2_popmass,high,4,1.0,0.1,2,9.58840560913086,21.763438755737905,-0.16842269897460938,10.836793899536133,11.005216598510742,0.16842269897460938,0.10881719377868952,0.0013590898066580274,1,2
M0_balanced,high,4,1.0,0.2,2,9.574079513549805,21.735559957176168,-0.1693096160888672,10.663429260253906,10.832738876342773,0.1693096160888672,0.10867779978588084,0.0013573488230123644,1,3
M1_margin,high,4,1.0,0.2,2,9.574079513549805,21.735559957176168,-0.14847850799560547,12.605880737304688,12.754359245300293,0.14847850799560547,0.10867779978588084,0.0013573488230123644,1,3
M2_popmass,high,4,1.0,0.2,2,9.574079513549805,21.735559957176168,-0.1679058074951172,10.836793899536133,11.00469970703125,0.1679058074951172,0.10867779978588084,0.0013573488230123644,1,3
M0_balanced,high,4,1.0,0.4,2,9.529745101928711,21.73533423843999,-0.1697378158569336,10.663429260253906,10.83316707611084,0.1697378158569336,0.10867667119219995,0.0013573347272604497,1,4
M1_margin,high,4,1.0,0.4,2,9.529745101928711,21.73533423843999,-0.1492290496826172,12.605880737304688,12.755109786987305,0.1492290496826172,0.10867667119219995,0.0013573347272604497,1,4
M2_popmass,high,4,1.0,0.4,2,9.529745101928711,21.73533423843999,-0.16834354400634766,10.836793899536133,11.00513744354248,0.16834354400634766,0.10867667119219995,0.0013573347272604497,1,4
M0_balanced,high,5,0.75,0.1,0,9.245546340942383,16.207029281234515,-0.07884979248046875,10.663429260253906,10.742279052734375,0.07884979248046875,0.08103514640617258,0.0010121014670315678,1,0
M1_margin,high,5,0.75,0.1,0,9.245546340942383,16.207029281234515,-0.14870834350585938,12.605880737304688,12.754589080810547,0.14870834350585938,0.08103514640617258,0.0010121014670315678,1,0
M2_popmass,high,5,0.75,0.1,0,9.245546340942383,16.207029281234515,-0.07869529724121094,10.836793899536133,10.915489196777344,0.07869529724121094,0.08103514640617258,0.0010121014670315678,1,0
M0_balanced,high,5,0.75,0.2,0,9.245546340942383,16.207029281234515,-0.07884979248046875,10.663429260253906,10.742279052734375,0.07884979248046875,0.08103514640617258,0.0010121014670315678,1,0
M1_margin,high,5,0.75,0.2,0,9.245546340942383,16.207029281234515,-0.14870834350585938,12.605880737304688,12.754589080810547,0.14870834350585938,0.08103514640617258,0.0010121014670315678,1,0
M2_popmass,high,5,0.75,0.2,0,9.245546340942383,16.207029281234515,-0.07869529724121094,10.836793899536133,10.915489196777344,0.07869529724121094,0.08103514640617258,0.0010121014670315678,1,0
M0_balanced,high,5,0.75,0.4,0,9.245546340942383,16.207029281234515,-0.07884979248046875,10.663429260253906,10.742279052734375,0.07884979248046875,0.08103514640617258,0.0010121014670315678,1,0
M1_margin,high,5,0.75,0.4,0,9.245546340942383,16.207029281234515,-0.14870834350585938,12.605880737304688,12.754589080810547,0.14870834350585938,0.08103514640617258,0.0010121014670315678,1,0
M2_popmass,high,5,0.75,0.4,0,9.245546340942383,16.207029281234515,-0.07869529724121094,10.836793899536133,10.915489196777344,0.07869529724121094,0.08103514640617258,0.0010121014670315678,1,0
M0_balanced,high,5,0.75,0.1,1,9.198824882507324,16.15841778163751,-0.07891082763671875,10.663429260253906,10.742340087890625,0.07891082763671875,0.08079208890818755,0.001009065761400203,1,0
M1_margin,high,5,0.75,0.1,1,9.198824882507324,16.15841778163751,-0.149566650390625,12.605880737304688,12.755447387695312,0.149566650390625,0.08079208890818755,0.001009065761400203,1,0
M2_popmass,high,5,0.75,0.1,1,9.198824882507324,16.15841778163751,-0.07878589630126953,10.836793899536133,10.915579795837402,0.07878589630126953,0.08079208890818755,0.001009065761400203,1,0
M0_balanced,high,5,0.75,0.2,1,9.198824882507324,16.15841778163751,-0.07891082763671875,10.663429260253906,10.742340087890625,0.07891082763671875,0.08079208890818755,0.001009065761400203,1,0
M1_margin,high,5,0.75,0.2,1,9.198824882507324,16.15841778163751,-0.149566650390625,12.605880737304688,12.755447387695312,0.149566650390625,0.08079208890818755,0.001009065761400203,1,0
M2_popmass,high,5,0.75,0.2,1,9.198824882507324,16.15841778163751,-0.07878589630126953,10.836793899536133,10.915579795837402,0.07878589630126953,0.08079208890818755,0.001009065761400203,1,0
M0_balanced,high,5,0.75,0.4,1,9.198824882507324,16.15841778163751,-0.07891082763671875,10.663429260253906,10.742340087890625,0.07891082763671875,0.08079208890818755,0.001009065761400203,1,0
M1_margin,high,5,0.75,0.4,1,9.198824882507324,16.15841778163751,-0.149566650390625,12.605880737304688,12.755447387695312,0.149566650390625,0.08079208890818755,0.001009065761400203,1,0
M2_popmass,high,5,0.75,0.4,1,9.198824882507324,16.15841778163751,-0.07878589630126953,10.836793899536133,10.915579795837402,0.07878589630126953,0.08079208890818755,0.001009065761400203,1,0
M0_balanced,high,5,0.75,0.1,2,9.245023727416992,16.206314360403923,-0.07883739471435547,10.663429260253906,10.742266654968262,0.07883739471435547,0.08103157180201961,0.0010120568214392817,1,0
M1_margin,high,5,0.75,0.1,2,9.245023727416992,16.206314360403923,-0.1486797332763672,12.605880737304688,12.754560470581055,0.1486797332763672,0.08103157180201961,0.0010120568214392817,1,0
M2_popmass,high,5,0.75,0.1,2,9.245023727416992,16.206314360403923,-0.07868289947509766,10.836793899536133,10.91547679901123,0.07868289947509766,0.08103157180201961,0.0010120568214392817,1,0
M0_balanced,high,5,0.75,0.2,2,9.245023727416992,16.206314360403923,-0.07883739471435547,10.663429260253906,10.742266654968262,0.07883739471435547,0.08103157180201961,0.0010120568214392817,1,0
M1_margin,high,5,0.75,0.2,2,9.245023727416992,16.206314360403923,-0.1486797332763672,12.605880737304688,12.754560470581055,0.1486797332763672,0.08103157180201961,0.0010120568214392817,1,0
M2_popmass,high,5,0.75,0.2,2,9.245023727416992,16.206314360403923,-0.07868289947509766,10.836793899536133,10.91547679901123,0.07868289947509766,0.08103157180201961,0.0010120568214392817,1,0
M0_balanced,high,5,0.75,0.4,2,9.245023727416992,16.206314360403923,-0.07883739471435547,10.663429260253906,10.742266654968262,0.07883739471435547,0.08103157180201961,0.0010120568214392817,1,0
M1_margin,high,5,0.75,0.4,2,9.245023727416992,16.206314360403923,-0.1486797332763672,12.605880737304688,12.754560470581055,0.1486797332763672,0.08103157180201961,0.0010120568214392817,1,0
M2_popmass,high,5,0.75,0.4,2,9.245023727416992,16.206314360403923,-0.07868289947509766,10.836793899536133,10.91547679901123,0.07868289947509766,0.08103157180201961,0.0010120568214392817,1,0
M0_balanced,high,6,1.0,0.1,0,9.544870376586914,18.03336180738335,0.009724617004394531,10.663429260253906,10.653704643249512,-0.009724617004394531,0.09016680903691675,0.0011261528330732723,1,0
M1_margin,high,6,1.0,0.1,0,9.544870376586914,18.03336180738335,0.1336660385131836,12.605880737304688,12.472214698791504,-0.1336660385131836,0.09016680903691675,0.0011261528330732723,1,0
M2_popmass,high,6,1.0,0.1,0,9.544870376586914,18.03336180738335,0.011325836181640625,10.836793899536133,10.825468063354492,-0.011325836181640625,0.09016680903691675,0.0011261528330732723,1,0
M0_balanced,high,6,1.0,0.2,0,9.452418327331543,18.072705671168762,0.009108543395996094,10.663429260253906,10.65432071685791,-0.009108543395996094,0.09036352835584381,0.0011286097905801001,1,2
M1_margin,high,6,1.0,0.2,0,9.452418327331543,18.072705671168762,0.1323261260986328,12.605880737304688,12.473554611206055,-0.1323261260986328,0.09036352835584381,0.0011286097905801001,1,2
M2_popmass,high,6,1.0,0.2,0,9.452418327331543,18.072705671168762,0.010684967041015625,10.836793899536133,10.826108932495117,-0.010684967041015625,0.09036352835584381,0.0011286097905801001,1,2
M0_balanced,high,6,1.0,0.4,0,9.452418327331543,18.072705671168762,0.009108543395996094,10.663429260253906,10.65432071685791,-0.009108543395996094,0.09036352835584381,0.0011286097905801001,1,2
M1_margin,high,6,1.0,0.4,0,9.452418327331543,18.072705671168762,0.1323261260986328,12.605880737304688,12.473554611206055,-0.1323261260986328,0.09036352835584381,0.0011286097905801001,1,2
M2_popmass,high,6,1.0,0.4,0,9.452418327331543,18.072705671168762,0.010684967041015625,10.836793899536133,10.826108932495117,-0.010684967041015625,0.09036352835584381,0.0011286097905801001,1,2
M0_balanced,high,6,1.0,0.1,1,9.642271041870117,18.06378209283929,0.009186744689941406,10.663429260253906,10.654242515563965,-0.009186744689941406,0.09031891046419645,0.001128052528261281,1,0
M1_margin,high,6,1.0,0.1,1,9.642271041870117,18.06378209283929,0.1322917938232422,12.605880737304688,12.473588943481445,-0.1322917938232422,0.09031891046419645,0.001128052528261281,1,0
M2_popmass,high,6,1.0,0.1,1,9.642271041870117,18.06378209283929,0.010759353637695312,10.836793899536133,10.826034545898438,-0.010759353637695312,0.09031891046419645,0.001128052528261281,1,0
M0_balanced,high,6,1.0,0.2,1,9.642271041870117,18.06378209283929,0.009186744689941406,10.663429260253906,10.654242515563965,-0.009186744689941406,0.09031891046419645,0.001128052528261281,1,0
M1_margin,high,6,1.0,0.2,1,9.642271041870117,18.06378209283929,0.1322917938232422,12.605880737304688,12.473588943481445,-0.1322917938232422,0.09031891046419645,0.001128052528261281,1,0
M2_popmass,high,6,1.0,0.2,1,9.642271041870117,18.06378209283929,0.010759353637695312,10.836793899536133,10.826034545898438,-0.010759353637695312,0.09031891046419645,0.001128052528261281,1,0
M0_balanced,high,6,1.0,0.4,1,9.642271041870117,18.06378209283929,0.009186744689941406,10.663429260253906,10.654242515563965,-0.009186744689941406,0.09031891046419645,0.001128052528261281,1,0
M1_margin,high,6,1.0,0.4,1,9.642271041870117,18.06378209283929,0.1322917938232422,12.605880737304688,12.473588943481445,-0.1322917938232422,0.09031891046419645,0.001128052528261281,1,0
M2_popmass,high,6,1.0,0.4,1,9.642271041870117,18.06378209283929,0.010759353637695312,10.836793899536133,10.826034545898438,-0.010759353637695312,0.09031891046419645,0.001128052528261281,1,0
M0_balanced,high,6,1.0,0.1,2,9.5455322265625,18.03444049237199,0.009723663330078125,10.663429260253906,10.653705596923828,-0.009723663330078125,0.09017220246185995,0.001126220195119735,1,0
M1_margin,high,6,1.0,0.1,2,9.5455322265625,18.03444049237199,0.13366222381591797,12.605880737304688,12.47221851348877,-0.13366222381591797,0.09017220246185995,0.001126220195119735,1,0
M2_popmass,high,6,1.0,0.1,2,9.5455322265625,18.03444049237199,0.011324882507324219,10.836793899536133,10.825469017028809,-0.011324882507324219,0.09017220246185995,0.001126220195119735,1,0
M0_balanced,high,6,1.0,0.2,2,9.5455322265625,18.03444049237199,0.009723663330078125,10.663429260253906,10.653705596923828,-0.009723663330078125,0.09017220246185995,0.001126220195119735,1,0
M1_margin,high,6,1.0,0.2,2,9.5455322265625,18.03444049237199,0.13366222381591797,12.605880737304688,12.47221851348877,-0.13366222381591797,0.09017220246185995,0.001126220195119735,1,0
M2_popmass,high,6,1.0,0.2,2,9.5455322265625,18.03444049237199,0.011324882507324219,10.836793899536133,10.825469017028809,-0.011324882507324219,0.09017220246185995,0.001126220195119735,1,0
M0_balanced,high,6,1.0,0.4,2,9.563812255859375,18.028923372153024,0.009587287902832031,10.663429260253906,10.653841972351074,-0.009587287902832031,0.09014461686076512,0.001125875660327423,1,1
M1_margin,high,6,1.0,0.4,2,9.563812255859375,18.028923372153024,0.13328933715820312,12.605880737304688,12.472591400146484,-0.13328933715820312,0.09014461686076512,0.001125875660327423,1,1
M2_popmass,high,6,1.0,0.4,2,9.563812255859375,18.028923372153024,0.011178016662597656,10.836793899536133,10.825615882873535,-0.011178016662597656,0.09014461686076512,0.001125875660327423,1,1
M0_balanced,high,7,1.0,0.1,0,9.081330299377441,15.22452268841296,0.043395042419433594,10.663429260253906,10.620034217834473,-0.043395042419433594,0.07612261344206481,0.0009507455981238552,1,0
M1_margin,high,7,1.0,0.1,0,9.081330299377441,15.22452268841296,0.13638973236083984,12.605880737304688,12.469491004943848,-0.13638973236083984,0.07612261344206481,0.0009507455981238552,1,0
M2_popmass,high,7,1.0,0.1,0,9.081330299377441,15.22452268841296,0.044785499572753906,10.836793899536133,10.792008399963379,-0.044785499572753906,0.07612261344206481,0.0009507455981238552,1,0
M0_balanced,high,7,1.0,0.2,0,9.081330299377441,15.22452268841296,0.043395042419433594,10.663429260253906,10.620034217834473,-0.043395042419433594,0.07612261344206481,0.0009507455981238552,1,0
M1_margin,high,7,1.0,0.2,0,9.081330299377441,15.22452268841296,0.13638973236083984,12.605880737304688,12.469491004943848,-0.13638973236083984,0.07612261344206481,0.0009507455981238552,1,0
M2_popmass,high,7,1.0,0.2,0,9.081330299377441,15.22452268841296,0.044785499572753906,10.836793899536133,10.792008399963379,-0.044785499572753906,0.07612261344206481,0.0009507455981238552,1,0
M0_balanced,high,7,1.0,0.4,0,9.033500671386719,15.234685278926522,0.043399810791015625,10.663429260253906,10.62002944946289,-0.043399810791015625,0.0761734263946326,0.000951380234650336,1,1
M1_margin,high,7,1.0,0.4,0,9.033500671386719,15.234685278926522,0.13634014129638672,12.605880737304688,12.4695405960083,-0.13634014129638672,0.0761734263946326,0.000951380234650336,1,1
M2_popmass,high,7,1.0,0.4,0,9.033500671386719,15.234685278926522,0.044788360595703125,10.836793899536133,10.79200553894043,-0.044788360595703125,0.0761734263946326,0.000951380234650336,1,1
M0_balanced,high,7,1.0,0.1,1,9.083358764648438,15.225767374950813,0.04340171813964844,10.663429260253906,10.620027542114258,-0.04340171813964844,0.07612883687475407,0.0009508233266852771,1,0
M1_margin,high,7,1.0,0.1,1,9.083358764648438,15.225767374950813,0.13640308380126953,12.605880737304688,12.469477653503418,-0.13640308380126953,0.07612883687475407,0.0009508233266852771,1,0
M2_popmass,high,7,1.0,0.1,1,9.083358764648438,15.225767374950813,0.04479217529296875,10.836793899536133,10.792001724243164,-0.04479217529296875,0.07612883687475407,0.0009508233266852771,1,0
M0_balanced,high,7,1.0,0.2,1,9.024105072021484,15.228227053274646,0.043272972106933594,10.663429260253906,10.620156288146973,-0.043272972106933594,0.07614113526637323,0.0009509769294212739,1,1
M1_margin,high,7,1.0,0.2,1,9.024105072021484,15.228227053274646,0.13614177703857422,12.605880737304688,12.469738960266113,-0.13614177703857422,0.07614113526637323,0.0009509769294212739,1,1
M2_popmass,high,7,1.0,0.2,1,9.024105072021484,15.228227053274646,0.044658660888671875,10.836793899536133,10.792135238647461,-0.044658660888671875,0.07614113526637323,0.0009509769294212739,1,1
M0_balanced,high,7,1.0,0.4,1,9.004356384277344,15.220734668651268,0.04326915740966797,10.663429260253906,10.620160102844238,-0.04326915740966797,0.07610367334325634,0.0009505090427199358,1,2
M1_margin,high,7,1.0,0.4,1,9.004356384277344,15.220734668651268,0.136016845703125,12.605880737304688,12.469863891601562,-0.136016845703125,0.07610367334325634,0.0009505090427199358,1,2
M2_popmass,high,7,1.0,0.4,1,9.004356384277344,15.220734668651268,0.04465198516845703,10.836793899536133,10.792141914367676,-0.04465198516845703,0.07610367334325634,0.0009505090427199358,1,2
M0_balanced,high,7,1.0,0.1,2,9.080087661743164,15.225561313817549,0.04339790344238281,10.663429260253906,10.620031356811523,-0.04339790344238281,0.07612780656908774,0.0009508104585172954,1,0
M1_margin,high,7,1.0,0.1,2,9.080087661743164,15.225561313817549,0.1364002227783203,12.605880737304688,12.469480514526367,-0.1364002227783203,0.07612780656908774,0.0009508104585172954,1,0
M2_popmass,high,7,1.0,0.1,2,9.080087661743164,15.225561313817549,0.044788360595703125,10.836793899536133,10.79200553894043,-0.044788360595703125,0.07612780656908774,0.0009508104585172954,1,0
M0_balanced,high,7,1.0,0.2,2,9.080087661743164,15.225561313817549,0.04339790344238281,10.663429260253906,10.620031356811523,-0.04339790344238281,0.07612780656908774,0.0009508104585172954,1,0
M1_margin,high,7,1.0,0.2,2,9.080087661743164,15.225561313817549,0.1364002227783203,12.605880737304688,12.469480514526367,-0.1364002227783203,0.07612780656908774,0.0009508104585172954,1,0
M2_popmass,high,7,1.0,0.2,2,9.080087661743164,15.225561313817549,0.044788360595703125,10.836793899536133,10.79200553894043,-0.044788360595703125,0.07612780656908774,0.0009508104585172954,1,0
M0_balanced,high,7,1.0,0.4,2,9.080087661743164,15.225561313817549,0.04339790344238281,10.663429260253906,10.620031356811523,-0.04339790344238281,0.07612780656908774,0.0009508104585172954,1,0
M1_margin,high,7,1.0,0.4,2,9.080087661743164,15.225561313817549,0.1364002227783203,12.605880737304688,12.469480514526367,-0.1364002227783203,0.07612780656908774,0.0009508104585172954,1,0
M2_popmass,high,7,1.0,0.4,2,9.080087661743164,15.225561313817549,0.044788360595703125,10.836793899536133,10.79200553894043,-0.044788360595703125,0.07612780656908774,0.0009508104585172954,1,0
