meta_objective,state,sample_index,seq_pop_ratio,strength,repeat,sample_loss,sample_grad_norm,reward,meta_before,meta_after,meta_delta,virtual_step_norm,relative_step,augmented,dropped_items
M0_balanced,low,0,0.375,0.1,0,10.907244682312012,17.378463734916455,-0.07716655731201172,10.663429260253906,10.740595817565918,0.07716655731201172,0.08689231867458228,0.0010852555601432265,1,1
M1_margin,low,0,0.375,0.1,0,10.907244682312012,17.378463734916455,-0.18027496337890625,12.605880737304688,12.786155700683594,0.18027496337890625,0.08689231867458228,0.0010852555601432265,1,1
M2_popmass,low,0,0.375,0.1,0,10.907244682312012,17.378463734916455,-0.0751657485961914,10.836793899536133,10.911959648132324,0.0751657485961914,0.08689231867458228,0.0010852555601432265,1,1
M0_balanced,low,0,0.375,0.2,0,10.907244682312012,17.378463734916455,-0.07716655731201172,10.663429260253906,10.740595817565918,0.07716655731201172,0.08689231867458228,0.0010852555601432265,1,1
M1_margin,low,0,0.375,0.2,0,10.907244682312012,17.378463734916455,-0.18027496337890625,12.605880737304688,12.786155700683594,0.18027496337890625,0.08689231867458228,0.0010852555601432265,1,1
M2_popmass,low,0,0.375,0.2,0,10.907244682312012,17.378463734916455,-0.0751657485961914,10.836793899536133,10.911959648132324,0.0751657485961914,0.08689231867458228,0.0010852555601432265,1,1
M0_balanced,low,0,0.375,0.4,0,10.809959411621094,17.339282380023135,-0.07770347595214844,10.663429260253906,10.741132736206055,0.07770347595214844,0.08669641190011568,0.0010828087510408497,1,3
M1_margin,low,0,0.375,0.4,0,10.809959411621094,17.339282380023135,-0.1816883087158203,12.605880737304688,12.787569046020508,0.1816883087158203,0.08669641190011568,0.0010828087510408497,1,3
M2_popmass,low,0,0.375,0.4,0,10.809959411621094,17.339282380023135,-0.07574176788330078,10.836793899536133,10.912535667419434,0.07574176788330078,0.08669641190011568,0.0010828087510408497,1,3
M0_balanced,low,0,0.375,0.1,1,10.915111541748047,17.356566409381614,-0.07755565643310547,10.663429260253906,10.740984916687012,0.07755565643310547,0.08678283204690806,0.0010838881093344875,1,1
M1_margin,low,0,0.375,0.1,1,10.915111541748047,17.356566409381614,-0.1812877655029297,12.605880737304688,12.787168502807617,0.1812877655029297,0.08678283204690806,0.0010838881093344875,1,1
M2_popmass,low,0,0.375,0.1,1,10.915111541748047,17.356566409381614,-0.07557010650634766,10.836793899536133,10.91236400604248,0.07557010650634766,0.08678283204690806,0.0010838881093344875,1,1
M0_balanced,low,0,0.375,0.2,1,10.915111541748047,17.356566409381614,-0.07755565643310547,10.663429260253906,10.740984916687012,0.07755565643310547,0.08678283204690806,0.0010838881093344875,1,1
M1_margin,low,0,0.375,0.2,1,10.915111541748047,17.356566409381614,-0.1812877655029297,12.605880737304688,12.787168502807617,0.1812877655029297,0.08678283204690806,0.0010838881093344875,1,1
M2_popmass,low,0,0.375,0.2,1,10.915111541748047,17.356566409381614,-0.07557010650634766,10.836793899536133,10.91236400604248,0.07557010650634766,0.08678283204690806,0.0010838881093344875,1,1
M0_balanced,low,0,0.375,0.4,1,10.915111541748047,17.356566409381614,-0.07755565643310547,10.663429260253906,10.740984916687012,0.07755565643310547,0.08678283204690806,0.0010838881093344875,1,1
M1_margin,low,0,0.375,0.4,1,10.915111541748047,17.356566409381614,-0.1812877655029297,12.605880737304688,12.787168502807617,0.1812877655029297,0.08678283204690806,0.0010838881093344875,1,1
M2_popmass,low,0,0.375,0.4,1,10.915111541748047,17.356566409381614,-0.07557010650634766,10.836793899536133,10.91236400604248,0.07557010650634766,0.08678283204690806,0.0010838881093344875,1,1
M0_balanced,low,0,0.375,0.1,2,11.012968063354492,17.40197804457893,-0.077392578125,10.663429260253906,10.740821838378906,0.077392578125,0.08700989022289464,0.0010867239888658908,1,0
M1_margin,low,0,0.375,0.1,2,11.012968063354492,17.40197804457893,-0.1810131072998047,12.605880737304688,12.786893844604492,0.1810131072998047,0.08700989022289464,0.0010867239888658908,1,0
M2_popmass,low,0,0.375,0.1,2,11.012968063354492,17.40197804457893,-0.07540130615234375,10.836793899536133,10.912195205688477,0.07540130615234375,0.08700989022289464,0.0010867239888658908,1,0
M0_balanced,low,0,0.375,0.2,2,11.012968063354492,17.40197804457893,-0.077392578125,10.663429260253906,10.740821838378906,0.077392578125,0.08700989022289464,0.0010867239888658908,1,0
M1_margin,low,0,0.375,0.2,2,11.012968063354492,17.40197804457893,-0.1810131072998047,12.605880737304688,12.786893844604492,0.1810131072998047,0.08700989022289464,0.0010867239888658908,1,0
M2_popmass,low,0,0.375,0.2,2,11.012968063354492,17.40197804457893,-0.07540130615234375,10.836793899536133,10.912195205688477,0.07540130615234375,0.08700989022289464,0.0010867239888658908,1,0
M0_balanced,low,0,0.375,0.4,2,10.844213485717773,17.369552973702763,-0.07763290405273438,10.663429260253906,10.74106216430664,0.07763290405273438,0.08684776486851382,0.001084699098231531,1,2
M1_margin,low,0,0.375,0.4,2,10.844213485717773,17.369552973702763,-0.18138980865478516,12.605880737304688,12.787270545959473,0.18138980865478516,0.08684776486851382,0.001084699098231531,1,2
M2_popmass,low,0,0.375,0.4,2,10.844213485717773,17.369552973702763,-0.07566261291503906,10.836793899536133,10.912456512451172,0.07566261291503906,0.08684776486851382,0.001084699098231531,1,2
M0_balanced,low,0,0.375,0.1,3,10.96182918548584,17.356678661283656,-0.07731819152832031,10.663429260253906,10.740747451782227,0.07731819152832031,0.08678339330641828,0.0010838951192752215,1,1
M1_margin,low,0,0.375,0.1,3,10.96182918548584,17.356678661283656,-0.18052005767822266,12.605880737304688,12.78640079498291,0.18052005767822266,0.08678339330641828,0.0010838951192752215,1,1
M2_popmass,low,0,0.375,0.1,3,10.96182918548584,17.356678661283656,-0.0753183364868164,10.836793899536133,10.91211223602295,0.0753183364868164,0.08678339330641828,0.0010838951192752215,1,1
M0_balanced,low,0,0.375,0.2,3,10.96182918548584,17.356678661283656,-0.07731819152832031,10.663429260253906,10.740747451782227,0.07731819152832031,0.08678339330641828,0.0010838951192752215,1,1
M1_margin,low,0,0.375,0.2,3,10.96182918548584,17.356678661283656,-0.18052005767822266,12.605880737304688,12.78640079498291,0.18052005767822266,0.08678339330641828,0.0010838951192752215,1,1
M2_popmass,low,0,0.375,0.2,3,10.96182918548584,17.356678661283656,-0.0753183364868164,10.836793899536133,10.91211223602295,0.0753183364868164,0.08678339330641828,0.0010838951192752215,1,1
M0_balanced,low,0,0.375,0.4,3,10.783287048339844,17.299477703270497,-0.07814979553222656,10.663429260253906,10.741579055786133,0.07814979553222656,0.08649738851635248,0.001080323016546453,1,4
M1_margin,low,0,0.375,0.4,3,10.783287048339844,17.299477703270497,-0.1826152801513672,12.605880737304688,12.788496017456055,0.1826152801513672,0.08649738851635248,0.001080323016546453,1,4
M2_popmass,low,0,0.375,0.4,3,10.783287048339844,17.299477703270497,-0.07619953155517578,10.836793899536133,10.912993431091309,0.07619953155517578,0.08649738851635248,0.001080323016546453,1,4
M0_balanced,low,0,0.375,0.1,4,11.012138366699219,17.400371577789127,-0.07737922668457031,10.663429260253906,10.740808486938477,0.07737922668457031,0.08700185788894564,0.00108662366774186,1,0
M1_margin,low,0,0.375,0.1,4,11.012138366699219,17.400371577789127,-0.18099021911621094,12.605880737304688,12.786870956420898,0.18099021911621094,0.08700185788894564,0.00108662366774186,1,0
M2_popmass,low,0,0.375,0.1,4,11.012138366699219,17.400371577789127,-0.07538795471191406,10.836793899536133,10.912181854248047,0.07538795471191406,0.08700185788894564,0.00108662366774186,1,0
M0_balanced,low,0,0.375,0.2,4,10.913548469543457,17.35583434252194,-0.07755088806152344,10.663429260253906,10.74098014831543,0.07755088806152344,0.08677917171260971,0.0010838423930017913,1,1
M1_margin,low,0,0.375,0.2,4,10.913548469543457,17.35583434252194,-0.18126869201660156,12.605880737304688,12.787149429321289,0.18126869201660156,0.08677917171260971,0.0010838423930017913,1,1
M2_popmass,low,0,0.375,0.2,4,10.913548469543457,17.35583434252194,-0.07556533813476562,10.836793899536133,10.912359237670898,0.07556533813476562,0.08677917171260971,0.0010838423930017913,1,1
M0_balanced,low,0,0.375,0.4,4,10.868820190429688,17.32919200077238,-0.07751178741455078,10.663429260253906,10.740941047668457,0.07751178741455078,0.0866459600038619,0.0010821786239851518,1,2
M1_margin,low,0,0.375,0.4,4,10.868820190429688,17.32919200077238,-0.1810321807861328,12.605880737304688,12.78691291809082,0.1810321807861328,0.0866459600038619,0.0010821786239851518,1,2
M2_popmass,low,0,0.375,0.4,4,10.868820190429688,17.32919200077238,-0.07552623748779297,10.836793899536133,10.912320137023926,0.07552623748779297,0.0866459600038619,0.0010821786239851518,1,2
M0_balanced,low,1,0.0,0.1,0,8.012024879455566,18.315163892163064,0.04678058624267578,10.663429260253906,10.61664867401123,-0.04678058624267578,0.09157581946081532,0.0011437508949061301,1,1
M1_margin,low,1,0.0,0.1,0,8.012024879455566,18.315163892163064,0.18919086456298828,12.605880737304688,12.4166898727417,-0.18919086456298828,0.09157581946081532,0.0011437508949061301,1,1
M2_popmass,low,1,0.0,0.1,0,8.012024879455566,18.315163892163064,0.048201560974121094,10.836793899536133,10.788592338562012,-0.048201560974121094,0.09157581946081532,0.0011437508949061301,1,1
M0_balanced,low,1,0.0,0.2,0,8.012024879455566,18.315163892163064,0.04678058624267578,10.663429260253906,10.61664867401123,-0.04678058624267578,0.09157581946081532,0.0011437508949061301,1,1
M1_margin,low,1,0.0,0.2,0,8.012024879455566,18.315163892163064,0.18919086456298828,12.605880737304688,12.4166898727417,-0.18919086456298828,0.09157581946081532,0.0011437508949061301,1,1
M2_popmass,low,1,0.0,0.2,0,8.012024879455566,18.315163892163064,0.048201560974121094,10.836793899536133,10.788592338562012,-0.048201560974121094,0.09157581946081532,0.0011437508949061301,1,1
M0_balanced,low,1,0.0,0.4,0,8.012024879455566,18.315163892163064,0.04678058624267578,10.663429260253906,10.61664867401123,-0.04678058624267578,0.09157581946081532,0.0011437508949061301,1,1
M1_margin,low,1,0.0,0.4,0,8.012024879455566,18.315163892163064,0.18919086456298828,12.605880737304688,12.4166898727417,-0.18919086456298828,0.09157581946081532,0.0011437508949061301,1,1
M2_popmass,low,1,0.0,0.4,0,8.012024879455566,18.315163892163064,0.048201560974121094,10.836793899536133,10.788592338562012,-0.048201560974121094,0.09157581946081532,0.0011437508949061301,1,1
M0_balanced,low,1,0.0,0.1,1,8.144858360290527,18.350892990988044,0.04613494873046875,10.663429260253906,10.617294311523438,-0.04613494873046875,0.09175446495494022,0.0011459821164772758,1,3
M1_margin,low,1,0.0,0.1,1,8.144858360290527,18.350892990988044,0.1876697540283203,12.605880737304688,12.418210983276367,-0.1876697540283203,0.09175446495494022,0.0011459821164772758,1,3
M2_popmass,low,1,0.0,0.1,1,8.144858360290527,18.350892990988044,0.04752826690673828,10.836793899536133,10.789265632629395,-0.04752826690673828,0.09175446495494022,0.0011459821164772758,1,3
M0_balanced,low,1,0.0,0.2,1,8.144858360290527,18.350892990988044,0.04613494873046875,10.663429260253906,10.617294311523438,-0.04613494873046875,0.09175446495494022,0.0011459821164772758,1,3
M1_margin,low,1,0.0,0.2,1,8.144858360290527,18.350892990988044,0.1876697540283203,12.605880737304688,12.418210983276367,-0.1876697540283203,0.09175446495494022,0.0011459821164772758,1,3
M2_popmass,low,1,0.0,0.2,1,8.144858360290527,18.350892990988044,0.04752826690673828,10.836793899536133,10.789265632629395,-0.04752826690673828,0.09175446495494022,0.0011459821164772758,1,3
M0_balanced,low,1,0.0,0.4,1,8.212526321411133,18.36021704338935,0.046142578125,10.663429260253906,10.617286682128906,-0.046142578125,0.09180108521694676,0.0011465643877220724,1,4
M1_margin,low,1,0.0,0.4,1,8.212526321411133,18.36021704338935,0.18758869171142578,12.605880737304688,12.418292045593262,-0.18758869171142578,0.09180108521694676,0.0011465643877220724,1,4
M2_popmass,low,1,0.0,0.4,1,8.212526321411133,18.36021704338935,0.04753684997558594,10.836793899536133,10.789257049560547,-0.04753684997558594,0.09180108521694676,0.0011465643877220724,1,4
M0_balanced,low,1,0.0,0.1,2,7.960819721221924,18.337661213072465,0.04710960388183594,10.663429260253906,10.61631965637207,-0.04710960388183594,0.09168830606536232,0.0011451558144075127,1,0
M1_margin,low,1,0.0,0.1,2,7.960819721221924,18.337661213072465,0.190032958984375,12.605880737304688,12.415847778320312,-0.190032958984375,0.09168830606536232,0.0011451558144075127,1,0
M2_popmass,low,1,0.0,0.1,2,7.960819721221924,18.337661213072465,0.048544883728027344,10.836793899536133,10.788249015808105,-0.048544883728027344,0.09168830606536232,0.0011451558144075127,1,0
M0_balanced,low,1,0.0,0.2,2,8.06262493133545,18.3442697462617,0.04642009735107422,10.663429260253906,10.617009162902832,-0.04642009735107422,0.0917213487313085,0.0011455685060871345,1,2
M1_margin,low,1,0.0,0.2,2,8.06262493133545,18.3442697462617,0.1881885528564453,12.605880737304688,12.417692184448242,-0.1881885528564453,0.0917213487313085,0.0011455685060871345,1,2
M2_popmass,low,1,0.0,0.2,2,8.06262493133545,18.3442697462617,0.04782867431640625,10.836793899536133,10.788965225219727,-0.04782867431640625,0.0917213487313085,0.0011455685060871345,1,2
M0_balanced,low,1,0.0,0.4,2,8.318398475646973,18.353594386498845,0.046062469482421875,10.663429260253906,10.617366790771484,-0.046062469482421875,0.09176797193249422,0.0011461508140412815,1,5
M1_margin,low,1,0.0,0.4,2,8.318398475646973,18.353594386498845,0.18727970123291016,12.605880737304688,12.418601036071777,-0.18727970123291016,0.09176797193249422,0.0011461508140412815,1,5
M2_popmass,low,1,0.0,0.4,2,8.318398475646973,18.353594386498845,0.047454833984375,10.836793899536133,10.789339065551758,-0.047454833984375,0.09176797193249422,0.0011461508140412815,1,5
M0_balanced,low,1,0.0,0.1,3,7.9600396156311035,18.336849076565965,0.04711627960205078,10.663429260253906,10.616312980651855,-0.04711627960205078,0.09168424538282982,0.001145105097861291,1,0
M1_margin,low,1,0.0,0.1,3,7.9600396156311035,18.336849076565965,0.19005203247070312,12.605880737304688,12.415828704833984,-0.19005203247070312,0.09168424538282982,0.001145105097861291,1,0
M2_popmass,low,1,0.0,0.1,3,7.9600396156311035,18.336849076565965,0.04855155944824219,10.836793899536133,10.78824234008789,-0.04855155944824219,0.09168424538282982,0.001145105097861291,1,0
M0_balanced,low,1,0.0,0.2,3,7.9600396156311035,18.336849076565965,0.04711627960205078,10.663429260253906,10.616312980651855,-0.04711627960205078,0.09168424538282982,0.001145105097861291,1,0
M1_margin,low,1,0.0,0.2,3,7.9600396156311035,18.336849076565965,0.19005203247070312,12.605880737304688,12.415828704833984,-0.19005203247070312,0.09168424538282982,0.001145105097861291,1,0
M2_popmass,low,1,0.0,0.2,3,7.9600396156311035,18.336849076565965,0.04855155944824219,10.836793899536133,10.78824234008789,-0.04855155944824219,0.09168424538282982,0.001145105097861291,1,0
M0_balanced,low,1,0.0,0.4,3,8.0233736038208,18.33658220387273,0.04659080505371094,10.663429260253906,10.616838455200195,-0.04659080505371094,0.09168291101936366,0.0011450884321146174,1,1
M1_margin,low,1,0.0,0.4,3,8.0233736038208,18.33658220387273,0.18872547149658203,12.605880737304688,12.417155265808105,-0.18872547149658203,0.09168291101936366,0.0011450884321146174,1,1
M2_popmass,low,1,0.0,0.4,3,8.0233736038208,18.33658220387273,0.04799842834472656,10.836793899536133,10.788795471191406,-0.04799842834472656,0.09168291101936366,0.0011450884321146174,1,1
M0_balanced,low,1,0.0,0.1,4,8.07303237915039,18.351484786866216,0.046500205993652344,10.663429260253906,10.616929054260254,-0.046500205993652344,0.09175742393433108,0.0011460190731252885,1,2
M1_margin,low,1,0.0,0.1,4,8.07303237915039,18.351484786866216,0.18836116790771484,12.605880737304688,12.417519569396973,-0.18836116790771484,0.09175742393433108,0.0011460190731252885,1,2
M2_popmass,low,1,0.0,0.1,4,8.07303237915039,18.351484786866216,0.04791069030761719,10.836793899536133,10.788883209228516,-0.04791069030761719,0.09175742393433108,0.0011460190731252885,1,2
M0_balanced,low,1,0.0,0.2,4,8.167156219482422,18.36806836136249,0.046036720275878906,10.663429260253906,10.617392539978027,-0.046036720275878906,0.09184034180681244,0.0011470546892018102,1,3
M1_margin,low,1,0.0,0.2,4,8.167156219482422,18.36806836136249,0.18744945526123047,12.605880737304688,12.418431282043457,-0.18744945526123047,0.09184034180681244,0.0011470546892018102,1,3
M2_popmass,low,1,0.0,0.2,4,8.167156219482422,18.36806836136249,0.04742145538330078,10.836793899536133,10.789372444152832,-0.04742145538330078,0.09184034180681244,0.0011470546892018102,1,3
M0_balanced,low,1,0.0,0.4,4,8.245939254760742,18.36586534544492,0.04604816436767578,10.663429260253906,10.61738109588623,-0.04604816436767578,0.0918293267272246,0.001146917114597398,1,4
M1_margin,low,1,0.0,0.4,4,8.245939254760742,18.36586534544492,0.18732070922851562,12.605880737304688,12.418560028076172,-0.18732070922851562,0.0918293267272246,0.001146917114597398,1,4
M2_popmass,low,1,0.0,0.4,4,8.245939254760742,18.36586534544492,0.04743480682373047,10.836793899536133,10.789359092712402,-0.04743480682373047,0.0918293267272246,0.001146917114597398,1,4
M0_balanced,low,2,0.0,0.1,0,10.684162139892578,16.41148605939266,0.026691436767578125,10.663429260253906,10.636737823486328,-0.026691436767578125,0.08205743029696332,0.0010248694457602792,1,0
M1_margin,low,2,0.0,0.1,0,10.684162139892578,16.41148605939266,0.10255908966064453,12.605880737304688,12.503321647644043,-0.10255908966064453,0.08205743029696332,0.0010248694457602792,1,0
M2_popmass,low,2,0.0,0.1,0,10.684162139892578,16.41148605939266,0.027463912963867188,10.836793899536133,10.809329986572266,-0.027463912963867188,0.08205743029696332,0.0010248694457602792,1,0
M0_balanced,low,2,0.0,0.2,0,10.684162139892578,16.41148605939266,0.026691436767578125,10.663429260253906,10.636737823486328,-0.026691436767578125,0.08205743029696332,0.0010248694457602792,1,0
M1_margin,low,2,0.0,0.2,0,10.684162139892578,16.41148605939266,0.10255908966064453,12.605880737304688,12.503321647644043,-0.10255908966064453,0.08205743029696332,0.0010248694457602792,1,0
M2_popmass,low,2,0.0,0.2,0,10.684162139892578,16.41148605939266,0.027463912963867188,10.836793899536133,10.809329986572266,-0.027463912963867188,0.08205743029696332,0.0010248694457602792,1,0
M0_balanced,low,2,0.0,0.4,0,10.684162139892578,16.41148605939266,0.026691436767578125,10.663429260253906,10.636737823486328,-0.026691436767578125,0.08205743029696332,0.0010248694457602792,1,0
M1_margin,low,2,0.0,0.4,0,10.684162139892578,16.41148605939266,0.10255908966064453,12.605880737304688,12.503321647644043,-0.10255908966064453,0.08205743029696332,0.0010248694457602792,1,0
M2_popmass,low,2,0.0,0.4,0,10.684162139892578,16.41148605939266,0.027463912963867188,10.836793899536133,10.809329986572266,-0.027463912963867188,0.08205743029696332,0.0010248694457602792,1,0
M0_balanced,low,2,0.0,0.1,1,10.561845779418945,16.404396743264392,0.027322769165039062,10.663429260253906,10.636106491088867,-0.027322769165039062,0.08202198371632197,0.0010244267300022483,1,0
M1_margin,low,2,0.0,0.1,1,10.561845779418945,16.404396743264392,0.10380744934082031,12.605880737304688,12.502073287963867,-0.10380744934082031,0.08202198371632197,0.0010244267300022483,1,0
M2_popmass,low,2,0.0,0.1,1,10.561845779418945,16.404396743264392,0.028110504150390625,10.836793899536133,10.808683395385742,-0.028110504150390625,0.08202198371632197,0.0010244267300022483,1,0
M0_balanced,low,2,0.0,0.2,1,10.587307929992676,16.390381320348844,0.027042388916015625,10.663429260253906,10.63638687133789,-0.027042388916015625,0.08195190660174421,0.0010235514906324816,1,2
M1_margin,low,2,0.0,0.2,1,10.587307929992676,16.390381320348844,0.10299301147460938,12.605880737304688,12.502887725830078,-0.10299301147460938,0.08195190660174421,0.0010235514906324816,1,2
M2_popmass,low,2,0.0,0.2,1,10.587307929992676,16.390381320348844,0.027817726135253906,10.836793899536133,10.808976173400879,-0.027817726135253906,0.08195190660174421,0.0010235514906324816,1,2
M0_balanced,low,2,0.0,0.4,1,10.678422927856445,16.37079819940314,0.02693939208984375,10.663429260253906,10.636489868164062,-0.02693939208984375,0.08185399099701571,0.0010223285579719508,1,3
M1_margin,low,2,0.0,0.4,1,10.678422927856445,16.37079819940314,0.10277557373046875,12.605880737304688,12.503105163574219,-0.10277557373046875,0.08185399099701571,0.0010223285579719508,1,3
M2_popmass,low,2,0.0,0.4,1,10.678422927856445,16.37079819940314,0.02770519256591797,10.836793899536133,10.809088706970215,-0.02770519256591797,0.08185399099701571,0.0010223285579719508,1,3
M0_balanced,low,2,0.0,0.1,2,10.698152542114258,16.392576279283595,0.02672290802001953,10.663429260253906,10.636706352233887,-0.02672290802001953,0.08196288139641798,0.001023688562091994,1,1
M1_margin,low,2,0.0,0.1,2,10.698152542114258,16.392576279283595,0.10254287719726562,12.605880737304688,12.503337860107422,-0.10254287719726562,0.08196288139641798,0.001023688562091994,1,1
M2_popmass,low,2,0.0,0.1,2,10.698152542114258,16.392576279283595,0.027492523193359375,10.836793899536133,10.809301376342773,-0.027492523193359375,0.08196288139641798,0.001023688562091994,1,1
M0_balanced,low,2,0.0,0.2,2,10.698152542114258,16.392576279283595,0.02672290802001953,10.663429260253906,10.636706352233887,-0.02672290802001953,0.08196288139641798,0.001023688562091994,1,1
M1_margin,low,2,0.0,0.2,2,10.698152542114258,16.392576279283595,0.10254287719726562,12.605880737304688,12.503337860107422,-0.10254287719726562,0.08196288139641798,0.001023688562091994,1,1
M2_popmass,low,2,0.0,0.2,2,10.698152542114258,16.392576279283595,0.027492523193359375,10.836793899536133,10.809301376342773,-0.027492523193359375,0.08196288139641798,0.001023688562091994,1,1
M0_balanced,low,2,0.0,0.4,2,10.698152542114258,16.392576279283595,0.02672290802001953,10.663429260253906,10.636706352233887,-0.02672290802001953,0.08196288139641798,0.001023688562091994,1,1
M1_margin,low,2,0.0,0.4,2,10.698152542114258,16.392576279283595,0.10254287719726562,12.605880737304688,12.503337860107422,-0.10254287719726562,0.08196288139641798,0.001023688562091994,1,1
M2_popmass,low,2,0.0,0.4,2,10.698152542114258,16.392576279283595,0.027492523193359375,10.836793899536133,10.809301376342773,-0.027492523193359375,0.08196288139641798,0.001023688562091994,1,1
M0_balanced,low,2,0.0,0.1,3,10.686210632324219,16.41222110800221,0.026697158813476562,10.663429260253906,10.63673210144043,-0.026697158813476562,0.08206110554001106,0.0010249153482981938,1,0
M1_margin,low,2,0.0,0.1,3,10.686210632324219,16.41222110800221,0.10256767272949219,12.605880737304688,12.503313064575195,-0.10256767272949219,0.08206110554001106,0.0010249153482981938,1,0
M2_popmass,low,2,0.0,0.1,3,10.686210632324219,16.41222110800221,0.027469635009765625,10.836793899536133,10.809324264526367,-0.027469635009765625,0.08206110554001106,0.0010249153482981938,1,0
M0_balanced,low,2,0.0,0.2,3,10.686210632324219,16.41222110800221,0.026697158813476562,10.663429260253906,10.63673210144043,-0.026697158813476562,0.08206110554001106,0.0010249153482981938,1,0
M1_margin,low,2,0.0,0.2,3,10.686210632324219,16.41222110800221,0.10256767272949219,12.605880737304688,12.503313064575195,-0.10256767272949219,0.08206110554001106,0.0010249153482981938,1,0
M2_popmass,low,2,0.0,0.2,3,10.686210632324219,16.41222110800221,0.027469635009765625,10.836793899536133,10.809324264526367,-0.027469635009765625,0.08206110554001106,0.0010249153482981938,1,0
M0_balanced,low,2,0.0,0.4,3,10.686210632324219,16.41222110800221,0.026697158813476562,10.663429260253906,10.63673210144043,-0.026697158813476562,0.08206110554001106,0.0010249153482981938,1,0
M1_margin,low,2,0.0,0.4,3,10.686210632324219,16.41222110800221,0.10256767272949219,12.605880737304688,12.503313064575195,-0.10256767272949219,0.08206110554001106,0.0010249153482981938,1,0
M2_popmass,low,2,0.0,0.4,3,10.686210632324219,16.41222110800221,0.027469635009765625,10.836793899536133,10.809324264526367,-0.027469635009765625,0.08206110554001106,0.0010249153482981938,1,0
M0_balanced,low,2,0.0,0.1,4,10.688920974731445,16.41178176073259,0.026689529418945312,10.663429260253906,10.636739730834961,-0.026689529418945312,0.08205890880366296,0.001024887911807002,1,0
M1_margin,low,2,0.0,0.1,4,10.688920974731445,16.41178176073259,0.1025552749633789,12.605880737304688,12.503325462341309,-0.1025552749633789,0.08205890880366296,0.001024887911807002,1,0
M2_popmass,low,2,0.0,0.1,4,10.688920974731445,16.41178176073259,0.02746105194091797,10.836793899536133,10.809332847595215,-0.02746105194091797,0.08205890880366296,0.001024887911807002,1,0
M0_balanced,low,2,0.0,0.2,4,10.688920974731445,16.41178176073259,0.026689529418945312,10.663429260253906,10.636739730834961,-0.026689529418945312,0.08205890880366296,0.001024887911807002,1,0
M1_margin,low,2,0.0,0.2,4,10.688920974731445,16.41178176073259,0.1025552749633789,12.605880737304688,12.503325462341309,-0.1025552749633789,0.08205890880366296,0.001024887911807002,1,0
M2_popmass,low,2,0.0,0.2,4,10.688920974731445,16.41178176073259,0.02746105194091797,10.836793899536133,10.809332847595215,-0.02746105194091797,0.08205890880366296,0.001024887911807002,1,0
M0_balanced,low,2,0.0,0.4,4,10.688920974731445,16.41178176073259,0.026689529418945312,10.663429260253906,10.636739730834961,-0.026689529418945312,0.08205890880366296,0.001024887911807002,1,0
M1_margin,low,2,0.0,0.4,4,10.688920974731445,16.41178176073259,0.1025552749633789,12.605880737304688,12.503325462341309,-0.1025552749633789,0.08205890880366296,0.001024887911807002,1,0
M2_popmass,low,2,0.0,0.4,4,10.688920974731445,16.41178176073259,0.02746105194091797,10.836793899536133,10.809332847595215,-0.02746105194091797,0.08205890880366296,0.001024887911807002,1,0
M0_balanced,low,3,0.3333333333333333,0.1,0,9.343334197998047,16.380018767841474,0.009613037109375,10.663429260253906,10.653816223144531,-0.009613037109375,0.08190009383920736,0.0010229043668189247,1,0
M1_margin,low,3,0.3333333333333333,0.1,0,9.343334197998047,16.380018767841474,0.017696380615234375,12.605880737304688,12.588184356689453,-0.017696380615234375,0.08190009383920736,0.0010229043668189247,1,0
M2_popmass,low,3,0.3333333333333333,0.1,0,9.343334197998047,16.380018767841474,0.009729385375976562,10.836793899536133,10.827064514160156,-0.009729385375976562,0.08190009383920736,0.0010229043668189247,1,0
M0_balanced,low,3,0.3333333333333333,0.2,0,9.361421585083008,16.3682144283749,0.009535789489746094,10.663429260253906,10.65389347076416,-0.009535789489746094,0.0818410721418745,0.0010221672058572122,1,1
M1_margin,low,3,0.3333333333333333,0.2,0,9.361421585083008,16.3682144283749,0.01752471923828125,12.605880737304688,12.588356018066406,-0.01752471923828125,0.0818410721418745,0.0010221672058572122,1,1
M2_popmass,low,3,0.3333333333333333,0.2,0,9.361421585083008,16.3682144283749,0.009647369384765625,10.836793899536133,10.827146530151367,-0.009647369384765625,0.0818410721418745,0.0010221672058572122,1,1
M0_balanced,low,3,0.3333333333333333,0.4,0,9.361421585083008,16.3682144283749,0.009535789489746094,10.663429260253906,10.65389347076416,-0.009535789489746094,0.0818410721418745,0.0010221672058572122,1,1
M1_margin,low,3,0.3333333333333333,0.4,0,9.361421585083008,16.3682144283749,0.01752471923828125,12.605880737304688,12.588356018066406,-0.01752471923828125,0.0818410721418745,0.0010221672058572122,1,1
M2_popmass,low,3,0.3333333333333333,0.4,0,9.361421585083008,16.3682144283749,0.009647369384765625,10.836793899536133,10.827146530151367,-0.009647369384765625,0.0818410721418745,0.0010221672058572122,1,1
M0_balanced,low,3,0.3333333333333333,0.1,1,9.394047737121582,16.464589976247503,0.009288787841796875,10.663429260253906,10.65414047241211,-0.009288787841796875,0.08232294988123752,0.0010281856952234758,1,0
M1_margin,low,3,0.3333333333333333,0.1,1,9.394047737121582,16.464589976247503,0.016630172729492188,12.605880737304688,12.589250564575195,-0.016630172729492188,0.08232294988123752,0.0010281856952234758,1,0
M2_popmass,low,3,0.3333333333333333,0.1,1,9.394047737121582,16.464589976247503,0.009385108947753906,10.836793899536133,10.827408790588379,-0.009385108947753906,0.08232294988123752,0.0010281856952234758,1,0
M0_balanced,low,3,0.3333333333333333,0.2,1,9.394047737121582,16.464589976247503,0.009288787841796875,10.663429260253906,10.65414047241211,-0.009288787841796875,0.08232294988123752,0.0010281856952234758,1,0
M1_margin,low,3,0.3333333333333333,0.2,1,9.394047737121582,16.464589976247503,0.016630172729492188,12.605880737304688,12.589250564575195,-0.016630172729492188,0.08232294988123752,0.0010281856952234758,1,0
M2_popmass,low,3,0.3333333333333333,0.2,1,9.394047737121582,16.464589976247503,0.009385108947753906,10.836793899536133,10.827408790588379,-0.009385108947753906,0.08232294988123752,0.0010281856952234758,1,0
M0_balanced,low,3,0.3333333333333333,0.4,1,9.46120834350586,16.450414516678247,0.009098052978515625,10.663429260253906,10.65433120727539,-0.009098052978515625,0.08225207258339123,0.001027300461836349,1,1
M1_margin,low,3,0.3333333333333333,0.4,1,9.46120834350586,16.450414516678247,0.015989303588867188,12.605880737304688,12.58989143371582,-0.015989303588867188,0.08225207258339123,0.001027300461836349,1,1
M2_popmass,low,3,0.3333333333333333,0.4,1,9.46120834350586,16.450414516678247,0.00917816162109375,10.836793899536133,10.827615737915039,-0.00917816162109375,0.08225207258339123,0.001027300461836349,1,1
M0_balanced,low,3,0.3333333333333333,0.1,2,9.344743728637695,16.380238128439775,0.009602546691894531,10.663429260253906,10.653826713562012,-0.009602546691894531,0.08190119064219888,0.0010229180655159222,1,0
M1_margin,low,3,0.3333333333333333,0.1,2,9.344743728637695,16.380238128439775,0.017665863037109375,12.605880737304688,12.588214874267578,-0.017665863037109375,0.08190119064219888,0.0010229180655159222,1,0
M2_popmass,low,3,0.3333333333333333,0.1,2,9.344743728637695,16.380238128439775,0.009717941284179688,10.836793899536133,10.827075958251953,-0.009717941284179688,0.08190119064219888,0.0010229180655159222,1,0
M0_balanced,low,3,0.3333333333333333,0.2,2,9.344743728637695,16.380238128439775,0.009602546691894531,10.663429260253906,10.653826713562012,-0.009602546691894531,0.08190119064219888,0.0010229180655159222,1,0
M1_margin,low,3,0.3333333333333333,0.2,2,9.344743728637695,16.380238128439775,0.017665863037109375,12.605880737304688,12.588214874267578,-0.017665863037109375,0.08190119064219888,0.0010229180655159222,1,0
M2_popmass,low,3,0.3333333333333333,0.2,2,9.344743728637695,16.380238128439775,0.009717941284179688,10.836793899536133,10.827075958251953,-0.009717941284179688,0.08190119064219888,0.0010229180655159222,1,0
M0_balanced,low,3,0.3333333333333333,0.4,2,9.30613899230957,16.355722014910512,0.009348869323730469,10.663429260253906,10.654080390930176,-0.009348869323730469,0.08177861007455256,0.0010213870758423481,1,2
M1_margin,low,3,0.3333333333333333,0.4,2,9.30613899230957,16.355722014910512,0.016997337341308594,12.605880737304688,12.588883399963379,-0.016997337341308594,0.08177861007455256,0.0010213870758423481,1,2
M2_popmass,low,3,0.3333333333333333,0.4,2,9.30613899230957,16.355722014910512,0.009444236755371094,10.836793899536133,10.827349662780762,-0.009444236755371094,0.08177861007455256,0.0010213870758423481,1,2
M0_balanced,low,3,0.3333333333333333,0.1,3,9.341057777404785,16.379774141455332,0.0095977783203125,10.663429260253906,10.653831481933594,-0.0095977783203125,0.08189887070727667,0.0010228890903163658,1,0
M1_margin,low,3,0.3333333333333333,0.1,3,9.341057777404785,16.379774141455332,0.01766204833984375,12.605880737304688,12.588218688964844,-0.01766204833984375,0.08189887070727667,0.0010228890903163658,1,0
M2_popmass,low,3,0.3333333333333333,0.1,3,9.341057777404785,16.379774141455332,0.009713172912597656,10.836793899536133,10.827080726623535,-0.009713172912597656,0.08189887070727667,0.0010228890903163658,1,0
M0_balanced,low,3,0.3333333333333333,0.2,3,9.342362403869629,16.3751329305649,0.00943756103515625,10.663429260253906,10.65399169921875,-0.00943756103515625,0.08187566465282449,0.0010225992545747564,1,1
M1_margin,low,3,0.3333333333333333,0.2,3,9.342362403869629,16.3751329305649,0.017164230346679688,12.605880737304688,12.588716506958008,-0.017164230346679688,0.08187566465282449,0.0010225992545747564,1,1
M2_popmass,low,3,0.3333333333333333,0.2,3,9.342362403869629,16.3751329305649,0.009541511535644531,10.836793899536133,10.827252388000488,-0.009541511535644531,0.08187566465282449,0.0010225992545747564,1,1
M0_balanced,low,3,0.3333333333333333,0.4,3,9.367704391479492,16.345267523389246,0.009548187255859375,10.663429260253906,10.653881072998047,-0.009548187255859375,0.08172633761694624,0.0010207342105934408,1,4
M1_margin,low,3,0.3333333333333333,0.4,3,9.367704391479492,16.345267523389246,0.01723766326904297,12.605880737304688,12.588643074035645,-0.01723766326904297,0.08172633761694624,0.0010207342105934408,1,4
M2_popmass,low,3,0.3333333333333333,0.4,3,9.367704391479492,16.345267523389246,0.009644508361816406,10.836793899536133,10.827149391174316,-0.009644508361816406,0.08172633761694624,0.0010207342105934408,1,4
M0_balanced,low,3,0.3333333333333333,0.1,4,9.390340805053711,16.46538201081881,0.009281158447265625,10.663429260253906,10.65414810180664,-0.009281158447265625,0.08232691005409405,0.001028235156437968,1,0
M1_margin,low,3,0.3333333333333333,0.1,4,9.390340805053711,16.46538201081881,0.01661396026611328,12.605880737304688,12.589266777038574,-0.01661396026611328,0.08232691005409405,0.001028235156437968,1,0
M2_popmass,low,3,0.3333333333333333,0.1,4,9.390340805053711,16.46538201081881,0.009377479553222656,10.836793899536133,10.82741641998291,-0.009377479553222656,0.08232691005409405,0.001028235156437968,1,0
M0_balanced,low,3,0.3333333333333333,0.2,4,9.40567684173584,16.442079233819015,0.009093284606933594,10.663429260253906,10.654335975646973,-0.009093284606933594,0.08221039616909508,0.0010267799375710096,1,1
M1_margin,low,3,0.3333333333333333,0.2,4,9.40567684173584,16.442079233819015,0.016144752502441406,12.605880737304688,12.589735984802246,-0.016144752502441406,0.08221039616909508,0.0010267799375710096,1,1
M2_popmass,low,3,0.3333333333333333,0.2,4,9.40567684173584,16.442079233819015,0.00917816162109375,10.836793899536133,10.827615737915039,-0.00917816162109375,0.08221039616909508,0.0010267799375710096,1,1
M0_balanced,low,3,0.3333333333333333,0.4,4,9.40567684173584,16.442079233819015,0.009093284606933594,10.663429260253906,10.654335975646973,-0.009093284606933594,0.08221039616909508,0.0010267799375710096,1,1
M1_margin,low,3,0.3333333333333333,0.4,4,9.40567684173584,16.442079233819015,0.016144752502441406,12.605880737304688,12.589735984802246,-0.016144752502441406,0.08221039616909508,0.0010267799375710096,1,1
M2_popmass,low,3,0.3333333333333333,0.4,4,9.40567684173584,16.442079233819015,0.00917816162109375,10.836793899536133,10.827615737915039,-0.00917816162109375,0.08221039616909508,0.0010267799375710096,1,1
M0_balanced,low,4,0.25,0.1,0,9.796138763427734,23.395151128098842,-0.035271644592285156,10.663429260253906,10.698700904846191,0.035271644592285156,0.11697575564049421,0.0014609874744651822,1,0
M1_margin,low,4,0.25,0.1,0,9.796138763427734,23.395151128098842,0.0859375,12.605880737304688,12.519943237304688,-0.0859375,0.11697575564049421,0.0014609874744651822,1,0
M2_popmass,low,4,0.25,0.1,0,9.796138763427734,23.395151128098842,-0.030875205993652344,10.836793899536133,10.867669105529785,0.030875205993652344,0.11697575564049421,0.0014609874744651822,1,0
M0_balanced,low,4,0.25,0.2,0,9.750520706176758,23.391305502178227,-0.03529167175292969,10.663429260253906,10.698720932006836,0.03529167175292969,0.11695652751089114,0.0014607473216544252,1,1
M1_margin,low,4,0.25,0.2,0,9.750520706176758,23.391305502178227,0.08591270446777344,12.605880737304688,12.519968032836914,-0.08591270446777344,0.11695652751089114,0.0014607473216544252,1,1
M2_popmass,low,4,0.25,0.2,0,9.750520706176758,23.391305502178227,-0.03089618682861328,10.836793899536133,10.867690086364746,0.03089618682861328,0.11695652751089114,0.0014607473216544252,1,1
M0_balanced,low,4,0.25,0.4,0,9.750520706176758,23.391305502178227,-0.03529167175292969,10.663429260253906,10.698720932006836,0.03529167175292969,0.11695652751089114,0.0014607473216544252,1,1
M1_margin,low,4,0.25,0.4,0,9.750520706176758,23.391305502178227,0.08591270446777344,12.605880737304688,12.519968032836914,-0.08591270446777344,0.11695652751089114,0.0014607473216544252,1,1
M2_popmass,low,4,0.25,0.4,0,9.750520706176758,23.391305502178227,-0.03089618682861328,10.836793899536133,10.867690086364746,0.03089618682861328,0.11695652751089114,0.0014607473216544252,1,1
M0_balanced,low,4,0.25,0.1,1,9.75367546081543,23.391600472855487,-0.035284996032714844,10.663429260253906,10.698714256286621,0.035284996032714844,0.11695800236427743,0.0014607657420725045,1,1
M1_margin,low,4,0.25,0.1,1,9.75367546081543,23.391600472855487,0.08591651916503906,12.605880737304688,12.519964218139648,-0.08591651916503906,0.11695800236427743,0.0014607657420725045,1,1
M2_popmass,low,4,0.25,0.1,1,9.75367546081543,23.391600472855487,-0.030889511108398438,10.836793899536133,10.867683410644531,0.030889511108398438,0.11695800236427743,0.0014607657420725045,1,1
M0_balanced,low,4,0.25,0.2,1,9.75367546081543,23.391600472855487,-0.035284996032714844,10.663429260253906,10.698714256286621,0.035284996032714844,0.11695800236427743,0.0014607657420725045,1,1
M1_margin,low,4,0.25,0.2,1,9.75367546081543,23.391600472855487,0.08591651916503906,12.605880737304688,12.519964218139648,-0.08591651916503906,0.11695800236427743,0.0014607657420725045,1,1
M2_popmass,low,4,0.25,0.2,1,9.75367546081543,23.391600472855487,-0.030889511108398438,10.836793899536133,10.867683410644531,0.030889511108398438,0.11695800236427743,0.0014607657420725045,1,1
M0_balanced,low,4,0.25,0.4,1,9.75367546081543,23.391600472855487,-0.035284996032714844,10.663429260253906,10.698714256286621,0.035284996032714844,0.11695800236427743,0.0014607657420725045,1,1
M1_margin,low,4,0.25,0.4,1,9.75367546081543,23.391600472855487,0.08591651916503906,12.605880737304688,12.519964218139648,-0.08591651916503906,0.11695800236427743,0.0014607657420725045,1,1
M2_popmass,low,4,0.25,0.4,1,9.75367546081543,23.391600472855487,-0.030889511108398438,10.836793899536133,10.867683410644531,0.030889511108398438,0.11695800236427743,0.0014607657420725045,1,1
M0_balanced,low,4,0.25,0.1,2,9.798913955688477,23.395575992021687,-0.035266876220703125,10.663429260253906,10.69869613647461,0.035266876220703125,0.11697787996010844,0.0014610140064959536,1,0
M1_margin,low,4,0.25,0.1,2,9.798913955688477,23.395575992021687,0.0859384536743164,12.605880737304688,12.519942283630371,-0.0859384536743164,0.11697787996010844,0.0014610140064959536,1,0
M2_popmass,low,4,0.25,0.1,2,9.798913955688477,23.395575992021687,-0.030870437622070312,10.836793899536133,10.867664337158203,0.030870437622070312,0.11697787996010844,0.0014610140064959536,1,0
M0_balanced,low,4,0.25,0.2,2,9.754005432128906,23.39218545491104,-0.03516387939453125,10.663429260253906,10.698593139648438,0.03516387939453125,0.1169609272745552,0.0014608022732088615,1,1
M1_margin,low,4,0.25,0.2,2,9.754005432128906,23.39218545491104,0.08605384826660156,12.605880737304688,12.519826889038086,-0.08605384826660156,0.1169609272745552,0.0014608022732088615,1,1
M2_popmass,low,4,0.25,0.2,2,9.754005432128906,23.39218545491104,-0.030765533447265625,10.836793899536133,10.867559432983398,0.030765533447265625,0.1169609272745552,0.0014608022732088615,1,1
M0_balanced,low,4,0.25,0.4,2,9.753084182739258,23.387626023485343,-0.035228729248046875,10.663429260253906,10.698657989501953,0.035228729248046875,0.11693813011742671,0.0014605175444560034,1,2
M1_margin,low,4,0.25,0.4,2,9.753084182739258,23.387626023485343,0.08601665496826172,12.605880737304688,12.519864082336426,-0.08601665496826172,0.11693813011742671,0.0014605175444560034,1,2
M2_popmass,low,4,0.25,0.4,2,9.753084182739258,23.387626023485343,-0.03083324432373047,10.836793899536133,10.867627143859863,0.03083324432373047,0.11693813011742671,0.0014605175444560034,1,2
M0_balanced,low,4,0.25,0.1,3,9.765718460083008,23.41243407860519,-0.03550148010253906,10.663429260253906,10.698930740356445,0.03550148010253906,0.11706217039302595,0.0014620667653863358,1,0
M1_margin,low,4,0.25,0.1,3,9.765718460083008,23.41243407860519,0.08544063568115234,12.605880737304688,12.520440101623535,-0.08544063568115234,0.11706217039302595,0.0014620667653863358,1,0
M2_popmass,low,4,0.25,0.1,3,9.765718460083008,23.41243407860519,-0.031106948852539062,10.836793899536133,10.867900848388672,0.031106948852539062,0.11706217039302595,0.0014620667653863358,1,0
M0_balanced,low,4,0.25,0.2,3,9.703027725219727,23.406244164321095,-0.03553009033203125,10.663429260253906,10.698959350585938,0.03553009033203125,0.11703122082160547,0.0014616802157467305,1,1
M1_margin,low,4,0.25,0.2,3,9.703027725219727,23.406244164321095,0.08539962768554688,12.605880737304688,12.52048110961914,-0.08539962768554688,0.11703122082160547,0.0014616802157467305,1,1
M2_popmass,low,4,0.25,0.2,3,9.703027725219727,23.406244164321095,-0.031134605407714844,10.836793899536133,10.867928504943848,0.031134605407714844,0.11703122082160547,0.0014616802157467305,1,1
M0_balanced,low,4,0.25,0.4,3,9.704626083374023,23.3993821958623,-0.03540611267089844,10.663429260253906,10.698835372924805,0.03540611267089844,0.11699691097931152,0.0014612516974647338,1,2
M1_margin,low,4,0.25,0.4,3,9.704626083374023,23.3993821958623,0.08562278747558594,12.605880737304688,12.520257949829102,-0.08562278747558594,0.11699691097931152,0.0014612516974647338,1,2
M2_popmass,low,4,0.25,0.4,3,9.704626083374023,23.3993821958623,-0.031009674072265625,10.836793899536133,10.867803573608398,0.031009674072265625,0.11699691097931152,0.0014612516974647338,1,2
M0_balanced,low,4,0.25,0.1,4,9.764899253845215,23.41113692345375,-0.03550910949707031,10.663429260253906,10.698938369750977,0.03550910949707031,0.11705568461726876,0.0014619857602490613,1,0
M1_margin,low,4,0.25,0.1,4,9.764899253845215,23.41113692345375,0.08542633056640625,12.605880737304688,12.520454406738281,-0.08542633056640625,0.11705568461726876,0.0014619857602490613,1,0
M2_popmass,low,4,0.25,0.1,4,9.764899253845215,23.41113692345375,-0.03111553192138672,10.836793899536133,10.86790943145752,0.03111553192138672,0.11705568461726876,0.0014619857602490613,1,0
M0_balanced,low,4,0.25,0.2,4,9.764899253845215,23.41113692345375,-0.03550910949707031,10.663429260253906,10.698938369750977,0.03550910949707031,0.11705568461726876,0.0014619857602490613,1,0
M1_margin,low,4,0.25,0.2,4,9.764899253845215,23.41113692345375,0.08542633056640625,12.605880737304688,12.520454406738281,-0.08542633056640625,0.11705568461726876,0.0014619857602490613,1,0
M2_popmass,low,4,0.25,0.2,4,9.764899253845215,23.41113692345375,-0.03111553192138672,10.836793899536133,10.86790943145752,0.03111553192138672,0.11705568461726876,0.0014619857602490613,1,0
M0_balanced,low,4,0.25,0.4,4,9.764899253845215,23.41113692345375,-0.03550910949707031,10.663429260253906,10.698938369750977,0.03550910949707031,0.11705568461726876,0.0014619857602490613,1,0
M1_margin,low,4,0.25,0.4,4,9.764899253845215,23.41113692345375,0.08542633056640625,12.605880737304688,12.520454406738281,-0.08542633056640625,0.11705568461726876,0.0014619857602490613,1,0
M2_popmass,low,4,0.25,0.4,4,9.764899253845215,23.41113692345375,-0.03111553192138672,10.836793899536133,10.86790943145752,0.03111553192138672,0.11705568461726876,0.0014619857602490613,1,0
M0_balanced,low,5,0.25,0.1,0,7.954774379730225,19.62601913942503,-0.1921682357788086,10.663429260253906,10.855597496032715,0.1921682357788086,0.09813009569712515,0.0012256115799087802,1,0
M1_margin,low,5,0.25,0.1,0,7.954774379730225,19.62601913942503,-0.33379364013671875,12.605880737304688,12.939674377441406,0.33379364013671875,0.09813009569712515,0.0012256115799087802,1,0
M2_popmass,low,5,0.25,0.1,0,7.954774379730225,19.62601913942503,-0.1913900375366211,10.836793899536133,11.028183937072754,0.1913900375366211,0.09813009569712515,0.0012256115799087802,1,0
M0_balanced,low,5,0.25,0.2,0,7.954774379730225,19.62601913942503,-0.1921682357788086,10.663429260253906,10.855597496032715,0.1921682357788086,0.09813009569712515,0.0012256115799087802,1,0
M1_margin,low,5,0.25,0.2,0,7.954774379730225,19.62601913942503,-0.33379364013671875,12.605880737304688,12.939674377441406,0.33379364013671875,0.09813009569712515,0.0012256115799087802,1,0
M2_popmass,low,5,0.25,0.2,0,7.954774379730225,19.62601913942503,-0.1913900375366211,10.836793899536133,11.028183937072754,0.1913900375366211,0.09813009569712515,0.0012256115799087802,1,0
M0_balanced,low,5,0.25,0.4,0,7.954774379730225,19.62601913942503,-0.1921682357788086,10.663429260253906,10.855597496032715,0.1921682357788086,0.09813009569712515,0.0012256115799087802,1,0
M1_margin,low,5,0.25,0.4,0,7.954774379730225,19.62601913942503,-0.33379364013671875,12.605880737304688,12.939674377441406,0.33379364013671875,0.09813009569712515,0.0012256115799087802,1,0
M2_popmass,low,5,0.25,0.4,0,7.954774379730225,19.62601913942503,-0.1913900375366211,10.836793899536133,11.028183937072754,0.1913900375366211,0.09813009569712515,0.0012256115799087802,1,0
M0_balanced,low,5,0.25,0.1,1,7.925727367401123,19.660955425214087,-0.19272613525390625,10.663429260253906,10.856155395507812,0.19272613525390625,0.09830477712607044,0.00122779329165164,1,0
M1_margin,low,5,0.25,0.1,1,7.925727367401123,19.660955425214087,-0.3337869644165039,12.605880737304688,12.939667701721191,0.3337869644165039,0.09830477712607044,0.00122779329165164,1,0
M2_popmass,low,5,0.25,0.1,1,7.925727367401123,19.660955425214087,-0.19193649291992188,10.836793899536133,11.028730392456055,0.19193649291992188,0.09830477712607044,0.00122779329165164,1,0
M0_balanced,low,5,0.25,0.2,1,7.925727367401123,19.660955425214087,-0.19272613525390625,10.663429260253906,10.856155395507812,0.19272613525390625,0.09830477712607044,0.00122779329165164,1,0
M1_margin,low,5,0.25,0.2,1,7.925727367401123,19.660955425214087,-0.3337869644165039,12.605880737304688,12.939667701721191,0.3337869644165039,0.09830477712607044,0.00122779329165164,1,0
M2_popmass,low,5,0.25,0.2,1,7.925727367401123,19.660955425214087,-0.19193649291992188,10.836793899536133,11.028730392456055,0.19193649291992188,0.09830477712607044,0.00122779329165164,1,0
M0_balanced,low,5,0.25,0.4,1,7.958617687225342,19.644980550788684,-0.1922597885131836,10.663429260253906,10.85568904876709,0.1922597885131836,0.09822490275394342,0.0012267956878612698,1,1
M1_margin,low,5,0.25,0.4,1,7.958617687225342,19.644980550788684,-0.3329887390136719,12.605880737304688,12.93886947631836,0.3329887390136719,0.09822490275394342,0.0012267956878612698,1,1
M2_popmass,low,5,0.25,0.4,1,7.958617687225342,19.644980550788684,-0.19146442413330078,10.836793899536133,11.028258323669434,0.19146442413330078,0.09822490275394342,0.0012267956878612698,1,1
M0_balanced,low,5,0.25,0.1,2,7.923006057739258,19.661473594886765,-0.1927471160888672,10.663429260253906,10.856176376342773,0.1927471160888672,0.09830736797443383,0.0012278256504681007,1,0
M1_margin,low,5,0.25,0.1,2,7.923006057739258,19.661473594886765,-0.33382606506347656,12.605880737304688,12.939706802368164,0.33382606506347656,0.09830736797443383,0.0012278256504681007,1,0
M2_popmass,low,5,0.25,0.1,2,7.923006057739258,19.661473594886765,-0.19195842742919922,10.836793899536133,11.028752326965332,0.19195842742919922,0.09830736797443383,0.0012278256504681007,1,0
M0_balanced,low,5,0.25,0.2,2,7.923006057739258,19.661473594886765,-0.1927471160888672,10.663429260253906,10.856176376342773,0.1927471160888672,0.09830736797443383,0.0012278256504681007,1,0
M1_margin,low,5,0.25,0.2,2,7.923006057739258,19.661473594886765,-0.33382606506347656,12.605880737304688,12.939706802368164,0.33382606506347656,0.09830736797443383,0.0012278256504681007,1,0
M2_popmass,low,5,0.25,0.2,2,7.923006057739258,19.661473594886765,-0.19195842742919922,10.836793899536133,11.028752326965332,0.19195842742919922,0.09830736797443383,0.0012278256504681007,1,0
M0_balanced,low,5,0.25,0.4,2,7.923006057739258,19.661473594886765,-0.1927471160888672,10.663429260253906,10.856176376342773,0.1927471160888672,0.09830736797443383,0.0012278256504681007,1,0
M1_margin,low,5,0.25,0.4,2,7.923006057739258,19.661473594886765,-0.33382606506347656,12.605880737304688,12.939706802368164,0.33382606506347656,0.09830736797443383,0.0012278256504681007,1,0
M2_popmass,low,5,0.25,0.4,2,7.923006057739258,19.661473594886765,-0.19195842742919922,10.836793899536133,11.028752326965332,0.19195842742919922,0.09830736797443383,0.0012278256504681007,1,0
M0_balanced,low,5,0.25,0.1,3,7.956028938293457,19.625609329450672,-0.1921558380126953,10.663429260253906,10.855585098266602,0.1921558380126953,0.09812804664725336,0.0012255859879715377,1,0
M1_margin,low,5,0.25,0.1,3,7.956028938293457,19.625609329450672,-0.3337831497192383,12.605880737304688,12.939663887023926,0.3337831497192383,0.09812804664725336,0.0012255859879715377,1,0
M2_popmass,low,5,0.25,0.1,3,7.956028938293457,19.625609329450672,-0.1913776397705078,10.836793899536133,11.02817153930664,0.1913776397705078,0.09812804664725336,0.0012255859879715377,1,0
M0_balanced,low,5,0.25,0.2,3,7.956028938293457,19.625609329450672,-0.1921558380126953,10.663429260253906,10.855585098266602,0.1921558380126953,0.09812804664725336,0.0012255859879715377,1,0
M1_margin,low,5,0.25,0.2,3,7.956028938293457,19.625609329450672,-0.3337831497192383,12.605880737304688,12.939663887023926,0.3337831497192383,0.09812804664725336,0.0012255859879715377,1,0
M2_popmass,low,5,0.25,0.2,3,7.956028938293457,19.625609329450672,-0.1913776397705078,10.836793899536133,11.02817153930664,0.1913776397705078,0.09812804664725336,0.0012255859879715377,1,0
M0_balanced,low,5,0.25,0.4,3,7.956028938293457,19.625609329450672,-0.1921558380126953,10.663429260253906,10.855585098266602,0.1921558380126953,0.09812804664725336,0.0012255859879715377,1,0
M1_margin,low,5,0.25,0.4,3,7.956028938293457,19.625609329450672,-0.3337831497192383,12.605880737304688,12.939663887023926,0.3337831497192383,0.09812804664725336,0.0012255859879715377,1,0
M2_popmass,low,5,0.25,0.4,3,7.956028938293457,19.625609329450672,-0.1913776397705078,10.836793899536133,11.02817153930664,0.1913776397705078,0.09812804664725336,0.0012255859879715377,1,0
M0_balanced,low,5,0.25,0.1,4,7.9262776374816895,19.66066135572208,-0.1927051544189453,10.663429260253906,10.856134414672852,0.1927051544189453,0.0983033067786104,0.0012277749275110496,1,0
M1_margin,low,5,0.25,0.1,4,7.9262776374816895,19.66066135572208,-0.3337688446044922,12.605880737304688,12.93964958190918,0.3337688446044922,0.0983033067786104,0.0012277749275110496,1,0
M2_popmass,low,5,0.25,0.1,4,7.9262776374816895,19.66066135572208,-0.19191455841064453,10.836793899536133,11.028708457946777,0.19191455841064453,0.0983033067786104,0.0012277749275110496,1,0
M0_balanced,low,5,0.25,0.2,4,7.9262776374816895,19.66066135572208,-0.1927051544189453,10.663429260253906,10.856134414672852,0.1927051544189453,0.0983033067786104,0.0012277749275110496,1,0
M1_margin,low,5,0.25,0.2,4,7.9262776374816895,19.66066135572208,-0.3337688446044922,12.605880737304688,12.93964958190918,0.3337688446044922,0.0983033067786104,0.0012277749275110496,1,0
M2_popmass,low,5,0.25,0.2,4,7.9262776374816895,19.66066135572208,-0.19191455841064453,10.836793899536133,11.028708457946777,0.19191455841064453,0.0983033067786104,0.0012277749275110496,1,0
M0_balanced,low,5,0.25,0.4,4,7.9262776374816895,19.66066135572208,-0.1927051544189453,10.663429260253906,10.856134414672852,0.1927051544189453,0.0983033067786104,0.0012277749275110496,1,0
M1_margin,low,5,0.25,0.4,4,7.9262776374816895,19.66066135572208,-0.3337688446044922,12.605880737304688,12.93964958190918,0.3337688446044922,0.0983033067786104,0.0012277749275110496,1,0
M2_popmass,low,5,0.25,0.4,4,7.9262776374816895,19.66066135572208,-0.19191455841064453,10.836793899536133,11.028708457946777,0.19191455841064453,0.0983033067786104,0.0012277749275110496,1,0
M0_balanced,low,6,0.375,0.1,0,10.20120906829834,16.49612596255037,-0.1170358657836914,10.663429260253906,10.780465126037598,0.1170358657836914,0.08248062981275185,0.0010301550640354625,1,1
M1_margin,low,6,0.375,0.1,0,10.20120906829834,16.49612596255037,-0.2532501220703125,12.605880737304688,12.859130859375,0.2532501220703125,0.08248062981275185,0.0010301550640354625,1,1
M2_popmass,low,6,0.375,0.1,0,10.20120906829834,16.49612596255037,-0.11606216430664062,10.836793899536133,10.952856063842773,0.11606216430664062,0.08248062981275185,0.0010301550640354625,1,1
M0_balanced,low,6,0.375,0.2,0,10.20003890991211,16.488369477625444,-0.11717510223388672,10.663429260253906,10.780604362487793,0.11717510223388672,0.08244184738812722,0.0010296706847186057,1,2
M1_margin,low,6,0.375,0.2,0,10.20003890991211,16.488369477625444,-0.2536029815673828,12.605880737304688,12.85948371887207,0.2536029815673828,0.08244184738812722,0.0010296706847186057,1,2
M2_popmass,low,6,0.375,0.2,0,10.20003890991211,16.488369477625444,-0.11620521545410156,10.836793899536133,10.952999114990234,0.11620521545410156,0.08244184738812722,0.0010296706847186057,1,2
M0_balanced,low,6,0.375,0.4,0,10.238687515258789,16.503094993229038,-0.1178436279296875,10.663429260253906,10.781272888183594,0.1178436279296875,0.08251547496614518,0.0010305902681713515,1,3
M1_margin,low,6,0.375,0.4,0,10.238687515258789,16.503094993229038,-0.2554340362548828,12.605880737304688,12.86131477355957,0.2554340362548828,0.08251547496614518,0.0010305902681713515,1,3
M2_popmass,low,6,0.375,0.4,0,10.238687515258789,16.503094993229038,-0.1168966293334961,10.836793899536133,10.953690528869629,0.1168966293334961,0.08251547496614518,0.0010305902681713515,1,3
M0_balanced,low,6,0.375,0.1,1,10.202091217041016,16.496734586928813,-0.11704254150390625,10.663429260253906,10.780471801757812,0.11704254150390625,0.08248367293464406,0.001030193071594751,1,1
M1_margin,low,6,0.375,0.1,1,10.202091217041016,16.496734586928813,-0.253265380859375,12.605880737304688,12.859146118164062,0.253265380859375,0.08248367293464406,0.001030193071594751,1,1
M2_popmass,low,6,0.375,0.1,1,10.202091217041016,16.496734586928813,-0.11606884002685547,10.836793899536133,10.952862739562988,0.11606884002685547,0.08248367293464406,0.001030193071594751,1,1
M0_balanced,low,6,0.375,0.2,1,10.202091217041016,16.496734586928813,-0.11704254150390625,10.663429260253906,10.780471801757812,0.11704254150390625,0.08248367293464406,0.001030193071594751,1,1
M1_margin,low,6,0.375,0.2,1,10.202091217041016,16.496734586928813,-0.253265380859375,12.605880737304688,12.859146118164062,0.253265380859375,0.08248367293464406,0.001030193071594751,1,1
M2_popmass,low,6,0.375,0.2,1,10.202091217041016,16.496734586928813,-0.11606884002685547,10.836793899536133,10.952862739562988,0.11606884002685547,0.08248367293464406,0.001030193071594751,1,1
M0_balanced,low,6,0.375,0.4,1,10.202091217041016,16.496734586928813,-0.11704254150390625,10.663429260253906,10.780471801757812,0.11704254150390625,0.08248367293464406,0.001030193071594751,1,1
M1_margin,low,6,0.375,0.4,1,10.202091217041016,16.496734586928813,-0.253265380859375,12.605880737304688,12.859146118164062,0.253265380859375,0.08248367293464406,0.001030193071594751,1,1
M2_popmass,low,6,0.375,0.4,1,10.202091217041016,16.496734586928813,-0.11606884002685547,10.836793899536133,10.952862739562988,0.11606884002685547,0.08248367293464406,0.001030193071594751,1,1
M0_balanced,low,6,0.375,0.1,2,10.206412315368652,16.512075069475376,-0.11699676513671875,10.663429260253906,10.780426025390625,0.11699676513671875,0.08256037534737688,0.0010311510586891732,1,0
M1_margin,low,6,0.375,0.1,2,10.206412315368652,16.512075069475376,-0.25310802459716797,12.605880737304688,12.858988761901855,0.25310802459716797,0.08256037534737688,0.0010311510586891732,1,0
M2_popmass,low,6,0.375,0.1,2,10.206412315368652,16.512075069475376,-0.11602401733398438,10.836793899536133,10.952817916870117,0.11602401733398438,0.08256037534737688,0.0010311510586891732,1,0
M0_balanced,low,6,0.375,0.2,2,10.206412315368652,16.512075069475376,-0.11699676513671875,10.663429260253906,10.780426025390625,0.11699676513671875,0.08256037534737688,0.0010311510586891732,1,0
M1_margin,low,6,0.375,0.2,2,10.206412315368652,16.512075069475376,-0.25310802459716797,12.605880737304688,12.858988761901855,0.25310802459716797,0.08256037534737688,0.0010311510586891732,1,0
M2_popmass,low,6,0.375,0.2,2,10.206412315368652,16.512075069475376,-0.11602401733398438,10.836793899536133,10.952817916870117,0.11602401733398438,0.08256037534737688,0.0010311510586891732,1,0
M0_balanced,low,6,0.375,0.4,2,10.22906494140625,16.51256246452963,-0.1171121597290039,10.663429260253906,10.78054141998291,0.1171121597290039,0.08256281232264816,0.0010311814956829538,1,1
M1_margin,low,6,0.375,0.4,2,10.22906494140625,16.51256246452963,-0.25337982177734375,12.605880737304688,12.859260559082031,0.25337982177734375,0.08256281232264816,0.0010311814956829538,1,1
M2_popmass,low,6,0.375,0.4,2,10.22906494140625,16.51256246452963,-0.11614131927490234,10.836793899536133,10.952935218811035,0.11614131927490234,0.08256281232264816,0.0010311814956829538,1,1
M0_balanced,low,6,0.375,0.1,3,10.203628540039062,16.511784062387008,-0.11697578430175781,10.663429260253906,10.780405044555664,0.11697578430175781,0.08255892031193504,0.0010311328857904919,1,0
M1_margin,low,6,0.375,0.1,3,10.203628540039062,16.511784062387008,-0.25304222106933594,12.605880737304688,12.858922958374023,0.25304222106933594,0.08255892031193504,0.0010311328857904919,1,0
M2_popmass,low,6,0.375,0.1,3,10.203628540039062,16.511784062387008,-0.11600208282470703,10.836793899536133,10.95279598236084,0.11600208282470703,0.08255892031193504,0.0010311328857904919,1,0
M0_balanced,low,6,0.375,0.2,3,10.210376739501953,16.49276166580999,-0.1172189712524414,10.663429260253906,10.780648231506348,0.1172189712524414,0.08246380832904995,0.0010299449694149505,1,2
M1_margin,low,6,0.375,0.2,3,10.210376739501953,16.49276166580999,-0.25372791290283203,12.605880737304688,12.85960865020752,0.25372791290283203,0.08246380832904995,0.0010299449694149505,1,2
M2_popmass,low,6,0.375,0.2,3,10.210376739501953,16.49276166580999,-0.11624717712402344,10.836793899536133,10.953041076660156,0.11624717712402344,0.08246380832904995,0.0010299449694149505,1,2
M0_balanced,low,6,0.375,0.4,3,10.210376739501953,16.49276166580999,-0.1172189712524414,10.663429260253906,10.780648231506348,0.1172189712524414,0.08246380832904995,0.0010299449694149505,1,2
M1_margin,low,6,0.375,0.4,3,10.210376739501953,16.49276166580999,-0.25372791290283203,12.605880737304688,12.85960865020752,0.25372791290283203,0.08246380832904995,0.0010299449694149505,1,2
M2_popmass,low,6,0.375,0.4,3,10.210376739501953,16.49276166580999,-0.11624717712402344,10.836793899536133,10.953041076660156,0.11624717712402344,0.08246380832904995,0.0010299449694149505,1,2
M0_balanced,low,6,0.375,0.1,4,10.21524429321289,16.50069478161689,-0.11720466613769531,10.663429260253906,10.780633926391602,0.11720466613769531,0.08250347390808445,0.0010304403790305542,1,1
M1_margin,low,6,0.375,0.1,4,10.21524429321289,16.50069478161689,-0.2536287307739258,12.605880737304688,12.859509468078613,0.2536287307739258,0.08250347390808445,0.0010304403790305542,1,1
M2_popmass,low,6,0.375,0.1,4,10.21524429321289,16.50069478161689,-0.11623859405517578,10.836793899536133,10.953032493591309,0.11623859405517578,0.08250347390808445,0.0010304403790305542,1,1
M0_balanced,low,6,0.375,0.2,4,10.217721939086914,16.483678194814654,-0.11715888977050781,10.663429260253906,10.780588150024414,0.11715888977050781,0.08241839097407327,0.0010293777220705676,1,2
M1_margin,low,6,0.375,0.2,4,10.217721939086914,16.483678194814654,-0.25353050231933594,12.605880737304688,12.859411239624023,0.25353050231933594,0.08241839097407327,0.0010293777220705676,1,2
M2_popmass,low,6,0.375,0.2,4,10.217721939086914,16.483678194814654,-0.1161947250366211,10.836793899536133,10.952988624572754,0.1161947250366211,0.08241839097407327,0.0010293777220705676,1,2
M0_balanced,low,6,0.375,0.4,4,10.242317199707031,16.493309176412087,-0.1177520751953125,10.663429260253906,10.781181335449219,0.1177520751953125,0.08246654588206044,0.0010299791605226474,1,3
M1_margin,low,6,0.375,0.4,4,10.242317199707031,16.493309176412087,-0.25518226623535156,12.605880737304688,12.861063003540039,0.25518226623535156,0.08246654588206044,0.0010299791605226474,1,3
M2_popmass,low,6,0.375,0.4,4,10.242317199707031,16.493309176412087,-0.1168069839477539,10.836793899536133,10.953600883483887,0.1168069839477539,0.08246654588206044,0.0010299791605226474,1,3
M0_balanced,low,7,0.375,0.1,0,9.511672973632812,14.541626857058892,0.04923439025878906,10.663429260253906,10.614194869995117,-0.04923439025878906,0.07270813428529446,0.0009080999126777591,1,1
M1_margin,low,7,0.375,0.1,0,9.511672973632812,14.541626857058892,0.14340686798095703,12.605880737304688,12.46247386932373,-0.14340686798095703,0.07270813428529446,0.0009080999126777591,1,1
M2_popmass,low,7,0.375,0.1,0,9.511672973632812,14.541626857058892,0.050457000732421875,10.836793899536133,10.786336898803711,-0.050457000732421875,0.07270813428529446,0.0009080999126777591,1,1
M0_balanced,low,7,0.375,0.2,0,9.511672973632812,14.541626857058892,0.04923439025878906,10.663429260253906,10.614194869995117,-0.04923439025878906,0.07270813428529446,0.0009080999126777591,1,1
M1_margin,low,7,0.375,0.2,0,9.511672973632812,14.541626857058892,0.14340686798095703,12.605880737304688,12.46247386932373,-0.14340686798095703,0.07270813428529446,0.0009080999126777591,1,1
M2_popmass,low,7,0.375,0.2,0,9.511672973632812,14.541626857058892,0.050457000732421875,10.836793899536133,10.786336898803711,-0.050457000732421875,0.07270813428529446,0.0009080999126777591,1,1
M0_balanced,low,7,0.375,0.4,0,9.541687965393066,14.512520308852428,0.0492401123046875,10.663429260253906,10.614189147949219,-0.0492401123046875,0.07256260154426214,0.0009062822581508991,1,2
M1_margin,low,7,0.375,0.4,0,9.541687965393066,14.512520308852428,0.14325428009033203,12.605880737304688,12.462626457214355,-0.14325428009033203,0.07256260154426214,0.0009062822581508991,1,2
M2_popmass,low,7,0.375,0.4,0,9.541687965393066,14.512520308852428,0.050459861755371094,10.836793899536133,10.786334037780762,-0.050459861755371094,0.07256260154426214,0.0009062822581508991,1,2
M0_balanced,low,7,0.375,0.1,1,9.51618766784668,14.53422591725901,0.04929924011230469,10.663429260253906,10.614130020141602,-0.04929924011230469,0.07267112958629506,0.00090763773655042,1,0
M1_margin,low,7,0.375,0.1,1,9.51618766784668,14.53422591725901,0.14325332641601562,12.605880737304688,12.462627410888672,-0.14325332641601562,0.07267112958629506,0.00090763773655042,1,0
M2_popmass,low,7,0.375,0.1,1,9.51618766784668,14.53422591725901,0.05051898956298828,10.836793899536133,10.786274909973145,-0.05051898956298828,0.07267112958629506,0.00090763773655042,1,0
M0_balanced,low,7,0.375,0.2,1,9.504701614379883,14.553340837813318,0.048943519592285156,10.663429260253906,10.614485740661621,-0.048943519592285156,0.0727667041890666,0.0009088314308912829,1,1
M1_margin,low,7,0.375,0.2,1,9.504701614379883,14.553340837813318,0.14278602600097656,12.605880737304688,12.463094711303711,-0.14278602600097656,0.0727667041890666,0.0009088314308912829,1,1
M2_popmass,low,7,0.375,0.2,1,9.504701614379883,14.553340837813318,0.050151824951171875,10.836793899536133,10.786642074584961,-0.050151824951171875,0.0727667041890666,0.0009088314308912829,1,1
M0_balanced,low,7,0.375,0.4,1,9.5040283203125,14.54130678955122,0.04891395568847656,10.663429260253906,10.61451530456543,-0.04891395568847656,0.0727065339477561,0.0009080799250052225,1,2
M1_margin,low,7,0.375,0.4,1,9.5040283203125,14.54130678955122,0.1427745819091797,12.605880737304688,12.463106155395508,-0.1427745819091797,0.0727065339477561,0.0009080799250052225,1,2
M2_popmass,low,7,0.375,0.4,1,9.5040283203125,14.54130678955122,0.05012321472167969,10.836793899536133,10.786670684814453,-0.05012321472167969,0.0727065339477561,0.0009080799250052225,1,2
M0_balanced,low,7,0.375,0.1,2,9.3921537399292,14.576701608939288,0.04904937744140625,10.663429260253906,10.6143798828125,-0.04904937744140625,0.07288350804469644,0.0009102902713929754,1,1
M1_margin,low,7,0.375,0.1,2,9.3921537399292,14.576701608939288,0.14273452758789062,12.605880737304688,12.463146209716797,-0.14273452758789062,0.07288350804469644,0.0009102902713929754,1,1
M2_popmass,low,7,0.375,0.1,2,9.3921537399292,14.576701608939288,0.050261497497558594,10.836793899536133,10.786532402038574,-0.050261497497558594,0.07288350804469644,0.0009102902713929754,1,1
M0_balanced,low,7,0.375,0.2,2,9.3921537399292,14.576701608939288,0.04904937744140625,10.663429260253906,10.6143798828125,-0.04904937744140625,0.07288350804469644,0.0009102902713929754,1,1
M1_margin,low,7,0.375,0.2,2,9.3921537399292,14.576701608939288,0.14273452758789062,12.605880737304688,12.463146209716797,-0.14273452758789062,0.07288350804469644,0.0009102902713929754,1,1
M2_popmass,low,7,0.375,0.2,2,9.3921537399292,14.576701608939288,0.050261497497558594,10.836793899536133,10.786532402038574,-0.050261497497558594,0.07288350804469644,0.0009102902713929754,1,1
M0_balanced,low,7,0.375,0.4,2,9.441354751586914,14.561948995905597,0.048933982849121094,10.663429260253906,10.614495277404785,-0.048933982849121094,0.07280974497952798,0.0009093689957517179,1,3
M1_margin,low,7,0.375,0.4,2,9.441354751586914,14.561948995905597,0.14293193817138672,12.605880737304688,12.4629487991333,-0.14293193817138672,0.07280974497952798,0.0009093689957517179,1,3
M2_popmass,low,7,0.375,0.4,2,9.441354751586914,14.561948995905597,0.05014514923095703,10.836793899536133,10.786648750305176,-0.05014514923095703,0.07280974497952798,0.0009093689957517179,1,3
M0_balanced,low,7,0.375,0.1,3,9.46259593963623,14.5402679001081,0.04917335510253906,10.663429260253906,10.614255905151367,-0.04917335510253906,0.0727013395005405,0.0009080150481230241,1,1
M1_margin,low,7,0.375,0.1,3,9.46259593963623,14.5402679001081,0.14327526092529297,12.605880737304688,12.462605476379395,-0.14327526092529297,0.0727013395005405,0.0009080150481230241,1,1
M2_popmass,low,7,0.375,0.1,3,9.46259593963623,14.5402679001081,0.05039405822753906,10.836793899536133,10.786399841308594,-0.05039405822753906,0.0727013395005405,0.0009080150481230241,1,1
M0_balanced,low,7,0.375,0.2,3,9.515417098999023,14.530824764286365,0.04928779602050781,10.663429260253906,10.614141464233398,-0.04928779602050781,0.07265412382143183,0.0009074253403207668,1,3
M1_margin,low,7,0.375,0.2,3,9.515417098999023,14.530824764286365,0.14375019073486328,12.605880737304688,12.462130546569824,-0.14375019073486328,0.07265412382143183,0.0009074253403207668,1,3
M2_popmass,low,7,0.375,0.2,3,9.515417098999023,14.530824764286365,0.050518035888671875,10.836793899536133,10.786275863647461,-0.050518035888671875,0.07265412382143183,0.0009074253403207668,1,3
M0_balanced,low,7,0.375,0.4,3,9.480432510375977,14.541328356263259,0.0486602783203125,10.663429260253906,10.614768981933594,-0.0486602783203125,0.07270664178131629,0.0009080812718097796,1,5
M1_margin,low,7,0.375,0.4,3,9.480432510375977,14.541328356263259,0.14231586456298828,12.605880737304688,12.4635648727417,-0.14231586456298828,0.07270664178131629,0.0009080812718097796,1,5
M2_popmass,low,7,0.375,0.4,3,9.480432510375977,14.541328356263259,0.04986000061035156,10.836793899536133,10.786933898925781,-0.04986000061035156,0.07270664178131629,0.0009080812718097796,1,5
M0_balanced,low,7,0.375,0.1,4,9.406489372253418,14.548069514767658,0.04944896697998047,10.663429260253906,10.613980293273926,-0.04944896697998047,0.0727403475738383,0.0009085022457152007,1,0
M1_margin,low,7,0.375,0.1,4,9.406489372253418,14.548069514767658,0.1434640884399414,12.605880737304688,12.462416648864746,-0.1434640884399414,0.0727403475738383,0.0009085022457152007,1,0
M2_popmass,low,7,0.375,0.1,4,9.406489372253418,14.548069514767658,0.050675392150878906,10.836793899536133,10.786118507385254,-0.050675392150878906,0.0727403475738383,0.0009085022457152007,1,0
M0_balanced,low,7,0.375,0.2,4,9.406489372253418,14.548069514767658,0.04944896697998047,10.663429260253906,10.613980293273926,-0.04944896697998047,0.0727403475738383,0.0009085022457152007,1,0
M1_margin,low,7,0.375,0.2,4,9.406489372253418,14.548069514767658,0.1434640884399414,12.605880737304688,12.462416648864746,-0.1434640884399414,0.0727403475738383,0.0009085022457152007,1,0
M2_popmass,low,7,0.375,0.2,4,9.406489372253418,14.548069514767658,0.050675392150878906,10.836793899536133,10.786118507385254,-0.050675392150878906,0.0727403475738383,0.0009085022457152007,1,0
M0_balanced,low,7,0.375,0.4,4,9.406489372253418,14.548069514767658,0.04944896697998047,10.663429260253906,10.613980293273926,-0.04944896697998047,0.0727403475738383,0.0009085022457152007,1,0
M1_margin,low,7,0.375,0.4,4,9.406489372253418,14.548069514767658,0.1434640884399414,12.605880737304688,12.462416648864746,-0.1434640884399414,0.0727403475738383,0.0009085022457152007,1,0
M2_popmass,low,7,0.375,0.4,4,9.406489372253418,14.548069514767658,0.050675392150878906,10.836793899536133,10.786118507385254,-0.050675392150878906,0.0727403475738383,0.0009085022457152007,1,0
M0_balanced,low,8,0.375,0.1,0,8.165202140808105,15.893681435712178,0.011322975158691406,10.663429260253906,10.652106285095215,-0.011322975158691406,0.0794684071785609,0.0009925334259895525,1,0
M1_margin,low,8,0.375,0.1,0,8.165202140808105,15.893681435712178,0.106536865234375,12.605880737304688,12.499343872070312,-0.106536865234375,0.0794684071785609,0.0009925334259895525,1,0
M2_popmass,low,8,0.375,0.1,0,8.165202140808105,15.893681435712178,0.01178741455078125,10.836793899536133,10.825006484985352,-0.01178741455078125,0.0794684071785609,0.0009925334259895525,1,0
M0_balanced,low,8,0.375,0.2,0,8.191488265991211,15.8684209475593,0.011152267456054688,10.663429260253906,10.652276992797852,-0.011152267456054688,0.0793421047377965,0.0009909559513843166,1,1
M1_margin,low,8,0.375,0.2,0,8.191488265991211,15.8684209475593,0.10591983795166016,12.605880737304688,12.499960899353027,-0.10591983795166016,0.0793421047377965,0.0009909559513843166,1,1
M2_popmass,low,8,0.375,0.2,0,8.191488265991211,15.8684209475593,0.011598587036132812,10.836793899536133,10.8251953125,-0.011598587036132812,0.0793421047377965,0.0009909559513843166,1,1
M0_balanced,low,8,0.375,0.4,0,8.299481391906738,15.885314443361661,0.010390281677246094,10.663429260253906,10.65303897857666,-0.010390281677246094,0.07942657221680831,0.0009920109215203093,1,3
M1_margin,low,8,0.375,0.4,0,8.299481391906738,15.885314443361661,0.10353565216064453,12.605880737304688,12.502345085144043,-0.10353565216064453,0.07942657221680831,0.0009920109215203093,1,3
M2_popmass,low,8,0.375,0.4,0,8.299481391906738,15.885314443361661,0.0107879638671875,10.836793899536133,10.826005935668945,-0.0107879638671875,0.07942657221680831,0.0009920109215203093,1,3
M0_balanced,low,8,0.375,0.1,1,8.16401481628418,15.893585016980976,0.011312484741210938,10.663429260253906,10.652116775512695,-0.011312484741210938,0.07946792508490488,0.0009925274048034605,1,0
M1_margin,low,8,0.375,0.1,1,8.16401481628418,15.893585016980976,0.10651874542236328,12.605880737304688,12.499361991882324,-0.10651874542236328,0.07946792508490488,0.0009925274048034605,1,0
M2_popmass,low,8,0.375,0.1,1,8.16401481628418,15.893585016980976,0.011776924133300781,10.836793899536133,10.825016975402832,-0.011776924133300781,0.07946792508490488,0.0009925274048034605,1,0
M0_balanced,low,8,0.375,0.2,1,8.253933906555176,15.864495458962828,0.011318206787109375,10.663429260253906,10.652111053466797,-0.011318206787109375,0.07932247729481415,0.00099071081128502,1,2
M1_margin,low,8,0.375,0.2,1,8.253933906555176,15.864495458962828,0.10654354095458984,12.605880737304688,12.499337196350098,-0.10654354095458984,0.07932247729481415,0.00099071081128502,1,2
M2_popmass,low,8,0.375,0.2,1,8.253933906555176,15.864495458962828,0.011775016784667969,10.836793899536133,10.825018882751465,-0.011775016784667969,0.07932247729481415,0.00099071081128502,1,2
M0_balanced,low,8,0.375,0.4,1,8.253933906555176,15.864495458962828,0.011318206787109375,10.663429260253906,10.652111053466797,-0.011318206787109375,0.07932247729481415,0.00099071081128502,1,2
M1_margin,low,8,0.375,0.4,1,8.253933906555176,15.864495458962828,0.10654354095458984,12.605880737304688,12.499337196350098,-0.10654354095458984,0.07932247729481415,0.00099071081128502,1,2
M2_popmass,low,8,0.375,0.4,1,8.253933906555176,15.864495458962828,0.011775016784667969,10.836793899536133,10.825018882751465,-0.011775016784667969,0.07932247729481415,0.00099071081128502,1,2
M0_balanced,low,8,0.375,0.1,2,8.16500473022461,15.893709299272835,0.011326789855957031,10.663429260253906,10.65210247039795,-0.011326789855957031,0.07946854649636417,0.0009925351660216167,1,0
M1_margin,low,8,0.375,0.1,2,8.16500473022461,15.893709299272835,0.10654067993164062,12.605880737304688,12.499340057373047,-0.10654067993164062,0.07946854649636417,0.0009925351660216167,1,0
M2_popmass,low,8,0.375,0.1,2,8.16500473022461,15.893709299272835,0.011791229248046875,10.836793899536133,10.825002670288086,-0.011791229248046875,0.07946854649636417,0.0009925351660216167,1,0
M0_balanced,low,8,0.375,0.2,2,8.23305892944336,15.867721542574069,0.010820388793945312,10.663429260253906,10.652608871459961,-0.010820388793945312,0.07933860771287035,0.0009909122747302353,1,2
M1_margin,low,8,0.375,0.2,2,8.23305892944336,15.867721542574069,0.1049966812133789,12.605880737304688,12.500884056091309,-0.1049966812133789,0.07933860771287035,0.0009909122747302353,1,2
M2_popmass,low,8,0.375,0.2,2,8.23305892944336,15.867721542574069,0.0112457275390625,10.836793899536133,10.82554817199707,-0.0112457275390625,0.07933860771287035,0.0009909122747302353,1,2
M0_balanced,low,8,0.375,0.4,2,8.283318519592285,15.888062812979605,0.010431289672851562,10.663429260253906,10.652997970581055,-0.010431289672851562,0.07944031406489803,0.0009921825525375672,1,3
M1_margin,low,8,0.375,0.4,2,8.283318519592285,15.888062812979605,0.10376548767089844,12.605880737304688,12.502115249633789,-0.10376548767089844,0.07944031406489803,0.0009921825525375672,1,3
M2_popmass,low,8,0.375,0.4,2,8.283318519592285,15.888062812979605,0.010830879211425781,10.836793899536133,10.825963020324707,-0.010830879211425781,0.07944031406489803,0.0009921825525375672,1,3
M0_balanced,low,8,0.375,0.1,3,8.20679759979248,15.881965118436108,0.011112213134765625,10.663429260253906,10.65231704711914,-0.011112213134765625,0.07940982559218054,0.0009918017618642185,1,1
M1_margin,low,8,0.375,0.1,3,8.20679759979248,15.881965118436108,0.10543060302734375,12.605880737304688,12.500450134277344,-0.10543060302734375,0.07940982559218054,0.0009918017618642185,1,1
M2_popmass,low,8,0.375,0.1,3,8.20679759979248,15.881965118436108,0.011548995971679688,10.836793899536133,10.825244903564453,-0.011548995971679688,0.07940982559218054,0.0009918017618642185,1,1
M0_balanced,low,8,0.375,0.2,3,8.20679759979248,15.881965118436108,0.011112213134765625,10.663429260253906,10.65231704711914,-0.011112213134765625,0.07940982559218054,0.0009918017618642185,1,1
M1_margin,low,8,0.375,0.2,3,8.20679759979248,15.881965118436108,0.10543060302734375,12.605880737304688,12.500450134277344,-0.10543060302734375,0.07940982559218054,0.0009918017618642185,1,1
M2_popmass,low,8,0.375,0.2,3,8.20679759979248,15.881965118436108,0.011548995971679688,10.836793899536133,10.825244903564453,-0.011548995971679688,0.07940982559218054,0.0009918017618642185,1,1
M0_balanced,low,8,0.375,0.4,3,8.302626609802246,15.87412821128946,0.010744094848632812,10.663429260253906,10.652685165405273,-0.010744094848632812,0.0793706410564473,0.0009913123603161322,1,3
M1_margin,low,8,0.375,0.4,3,8.302626609802246,15.87412821128946,0.10388469696044922,12.605880737304688,12.501996040344238,-0.10388469696044922,0.0793706410564473,0.0009913123603161322,1,3
M2_popmass,low,8,0.375,0.4,3,8.302626609802246,15.87412821128946,0.011144638061523438,10.836793899536133,10.82564926147461,-0.011144638061523438,0.0793706410564473,0.0009913123603161322,1,3
M0_balanced,low,8,0.375,0.1,4,8.231914520263672,15.891327301165461,0.011426925659179688,10.663429260253906,10.652002334594727,-0.011426925659179688,0.07945663650582731,0.000992386414283275,1,1
M1_margin,low,8,0.375,0.1,4,8.231914520263672,15.891327301165461,0.10711097717285156,12.605880737304688,12.498769760131836,-0.10711097717285156,0.07945663650582731,0.000992386414283275,1,1
M2_popmass,low,8,0.375,0.1,4,8.231914520263672,15.891327301165461,0.011899948120117188,10.836793899536133,10.824893951416016,-0.011899948120117188,0.07945663650582731,0.000992386414283275,1,1
M0_balanced,low,8,0.375,0.2,4,8.262826919555664,15.854520447846575,0.011404991149902344,10.663429260253906,10.652024269104004,-0.011404991149902344,0.07927260223923288,0.0009900878887734834,1,2
M1_margin,low,8,0.375,0.2,4,8.262826919555664,15.854520447846575,0.10666847229003906,12.605880737304688,12.499212265014648,-0.10666847229003906,0.07927260223923288,0.0009900878887734834,1,2
M2_popmass,low,8,0.375,0.2,4,8.262826919555664,15.854520447846575,0.011866569519042969,10.836793899536133,10.82492733001709,-0.011866569519042969,0.07927260223923288,0.0009900878887734834,1,2
M0_balanced,low,8,0.375,0.4,4,8.262826919555664,15.854520447846575,0.011404991149902344,10.663429260253906,10.652024269104004,-0.011404991149902344,0.07927260223923288,0.0009900878887734834,1,2
M1_margin,low,8,0.375,0.4,4,8.262826919555664,15.854520447846575,0.10666847229003906,12.605880737304688,12.499212265014648,-0.10666847229003906,0.07927260223923288,0.0009900878887734834,1,2
M2_popmass,low,8,0.375,0.4,4,8.262826919555664,15.854520447846575,0.011866569519042969,10.836793899536133,10.82492733001709,-0.011866569519042969,0.07927260223923288,0.0009900878887734834,1,2
M0_balanced,low,9,0.0,0.1,0,9.647026062011719,15.203718123835127,0.06469154357910156,10.663429260253906,10.598737716674805,-0.06469154357910156,0.07601859061917564,0.0009494463883819095,1,0
M1_margin,low,9,0.0,0.1,0,9.647026062011719,15.203718123835127,0.17867183685302734,12.605880737304688,12.42720890045166,-0.17867183685302734,0.07601859061917564,0.0009494463883819095,1,0
M2_popmass,low,9,0.0,0.1,0,9.647026062011719,15.203718123835127,0.06589221954345703,10.836793899536133,10.770901679992676,-0.06589221954345703,0.07601859061917564,0.0009494463883819095,1,0
M0_balanced,low,9,0.0,0.2,0,9.647026062011719,15.203718123835127,0.06469154357910156,10.663429260253906,10.598737716674805,-0.06469154357910156,0.07601859061917564,0.0009494463883819095,1,0
M1_margin,low,9,0.0,0.2,0,9.647026062011719,15.203718123835127,0.17867183685302734,12.605880737304688,12.42720890045166,-0.17867183685302734,0.07601859061917564,0.0009494463883819095,1,0
M2_popmass,low,9,0.0,0.2,0,9.647026062011719,15.203718123835127,0.06589221954345703,10.836793899536133,10.770901679992676,-0.06589221954345703,0.07601859061917564,0.0009494463883819095,1,0
M0_balanced,low,9,0.0,0.4,0,9.659852981567383,15.213007738073946,0.0645742416381836,10.663429260253906,10.598855018615723,-0.0645742416381836,0.07606503869036974,0.000950026509021918,1,1
M1_margin,low,9,0.0,0.4,0,9.659852981567383,15.213007738073946,0.1784381866455078,12.605880737304688,12.42744255065918,-0.1784381866455078,0.07606503869036974,0.000950026509021918,1,1
M2_popmass,low,9,0.0,0.4,0,9.659852981567383,15.213007738073946,0.06577301025390625,10.836793899536133,10.771020889282227,-0.06577301025390625,0.07606503869036974,0.000950026509021918,1,1
M0_balanced,low,9,0.0,0.1,1,9.64999008178711,15.204289962664815,0.06470489501953125,10.663429260253906,10.598724365234375,-0.06470489501953125,0.07602144981332408,0.0009494820987461218,1,0
M1_margin,low,9,0.0,0.1,1,9.64999008178711,15.204289962664815,0.17870044708251953,12.605880737304688,12.427180290222168,-0.17870044708251953,0.07602144981332408,0.0009494820987461218,1,0
M2_popmass,low,9,0.0,0.1,1,9.64999008178711,15.204289962664815,0.06590652465820312,10.836793899536133,10.77088737487793,-0.06590652465820312,0.07602144981332408,0.0009494820987461218,1,0
M0_balanced,low,9,0.0,0.2,1,9.64999008178711,15.204289962664815,0.06470489501953125,10.663429260253906,10.598724365234375,-0.06470489501953125,0.07602144981332408,0.0009494820987461218,1,0
M1_margin,low,9,0.0,0.2,1,9.64999008178711,15.204289962664815,0.17870044708251953,12.605880737304688,12.427180290222168,-0.17870044708251953,0.07602144981332408,0.0009494820987461218,1,0
M2_popmass,low,9,0.0,0.2,1,9.64999008178711,15.204289962664815,0.06590652465820312,10.836793899536133,10.77088737487793,-0.06590652465820312,0.07602144981332408,0.0009494820987461218,1,0
M0_balanced,low,9,0.0,0.4,1,9.662837982177734,15.21350923112783,0.06458663940429688,10.663429260253906,10.59884262084961,-0.06458663940429688,0.07606754615563915,0.0009500578264118439,1,1
M1_margin,low,9,0.0,0.4,1,9.662837982177734,15.21350923112783,0.1784648895263672,12.605880737304688,12.42741584777832,-0.1784648895263672,0.07606754615563915,0.0009500578264118439,1,1
M2_popmass,low,9,0.0,0.4,1,9.662837982177734,15.21350923112783,0.06578636169433594,10.836793899536133,10.771007537841797,-0.06578636169433594,0.07606754615563915,0.0009500578264118439,1,1
M0_balanced,low,9,0.0,0.1,2,9.622217178344727,15.225841926712857,0.06423377990722656,10.663429260253906,10.59919548034668,-0.06423377990722656,0.07612920963356429,0.0009508279823162645,1,1
M1_margin,low,9,0.0,0.1,2,9.622217178344727,15.225841926712857,0.17771148681640625,12.605880737304688,12.428169250488281,-0.17771148681640625,0.07612920963356429,0.0009508279823162645,1,1
M2_popmass,low,9,0.0,0.1,2,9.622217178344727,15.225841926712857,0.06541156768798828,10.836793899536133,10.771382331848145,-0.06541156768798828,0.07612920963356429,0.0009508279823162645,1,1
M0_balanced,low,9,0.0,0.2,2,9.622217178344727,15.225841926712857,0.06423377990722656,10.663429260253906,10.59919548034668,-0.06423377990722656,0.07612920963356429,0.0009508279823162645,1,1
M1_margin,low,9,0.0,0.2,2,9.622217178344727,15.225841926712857,0.17771148681640625,12.605880737304688,12.428169250488281,-0.17771148681640625,0.07612920963356429,0.0009508279823162645,1,1
M2_popmass,low,9,0.0,0.2,2,9.622217178344727,15.225841926712857,0.06541156768798828,10.836793899536133,10.771382331848145,-0.06541156768798828,0.07612920963356429,0.0009508279823162645,1,1
M0_balanced,low,9,0.0,0.4,2,9.618379592895508,15.217616917025204,0.06424427032470703,10.663429260253906,10.5991849899292,-0.06424427032470703,0.07608808458512602,0.0009503143444233003,1,2
M1_margin,low,9,0.0,0.4,2,9.618379592895508,15.217616917025204,0.17779922485351562,12.605880737304688,12.428081512451172,-0.17779922485351562,0.07608808458512602,0.0009503143444233003,1,2
M2_popmass,low,9,0.0,0.4,2,9.618379592895508,15.217616917025204,0.06542301177978516,10.836793899536133,10.771370887756348,-0.06542301177978516,0.07608808458512602,0.0009503143444233003,1,2
M0_balanced,low,9,0.0,0.1,3,9.649621963500977,15.205361793453106,0.06448841094970703,10.663429260253906,10.5989408493042,-0.06448841094970703,0.07602680896726553,0.000949549032759408,1,1
M1_margin,low,9,0.0,0.1,3,9.649621963500977,15.205361793453106,0.17833900451660156,12.605880737304688,12.427541732788086,-0.17833900451660156,0.07602680896726553,0.000949549032759408,1,1
M2_popmass,low,9,0.0,0.1,3,9.649621963500977,15.205361793453106,0.06568241119384766,10.836793899536133,10.771111488342285,-0.06568241119384766,0.07602680896726553,0.000949549032759408,1,1
M0_balanced,low,9,0.0,0.2,3,9.649621963500977,15.205361793453106,0.06448841094970703,10.663429260253906,10.5989408493042,-0.06448841094970703,0.07602680896726553,0.000949549032759408,1,1
M1_margin,low,9,0.0,0.2,3,9.649621963500977,15.205361793453106,0.17833900451660156,12.605880737304688,12.427541732788086,-0.17833900451660156,0.07602680896726553,0.000949549032759408,1,1
M2_popmass,low,9,0.0,0.2,3,9.649621963500977,15.205361793453106,0.06568241119384766,10.836793899536133,10.771111488342285,-0.06568241119384766,0.07602680896726553,0.000949549032759408,1,1
M0_balanced,low,9,0.0,0.4,3,9.649621963500977,15.205361793453106,0.06448841094970703,10.663429260253906,10.5989408493042,-0.06448841094970703,0.07602680896726553,0.000949549032759408,1,1
M1_margin,low,9,0.0,0.4,3,9.649621963500977,15.205361793453106,0.17833900451660156,12.605880737304688,12.427541732788086,-0.17833900451660156,0.07602680896726553,0.000949549032759408,1,1
M2_popmass,low,9,0.0,0.4,3,9.649621963500977,15.205361793453106,0.06568241119384766,10.836793899536133,10.771111488342285,-0.06568241119384766,0.07602680896726553,0.000949549032759408,1,1
M0_balanced,low,9,0.0,0.1,4,9.64779281616211,15.204246889963617,0.06449508666992188,10.663429260253906,10.598934173583984,-0.06449508666992188,0.07602123444981809,0.0009494794089290483,1,1
M1_margin,low,9,0.0,0.1,4,9.64779281616211,15.204246889963617,0.17836856842041016,12.605880737304688,12.427512168884277,-0.17836856842041016,0.07602123444981809,0.0009494794089290483,1,1
M2_popmass,low,9,0.0,0.1,4,9.64779281616211,15.204246889963617,0.0656890869140625,10.836793899536133,10.77110481262207,-0.0656890869140625,0.07602123444981809,0.0009494794089290483,1,1
M0_balanced,low,9,0.0,0.2,4,9.64779281616211,15.204246889963617,0.06449508666992188,10.663429260253906,10.598934173583984,-0.06449508666992188,0.07602123444981809,0.0009494794089290483,1,1
M1_margin,low,9,0.0,0.2,4,9.64779281616211,15.204246889963617,0.17836856842041016,12.605880737304688,12.427512168884277,-0.17836856842041016,0.07602123444981809,0.0009494794089290483,1,1
M2_popmass,low,9,0.0,0.2,4,9.64779281616211,15.204246889963617,0.0656890869140625,10.836793899536133,10.77110481262207,-0.0656890869140625,0.07602123444981809,0.0009494794089290483,1,1
M0_balanced,low,9,0.0,0.4,4,9.64779281616211,15.204246889963617,0.06449508666992188,10.663429260253906,10.598934173583984,-0.06449508666992188,0.07602123444981809,0.0009494794089290483,1,1
M1_margin,low,9,0.0,0.4,4,9.64779281616211,15.204246889963617,0.17836856842041016,12.605880737304688,12.427512168884277,-0.17836856842041016,0.07602123444981809,0.0009494794089290483,1,1
M2_popmass,low,9,0.0,0.4,4,9.64779281616211,15.204246889963617,0.0656890869140625,10.836793899536133,10.77110481262207,-0.0656890869140625,0.07602123444981809,0.0009494794089290483,1,1
M0_balanced,low,10,0.375,0.1,0,9.98635482788086,15.321592548702743,0.013124465942382812,10.663429260253906,10.650304794311523,-0.013124465942382812,0.07660796274351371,0.0009568074461219697,1,0
M1_margin,low,10,0.375,0.1,0,9.98635482788086,15.321592548702743,0.031093597412109375,12.605880737304688,12.574787139892578,-0.031093597412109375,0.07660796274351371,0.0009568074461219697,1,0
M2_popmass,low,10,0.375,0.1,0,9.98635482788086,15.321592548702743,0.013455390930175781,10.836793899536133,10.823338508605957,-0.013455390930175781,0.07660796274351371,0.0009568074461219697,1,0
M0_balanced,low,10,0.375,0.2,0,9.98635482788086,15.321592548702743,0.013124465942382812,10.663429260253906,10.650304794311523,-0.013124465942382812,0.07660796274351371,0.0009568074461219697,1,0
M1_margin,low,10,0.375,0.2,0,9.98635482788086,15.321592548702743,0.031093597412109375,12.605880737304688,12.574787139892578,-0.031093597412109375,0.07660796274351371,0.0009568074461219697,1,0
M2_popmass,low,10,0.375,0.2,0,9.98635482788086,15.321592548702743,0.013455390930175781,10.836793899536133,10.823338508605957,-0.013455390930175781,0.07660796274351371,0.0009568074461219697,1,0
M0_balanced,low,10,0.375,0.4,0,9.972208023071289,15.27746557893353,0.013492584228515625,10.663429260253906,10.64993667602539,-0.013492584228515625,0.07638732789466765,0.0009540517917658203,1,3
M1_margin,low,10,0.375,0.4,0,9.972208023071289,15.27746557893353,0.03244209289550781,12.605880737304688,12.57343864440918,-0.03244209289550781,0.07638732789466765,0.0009540517917658203,1,3
M2_popmass,low,10,0.375,0.4,0,9.972208023071289,15.27746557893353,0.013837814331054688,10.836793899536133,10.822956085205078,-0.013837814331054688,0.07638732789466765,0.0009540517917658203,1,3
M0_balanced,low,10,0.375,0.1,1,9.978141784667969,15.305227690785438,0.01329803466796875,10.663429260253906,10.650131225585938,-0.01329803466796875,0.0765261384539272,0.0009557854885245313,1,1
M1_margin,low,10,0.375,0.1,1,9.978141784667969,15.305227690785438,0.03142261505126953,12.605880737304688,12.574458122253418,-0.03142261505126953,0.0765261384539272,0.0009557854885245313,1,1
M2_popmass,low,10,0.375,0.1,1,9.978141784667969,15.305227690785438,0.013628959655761719,10.836793899536133,10.823164939880371,-0.013628959655761719,0.0765261384539272,0.0009557854885245313,1,1
M0_balanced,low,10,0.375,0.2,1,9.964778900146484,15.28731640429047,0.013268470764160156,10.663429260253906,10.650160789489746,-0.013268470764160156,0.07643658202145236,0.0009546669590874944,1,3
M1_margin,low,10,0.375,0.2,1,9.964778900146484,15.28731640429047,0.03150463104248047,12.605880737304688,12.574376106262207,-0.03150463104248047,0.07643658202145236,0.0009546669590874944,1,3
M2_popmass,low,10,0.375,0.2,1,9.964778900146484,15.28731640429047,0.013599395751953125,10.836793899536133,10.82319450378418,-0.013599395751953125,0.07643658202145236,0.0009546669590874944,1,3
M0_balanced,low,10,0.375,0.4,1,9.964778900146484,15.28731640429047,0.013268470764160156,10.663429260253906,10.650160789489746,-0.013268470764160156,0.07643658202145236,0.0009546669590874944,1,3
M1_margin,low,10,0.375,0.4,1,9.964778900146484,15.28731640429047,0.03150463104248047,12.605880737304688,12.574376106262207,-0.03150463104248047,0.07643658202145236,0.0009546669590874944,1,3
M2_popmass,low,10,0.375,0.4,1,9.964778900146484,15.28731640429047,0.013599395751953125,10.836793899536133,10.82319450378418,-0.013599395751953125,0.07643658202145236,0.0009546669590874944,1,3
M0_balanced,low,10,0.375,0.1,2,9.98386287689209,15.297476694368934,0.013910293579101562,10.663429260253906,10.649518966674805,-0.013910293579101562,0.07648738347184467,0.0009553014519557083,1,0
M1_margin,low,10,0.375,0.1,2,9.98386287689209,15.297476694368934,0.032523155212402344,12.605880737304688,12.573357582092285,-0.032523155212402344,0.07648738347184467,0.0009553014519557083,1,0
M2_popmass,low,10,0.375,0.1,2,9.98386287689209,15.297476694368934,0.014251708984375,10.836793899536133,10.822542190551758,-0.014251708984375,0.07648738347184467,0.0009553014519557083,1,0
M0_balanced,low,10,0.375,0.2,2,9.98386287689209,15.297476694368934,0.013910293579101562,10.663429260253906,10.649518966674805,-0.013910293579101562,0.07648738347184467,0.0009553014519557083,1,0
M1_margin,low,10,0.375,0.2,2,9.98386287689209,15.297476694368934,0.032523155212402344,12.605880737304688,12.573357582092285,-0.032523155212402344,0.07648738347184467,0.0009553014519557083,1,0
M2_popmass,low,10,0.375,0.2,2,9.98386287689209,15.297476694368934,0.014251708984375,10.836793899536133,10.822542190551758,-0.014251708984375,0.07648738347184467,0.0009553014519557083,1,0
M0_balanced,low,10,0.375,0.4,2,9.979084014892578,15.278718337465302,0.014263153076171875,10.663429260253906,10.649166107177734,-0.014263153076171875,0.07639359168732651,0.0009541300244095603,1,2
M1_margin,low,10,0.375,0.4,2,9.979084014892578,15.278718337465302,0.033385276794433594,12.605880737304688,12.572495460510254,-0.033385276794433594,0.07639359168732651,0.0009541300244095603,1,2
M2_popmass,low,10,0.375,0.4,2,9.979084014892578,15.278718337465302,0.014607429504394531,10.836793899536133,10.822186470031738,-0.014607429504394531,0.07639359168732651,0.0009541300244095603,1,2
M0_balanced,low,10,0.375,0.1,3,9.986037254333496,15.3213795703039,0.013087272644042969,10.663429260253906,10.650341987609863,-0.013087272644042969,0.0766068978515195,0.0009567941459824948,1,0
M1_margin,low,10,0.375,0.1,3,9.986037254333496,15.3213795703039,0.031022071838378906,12.605880737304688,12.574858665466309,-0.031022071838378906,0.0766068978515195,0.0009567941459824948,1,0
M2_popmass,low,10,0.375,0.1,3,9.986037254333496,15.3213795703039,0.013417243957519531,10.836793899536133,10.823376655578613,-0.013417243957519531,0.0766068978515195,0.0009567941459824948,1,0
M0_balanced,low,10,0.375,0.2,3,9.986037254333496,15.3213795703039,0.013087272644042969,10.663429260253906,10.650341987609863,-0.013087272644042969,0.0766068978515195,0.0009567941459824948,1,0
M1_margin,low,10,0.375,0.2,3,9.986037254333496,15.3213795703039,0.031022071838378906,12.605880737304688,12.574858665466309,-0.031022071838378906,0.0766068978515195,0.0009567941459824948,1,0
M2_popmass,low,10,0.375,0.2,3,9.986037254333496,15.3213795703039,0.013417243957519531,10.836793899536133,10.823376655578613,-0.013417243957519531,0.0766068978515195,0.0009567941459824948,1,0
M0_balanced,low,10,0.375,0.4,3,9.978973388671875,15.305166379259491,0.013237953186035156,10.663429260253906,10.650191307067871,-0.013237953186035156,0.07652583189629746,0.0009557816597238127,1,1
M1_margin,low,10,0.375,0.4,3,9.978973388671875,15.305166379259491,0.03131866455078125,12.605880737304688,12.574562072753906,-0.03131866455078125,0.07652583189629746,0.0009557816597238127,1,1
M2_popmass,low,10,0.375,0.4,3,9.978973388671875,15.305166379259491,0.013566970825195312,10.836793899536133,10.823226928710938,-0.013566970825195312,0.07652583189629746,0.0009557816597238127,1,1
M0_balanced,low,10,0.375,0.1,4,9.986915588378906,15.29712635148706,0.013873100280761719,10.663429260253906,10.649556159973145,-0.013873100280761719,0.07648563175743531,0.0009552795736374457,1,0
M1_margin,low,10,0.375,0.1,4,9.986915588378906,15.29712635148706,0.03245067596435547,12.605880737304688,12.573430061340332,-0.03245067596435547,0.07648563175743531,0.0009552795736374457,1,0
M2_popmass,low,10,0.375,0.1,4,9.986915588378906,15.29712635148706,0.01421356201171875,10.836793899536133,10.822580337524414,-0.01421356201171875,0.07648563175743531,0.0009552795736374457,1,0
M0_balanced,low,10,0.375,0.2,4,9.981534957885742,15.278543778856026,0.014232635498046875,10.663429260253906,10.64919662475586,-0.014232635498046875,0.07639271889428013,0.0009541191235207258,1,2
M1_margin,low,10,0.375,0.2,4,9.981534957885742,15.278543778856026,0.0333251953125,12.605880737304688,12.572555541992188,-0.0333251953125,0.07639271889428013,0.0009541191235207258,1,2
M2_popmass,low,10,0.375,0.2,4,9.981534957885742,15.278543778856026,0.014575958251953125,10.836793899536133,10.82221794128418,-0.014575958251953125,0.07639271889428013,0.0009541191235207258,1,2
M0_balanced,low,10,0.375,0.4,4,9.981534957885742,15.278543778856026,0.014232635498046875,10.663429260253906,10.64919662475586,-0.014232635498046875,0.07639271889428013,0.0009541191235207258,1,2
M1_margin,low,10,0.375,0.4,4,9.981534957885742,15.278543778856026,0.0333251953125,12.605880737304688,12.572555541992188,-0.0333251953125,0.07639271889428013,0.0009541191235207258,1,2
M2_popmass,low,10,0.375,0.4,4,9.981534957885742,15.278543778856026,0.014575958251953125,10.836793899536133,10.82221794128418,-0.014575958251953125,0.07639271889428013,0.0009541191235207258,1,2
M0_balanced,low,11,0.0,0.1,0,9.478631973266602,14.34432325354307,0.006062507629394531,10.663429260253906,10.657366752624512,-0.006062507629394531,0.07172161626771535,0.0008957786375628808,1,1
M1_margin,low,11,0.0,0.1,0,9.478631973266602,14.34432325354307,0.013927459716796875,12.605880737304688,12.59195327758789,-0.013927459716796875,0.07172161626771535,0.0008957786375628808,1,1
M2_popmass,low,11,0.0,0.1,0,9.478631973266602,14.34432325354307,0.006422996520996094,10.836793899536133,10.830370903015137,-0.006422996520996094,0.07172161626771535,0.0008957786375628808,1,1
M0_balanced,low,11,0.0,0.2,0,9.478631973266602,14.34432325354307,0.006062507629394531,10.663429260253906,10.657366752624512,-0.006062507629394531,0.07172161626771535,0.0008957786375628808,1,1
M1_margin,low,11,0.0,0.2,0,9.478631973266602,14.34432325354307,0.013927459716796875,12.605880737304688,12.59195327758789,-0.013927459716796875,0.07172161626771535,0.0008957786375628808,1,1
M2_popmass,low,11,0.0,0.2,0,9.478631973266602,14.34432325354307,0.006422996520996094,10.836793899536133,10.830370903015137,-0.006422996520996094,0.07172161626771535,0.0008957786375628808,1,1
M0_balanced,low,11,0.0,0.4,0,9.443950653076172,14.292521982710678,0.006267547607421875,10.663429260253906,10.657161712646484,-0.006267547607421875,0.0714626099135534,0.0008925437361325325,1,3
M1_margin,low,11,0.0,0.4,0,9.443950653076172,14.292521982710678,0.014622688293457031,12.605880737304688,12.59125804901123,-0.014622688293457031,0.0714626099135534,0.0008925437361325325,1,3
M2_popmass,low,11,0.0,0.4,0,9.443950653076172,14.292521982710678,0.006630897521972656,10.836793899536133,10.83016300201416,-0.006630897521972656,0.0714626099135534,0.0008925437361325325,1,3
M0_balanced,low,11,0.0,0.1,1,9.48537826538086,14.37503588164358,0.0075931549072265625,10.663429260253906,10.65583610534668,-0.0075931549072265625,0.0718751794082179,0.0008976965890527886,1,0
M1_margin,low,11,0.0,0.1,1,9.48537826538086,14.37503588164358,0.017095565795898438,12.605880737304688,12.588785171508789,-0.017095565795898438,0.0718751794082179,0.0008976965890527886,1,0
M2_popmass,low,11,0.0,0.1,1,9.48537826538086,14.37503588164358,0.007999420166015625,10.836793899536133,10.828794479370117,-0.007999420166015625,0.0718751794082179,0.0008976965890527886,1,0
M0_balanced,low,11,0.0,0.2,1,9.460214614868164,14.32826472032888,0.007755279541015625,10.663429260253906,10.65567398071289,-0.007755279541015625,0.07164132360164441,0.0008947758094231628,1,1
M1_margin,low,11,0.0,0.2,1,9.460214614868164,14.32826472032888,0.017685890197753906,12.605880737304688,12.588194847106934,-0.017685890197753906,0.07164132360164441,0.0008947758094231628,1,1
M2_popmass,low,11,0.0,0.2,1,9.460214614868164,14.32826472032888,0.00817108154296875,10.836793899536133,10.828622817993164,-0.00817108154296875,0.07164132360164441,0.0008947758094231628,1,1
M0_balanced,low,11,0.0,0.4,1,9.460214614868164,14.32826472032888,0.007755279541015625,10.663429260253906,10.65567398071289,-0.007755279541015625,0.07164132360164441,0.0008947758094231628,1,1
M1_margin,low,11,0.0,0.4,1,9.460214614868164,14.32826472032888,0.017685890197753906,12.605880737304688,12.588194847106934,-0.017685890197753906,0.07164132360164441,0.0008947758094231628,1,1
M2_popmass,low,11,0.0,0.4,1,9.460214614868164,14.32826472032888,0.00817108154296875,10.836793899536133,10.828622817993164,-0.00817108154296875,0.07164132360164441,0.0008947758094231628,1,1
M0_balanced,low,11,0.0,0.1,2,9.519601821899414,14.370613895804922,0.0059299468994140625,10.663429260253906,10.657499313354492,-0.0059299468994140625,0.07185306947902462,0.0008974204435435261,1,1
M1_margin,low,11,0.0,0.1,2,9.519601821899414,14.370613895804922,0.013720512390136719,12.605880737304688,12.59216022491455,-0.013720512390136719,0.07185306947902462,0.0008974204435435261,1,1
M2_popmass,low,11,0.0,0.1,2,9.519601821899414,14.370613895804922,0.006282806396484375,10.836793899536133,10.830511093139648,-0.006282806396484375,0.07185306947902462,0.0008974204435435261,1,1
M0_balanced,low,11,0.0,0.2,2,9.519601821899414,14.370613895804922,0.0059299468994140625,10.663429260253906,10.657499313354492,-0.0059299468994140625,0.07185306947902462,0.0008974204435435261,1,1
M1_margin,low,11,0.0,0.2,2,9.519601821899414,14.370613895804922,0.013720512390136719,12.605880737304688,12.59216022491455,-0.013720512390136719,0.07185306947902462,0.0008974204435435261,1,1
M2_popmass,low,11,0.0,0.2,2,9.519601821899414,14.370613895804922,0.006282806396484375,10.836793899536133,10.830511093139648,-0.006282806396484375,0.07185306947902462,0.0008974204435435261,1,1
M0_balanced,low,11,0.0,0.4,2,9.421117782592773,14.287877309985449,0.006397247314453125,10.663429260253906,10.657032012939453,-0.006397247314453125,0.07143938654992725,0.0008922536842052167,1,2
M1_margin,low,11,0.0,0.4,2,9.421117782592773,14.287877309985449,0.014905929565429688,12.605880737304688,12.590974807739258,-0.014905929565429688,0.07143938654992725,0.0008922536842052167,1,2
M2_popmass,low,11,0.0,0.4,2,9.421117782592773,14.287877309985449,0.006760597229003906,10.836793899536133,10.830033302307129,-0.006760597229003906,0.07143938654992725,0.0008922536842052167,1,2
M0_balanced,low,11,0.0,0.1,3,9.522735595703125,14.372126072167221,0.00591278076171875,10.663429260253906,10.657516479492188,-0.00591278076171875,0.0718606303608361,0.0008975148763904183,1,1
M1_margin,low,11,0.0,0.1,3,9.522735595703125,14.372126072167221,0.013681411743164062,12.605880737304688,12.592199325561523,-0.013681411743164062,0.0718606303608361,0.0008975148763904183,1,1
M2_popmass,low,11,0.0,0.1,3,9.522735595703125,14.372126072167221,0.006264686584472656,10.836793899536133,10.83052921295166,-0.006264686584472656,0.0718606303608361,0.0008975148763904183,1,1
M0_balanced,low,11,0.0,0.2,3,9.522735595703125,14.372126072167221,0.00591278076171875,10.663429260253906,10.657516479492188,-0.00591278076171875,0.0718606303608361,0.0008975148763904183,1,1
M1_margin,low,11,0.0,0.2,3,9.522735595703125,14.372126072167221,0.013681411743164062,12.605880737304688,12.592199325561523,-0.013681411743164062,0.0718606303608361,0.0008975148763904183,1,1
M2_popmass,low,11,0.0,0.2,3,9.522735595703125,14.372126072167221,0.006264686584472656,10.836793899536133,10.83052921295166,-0.006264686584472656,0.0718606303608361,0.0008975148763904183,1,1
M0_balanced,low,11,0.0,0.4,3,9.461578369140625,14.283954379501541,0.006198883056640625,10.663429260253906,10.657230377197266,-0.006198883056640625,0.0714197718975077,0.0008920087038557071,1,3
M1_margin,low,11,0.0,0.4,3,9.461578369140625,14.283954379501541,0.014501571655273438,12.605880737304688,12.591379165649414,-0.014501571655273438,0.0714197718975077,0.0008920087038557071,1,3
M2_popmass,low,11,0.0,0.4,3,9.461578369140625,14.283954379501541,0.006552696228027344,10.836793899536133,10.830241203308105,-0.006552696228027344,0.0714197718975077,0.0008920087038557071,1,3
M0_balanced,low,11,0.0,0.1,4,9.43765640258789,14.30771211755838,0.006069183349609375,10.663429260253906,10.657360076904297,-0.006069183349609375,0.0715385605877919,0.0008934923342683776,1,2
M1_margin,low,11,0.0,0.1,4,9.43765640258789,14.30771211755838,0.014044761657714844,12.605880737304688,12.591835975646973,-0.014044761657714844,0.0715385605877919,0.0008934923342683776,1,2
M2_popmass,low,11,0.0,0.1,4,9.43765640258789,14.30771211755838,0.006424903869628906,10.836793899536133,10.830368995666504,-0.006424903869628906,0.0715385605877919,0.0008934923342683776,1,2
M0_balanced,low,11,0.0,0.2,4,9.43765640258789,14.30771211755838,0.006069183349609375,10.663429260253906,10.657360076904297,-0.006069183349609375,0.0715385605877919,0.0008934923342683776,1,2
M1_margin,low,11,0.0,0.2,4,9.43765640258789,14.30771211755838,0.014044761657714844,12.605880737304688,12.591835975646973,-0.014044761657714844,0.0715385605877919,0.0008934923342683776,1,2
M2_popmass,low,11,0.0,0.2,4,9.43765640258789,14.30771211755838,0.006424903869628906,10.836793899536133,10.830368995666504,-0.006424903869628906,0.0715385605877919,0.0008934923342683776,1,2
M0_balanced,low,11,0.0,0.4,4,9.446189880371094,14.298546115342532,0.006046295166015625,10.663429260253906,10.65738296508789,-0.006046295166015625,0.07149273057671267,0.0008929199329893711,1,3
M1_margin,low,11,0.0,0.4,4,9.446189880371094,14.298546115342532,0.014050483703613281,12.605880737304688,12.591830253601074,-0.014050483703613281,0.07149273057671267,0.0008929199329893711,1,3
M2_popmass,low,11,0.0,0.4,4,9.446189880371094,14.298546115342532,0.006394386291503906,10.836793899536133,10.830399513244629,-0.006394386291503906,0.07149273057671267,0.0008929199329893711,1,3
M0_balanced,low,12,0.25,0.1,0,9.967517852783203,17.3455675007372,-0.09682273864746094,10.663429260253906,10.760251998901367,0.09682273864746094,0.086727837503686,0.0010832012461603926,1,0
M1_margin,low,12,0.25,0.1,0,9.967517852783203,17.3455675007372,-0.08626365661621094,12.605880737304688,12.692144393920898,0.08626365661621094,0.086727837503686,0.0010832012461603926,1,0
M2_popmass,low,12,0.25,0.1,0,9.967517852783203,17.3455675007372,-0.0967092514038086,10.836793899536133,10.933503150939941,0.0967092514038086,0.086727837503686,0.0010832012461603926,1,0
M0_balanced,low,12,0.25,0.2,0,9.892353057861328,17.2610473136613,-0.09574508666992188,10.663429260253906,10.759174346923828,0.09574508666992188,0.0863052365683065,0.0010779231039512991,1,2
M1_margin,low,12,0.25,0.2,0,9.892353057861328,17.2610473136613,-0.084808349609375,12.605880737304688,12.690689086914062,0.084808349609375,0.0863052365683065,0.0010779231039512991,1,2
M2_popmass,low,12,0.25,0.2,0,9.892353057861328,17.2610473136613,-0.09564208984375,10.836793899536133,10.932435989379883,0.09564208984375,0.0863052365683065,0.0010779231039512991,1,2
M0_balanced,low,12,0.25,0.4,0,9.875846862792969,17.222453666020193,-0.0952768325805664,10.663429260253906,10.758706092834473,0.0952768325805664,0.08611226833010097,0.0010755129961691845,1,3
M1_margin,low,12,0.25,0.4,0,9.875846862792969,17.222453666020193,-0.084228515625,12.605880737304688,12.690109252929688,0.084228515625,0.08611226833010097,0.0010755129961691845,1,3
M2_popmass,low,12,0.25,0.4,0,9.875846862792969,17.222453666020193,-0.09518051147460938,10.836793899536133,10.931974411010742,0.09518051147460938,0.08611226833010097,0.0010755129961691845,1,3
M0_balanced,low,12,0.25,0.1,1,10.124480247497559,17.381594985905295,-0.09704875946044922,10.663429260253906,10.760478019714355,0.09704875946044922,0.08690797492952648,0.0010854511014521523,1,0
M1_margin,low,12,0.25,0.1,1,10.124480247497559,17.381594985905295,-0.08608150482177734,12.605880737304688,12.691962242126465,0.08608150482177734,0.08690797492952648,0.0010854511014521523,1,0
M2_popmass,low,12,0.25,0.1,1,10.124480247497559,17.381594985905295,-0.09691619873046875,10.836793899536133,10.933710098266602,0.09691619873046875,0.08690797492952648,0.0010854511014521523,1,0
M0_balanced,low,12,0.25,0.2,1,10.178020477294922,17.31094556929409,-0.09605884552001953,10.663429260253906,10.759488105773926,0.09605884552001953,0.08655472784647046,0.0010810391653128183,1,1
M1_margin,low,12,0.25,0.2,1,10.178020477294922,17.31094556929409,-0.0845022201538086,12.605880737304688,12.690382957458496,0.0845022201538086,0.08655472784647046,0.0010810391653128183,1,1
M2_popmass,low,12,0.25,0.2,1,10.178020477294922,17.31094556929409,-0.0959177017211914,10.836793899536133,10.932711601257324,0.0959177017211914,0.08655472784647046,0.0010810391653128183,1,1
M0_balanced,low,12,0.25,0.4,1,10.17857551574707,17.300414019035376,-0.09588432312011719,10.663429260253906,10.759313583374023,0.09588432312011719,0.08650207009517688,0.0010803814878765652,1,2
M1_margin,low,12,0.25,0.4,1,10.17857551574707,17.300414019035376,-0.08429718017578125,12.605880737304688,12.690177917480469,0.08429718017578125,0.08650207009517688,0.0010803814878765652,1,2
M2_popmass,low,12,0.25,0.4,1,10.17857551574707,17.300414019035376,-0.09574413299560547,10.836793899536133,10.932538032531738,0.09574413299560547,0.08650207009517688,0.0010803814878765652,1,2
M0_balanced,low,12,0.25,0.1,2,9.968579292297363,17.346381395508256,-0.09682559967041016,10.663429260253906,10.760254859924316,0.09682559967041016,0.08673190697754128,0.0010832520725072513,1,0
M1_margin,low,12,0.25,0.1,2,9.968579292297363,17.346381395508256,-0.08626365661621094,12.605880737304688,12.692144393920898,0.08626365661621094,0.08673190697754128,0.0010832520725072513,1,0
M2_popmass,low,12,0.25,0.1,2,9.968579292297363,17.346381395508256,-0.0967111587524414,10.836793899536133,10.933505058288574,0.0967111587524414,0.08673190697754128,0.0010832520725072513,1,0
M0_balanced,low,12,0.25,0.2,2,9.916524887084961,17.28499558724898,-0.0958414077758789,10.663429260253906,10.759270668029785,0.0958414077758789,0.0864249779362449,0.0010794186329844346,1,1
M1_margin,low,12,0.25,0.2,2,9.916524887084961,17.28499558724898,-0.08492851257324219,12.605880737304688,12.69080924987793,0.08492851257324219,0.0864249779362449,0.0010794186329844346,1,1
M2_popmass,low,12,0.25,0.2,2,9.916524887084961,17.28499558724898,-0.09573173522949219,10.836793899536133,10.932525634765625,0.09573173522949219,0.0864249779362449,0.0010794186329844346,1,1
M0_balanced,low,12,0.25,0.4,2,9.89731502532959,17.28787699873595,-0.09595584869384766,10.663429260253906,10.759385108947754,0.09595584869384766,0.08643938499367974,0.0010795985722405733,1,2
M1_margin,low,12,0.25,0.4,2,9.89731502532959,17.28787699873595,-0.0852193832397461,12.605880737304688,12.691100120544434,0.0852193832397461,0.08643938499367974,0.0010795985722405733,1,2
M2_popmass,low,12,0.25,0.4,2,9.89731502532959,17.28787699873595,-0.095855712890625,10.836793899536133,10.932649612426758,0.095855712890625,0.08643938499367974,0.0010795985722405733,1,2
M0_balanced,low,12,0.25,0.1,3,10.122200012207031,17.382553113112575,-0.09706783294677734,10.663429260253906,10.760497093200684,0.09706783294677734,0.08691276556556288,0.0010855109348698172,1,0
M1_margin,low,12,0.25,0.1,3,10.122200012207031,17.382553113112575,-0.08611774444580078,12.605880737304688,12.691998481750488,0.08611774444580078,0.08691276556556288,0.0010855109348698172,1,0
M2_popmass,low,12,0.25,0.1,3,10.122200012207031,17.382553113112575,-0.09693622589111328,10.836793899536133,10.933730125427246,0.09693622589111328,0.08691276556556288,0.0010855109348698172,1,0
M0_balanced,low,12,0.25,0.2,3,10.122200012207031,17.382553113112575,-0.09706783294677734,10.663429260253906,10.760497093200684,0.09706783294677734,0.08691276556556288,0.0010855109348698172,1,0
M1_margin,low,12,0.25,0.2,3,10.122200012207031,17.382553113112575,-0.08611774444580078,12.605880737304688,12.691998481750488,0.08611774444580078,0.08691276556556288,0.0010855109348698172,1,0
M2_popmass,low,12,0.25,0.2,3,10.122200012207031,17.382553113112575,-0.09693622589111328,10.836793899536133,10.933730125427246,0.09693622589111328,0.08691276556556288,0.0010855109348698172,1,0
M0_balanced,low,12,0.25,0.4,3,10.122200012207031,17.382553113112575,-0.09706783294677734,10.663429260253906,10.760497093200684,0.09706783294677734,0.08691276556556288,0.0010855109348698172,1,0
M1_margin,low,12,0.25,0.4,3,10.122200012207031,17.382553113112575,-0.08611774444580078,12.605880737304688,12.691998481750488,0.08611774444580078,0.08691276556556288,0.0010855109348698172,1,0
M2_popmass,low,12,0.25,0.4,3,10.122200012207031,17.382553113112575,-0.09693622589111328,10.836793899536133,10.933730125427246,0.09693622589111328,0.08691276556556288,0.0010855109348698172,1,0
M0_balanced,low,12,0.25,0.1,4,9.914253234863281,17.284618342833333,-0.09584808349609375,10.663429260253906,10.75927734375,0.09584808349609375,0.08642309171416666,0.0010793950747110532,1,1
M1_margin,low,12,0.25,0.1,4,9.914253234863281,17.284618342833333,-0.08493995666503906,12.605880737304688,12.690820693969727,0.08493995666503906,0.08642309171416666,0.0010793950747110532,1,1
M2_popmass,low,12,0.25,0.1,4,9.914253234863281,17.284618342833333,-0.09573936462402344,10.836793899536133,10.932533264160156,0.09573936462402344,0.08642309171416666,0.0010793950747110532,1,1
M0_balanced,low,12,0.25,0.2,4,9.914253234863281,17.284618342833333,-0.09584808349609375,10.663429260253906,10.75927734375,0.09584808349609375,0.08642309171416666,0.0010793950747110532,1,1
M1_margin,low,12,0.25,0.2,4,9.914253234863281,17.284618342833333,-0.08493995666503906,12.605880737304688,12.690820693969727,0.08493995666503906,0.08642309171416666,0.0010793950747110532,1,1
M2_popmass,low,12,0.25,0.2,4,9.914253234863281,17.284618342833333,-0.09573936462402344,10.836793899536133,10.932533264160156,0.09573936462402344,0.08642309171416666,0.0010793950747110532,1,1
M0_balanced,low,12,0.25,0.4,4,9.933145523071289,17.268152122065136,-0.09560871124267578,10.663429260253906,10.759037971496582,0.09560871124267578,0.08634076061032568,0.001078366787175641,1,2
M1_margin,low,12,0.25,0.4,4,9.933145523071289,17.268152122065136,-0.08459854125976562,12.605880737304688,12.690479278564453,0.08459854125976562,0.08634076061032568,0.001078366787175641,1,2
M2_popmass,low,12,0.25,0.4,4,9.933145523071289,17.268152122065136,-0.09549808502197266,10.836793899536133,10.932291984558105,0.09549808502197266,0.08634076061032568,0.001078366787175641,1,2
M0_balanced,low,13,0.4,0.1,0,9.164704322814941,21.49974513695627,0.06266403198242188,10.663429260253906,10.600765228271484,-0.06266403198242188,0.10749872568478136,0.0013426225877874618,1,1
M1_margin,low,13,0.4,0.1,0,9.164704322814941,21.49974513695627,0.19077491760253906,12.605880737304688,12.415105819702148,-0.19077491760253906,0.10749872568478136,0.0013426225877874618,1,1
M2_popmass,low,13,0.4,0.1,0,9.164704322814941,21.49974513695627,0.0662832260131836,10.836793899536133,10.77051067352295,-0.0662832260131836,0.10749872568478136,0.0013426225877874618,1,1
M0_balanced,low,13,0.4,0.2,0,9.164704322814941,21.49974513695627,0.06266403198242188,10.663429260253906,10.600765228271484,-0.06266403198242188,0.10749872568478136,0.0013426225877874618,1,1
M1_margin,low,13,0.4,0.2,0,9.164704322814941,21.49974513695627,0.19077491760253906,12.605880737304688,12.415105819702148,-0.19077491760253906,0.10749872568478136,0.0013426225877874618,1,1
M2_popmass,low,13,0.4,0.2,0,9.164704322814941,21.49974513695627,0.0662832260131836,10.836793899536133,10.77051067352295,-0.0662832260131836,0.10749872568478136,0.0013426225877874618,1,1
M0_balanced,low,13,0.4,0.4,0,9.164704322814941,21.49974513695627,0.06266403198242188,10.663429260253906,10.600765228271484,-0.06266403198242188,0.10749872568478136,0.0013426225877874618,1,1
M1_margin,low,13,0.4,0.4,0,9.164704322814941,21.49974513695627,0.19077491760253906,12.605880737304688,12.415105819702148,-0.19077491760253906,0.10749872568478136,0.0013426225877874618,1,1
M2_popmass,low,13,0.4,0.4,0,9.164704322814941,21.49974513695627,0.0662832260131836,10.836793899536133,10.77051067352295,-0.0662832260131836,0.10749872568478136,0.0013426225877874618,1,1
M0_balanced,low,13,0.4,0.1,1,9.161083221435547,21.489133469167477,0.0628519058227539,10.663429260253906,10.600577354431152,-0.0628519058227539,0.10744566734583738,0.0013419599071474555,1,0
M1_margin,low,13,0.4,0.1,1,9.161083221435547,21.489133469167477,0.19118881225585938,12.605880737304688,12.414691925048828,-0.19118881225585938,0.10744566734583738,0.0013419599071474555,1,0
M2_popmass,low,13,0.4,0.1,1,9.161083221435547,21.489133469167477,0.06647014617919922,10.836793899536133,10.770323753356934,-0.06647014617919922,0.10744566734583738,0.0013419599071474555,1,0
M0_balanced,low,13,0.4,0.2,1,9.161083221435547,21.489133469167477,0.0628519058227539,10.663429260253906,10.600577354431152,-0.0628519058227539,0.10744566734583738,0.0013419599071474555,1,0
M1_margin,low,13,0.4,0.2,1,9.161083221435547,21.489133469167477,0.19118881225585938,12.605880737304688,12.414691925048828,-0.19118881225585938,0.10744566734583738,0.0013419599071474555,1,0
M2_popmass,low,13,0.4,0.2,1,9.161083221435547,21.489133469167477,0.06647014617919922,10.836793899536133,10.770323753356934,-0.06647014617919922,0.10744566734583738,0.0013419599071474555,1,0
M0_balanced,low,13,0.4,0.4,1,9.161083221435547,21.489133469167477,0.0628519058227539,10.663429260253906,10.600577354431152,-0.0628519058227539,0.10744566734583738,0.0013419599071474555,1,0
M1_margin,low,13,0.4,0.4,1,9.161083221435547,21.489133469167477,0.19118881225585938,12.605880737304688,12.414691925048828,-0.19118881225585938,0.10744566734583738,0.0013419599071474555,1,0
M2_popmass,low,13,0.4,0.4,1,9.161083221435547,21.489133469167477,0.06647014617919922,10.836793899536133,10.770323753356934,-0.06647014617919922,0.10744566734583738,0.0013419599071474555,1,0
M0_balanced,low,13,0.4,0.1,2,9.165660858154297,21.499587170889537,0.06265640258789062,10.663429260253906,10.600772857666016,-0.06265640258789062,0.10749793585444768,0.001342612723074743,1,1
M1_margin,low,13,0.4,0.1,2,9.165660858154297,21.499587170889537,0.19075679779052734,12.605880737304688,12.41512393951416,-0.19075679779052734,0.10749793585444768,0.001342612723074743,1,1
M2_popmass,low,13,0.4,0.1,2,9.165660858154297,21.499587170889537,0.06627559661865234,10.836793899536133,10.77051830291748,-0.06627559661865234,0.10749793585444768,0.001342612723074743,1,1
M0_balanced,low,13,0.4,0.2,2,9.165660858154297,21.499587170889537,0.06265640258789062,10.663429260253906,10.600772857666016,-0.06265640258789062,0.10749793585444768,0.001342612723074743,1,1
M1_margin,low,13,0.4,0.2,2,9.165660858154297,21.499587170889537,0.19075679779052734,12.605880737304688,12.41512393951416,-0.19075679779052734,0.10749793585444768,0.001342612723074743,1,1
M2_popmass,low,13,0.4,0.2,2,9.165660858154297,21.499587170889537,0.06627559661865234,10.836793899536133,10.77051830291748,-0.06627559661865234,0.10749793585444768,0.001342612723074743,1,1
M0_balanced,low,13,0.4,0.4,2,9.165660858154297,21.499587170889537,0.06265640258789062,10.663429260253906,10.600772857666016,-0.06265640258789062,0.10749793585444768,0.001342612723074743,1,1
M1_margin,low,13,0.4,0.4,2,9.165660858154297,21.499587170889537,0.19075679779052734,12.605880737304688,12.41512393951416,-0.19075679779052734,0.10749793585444768,0.001342612723074743,1,1
M2_popmass,low,13,0.4,0.4,2,9.165660858154297,21.499587170889537,0.06627559661865234,10.836793899536133,10.77051830291748,-0.06627559661865234,0.10749793585444768,0.001342612723074743,1,1
M0_balanced,low,13,0.4,0.1,3,9.160186767578125,21.489301922686597,0.06285285949707031,10.663429260253906,10.600576400756836,-0.06285285949707031,0.10744650961343298,0.001341970426783773,1,0
M1_margin,low,13,0.4,0.1,3,9.160186767578125,21.489301922686597,0.191192626953125,12.605880737304688,12.414688110351562,-0.191192626953125,0.10744650961343298,0.001341970426783773,1,0
M2_popmass,low,13,0.4,0.1,3,9.160186767578125,21.489301922686597,0.06647205352783203,10.836793899536133,10.7703218460083,-0.06647205352783203,0.10744650961343298,0.001341970426783773,1,0
M0_balanced,low,13,0.4,0.2,3,9.116701126098633,21.461890103397458,0.06252384185791016,10.663429260253906,10.600905418395996,-0.06252384185791016,0.10730945051698729,0.0013402586052009822,1,2
M1_margin,low,13,0.4,0.2,3,9.116701126098633,21.461890103397458,0.1903696060180664,12.605880737304688,12.415511131286621,-0.1903696060180664,0.10730945051698729,0.0013402586052009822,1,2
M2_popmass,low,13,0.4,0.2,3,9.116701126098633,21.461890103397458,0.06612968444824219,10.836793899536133,10.77066421508789,-0.06612968444824219,0.10730945051698729,0.0013402586052009822,1,2
M0_balanced,low,13,0.4,0.4,3,9.093923568725586,21.476650434868446,0.06212615966796875,10.663429260253906,10.601303100585938,-0.06212615966796875,0.10738325217434223,0.0013411803628455468,1,3
M1_margin,low,13,0.4,0.4,3,9.093923568725586,21.476650434868446,0.18953895568847656,12.605880737304688,12.416341781616211,-0.18953895568847656,0.10738325217434223,0.0013411803628455468,1,3
M2_popmass,low,13,0.4,0.4,3,9.093923568725586,21.476650434868446,0.0657196044921875,10.836793899536133,10.771074295043945,-0.0657196044921875,0.10738325217434223,0.0013411803628455468,1,3
M0_balanced,low,13,0.4,0.1,4,9.16489315032959,21.500511201916048,0.06266403198242188,10.663429260253906,10.600765228271484,-0.06266403198242188,0.10750255600958024,0.0013426704272437977,1,1
M1_margin,low,13,0.4,0.1,4,9.16489315032959,21.500511201916048,0.19077110290527344,12.605880737304688,12.415109634399414,-0.19077110290527344,0.10750255600958024,0.0013426704272437977,1,1
M2_popmass,low,13,0.4,0.1,4,9.16489315032959,21.500511201916048,0.0662841796875,10.836793899536133,10.770509719848633,-0.0662841796875,0.10750255600958024,0.0013426704272437977,1,1
M0_balanced,low,13,0.4,0.2,4,9.12507438659668,21.49005047848786,0.062132835388183594,10.663429260253906,10.601296424865723,-0.062132835388183594,0.1074502523924393,0.0013420171728228817,1,2
M1_margin,low,13,0.4,0.2,4,9.12507438659668,21.49005047848786,0.18949127197265625,12.605880737304688,12.416389465332031,-0.18949127197265625,0.1074502523924393,0.0013420171728228817,1,2
M2_popmass,low,13,0.4,0.2,4,9.12507438659668,21.49005047848786,0.06573295593261719,10.836793899536133,10.771060943603516,-0.06573295593261719,0.1074502523924393,0.0013420171728228817,1,2
M0_balanced,low,13,0.4,0.4,4,9.094691276550293,21.47710310271307,0.06212425231933594,10.663429260253906,10.60130500793457,-0.06212425231933594,0.10738551551356534,0.0013412086311840356,1,3
M1_margin,low,13,0.4,0.4,4,9.094691276550293,21.47710310271307,0.1895313262939453,12.605880737304688,12.416349411010742,-0.1895313262939453,0.10738551551356534,0.0013412086311840356,1,3
M2_popmass,low,13,0.4,0.4,4,9.094691276550293,21.47710310271307,0.06571769714355469,10.836793899536133,10.771076202392578,-0.06571769714355469,0.10738551551356534,0.0013412086311840356,1,3
M0_balanced,low,14,0.375,0.1,0,10.428330421447754,17.006353344771703,-0.12540054321289062,10.663429260253906,10.788829803466797,0.12540054321289062,0.08503176672385852,0.0010620178979395027,1,0
M1_margin,low,14,0.375,0.1,0,10.428330421447754,17.006353344771703,-0.30555057525634766,12.605880737304688,12.911431312561035,0.30555057525634766,0.08503176672385852,0.0010620178979395027,1,0
M2_popmass,low,14,0.375,0.1,0,10.428330421447754,17.006353344771703,-0.12448406219482422,10.836793899536133,10.961277961730957,0.12448406219482422,0.08503176672385852,0.0010620178979395027,1,0
M0_balanced,low,14,0.375,0.2,0,10.428330421447754,17.006353344771703,-0.12540054321289062,10.663429260253906,10.788829803466797,0.12540054321289062,0.08503176672385852,0.0010620178979395027,1,0
M1_margin,low,14,0.375,0.2,0,10.428330421447754,17.006353344771703,-0.30555057525634766,12.605880737304688,12.911431312561035,0.30555057525634766,0.08503176672385852,0.0010620178979395027,1,0
M2_popmass,low,14,0.375,0.2,0,10.428330421447754,17.006353344771703,-0.12448406219482422,10.836793899536133,10.961277961730957,0.12448406219482422,0.08503176672385852,0.0010620178979395027,1,0
M0_balanced,low,14,0.375,0.4,0,10.556781768798828,17.121222565732566,-0.12679386138916016,10.663429260253906,10.790223121643066,0.12679386138916016,0.08560611282866283,0.0010691912857969475,1,1
M1_margin,low,14,0.375,0.4,0,10.556781768798828,17.121222565732566,-0.3091621398925781,12.605880737304688,12.915042877197266,0.3091621398925781,0.08560611282866283,0.0010691912857969475,1,1
M2_popmass,low,14,0.375,0.4,0,10.556781768798828,17.121222565732566,-0.1259288787841797,10.836793899536133,10.962722778320312,0.1259288787841797,0.08560611282866283,0.0010691912857969475,1,1
M0_balanced,low,14,0.375,0.1,1,10.600521087646484,17.151699229767868,-0.12709426879882812,10.663429260253906,10.790523529052734,0.12709426879882812,0.08575849614883933,0.001071094501731534,1,2
M1_margin,low,14,0.375,0.1,1,10.600521087646484,17.151699229767868,-0.30994701385498047,12.605880737304688,12.915827751159668,0.30994701385498047,0.08575849614883933,0.001071094501731534,1,2
M2_popmass,low,14,0.375,0.1,1,10.600521087646484,17.151699229767868,-0.1262493133544922,10.836793899536133,10.963043212890625,0.1262493133544922,0.08575849614883933,0.001071094501731534,1,2
M0_balanced,low,14,0.375,0.2,1,10.600521087646484,17.151699229767868,-0.12709426879882812,10.663429260253906,10.790523529052734,0.12709426879882812,0.08575849614883933,0.001071094501731534,1,2
M1_margin,low,14,0.375,0.2,1,10.600521087646484,17.151699229767868,-0.30994701385498047,12.605880737304688,12.915827751159668,0.30994701385498047,0.08575849614883933,0.001071094501731534,1,2
M2_popmass,low,14,0.375,0.2,1,10.600521087646484,17.151699229767868,-0.1262493133544922,10.836793899536133,10.963043212890625,0.1262493133544922,0.08575849614883933,0.001071094501731534,1,2
M0_balanced,low,14,0.375,0.4,1,10.650562286376953,17.156820422177557,-0.127471923828125,10.663429260253906,10.790901184082031,0.127471923828125,0.08578410211088779,0.0010714143115042479,1,3
M1_margin,low,14,0.375,0.4,1,10.650562286376953,17.156820422177557,-0.3108339309692383,12.605880737304688,12.916714668273926,0.3108339309692383,0.08578410211088779,0.0010714143115042479,1,3
M2_popmass,low,14,0.375,0.4,1,10.650562286376953,17.156820422177557,-0.12664127349853516,10.836793899536133,10.963435173034668,0.12664127349853516,0.08578410211088779,0.0010714143115042479,1,3
M0_balanced,low,14,0.375,0.1,2,10.431108474731445,17.0089426622191,-0.12545299530029297,10.663429260253906,10.7888822555542,0.12545299530029297,0.08504471331109549,0.001062179596418702,1,0
M1_margin,low,14,0.375,0.1,2,10.431108474731445,17.0089426622191,-0.3056449890136719,12.605880737304688,12.91152572631836,0.3056449890136719,0.08504471331109549,0.001062179596418702,1,0
M2_popmass,low,14,0.375,0.1,2,10.431108474731445,17.0089426622191,-0.12453651428222656,10.836793899536133,10.96133041381836,0.12453651428222656,0.08504471331109549,0.001062179596418702,1,0
M0_balanced,low,14,0.375,0.2,2,10.632610321044922,17.157498599505654,-0.12721824645996094,10.663429260253906,10.790647506713867,0.12721824645996094,0.08578749299752828,0.0010714566625271754,1,2
M1_margin,low,14,0.375,0.2,2,10.632610321044922,17.157498599505654,-0.3101921081542969,12.605880737304688,12.916072845458984,0.3101921081542969,0.08578749299752828,0.0010714566625271754,1,2
M2_popmass,low,14,0.375,0.2,2,10.632610321044922,17.157498599505654,-0.12636947631835938,10.836793899536133,10.963163375854492,0.12636947631835938,0.08578749299752828,0.0010714566625271754,1,2
M0_balanced,low,14,0.375,0.4,2,10.632610321044922,17.157498599505654,-0.12721824645996094,10.663429260253906,10.790647506713867,0.12721824645996094,0.08578749299752828,0.0010714566625271754,1,2
M1_margin,low,14,0.375,0.4,2,10.632610321044922,17.157498599505654,-0.3101921081542969,12.605880737304688,12.916072845458984,0.3101921081542969,0.08578749299752828,0.0010714566625271754,1,2
M2_popmass,low,14,0.375,0.4,2,10.632610321044922,17.157498599505654,-0.12636947631835938,10.836793899536133,10.963163375854492,0.12636947631835938,0.08578749299752828,0.0010714566625271754,1,2
M0_balanced,low,14,0.375,0.1,3,10.48105239868164,17.006856175171933,-0.12498283386230469,10.663429260253906,10.788412094116211,0.12498283386230469,0.08503428087585967,0.0010620492988444377,1,0
M1_margin,low,14,0.375,0.1,3,10.48105239868164,17.006856175171933,-0.3048534393310547,12.605880737304688,12.910734176635742,0.3048534393310547,0.08503428087585967,0.0010620492988444377,1,0
M2_popmass,low,14,0.375,0.1,3,10.48105239868164,17.006856175171933,-0.12405109405517578,10.836793899536133,10.960844993591309,0.12405109405517578,0.08503428087585967,0.0010620492988444377,1,0
M0_balanced,low,14,0.375,0.2,3,10.589218139648438,17.084191255965727,-0.12596893310546875,10.663429260253906,10.789398193359375,0.12596893310546875,0.08542095627982864,0.001066878743362998,1,1
M1_margin,low,14,0.375,0.2,3,10.589218139648438,17.084191255965727,-0.30741310119628906,12.605880737304688,12.913293838500977,0.30741310119628906,0.08542095627982864,0.001066878743362998,1,1
M2_popmass,low,14,0.375,0.2,3,10.589218139648438,17.084191255965727,-0.12508296966552734,10.836793899536133,10.96187686920166,0.12508296966552734,0.08542095627982864,0.001066878743362998,1,1
M0_balanced,low,14,0.375,0.4,3,10.705711364746094,17.084003267625032,-0.12649154663085938,10.663429260253906,10.789920806884766,0.12649154663085938,0.08542001633812517,0.0010668670038102336,1,2
M1_margin,low,14,0.375,0.4,3,10.705711364746094,17.084003267625032,-0.3084888458251953,12.605880737304688,12.914369583129883,0.3084888458251953,0.08542001633812517,0.0010668670038102336,1,2
M2_popmass,low,14,0.375,0.4,3,10.705711364746094,17.084003267625032,-0.1256084442138672,10.836793899536133,10.96240234375,0.1256084442138672,0.08542001633812517,0.0010668670038102336,1,2
M0_balanced,low,14,0.375,0.1,4,10.480310440063477,17.005676719575167,-0.12497425079345703,10.663429260253906,10.788403511047363,0.12497425079345703,0.08502838359787583,0.0010619756438445564,1,0
M1_margin,low,14,0.375,0.1,4,10.480310440063477,17.005676719575167,-0.3048419952392578,12.605880737304688,12.910722732543945,0.3048419952392578,0.08502838359787583,0.0010619756438445564,1,0
M2_popmass,low,14,0.375,0.1,4,10.480310440063477,17.005676719575167,-0.12404346466064453,10.836793899536133,10.960837364196777,0.12404346466064453,0.08502838359787583,0.0010619756438445564,1,0
M0_balanced,low,14,0.375,0.2,4,10.480310440063477,17.005676719575167,-0.12497425079345703,10.663429260253906,10.788403511047363,0.12497425079345703,0.08502838359787583,0.0010619756438445564,1,0
M1_margin,low,14,0.375,0.2,4,10.480310440063477,17.005676719575167,-0.3048419952392578,12.605880737304688,12.910722732543945,0.3048419952392578,0.08502838359787583,0.0010619756438445564,1,0
M2_popmass,low,14,0.375,0.2,4,10.480310440063477,17.005676719575167,-0.12404346466064453,10.836793899536133,10.960837364196777,0.12404346466064453,0.08502838359787583,0.0010619756438445564,1,0
M0_balanced,low,14,0.375,0.4,4,10.60380744934082,17.08552231217576,-0.1260080337524414,10.663429260253906,10.789437294006348,0.1260080337524414,0.08542761156087879,0.001066961865563834,1,1
M1_margin,low,14,0.375,0.4,4,10.60380744934082,17.08552231217576,-0.3074378967285156,12.605880737304688,12.913318634033203,0.3074378967285156,0.08542761156087879,0.001066961865563834,1,1
M2_popmass,low,14,0.375,0.4,4,10.60380744934082,17.08552231217576,-0.12511062622070312,10.836793899536133,10.961904525756836,0.12511062622070312,0.08542761156087879,0.001066961865563834,1,1
M0_balanced,low,15,0.375,0.1,0,11.279590606689453,18.351584131444255,0.07526779174804688,10.663429260253906,10.58816146850586,-0.07526779174804688,0.09175792065722128,0.001146025277025549,1,1
M1_margin,low,15,0.375,0.1,0,11.279590606689453,18.351584131444255,0.15163803100585938,12.605880737304688,12.454242706298828,-0.15163803100585938,0.09175792065722128,0.001146025277025549,1,1
M2_popmass,low,15,0.375,0.1,0,11.279590606689453,18.351584131444255,0.07761001586914062,10.836793899536133,10.759183883666992,-0.07761001586914062,0.09175792065722128,0.001146025277025549,1,1
M0_balanced,low,15,0.375,0.2,0,11.308366775512695,18.325846547446197,0.07532691955566406,10.663429260253906,10.588102340698242,-0.07532691955566406,0.09162923273723099,0.0011444180085946561,1,2
M1_margin,low,15,0.375,0.2,0,11.308366775512695,18.325846547446197,0.15173053741455078,12.605880737304688,12.454150199890137,-0.15173053741455078,0.09162923273723099,0.0011444180085946561,1,2
M2_popmass,low,15,0.375,0.2,0,11.308366775512695,18.325846547446197,0.0776662826538086,10.836793899536133,10.759127616882324,-0.0776662826538086,0.09162923273723099,0.0011444180085946561,1,2
M0_balanced,low,15,0.375,0.4,0,11.3184232711792,18.255080564877577,0.07491111755371094,10.663429260253906,10.588518142700195,-0.07491111755371094,0.09127540282438788,0.0011399987931091531,1,5
M1_margin,low,15,0.375,0.4,0,11.3184232711792,18.255080564877577,0.15066909790039062,12.605880737304688,12.455211639404297,-0.15066909790039062,0.09127540282438788,0.0011399987931091531,1,5
M2_popmass,low,15,0.375,0.4,0,11.3184232711792,18.255080564877577,0.07721900939941406,10.836793899536133,10.759574890136719,-0.07721900939941406,0.09127540282438788,0.0011399987931091531,1,5
M0_balanced,low,15,0.375,0.1,1,11.2592134475708,18.40565281300057,0.07564926147460938,10.663429260253906,10.587779998779297,-0.07564926147460938,0.09202826406500286,0.0011494017744066558,1,0
M1_margin,low,15,0.375,0.1,1,11.2592134475708,18.40565281300057,0.1525716781616211,12.605880737304688,12.453309059143066,-0.1525716781616211,0.09202826406500286,0.0011494017744066558,1,0
M2_popmass,low,15,0.375,0.1,1,11.2592134475708,18.40565281300057,0.07802486419677734,10.836793899536133,10.758769035339355,-0.07802486419677734,0.09202826406500286,0.0011494017744066558,1,0
M0_balanced,low,15,0.375,0.2,1,11.295581817626953,18.350334336084714,0.07535552978515625,10.663429260253906,10.58807373046875,-0.07535552978515625,0.09175167168042357,0.0011459472294268846,1,1
M1_margin,low,15,0.375,0.2,1,11.295581817626953,18.350334336084714,0.15188312530517578,12.605880737304688,12.453997611999512,-0.15188312530517578,0.09175167168042357,0.0011459472294268846,1,1
M2_popmass,low,15,0.375,0.2,1,11.295581817626953,18.350334336084714,0.07770729064941406,10.836793899536133,10.759086608886719,-0.07770729064941406,0.09175167168042357,0.0011459472294268846,1,1
M0_balanced,low,15,0.375,0.4,1,11.295581817626953,18.350334336084714,0.07535552978515625,10.663429260253906,10.58807373046875,-0.07535552978515625,0.09175167168042357,0.0011459472294268846,1,1
M1_margin,low,15,0.375,0.4,1,11.295581817626953,18.350334336084714,0.15188312530517578,12.605880737304688,12.453997611999512,-0.15188312530517578,0.09175167168042357,0.0011459472294268846,1,1
M2_popmass,low,15,0.375,0.4,1,11.295581817626953,18.350334336084714,0.07770729064941406,10.836793899536133,10.759086608886719,-0.07770729064941406,0.09175167168042357,0.0011459472294268846,1,1
M0_balanced,low,15,0.375,0.1,2,11.396612167358398,18.339190385347326,0.07549095153808594,10.663429260253906,10.58793830871582,-0.07549095153808594,0.09169595192673663,0.0011452513086202937,1,1
M1_margin,low,15,0.375,0.1,2,11.396612167358398,18.339190385347326,0.15163803100585938,12.605880737304688,12.454242706298828,-0.15163803100585938,0.09169595192673663,0.0011452513086202937,1,1
M2_popmass,low,15,0.375,0.1,2,11.396612167358398,18.339190385347326,0.07784366607666016,10.836793899536133,10.758950233459473,-0.07784366607666016,0.09169595192673663,0.0011452513086202937,1,1
M0_balanced,low,15,0.375,0.2,2,11.394550323486328,18.315831216136754,0.07531356811523438,10.663429260253906,10.588115692138672,-0.07531356811523438,0.09157915608068377,0.0011437925681554986,1,2
M1_margin,low,15,0.375,0.2,2,11.394550323486328,18.315831216136754,0.1512317657470703,12.605880737304688,12.454648971557617,-0.1512317657470703,0.09157915608068377,0.0011437925681554986,1,2
M2_popmass,low,15,0.375,0.2,2,11.394550323486328,18.315831216136754,0.07765007019042969,10.836793899536133,10.759143829345703,-0.07765007019042969,0.09157915608068377,0.0011437925681554986,1,2
M0_balanced,low,15,0.375,0.4,2,11.394550323486328,18.315831216136754,0.07531356811523438,10.663429260253906,10.588115692138672,-0.07531356811523438,0.09157915608068377,0.0011437925681554986,1,2
M1_margin,low,15,0.375,0.4,2,11.394550323486328,18.315831216136754,0.1512317657470703,12.605880737304688,12.454648971557617,-0.1512317657470703,0.09157915608068377,0.0011437925681554986,1,2
M2_popmass,low,15,0.375,0.4,2,11.394550323486328,18.315831216136754,0.07765007019042969,10.836793899536133,10.759143829345703,-0.07765007019042969,0.09157915608068377,0.0011437925681554986,1,2
M0_balanced,low,15,0.375,0.1,3,11.235184669494629,18.310292933220605,0.07517433166503906,10.663429260253906,10.588254928588867,-0.07517433166503906,0.09155146466610303,0.0011434467117886714,1,2
M1_margin,low,15,0.375,0.1,3,11.235184669494629,18.310292933220605,0.15134048461914062,12.605880737304688,12.454540252685547,-0.15134048461914062,0.09155146466610303,0.0011434467117886714,1,2
M2_popmass,low,15,0.375,0.1,3,11.235184669494629,18.310292933220605,0.07751846313476562,10.836793899536133,10.759275436401367,-0.07751846313476562,0.09155146466610303,0.0011434467117886714,1,2
M0_balanced,low,15,0.375,0.2,3,11.235184669494629,18.310292933220605,0.07517433166503906,10.663429260253906,10.588254928588867,-0.07517433166503906,0.09155146466610303,0.0011434467117886714,1,2
M1_margin,low,15,0.375,0.2,3,11.235184669494629,18.310292933220605,0.15134048461914062,12.605880737304688,12.454540252685547,-0.15134048461914062,0.09155146466610303,0.0011434467117886714,1,2
M2_popmass,low,15,0.375,0.2,3,11.235184669494629,18.310292933220605,0.07751846313476562,10.836793899536133,10.759275436401367,-0.07751846313476562,0.09155146466610303,0.0011434467117886714,1,2
M0_balanced,low,15,0.375,0.4,3,11.235184669494629,18.310292933220605,0.07517433166503906,10.663429260253906,10.588254928588867,-0.07517433166503906,0.09155146466610303,0.0011434467117886714,1,2
M1_margin,low,15,0.375,0.4,3,11.235184669494629,18.310292933220605,0.15134048461914062,12.605880737304688,12.454540252685547,-0.15134048461914062,0.09155146466610303,0.0011434467117886714,1,2
M2_popmass,low,15,0.375,0.4,3,11.235184669494629,18.310292933220605,0.07751846313476562,10.836793899536133,10.759275436401367,-0.07751846313476562,0.09155146466610303,0.0011434467117886714,1,2
M0_balanced,low,15,0.375,0.1,4,11.278425216674805,18.351956855128822,0.07527828216552734,10.663429260253906,10.588150978088379,-0.07527828216552734,0.09175978427564412,0.001146048552986948,1,1
M1_margin,low,15,0.375,0.1,4,11.278425216674805,18.351956855128822,0.1516580581665039,12.605880737304688,12.454222679138184,-0.1516580581665039,0.09175978427564412,0.001146048552986948,1,1
M2_popmass,low,15,0.375,0.1,4,11.278425216674805,18.351956855128822,0.0776214599609375,10.836793899536133,10.759172439575195,-0.0776214599609375,0.09175978427564412,0.001146048552986948,1,1
M0_balanced,low,15,0.375,0.2,4,11.29546070098877,18.326102944386623,0.07516860961914062,10.663429260253906,10.588260650634766,-0.07516860961914062,0.09163051472193312,0.0011444340201483495,1,2
M1_margin,low,15,0.375,0.2,4,11.29546070098877,18.326102944386623,0.15145111083984375,12.605880737304688,12.454429626464844,-0.15145111083984375,0.09163051472193312,0.0011444340201483495,1,2
M2_popmass,low,15,0.375,0.2,4,11.29546070098877,18.326102944386623,0.07750511169433594,10.836793899536133,10.759288787841797,-0.07750511169433594,0.09163051472193312,0.0011444340201483495,1,2
M0_balanced,low,15,0.375,0.4,4,11.347723007202148,18.316307952153053,0.07511711120605469,10.663429260253906,10.588312149047852,-0.07511711120605469,0.09158153976076527,0.0011438223395104528,1,3
M1_margin,low,15,0.375,0.4,4,11.347723007202148,18.316307952153053,0.15120792388916016,12.605880737304688,12.454672813415527,-0.15120792388916016,0.09158153976076527,0.0011438223395104528,1,3
M2_popmass,low,15,0.375,0.4,4,11.347723007202148,18.316307952153053,0.0774383544921875,10.836793899536133,10.759355545043945,-0.0774383544921875,0.09158153976076527,0.0011438223395104528,1,3
M0_balanced,low,16,0.2857142857142857,0.1,0,9.99583911895752,13.935730422257208,0.025644302368164062,10.663429260253906,10.637784957885742,-0.025644302368164062,0.06967865211128604,0.0008702627088391744,1,0
M1_margin,low,16,0.2857142857142857,0.1,0,9.99583911895752,13.935730422257208,0.0974264144897461,12.605880737304688,12.508454322814941,-0.0974264144897461,0.06967865211128604,0.0008702627088391744,1,0
M2_popmass,low,16,0.2857142857142857,0.1,0,9.99583911895752,13.935730422257208,0.026429176330566406,10.836793899536133,10.810364723205566,-0.026429176330566406,0.06967865211128604,0.0008702627088391744,1,0
M0_balanced,low,16,0.2857142857142857,0.2,0,9.968308448791504,13.91372539670466,0.025725364685058594,10.663429260253906,10.637703895568848,-0.025725364685058594,0.0695686269835233,0.0008688885323471513,1,1
M1_margin,low,16,0.2857142857142857,0.2,0,9.968308448791504,13.91372539670466,0.09755611419677734,12.605880737304688,12.50832462310791,-0.09755611419677734,0.0695686269835233,0.0008688885323471513,1,1
M2_popmass,low,16,0.2857142857142857,0.2,0,9.968308448791504,13.91372539670466,0.026511192321777344,10.836793899536133,10.810282707214355,-0.026511192321777344,0.0695686269835233,0.0008688885323471513,1,1
M0_balanced,low,16,0.2857142857142857,0.4,0,9.879361152648926,13.919762196698985,0.02525615692138672,10.663429260253906,10.63817310333252,-0.02525615692138672,0.06959881098349492,0.0008692655202592733,1,3
M1_margin,low,16,0.2857142857142857,0.4,0,9.879361152648926,13.919762196698985,0.09647369384765625,12.605880737304688,12.509407043457031,-0.09647369384765625,0.06959881098349492,0.0008692655202592733,1,3
M2_popmass,low,16,0.2857142857142857,0.4,0,9.879361152648926,13.919762196698985,0.026014328002929688,10.836793899536133,10.810779571533203,-0.026014328002929688,0.06959881098349492,0.0008692655202592733,1,3
M0_balanced,low,16,0.2857142857142857,0.1,1,9.998573303222656,13.9358509267261,0.025651931762695312,10.663429260253906,10.637777328491211,-0.025651931762695312,0.0696792546336305,0.0008702702341386993,1,0
M1_margin,low,16,0.2857142857142857,0.1,1,9.998573303222656,13.9358509267261,0.09743213653564453,12.605880737304688,12.508448600769043,-0.09743213653564453,0.0696792546336305,0.0008702702341386993,1,0
M2_popmass,low,16,0.2857142857142857,0.1,1,9.998573303222656,13.9358509267261,0.026436805725097656,10.836793899536133,10.810357093811035,-0.026436805725097656,0.0696792546336305,0.0008702702341386993,1,0
M0_balanced,low,16,0.2857142857142857,0.2,1,9.998573303222656,13.9358509267261,0.025651931762695312,10.663429260253906,10.637777328491211,-0.025651931762695312,0.0696792546336305,0.0008702702341386993,1,0
M1_margin,low,16,0.2857142857142857,0.2,1,9.998573303222656,13.9358509267261,0.09743213653564453,12.605880737304688,12.508448600769043,-0.09743213653564453,0.0696792546336305,0.0008702702341386993,1,0
M2_popmass,low,16,0.2857142857142857,0.2,1,9.998573303222656,13.9358509267261,0.026436805725097656,10.836793899536133,10.810357093811035,-0.026436805725097656,0.0696792546336305,0.0008702702341386993,1,0
M0_balanced,low,16,0.2857142857142857,0.4,1,9.969076156616211,13.928331377296043,0.025556564331054688,10.663429260253906,10.637872695922852,-0.025556564331054688,0.06964165688648022,0.0008698006510412967,1,1
M1_margin,low,16,0.2857142857142857,0.4,1,9.969076156616211,13.928331377296043,0.09721183776855469,12.605880737304688,12.508668899536133,-0.09721183776855469,0.06964165688648022,0.0008698006510412967,1,1
M2_popmass,low,16,0.2857142857142857,0.4,1,9.969076156616211,13.928331377296043,0.026335716247558594,10.836793899536133,10.810458183288574,-0.026335716247558594,0.06964165688648022,0.0008698006510412967,1,1
M0_balanced,low,16,0.2857142857142857,0.1,2,9.923924446105957,13.94163572862169,0.02533721923828125,10.663429260253906,10.638092041015625,-0.02533721923828125,0.06970817864310845,0.0008706314851973243,1,0
M1_margin,low,16,0.2857142857142857,0.1,2,9.923924446105957,13.94163572862169,0.09717369079589844,12.605880737304688,12.508707046508789,-0.09717369079589844,0.06970817864310845,0.0008706314851973243,1,0
M2_popmass,low,16,0.2857142857142857,0.1,2,9.923924446105957,13.94163572862169,0.026121139526367188,10.836793899536133,10.810672760009766,-0.026121139526367188,0.06970817864310845,0.0008706314851973243,1,0
M0_balanced,low,16,0.2857142857142857,0.2,2,9.841558456420898,13.910156125822953,0.02508258819580078,10.663429260253906,10.638346672058105,-0.02508258819580078,0.06955078062911477,0.000868665637439459,1,1
M1_margin,low,16,0.2857142857142857,0.2,2,9.841558456420898,13.910156125822953,0.09639930725097656,12.605880737304688,12.509481430053711,-0.09639930725097656,0.06955078062911477,0.000868665637439459,1,1
M2_popmass,low,16,0.2857142857142857,0.2,2,9.841558456420898,13.910156125822953,0.02585315704345703,10.836793899536133,10.810940742492676,-0.02585315704345703,0.06955078062911477,0.000868665637439459,1,1
M0_balanced,low,16,0.2857142857142857,0.4,2,9.826009750366211,13.930760375652719,0.02488994598388672,10.663429260253906,10.63853931427002,-0.02488994598388672,0.0696538018782636,0.000869952337865424,1,2
M1_margin,low,16,0.2857142857142857,0.4,2,9.826009750366211,13.930760375652719,0.09599113464355469,12.605880737304688,12.509889602661133,-0.09599113464355469,0.0696538018782636,0.000869952337865424,1,2
M2_popmass,low,16,0.2857142857142857,0.4,2,9.826009750366211,13.930760375652719,0.025644302368164062,10.836793899536133,10.811149597167969,-0.025644302368164062,0.0696538018782636,0.000869952337865424,1,2
M0_balanced,low,16,0.2857142857142857,0.1,3,9.92915153503418,13.942711786010827,0.025353431701660156,10.663429260253906,10.638075828552246,-0.025353431701660156,0.06971355893005414,0.0008706986831546586,1,0
M1_margin,low,16,0.2857142857142857,0.1,3,9.92915153503418,13.942711786010827,0.09718799591064453,12.605880737304688,12.508692741394043,-0.09718799591064453,0.06971355893005414,0.0008706986831546586,1,0
M2_popmass,low,16,0.2857142857142857,0.1,3,9.92915153503418,13.942711786010827,0.0261383056640625,10.836793899536133,10.81065559387207,-0.0261383056640625,0.06971355893005414,0.0008706986831546586,1,0
M0_balanced,low,16,0.2857142857142857,0.2,3,9.886280059814453,13.911665496126599,0.025221824645996094,10.663429260253906,10.63820743560791,-0.025221824645996094,0.069558327480633,0.0008687598950527517,1,1
M1_margin,low,16,0.2857142857142857,0.2,3,9.886280059814453,13.911665496126599,0.09685516357421875,12.605880737304688,12.509025573730469,-0.09685516357421875,0.069558327480633,0.0008687598950527517,1,1
M2_popmass,low,16,0.2857142857142857,0.2,3,9.886280059814453,13.911665496126599,0.02599811553955078,10.836793899536133,10.810795783996582,-0.02599811553955078,0.069558327480633,0.0008687598950527517,1,1
M0_balanced,low,16,0.2857142857142857,0.4,3,9.886280059814453,13.911665496126599,0.025221824645996094,10.663429260253906,10.63820743560791,-0.025221824645996094,0.069558327480633,0.0008687598950527517,1,1
M1_margin,low,16,0.2857142857142857,0.4,3,9.886280059814453,13.911665496126599,0.09685516357421875,12.605880737304688,12.509025573730469,-0.09685516357421875,0.069558327480633,0.0008687598950527517,1,1
M2_popmass,low,16,0.2857142857142857,0.4,3,9.886280059814453,13.911665496126599,0.02599811553955078,10.836793899536133,10.810795783996582,-0.02599811553955078,0.069558327480633,0.0008687598950527517,1,1
M0_balanced,low,16,0.2857142857142857,0.1,4,9.927722930908203,13.942834114435064,0.025361061096191406,10.663429260253906,10.638068199157715,-0.025361061096191406,0.06971417057217531,0.0008707063223570985,1,0
M1_margin,low,16,0.2857142857142857,0.1,4,9.927722930908203,13.942834114435064,0.09720134735107422,12.605880737304688,12.508679389953613,-0.09720134735107422,0.06971417057217531,0.0008707063223570985,1,0
M2_popmass,low,16,0.2857142857142857,0.1,4,9.927722930908203,13.942834114435064,0.02614593505859375,10.836793899536133,10.810647964477539,-0.02614593505859375,0.06971417057217531,0.0008707063223570985,1,0
M0_balanced,low,16,0.2857142857142857,0.2,4,9.927722930908203,13.942834114435064,0.025361061096191406,10.663429260253906,10.638068199157715,-0.025361061096191406,0.06971417057217531,0.0008707063223570985,1,0
M1_margin,low,16,0.2857142857142857,0.2,4,9.927722930908203,13.942834114435064,0.09720134735107422,12.605880737304688,12.508679389953613,-0.09720134735107422,0.06971417057217531,0.0008707063223570985,1,0
M2_popmass,low,16,0.2857142857142857,0.2,4,9.927722930908203,13.942834114435064,0.02614593505859375,10.836793899536133,10.810647964477539,-0.02614593505859375,0.06971417057217531,0.0008707063223570985,1,0
M0_balanced,low,16,0.2857142857142857,0.4,4,9.845870971679688,13.9113109925973,0.025102615356445312,10.663429260253906,10.638326644897461,-0.025102615356445312,0.0695565549629865,0.00086873775690912,1,1
M1_margin,low,16,0.2857142857142857,0.4,4,9.845870971679688,13.9113109925973,0.0964193344116211,12.605880737304688,12.509461402893066,-0.0964193344116211,0.0695565549629865,0.00086873775690912,1,1
M2_popmass,low,16,0.2857142857142857,0.4,4,9.845870971679688,13.9113109925973,0.025873184204101562,10.836793899536133,10.810920715332031,-0.025873184204101562,0.0695565549629865,0.00086873775690912,1,1
M0_balanced,low,17,0.2,0.1,0,9.384521484375,13.108691332185456,0.016719818115234375,10.663429260253906,10.646709442138672,-0.016719818115234375,0.06554345666092729,0.0008186155215706689,1,1
M1_margin,low,17,0.2,0.1,0,9.384521484375,13.108691332185456,0.026031494140625,12.605880737304688,12.579849243164062,-0.026031494140625,0.06554345666092729,0.0008186155215706689,1,1
M2_popmass,low,17,0.2,0.1,0,9.384521484375,13.108691332185456,0.01677417755126953,10.836793899536133,10.820019721984863,-0.01677417755126953,0.06554345666092729,0.0008186155215706689,1,1
M0_balanced,low,17,0.2,0.2,0,9.3508882522583,13.085917579511001,0.016721725463867188,10.663429260253906,10.646707534790039,-0.016721725463867188,0.06542958789755501,0.0008171933393748042,1,2
M1_margin,low,17,0.2,0.2,0,9.3508882522583,13.085917579511001,0.025902748107910156,12.605880737304688,12.579977989196777,-0.025902748107910156,0.06542958789755501,0.0008171933393748042,1,2
M2_popmass,low,17,0.2,0.2,0,9.3508882522583,13.085917579511001,0.01677227020263672,10.836793899536133,10.820021629333496,-0.01677227020263672,0.06542958789755501,0.0008171933393748042,1,2
M0_balanced,low,17,0.2,0.4,0,9.3508882522583,13.085917579511001,0.016721725463867188,10.663429260253906,10.646707534790039,-0.016721725463867188,0.06542958789755501,0.0008171933393748042,1,2
M1_margin,low,17,0.2,0.4,0,9.3508882522583,13.085917579511001,0.025902748107910156,12.605880737304688,12.579977989196777,-0.025902748107910156,0.06542958789755501,0.0008171933393748042,1,2
M2_popmass,low,17,0.2,0.4,0,9.3508882522583,13.085917579511001,0.01677227020263672,10.836793899536133,10.820021629333496,-0.01677227020263672,0.06542958789755501,0.0008171933393748042,1,2
M0_balanced,low,17,0.2,0.1,1,9.46088981628418,13.116501792030274,0.016927719116210938,10.663429260253906,10.646501541137695,-0.016927719116210938,0.06558250896015137,0.0008191032715296502,1,0
M1_margin,low,17,0.2,0.1,1,9.46088981628418,13.116501792030274,0.025648117065429688,12.605880737304688,12.580232620239258,-0.025648117065429688,0.06558250896015137,0.0008191032715296502,1,0
M2_popmass,low,17,0.2,0.1,1,9.46088981628418,13.116501792030274,0.01698017120361328,10.836793899536133,10.81981372833252,-0.01698017120361328,0.06558250896015137,0.0008191032715296502,1,0
M0_balanced,low,17,0.2,0.2,1,9.46088981628418,13.116501792030274,0.016927719116210938,10.663429260253906,10.646501541137695,-0.016927719116210938,0.06558250896015137,0.0008191032715296502,1,0
M1_margin,low,17,0.2,0.2,1,9.46088981628418,13.116501792030274,0.025648117065429688,12.605880737304688,12.580232620239258,-0.025648117065429688,0.06558250896015137,0.0008191032715296502,1,0
M2_popmass,low,17,0.2,0.2,1,9.46088981628418,13.116501792030274,0.01698017120361328,10.836793899536133,10.81981372833252,-0.01698017120361328,0.06558250896015137,0.0008191032715296502,1,0
M0_balanced,low,17,0.2,0.4,1,9.46088981628418,13.116501792030274,0.016927719116210938,10.663429260253906,10.646501541137695,-0.016927719116210938,0.06558250896015137,0.0008191032715296502,1,0
M1_margin,low,17,0.2,0.4,1,9.46088981628418,13.116501792030274,0.025648117065429688,12.605880737304688,12.580232620239258,-0.025648117065429688,0.06558250896015137,0.0008191032715296502,1,0
M2_popmass,low,17,0.2,0.4,1,9.46088981628418,13.116501792030274,0.01698017120361328,10.836793899536133,10.81981372833252,-0.01698017120361328,0.06558250896015137,0.0008191032715296502,1,0
M0_balanced,low,17,0.2,0.1,2,9.396347999572754,13.109593101585633,0.01673412322998047,10.663429260253906,10.646695137023926,-0.01673412322998047,0.06554796550792816,0.0008186718355389479,1,0
M1_margin,low,17,0.2,0.1,2,9.396347999572754,13.109593101585633,0.02595233917236328,12.605880737304688,12.579928398132324,-0.02595233917236328,0.06554796550792816,0.0008186718355389479,1,0
M2_popmass,low,17,0.2,0.1,2,9.396347999572754,13.109593101585633,0.016790390014648438,10.836793899536133,10.820003509521484,-0.016790390014648438,0.06554796550792816,0.0008186718355389479,1,0
M0_balanced,low,17,0.2,0.2,2,9.396347999572754,13.109593101585633,0.01673412322998047,10.663429260253906,10.646695137023926,-0.01673412322998047,0.06554796550792816,0.0008186718355389479,1,0
M1_margin,low,17,0.2,0.2,2,9.396347999572754,13.109593101585633,0.02595233917236328,12.605880737304688,12.579928398132324,-0.02595233917236328,0.06554796550792816,0.0008186718355389479,1,0
M2_popmass,low,17,0.2,0.2,2,9.396347999572754,13.109593101585633,0.016790390014648438,10.836793899536133,10.820003509521484,-0.016790390014648438,0.06554796550792816,0.0008186718355389479,1,0
M0_balanced,low,17,0.2,0.4,2,9.396404266357422,13.115618103390378,0.016897201538085938,10.663429260253906,10.64653205871582,-0.016897201538085938,0.06557809051695189,0.0008190480866741583,1,1
M1_margin,low,17,0.2,0.4,2,9.396404266357422,13.115618103390378,0.025979042053222656,12.605880737304688,12.579901695251465,-0.025979042053222656,0.06557809051695189,0.0008190480866741583,1,1
M2_popmass,low,17,0.2,0.4,2,9.396404266357422,13.115618103390378,0.016958236694335938,10.836793899536133,10.819835662841797,-0.016958236694335938,0.06557809051695189,0.0008190480866741583,1,1
M0_balanced,low,17,0.2,0.1,3,9.459284782409668,13.116247966219264,0.016923904418945312,10.663429260253906,10.646505355834961,-0.016923904418945312,0.06558123983109632,0.0008190874205386241,1,0
M1_margin,low,17,0.2,0.1,3,9.459284782409668,13.116247966219264,0.025638580322265625,12.605880737304688,12.580242156982422,-0.025638580322265625,0.06558123983109632,0.0008190874205386241,1,0
M2_popmass,low,17,0.2,0.1,3,9.459284782409668,13.116247966219264,0.016977310180664062,10.836793899536133,10.819816589355469,-0.016977310180664062,0.06558123983109632,0.0008190874205386241,1,0
M0_balanced,low,17,0.2,0.2,3,9.459284782409668,13.116247966219264,0.016923904418945312,10.663429260253906,10.646505355834961,-0.016923904418945312,0.06558123983109632,0.0008190874205386241,1,0
M1_margin,low,17,0.2,0.2,3,9.459284782409668,13.116247966219264,0.025638580322265625,12.605880737304688,12.580242156982422,-0.025638580322265625,0.06558123983109632,0.0008190874205386241,1,0
M2_popmass,low,17,0.2,0.2,3,9.459284782409668,13.116247966219264,0.016977310180664062,10.836793899536133,10.819816589355469,-0.016977310180664062,0.06558123983109632,0.0008190874205386241,1,0
M0_balanced,low,17,0.2,0.4,3,9.43753433227539,13.098320756523368,0.01669597625732422,10.663429260253906,10.646733283996582,-0.01669597625732422,0.06549160378261684,0.0008179678967247192,1,1
M1_margin,low,17,0.2,0.4,3,9.43753433227539,13.098320756523368,0.024883270263671875,12.605880737304688,12.580997467041016,-0.024883270263671875,0.06549160378261684,0.0008179678967247192,1,1
M2_popmass,low,17,0.2,0.4,3,9.43753433227539,13.098320756523368,0.01673603057861328,10.836793899536133,10.82005786895752,-0.01673603057861328,0.06549160378261684,0.0008179678967247192,1,1
M0_balanced,low,17,0.2,0.1,4,9.396020889282227,13.109481485148219,0.016736984252929688,10.663429260253906,10.646692276000977,-0.016736984252929688,0.0655474074257411,0.0008186648652819014,1,0
M1_margin,low,17,0.2,0.1,4,9.396020889282227,13.109481485148219,0.025957107543945312,12.605880737304688,12.579923629760742,-0.025957107543945312,0.0655474074257411,0.0008186648652819014,1,0
M2_popmass,low,17,0.2,0.1,4,9.396020889282227,13.109481485148219,0.016793251037597656,10.836793899536133,10.820000648498535,-0.016793251037597656,0.0655474074257411,0.0008186648652819014,1,0
M0_balanced,low,17,0.2,0.2,4,9.396020889282227,13.109481485148219,0.016736984252929688,10.663429260253906,10.646692276000977,-0.016736984252929688,0.0655474074257411,0.0008186648652819014,1,0
M1_margin,low,17,0.2,0.2,4,9.396020889282227,13.109481485148219,0.025957107543945312,12.605880737304688,12.579923629760742,-0.025957107543945312,0.0655474074257411,0.0008186648652819014,1,0
M2_popmass,low,17,0.2,0.2,4,9.396020889282227,13.109481485148219,0.016793251037597656,10.836793899536133,10.820000648498535,-0.016793251037597656,0.0655474074257411,0.0008186648652819014,1,0
M0_balanced,low,17,0.2,0.4,4,9.3324613571167,13.066141233813603,0.01645183563232422,10.663429260253906,10.646977424621582,-0.01645183563232422,0.06533070616906801,0.0008159583401565305,1,2
M1_margin,low,17,0.2,0.4,4,9.3324613571167,13.066141233813603,0.025312423706054688,12.605880737304688,12.580568313598633,-0.025312423706054688,0.06533070616906801,0.0008159583401565305,1,2
M2_popmass,low,17,0.2,0.4,4,9.3324613571167,13.066141233813603,0.016489028930664062,10.836793899536133,10.820304870605469,-0.016489028930664062,0.06533070616906801,0.0008159583401565305,1,2
M0_balanced,low,18,0.0,0.1,0,9.91189956665039,15.10432837215202,-0.014585494995117188,10.663429260253906,10.678014755249023,0.014585494995117188,0.0755216418607601,0.0009432396671043186,1,1
M1_margin,low,18,0.0,0.1,0,9.91189956665039,15.10432837215202,-0.0020532608032226562,12.605880737304688,12.60793399810791,0.0020532608032226562,0.0755216418607601,0.0009432396671043186,1,1
M2_popmass,low,18,0.0,0.1,0,9.91189956665039,15.10432837215202,-0.014371871948242188,10.836793899536133,10.851165771484375,0.014371871948242188,0.0755216418607601,0.0009432396671043186,1,1
M0_balanced,low,18,0.0,0.2,0,9.91189956665039,15.10432837215202,-0.014585494995117188,10.663429260253906,10.678014755249023,0.014585494995117188,0.0755216418607601,0.0009432396671043186,1,1
M1_margin,low,18,0.0,0.2,0,9.91189956665039,15.10432837215202,-0.0020532608032226562,12.605880737304688,12.60793399810791,0.0020532608032226562,0.0755216418607601,0.0009432396671043186,1,1
M2_popmass,low,18,0.0,0.2,0,9.91189956665039,15.10432837215202,-0.014371871948242188,10.836793899536133,10.851165771484375,0.014371871948242188,0.0755216418607601,0.0009432396671043186,1,1
M0_balanced,low,18,0.0,0.4,0,9.91189956665039,15.10432837215202,-0.014585494995117188,10.663429260253906,10.678014755249023,0.014585494995117188,0.0755216418607601,0.0009432396671043186,1,1
M1_margin,low,18,0.0,0.4,0,9.91189956665039,15.10432837215202,-0.0020532608032226562,12.605880737304688,12.60793399810791,0.0020532608032226562,0.0755216418607601,0.0009432396671043186,1,1
M2_popmass,low,18,0.0,0.4,0,9.91189956665039,15.10432837215202,-0.014371871948242188,10.836793899536133,10.851165771484375,0.014371871948242188,0.0755216418607601,0.0009432396671043186,1,1
M0_balanced,low,18,0.0,0.1,1,9.906892776489258,15.119208496918324,-0.014604568481445312,10.663429260253906,10.678033828735352,0.014604568481445312,0.07559604248459162,0.0009441689056368254,1,0
M1_margin,low,18,0.0,0.1,1,9.906892776489258,15.119208496918324,-0.001922607421875,12.605880737304688,12.607803344726562,0.001922607421875,0.07559604248459162,0.0009441689056368254,1,0
M2_popmass,low,18,0.0,0.1,1,9.906892776489258,15.119208496918324,-0.014384269714355469,10.836793899536133,10.851178169250488,0.014384269714355469,0.07559604248459162,0.0009441689056368254,1,0
M0_balanced,low,18,0.0,0.2,1,9.906892776489258,15.119208496918324,-0.014604568481445312,10.663429260253906,10.678033828735352,0.014604568481445312,0.07559604248459162,0.0009441689056368254,1,0
M1_margin,low,18,0.0,0.2,1,9.906892776489258,15.119208496918324,-0.001922607421875,12.605880737304688,12.607803344726562,0.001922607421875,0.07559604248459162,0.0009441689056368254,1,0
M2_popmass,low,18,0.0,0.2,1,9.906892776489258,15.119208496918324,-0.014384269714355469,10.836793899536133,10.851178169250488,0.014384269714355469,0.07559604248459162,0.0009441689056368254,1,0
M0_balanced,low,18,0.0,0.4,1,9.908440589904785,15.090392836109132,-0.014499664306640625,10.663429260253906,10.677928924560547,0.014499664306640625,0.07545196418054566,0.000942369416534141,1,2
M1_margin,low,18,0.0,0.4,1,9.908440589904785,15.090392836109132,-0.0018854141235351562,12.605880737304688,12.607766151428223,0.0018854141235351562,0.07545196418054566,0.000942369416534141,1,2
M2_popmass,low,18,0.0,0.4,1,9.908440589904785,15.090392836109132,-0.014283180236816406,10.836793899536133,10.85107707977295,0.014283180236816406,0.07545196418054566,0.000942369416534141,1,2
M0_balanced,low,18,0.0,0.1,2,9.834468841552734,15.111757519907624,-0.014469146728515625,10.663429260253906,10.677898406982422,0.014469146728515625,0.07555878759953812,0.0009437036047706093,1,0
M1_margin,low,18,0.0,0.1,2,9.834468841552734,15.111757519907624,-0.00209808349609375,12.605880737304688,12.607978820800781,0.00209808349609375,0.07555878759953812,0.0009437036047706093,1,0
M2_popmass,low,18,0.0,0.1,2,9.834468841552734,15.111757519907624,-0.014263153076171875,10.836793899536133,10.851057052612305,0.014263153076171875,0.07555878759953812,0.0009437036047706093,1,0
M0_balanced,low,18,0.0,0.2,2,9.834468841552734,15.111757519907624,-0.014469146728515625,10.663429260253906,10.677898406982422,0.014469146728515625,0.07555878759953812,0.0009437036047706093,1,0
M1_margin,low,18,0.0,0.2,2,9.834468841552734,15.111757519907624,-0.00209808349609375,12.605880737304688,12.607978820800781,0.00209808349609375,0.07555878759953812,0.0009437036047706093,1,0
M2_popmass,low,18,0.0,0.2,2,9.834468841552734,15.111757519907624,-0.014263153076171875,10.836793899536133,10.851057052612305,0.014263153076171875,0.07555878759953812,0.0009437036047706093,1,0
M0_balanced,low,18,0.0,0.4,2,9.834468841552734,15.111757519907624,-0.014469146728515625,10.663429260253906,10.677898406982422,0.014469146728515625,0.07555878759953812,0.0009437036047706093,1,0
M1_margin,low,18,0.0,0.4,2,9.834468841552734,15.111757519907624,-0.00209808349609375,12.605880737304688,12.607978820800781,0.00209808349609375,0.07555878759953812,0.0009437036047706093,1,0
M2_popmass,low,18,0.0,0.4,2,9.834468841552734,15.111757519907624,-0.014263153076171875,10.836793899536133,10.851057052612305,0.014263153076171875,0.07555878759953812,0.0009437036047706093,1,0
M0_balanced,low,18,0.0,0.1,3,9.90821647644043,15.120061573935036,-0.014619827270507812,10.663429260253906,10.678049087524414,0.014619827270507812,0.07560030786967518,0.0009442221788484131,1,0
M1_margin,low,18,0.0,0.1,3,9.90821647644043,15.120061573935036,-0.0019474029541015625,12.605880737304688,12.607828140258789,0.0019474029541015625,0.07560030786967518,0.0009442221788484131,1,0
M2_popmass,low,18,0.0,0.1,3,9.90821647644043,15.120061573935036,-0.014400482177734375,10.836793899536133,10.851194381713867,0.014400482177734375,0.07560030786967518,0.0009442221788484131,1,0
M0_balanced,low,18,0.0,0.2,3,9.90821647644043,15.120061573935036,-0.014619827270507812,10.663429260253906,10.678049087524414,0.014619827270507812,0.07560030786967518,0.0009442221788484131,1,0
M1_margin,low,18,0.0,0.2,3,9.90821647644043,15.120061573935036,-0.0019474029541015625,12.605880737304688,12.607828140258789,0.0019474029541015625,0.07560030786967518,0.0009442221788484131,1,0
M2_popmass,low,18,0.0,0.2,3,9.90821647644043,15.120061573935036,-0.014400482177734375,10.836793899536133,10.851194381713867,0.014400482177734375,0.07560030786967518,0.0009442221788484131,1,0
M0_balanced,low,18,0.0,0.4,3,9.934526443481445,15.100246678886165,-0.01445770263671875,10.663429260253906,10.677886962890625,0.01445770263671875,0.07550123339443082,0.0009429847722885778,1,1
M1_margin,low,18,0.0,0.4,3,9.934526443481445,15.100246678886165,-0.0016641616821289062,12.605880737304688,12.607544898986816,0.0016641616821289062,0.07550123339443082,0.0009429847722885778,1,1
M2_popmass,low,18,0.0,0.4,3,9.934526443481445,15.100246678886165,-0.014231681823730469,10.836793899536133,10.851025581359863,0.014231681823730469,0.07550123339443082,0.0009429847722885778,1,1
M0_balanced,low,18,0.0,0.1,4,9.835091590881348,15.111771218282918,-0.014469146728515625,10.663429260253906,10.677898406982422,0.014469146728515625,0.07555885609141459,0.0009437044602108933,1,0
M1_margin,low,18,0.0,0.1,4,9.835091590881348,15.111771218282918,-0.0020971298217773438,12.605880737304688,12.607977867126465,0.0020971298217773438,0.07555885609141459,0.0009437044602108933,1,0
M2_popmass,low,18,0.0,0.1,4,9.835091590881348,15.111771218282918,-0.014263153076171875,10.836793899536133,10.851057052612305,0.014263153076171875,0.07555885609141459,0.0009437044602108933,1,0
M0_balanced,low,18,0.0,0.2,4,9.835091590881348,15.111771218282918,-0.014469146728515625,10.663429260253906,10.677898406982422,0.014469146728515625,0.07555885609141459,0.0009437044602108933,1,0
M1_margin,low,18,0.0,0.2,4,9.835091590881348,15.111771218282918,-0.0020971298217773438,12.605880737304688,12.607977867126465,0.0020971298217773438,0.07555885609141459,0.0009437044602108933,1,0
M2_popmass,low,18,0.0,0.2,4,9.835091590881348,15.111771218282918,-0.014263153076171875,10.836793899536133,10.851057052612305,0.014263153076171875,0.07555885609141459,0.0009437044602108933,1,0
M0_balanced,low,18,0.0,0.4,4,9.835091590881348,15.111771218282918,-0.014469146728515625,10.663429260253906,10.677898406982422,0.014469146728515625,0.07555885609141459,0.0009437044602108933,1,0
M1_margin,low,18,0.0,0.4,4,9.835091590881348,15.111771218282918,-0.0020971298217773438,12.605880737304688,12.607977867126465,0.0020971298217773438,0.07555885609141459,0.0009437044602108933,1,0
M2_popmass,low,18,0.0,0.4,4,9.835091590881348,15.111771218282918,-0.014263153076171875,10.836793899536133,10.851057052612305,0.014263153076171875,0.07555885609141459,0.0009437044602108933,1,0
M0_balanced,low,19,0.375,0.1,0,9.10189151763916,18.58604536439443,-0.011721611022949219,10.663429260253906,10.675150871276855,0.011721611022949219,0.09293022682197215,0.001160666983023184,1,1
M1_margin,low,19,0.375,0.1,0,9.10189151763916,18.58604536439443,0.08582210540771484,12.605880737304688,12.520058631896973,-0.08582210540771484,0.09293022682197215,0.001160666983023184,1,1
M2_popmass,low,19,0.375,0.1,0,9.10189151763916,18.58604536439443,-0.010408401489257812,10.836793899536133,10.84720230102539,0.010408401489257812,0.09293022682197215,0.001160666983023184,1,1
M0_balanced,low,19,0.375,0.2,0,9.10189151763916,18.58604536439443,-0.011721611022949219,10.663429260253906,10.675150871276855,0.011721611022949219,0.09293022682197215,0.001160666983023184,1,1
M1_margin,low,19,0.375,0.2,0,9.10189151763916,18.58604536439443,0.08582210540771484,12.605880737304688,12.520058631896973,-0.08582210540771484,0.09293022682197215,0.001160666983023184,1,1
M2_popmass,low,19,0.375,0.2,0,9.10189151763916,18.58604536439443,-0.010408401489257812,10.836793899536133,10.84720230102539,0.010408401489257812,0.09293022682197215,0.001160666983023184,1,1
M0_balanced,low,19,0.375,0.4,0,9.13110637664795,18.576882217638417,-0.011820793151855469,10.663429260253906,10.675250053405762,0.011820793151855469,0.09288441108819209,0.0011600947600627972,1,2
M1_margin,low,19,0.375,0.4,0,9.13110637664795,18.576882217638417,0.0856618881225586,12.605880737304688,12.520218849182129,-0.0856618881225586,0.09288441108819209,0.0011600947600627972,1,2
M2_popmass,low,19,0.375,0.4,0,9.13110637664795,18.576882217638417,-0.010514259338378906,10.836793899536133,10.847308158874512,0.010514259338378906,0.09288441108819209,0.0011600947600627972,1,2
M0_balanced,low,19,0.375,0.1,1,9.114313125610352,18.579123578925866,-0.012228012084960938,10.663429260253906,10.675657272338867,0.012228012084960938,0.09289561789462933,0.001160234729270467,1,1
M1_margin,low,19,0.375,0.1,1,9.114313125610352,18.579123578925866,0.0848531723022461,12.605880737304688,12.521027565002441,-0.0848531723022461,0.09289561789462933,0.001160234729270467,1,1
M2_popmass,low,19,0.375,0.1,1,9.114313125610352,18.579123578925866,-0.010933876037597656,10.836793899536133,10.84772777557373,0.010933876037597656,0.09289561789462933,0.001160234729270467,1,1
M0_balanced,low,19,0.375,0.2,1,9.149065017700195,18.578981202427432,-0.012447357177734375,10.663429260253906,10.67587661743164,0.012447357177734375,0.09289490601213717,0.0011602258380998252,1,2
M1_margin,low,19,0.375,0.2,1,9.149065017700195,18.578981202427432,0.08441829681396484,12.605880737304688,12.521462440490723,-0.08441829681396484,0.09289490601213717,0.0011602258380998252,1,2
M2_popmass,low,19,0.375,0.2,1,9.149065017700195,18.578981202427432,-0.011157989501953125,10.836793899536133,10.847951889038086,0.011157989501953125,0.09289490601213717,0.0011602258380998252,1,2
M0_balanced,low,19,0.375,0.4,1,9.180797576904297,18.582338785790885,-0.012847900390625,10.663429260253906,10.676277160644531,0.012847900390625,0.09291169392895443,0.001160435513481344,1,4
M1_margin,low,19,0.375,0.4,1,9.180797576904297,18.582338785790885,0.08344554901123047,12.605880737304688,12.522435188293457,-0.08344554901123047,0.09291169392895443,0.001160435513481344,1,4
M2_popmass,low,19,0.375,0.4,1,9.180797576904297,18.582338785790885,-0.0115814208984375,10.836793899536133,10.84837532043457,0.0115814208984375,0.09291169392895443,0.001160435513481344,1,4
M0_balanced,low,19,0.375,0.1,2,9.13278579711914,18.592603084543796,-0.012445449829101562,10.663429260253906,10.675874710083008,0.012445449829101562,0.09296301542271898,0.0011610765015147217,1,1
M1_margin,low,19,0.375,0.1,2,9.13278579711914,18.592603084543796,0.08444023132324219,12.605880737304688,12.521440505981445,-0.08444023132324219,0.09296301542271898,0.0011610765015147217,1,1
M2_popmass,low,19,0.375,0.1,2,9.13278579711914,18.592603084543796,-0.011151313781738281,10.836793899536133,10.847945213317871,0.011151313781738281,0.09296301542271898,0.0011610765015147217,1,1
M0_balanced,low,19,0.375,0.2,2,9.184157371520996,18.576673781020727,-0.012613296508789062,10.663429260253906,10.676042556762695,0.012613296508789062,0.09288336890510364,0.0011600817435498455,1,4
M1_margin,low,19,0.375,0.2,2,9.184157371520996,18.576673781020727,0.0839996337890625,12.605880737304688,12.521881103515625,-0.0839996337890625,0.09288336890510364,0.0011600817435498455,1,4
M2_popmass,low,19,0.375,0.2,2,9.184157371520996,18.576673781020727,-0.0113372802734375,10.836793899536133,10.84813117980957,0.0113372802734375,0.09288336890510364,0.0011600817435498455,1,4
M0_balanced,low,19,0.375,0.4,2,9.184157371520996,18.576673781020727,-0.012613296508789062,10.663429260253906,10.676042556762695,0.012613296508789062,0.09288336890510364,0.0011600817435498455,1,4
M1_margin,low,19,0.375,0.4,2,9.184157371520996,18.576673781020727,0.0839996337890625,12.605880737304688,12.521881103515625,-0.0839996337890625,0.09288336890510364,0.0011600817435498455,1,4
M2_popmass,low,19,0.375,0.4,2,9.184157371520996,18.576673781020727,-0.0113372802734375,10.836793899536133,10.84813117980957,0.0113372802734375,0.09288336890510364,0.0011600817435498455,1,4
M0_balanced,low,19,0.375,0.1,3,9.125310897827148,18.591277044617804,-0.012500762939453125,10.663429260253906,10.67593002319336,0.012500762939453125,0.09295638522308902,0.0011609936925723085,1,1
M1_margin,low,19,0.375,0.1,3,9.125310897827148,18.591277044617804,0.08449840545654297,12.605880737304688,12.521382331848145,-0.08449840545654297,0.09295638522308902,0.0011609936925723085,1,1
M2_popmass,low,19,0.375,0.1,3,9.125310897827148,18.591277044617804,-0.011204719543457031,10.836793899536133,10.84799861907959,0.011204719543457031,0.09295638522308902,0.0011609936925723085,1,1
M0_balanced,low,19,0.375,0.2,3,9.162818908691406,18.58054995959175,-0.012754440307617188,10.663429260253906,10.676183700561523,0.012754440307617188,0.09290274979795875,0.001160323804321757,1,3
M1_margin,low,19,0.375,0.2,3,9.162818908691406,18.58054995959175,0.08372879028320312,12.605880737304688,12.522151947021484,-0.08372879028320312,0.09290274979795875,0.001160323804321757,1,3
M2_popmass,low,19,0.375,0.2,3,9.162818908691406,18.58054995959175,-0.011480331420898438,10.836793899536133,10.848274230957031,0.011480331420898438,0.09290274979795875,0.001160323804321757,1,3
M0_balanced,low,19,0.375,0.4,3,9.200948715209961,18.576322627265927,-0.012836456298828125,10.663429260253906,10.676265716552734,0.012836456298828125,0.09288161313632964,0.001160059814593945,1,4
M1_margin,low,19,0.375,0.4,3,9.200948715209961,18.576322627265927,0.08349990844726562,12.605880737304688,12.522380828857422,-0.08349990844726562,0.09288161313632964,0.001160059814593945,1,4
M2_popmass,low,19,0.375,0.4,3,9.200948715209961,18.576322627265927,-0.011571884155273438,10.836793899536133,10.848365783691406,0.011571884155273438,0.09288161313632964,0.001160059814593945,1,4
M0_balanced,low,19,0.375,0.1,4,9.072275161743164,18.57882660731989,-0.011656761169433594,10.663429260253906,10.67508602142334,0.011656761169433594,0.09289413303659945,0.0011602161838977856,1,0
M1_margin,low,19,0.375,0.1,4,9.072275161743164,18.57882660731989,0.08600425720214844,12.605880737304688,12.519876480102539,-0.08600425720214844,0.09289413303659945,0.0011602161838977856,1,0
M2_popmass,low,19,0.375,0.1,4,9.072275161743164,18.57882660731989,-0.010338783264160156,10.836793899536133,10.847132682800293,0.010338783264160156,0.09289413303659945,0.0011602161838977856,1,0
M0_balanced,low,19,0.375,0.2,4,9.099161148071289,18.58608020436229,-0.011724472045898438,10.663429260253906,10.675153732299805,0.011724472045898438,0.09293040102181145,0.0011606691587200358,1,1
M1_margin,low,19,0.375,0.2,4,9.099161148071289,18.58608020436229,0.08580398559570312,12.605880737304688,12.520076751708984,-0.08580398559570312,0.09293040102181145,0.0011606691587200358,1,1
M2_popmass,low,19,0.375,0.2,4,9.099161148071289,18.58608020436229,-0.010411262512207031,10.836793899536133,10.84720516204834,0.010411262512207031,0.09293040102181145,0.0011606691587200358,1,1
M0_balanced,low,19,0.375,0.4,4,9.199182510375977,18.593056156835353,-0.01242828369140625,10.663429260253906,10.675857543945312,0.01242828369140625,0.09296528078417676,0.0011611047951102349,1,4
M1_margin,low,19,0.375,0.4,4,9.199182510375977,18.593056156835353,0.08395099639892578,12.605880737304688,12.521929740905762,-0.08395099639892578,0.09296528078417676,0.0011611047951102349,1,4
M2_popmass,low,19,0.375,0.4,4,9.199182510375977,18.593056156835353,-0.011156082153320312,10.836793899536133,10.847949981689453,0.011156082153320312,0.09296528078417676,0.0011611047951102349,1,4
M0_balanced,low,20,0.16666666666666666,0.1,0,10.34717082977295,14.196964223098695,0.07000541687011719,10.663429260253906,10.593423843383789,-0.07000541687011719,0.07098482111549348,0.0008865763162549415,1,0
M1_margin,low,20,0.16666666666666666,0.1,0,10.34717082977295,14.196964223098695,0.1537618637084961,12.605880737304688,12.452118873596191,-0.1537618637084961,0.07098482111549348,0.0008865763162549415,1,0
M2_popmass,low,20,0.16666666666666666,0.1,0,10.34717082977295,14.196964223098695,0.07070732116699219,10.836793899536133,10.76608657836914,-0.07070732116699219,0.07098482111549348,0.0008865763162549415,1,0
M0_balanced,low,20,0.16666666666666666,0.2,0,10.34717082977295,14.196964223098695,0.07000541687011719,10.663429260253906,10.593423843383789,-0.07000541687011719,0.07098482111549348,0.0008865763162549415,1,0
M1_margin,low,20,0.16666666666666666,0.2,0,10.34717082977295,14.196964223098695,0.1537618637084961,12.605880737304688,12.452118873596191,-0.1537618637084961,0.07098482111549348,0.0008865763162549415,1,0
M2_popmass,low,20,0.16666666666666666,0.2,0,10.34717082977295,14.196964223098695,0.07070732116699219,10.836793899536133,10.76608657836914,-0.07070732116699219,0.07098482111549348,0.0008865763162549415,1,0
M0_balanced,low,20,0.16666666666666666,0.4,0,10.295614242553711,14.186106918651745,0.06947708129882812,10.663429260253906,10.593952178955078,-0.06947708129882812,0.07093053459325872,0.0008858982960226038,1,1
M1_margin,low,20,0.16666666666666666,0.4,0,10.295614242553711,14.186106918651745,0.15215682983398438,12.605880737304688,12.453723907470703,-0.15215682983398438,0.07093053459325872,0.0008858982960226038,1,1
M2_popmass,low,20,0.16666666666666666,0.4,0,10.295614242553711,14.186106918651745,0.0701456069946289,10.836793899536133,10.766648292541504,-0.0701456069946289,0.07093053459325872,0.0008858982960226038,1,1
M0_balanced,low,20,0.16666666666666666,0.1,1,10.34921646118164,14.198466305913902,0.07000160217285156,10.663429260253906,10.593427658081055,-0.07000160217285156,0.0709923315295695,0.0008866701187769517,1,0
M1_margin,low,20,0.16666666666666666,0.1,1,10.34921646118164,14.198466305913902,0.1537485122680664,12.605880737304688,12.452132225036621,-0.1537485122680664,0.0709923315295695,0.0008866701187769517,1,0
M2_popmass,low,20,0.16666666666666666,0.1,1,10.34921646118164,14.198466305913902,0.07070350646972656,10.836793899536133,10.766090393066406,-0.07070350646972656,0.0709923315295695,0.0008866701187769517,1,0
M0_balanced,low,20,0.16666666666666666,0.2,1,10.34921646118164,14.198466305913902,0.07000160217285156,10.663429260253906,10.593427658081055,-0.07000160217285156,0.0709923315295695,0.0008866701187769517,1,0
M1_margin,low,20,0.16666666666666666,0.2,1,10.34921646118164,14.198466305913902,0.1537485122680664,12.605880737304688,12.452132225036621,-0.1537485122680664,0.0709923315295695,0.0008866701187769517,1,0
M2_popmass,low,20,0.16666666666666666,0.2,1,10.34921646118164,14.198466305913902,0.07070350646972656,10.836793899536133,10.766090393066406,-0.07070350646972656,0.0709923315295695,0.0008866701187769517,1,0
M0_balanced,low,20,0.16666666666666666,0.4,1,10.34921646118164,14.198466305913902,0.07000160217285156,10.663429260253906,10.593427658081055,-0.07000160217285156,0.0709923315295695,0.0008866701187769517,1,0
M1_margin,low,20,0.16666666666666666,0.4,1,10.34921646118164,14.198466305913902,0.1537485122680664,12.605880737304688,12.452132225036621,-0.1537485122680664,0.0709923315295695,0.0008866701187769517,1,0
M2_popmass,low,20,0.16666666666666666,0.4,1,10.34921646118164,14.198466305913902,0.07070350646972656,10.836793899536133,10.766090393066406,-0.07070350646972656,0.0709923315295695,0.0008866701187769517,1,0
M0_balanced,low,20,0.16666666666666666,0.1,2,10.348579406738281,14.197137825390636,0.07000160217285156,10.663429260253906,10.593427658081055,-0.07000160217285156,0.07098568912695317,0.0008865871574233816,1,0
M1_margin,low,20,0.16666666666666666,0.1,2,10.348579406738281,14.197137825390636,0.15375328063964844,12.605880737304688,12.452127456665039,-0.15375328063964844,0.07098568912695317,0.0008865871574233816,1,0
M2_popmass,low,20,0.16666666666666666,0.1,2,10.348579406738281,14.197137825390636,0.07070350646972656,10.836793899536133,10.766090393066406,-0.07070350646972656,0.07098568912695317,0.0008865871574233816,1,0
M0_balanced,low,20,0.16666666666666666,0.2,2,10.348579406738281,14.197137825390636,0.07000160217285156,10.663429260253906,10.593427658081055,-0.07000160217285156,0.07098568912695317,0.0008865871574233816,1,0
M1_margin,low,20,0.16666666666666666,0.2,2,10.348579406738281,14.197137825390636,0.15375328063964844,12.605880737304688,12.452127456665039,-0.15375328063964844,0.07098568912695317,0.0008865871574233816,1,0
M2_popmass,low,20,0.16666666666666666,0.2,2,10.348579406738281,14.197137825390636,0.07070350646972656,10.836793899536133,10.766090393066406,-0.07070350646972656,0.07098568912695317,0.0008865871574233816,1,0
M0_balanced,low,20,0.16666666666666666,0.4,2,10.297622680664062,14.14345201186807,0.06957817077636719,10.663429260253906,10.593851089477539,-0.06957817077636719,0.07071726005934036,0.0008832345695010606,1,2
M1_margin,low,20,0.16666666666666666,0.4,2,10.297622680664062,14.14345201186807,0.1526966094970703,12.605880737304688,12.453184127807617,-0.1526966094970703,0.07071726005934036,0.0008832345695010606,1,2
M2_popmass,low,20,0.16666666666666666,0.4,2,10.297622680664062,14.14345201186807,0.07026481628417969,10.836793899536133,10.766529083251953,-0.07026481628417969,0.07071726005934036,0.0008832345695010606,1,2
M0_balanced,low,20,0.16666666666666666,0.1,3,10.180761337280273,14.211076154804134,0.06984996795654297,10.663429260253906,10.593579292297363,-0.06984996795654297,0.07105538077402067,0.000887457582434812,1,0
M1_margin,low,20,0.16666666666666666,0.1,3,10.180761337280273,14.211076154804134,0.15248775482177734,12.605880737304688,12.45339298248291,-0.15248775482177734,0.07105538077402067,0.000887457582434812,1,0
M2_popmass,low,20,0.16666666666666666,0.1,3,10.180761337280273,14.211076154804134,0.070526123046875,10.836793899536133,10.766267776489258,-0.070526123046875,0.07105538077402067,0.000887457582434812,1,0
M0_balanced,low,20,0.16666666666666666,0.2,3,10.15703010559082,14.169348899005398,0.0693216323852539,10.663429260253906,10.594107627868652,-0.0693216323852539,0.070846744495027,0.0008848517861425822,1,1
M1_margin,low,20,0.16666666666666666,0.2,3,10.15703010559082,14.169348899005398,0.15133094787597656,12.605880737304688,12.454549789428711,-0.15133094787597656,0.070846744495027,0.0008848517861425822,1,1
M2_popmass,low,20,0.16666666666666666,0.2,3,10.15703010559082,14.169348899005398,0.06997966766357422,10.836793899536133,10.766814231872559,-0.06997966766357422,0.070846744495027,0.0008848517861425822,1,1
M0_balanced,low,20,0.16666666666666666,0.4,3,10.163838386535645,14.15425811446922,0.06933021545410156,10.663429260253906,10.594099044799805,-0.06933021545410156,0.0707712905723461,0.0008839093922650437,1,2
M1_margin,low,20,0.16666666666666666,0.4,3,10.163838386535645,14.15425811446922,0.15143489837646484,12.605880737304688,12.454445838928223,-0.15143489837646484,0.0707712905723461,0.0008839093922650437,1,2
M2_popmass,low,20,0.16666666666666666,0.4,3,10.163838386535645,14.15425811446922,0.06999015808105469,10.836793899536133,10.766803741455078,-0.06999015808105469,0.0707712905723461,0.0008839093922650437,1,2
M0_balanced,low,20,0.16666666666666666,0.1,4,10.347869873046875,14.197021586106764,0.07000446319580078,10.663429260253906,10.593424797058105,-0.07000446319580078,0.07098510793053382,0.0008865798984774211,1,0
M1_margin,low,20,0.16666666666666666,0.1,4,10.347869873046875,14.197021586106764,0.15375900268554688,12.605880737304688,12.45212173461914,-0.15375900268554688,0.07098510793053382,0.0008865798984774211,1,0
M2_popmass,low,20,0.16666666666666666,0.1,4,10.347869873046875,14.197021586106764,0.07070636749267578,10.836793899536133,10.766087532043457,-0.07070636749267578,0.07098510793053382,0.0008865798984774211,1,0
M0_balanced,low,20,0.16666666666666666,0.2,4,10.347869873046875,14.197021586106764,0.07000446319580078,10.663429260253906,10.593424797058105,-0.07000446319580078,0.07098510793053382,0.0008865798984774211,1,0
M1_margin,low,20,0.16666666666666666,0.2,4,10.347869873046875,14.197021586106764,0.15375900268554688,12.605880737304688,12.45212173461914,-0.15375900268554688,0.07098510793053382,0.0008865798984774211,1,0
M2_popmass,low,20,0.16666666666666666,0.2,4,10.347869873046875,14.197021586106764,0.07070636749267578,10.836793899536133,10.766087532043457,-0.07070636749267578,0.07098510793053382,0.0008865798984774211,1,0
M0_balanced,low,20,0.16666666666666666,0.4,4,10.29948616027832,14.15867126933574,0.06965065002441406,10.663429260253906,10.593778610229492,-0.06965065002441406,0.0707933563466787,0.0008841849862950867,1,1
M1_margin,low,20,0.16666666666666666,0.4,4,10.29948616027832,14.15867126933574,0.15280723571777344,12.605880737304688,12.453073501586914,-0.15280723571777344,0.0707933563466787,0.0008841849862950867,1,1
M2_popmass,low,20,0.16666666666666666,0.4,4,10.29948616027832,14.15867126933574,0.07034111022949219,10.836793899536133,10.76645278930664,-0.07034111022949219,0.0707933563466787,0.0008841849862950867,1,1
M0_balanced,low,21,0.3333333333333333,0.1,0,10.033536911010742,20.2457756049326,-0.23645496368408203,10.663429260253906,10.899884223937988,0.23645496368408203,0.101228878024663,0.0012643143191374176,1,0
M1_margin,low,21,0.3333333333333333,0.1,0,10.033536911010742,20.2457756049326,-0.42088985443115234,12.605880737304688,13.02677059173584,0.42088985443115234,0.101228878024663,0.0012643143191374176,1,0
M2_popmass,low,21,0.3333333333333333,0.1,0,10.033536911010742,20.2457756049326,-0.2359628677368164,10.836793899536133,11.07275676727295,0.2359628677368164,0.101228878024663,0.0012643143191374176,1,0
M0_balanced,low,21,0.3333333333333333,0.2,0,10.033536911010742,20.2457756049326,-0.23645496368408203,10.663429260253906,10.899884223937988,0.23645496368408203,0.101228878024663,0.0012643143191374176,1,0
M1_margin,low,21,0.3333333333333333,0.2,0,10.033536911010742,20.2457756049326,-0.42088985443115234,12.605880737304688,13.02677059173584,0.42088985443115234,0.101228878024663,0.0012643143191374176,1,0
M2_popmass,low,21,0.3333333333333333,0.2,0,10.033536911010742,20.2457756049326,-0.2359628677368164,10.836793899536133,11.07275676727295,0.2359628677368164,0.101228878024663,0.0012643143191374176,1,0
M0_balanced,low,21,0.3333333333333333,0.4,0,10.030967712402344,20.240012638785384,-0.2366790771484375,10.663429260253906,10.900108337402344,0.2366790771484375,0.10120006319392692,0.001263954431684212,1,1
M1_margin,low,21,0.3333333333333333,0.4,0,10.030967712402344,20.240012638785384,-0.42119789123535156,12.605880737304688,13.027078628540039,0.42119789123535156,0.10120006319392692,0.001263954431684212,1,1
M2_popmass,low,21,0.3333333333333333,0.4,0,10.030967712402344,20.240012638785384,-0.2361907958984375,10.836793899536133,11.07298469543457,0.2361907958984375,0.10120006319392692,0.001263954431684212,1,1
M0_balanced,low,21,0.3333333333333333,0.1,1,10.016674041748047,20.227491703492117,-0.2364368438720703,10.663429260253906,10.899866104125977,0.2364368438720703,0.10113745851746059,0.0012631725205295506,1,1
M1_margin,low,21,0.3333333333333333,0.1,1,10.016674041748047,20.227491703492117,-0.4208974838256836,12.605880737304688,13.026778221130371,0.4208974838256836,0.10113745851746059,0.0012631725205295506,1,1
M2_popmass,low,21,0.3333333333333333,0.1,1,10.016674041748047,20.227491703492117,-0.2359485626220703,10.836793899536133,11.072742462158203,0.2359485626220703,0.10113745851746059,0.0012631725205295506,1,1
M0_balanced,low,21,0.3333333333333333,0.2,1,10.016674041748047,20.227491703492117,-0.2364368438720703,10.663429260253906,10.899866104125977,0.2364368438720703,0.10113745851746059,0.0012631725205295506,1,1
M1_margin,low,21,0.3333333333333333,0.2,1,10.016674041748047,20.227491703492117,-0.4208974838256836,12.605880737304688,13.026778221130371,0.4208974838256836,0.10113745851746059,0.0012631725205295506,1,1
M2_popmass,low,21,0.3333333333333333,0.2,1,10.016674041748047,20.227491703492117,-0.2359485626220703,10.836793899536133,11.072742462158203,0.2359485626220703,0.10113745851746059,0.0012631725205295506,1,1
M0_balanced,low,21,0.3333333333333333,0.4,1,9.993804931640625,20.21127570692848,-0.23678207397460938,10.663429260253906,10.900211334228516,0.23678207397460938,0.1010563785346424,0.001262159859070955,1,3
M1_margin,low,21,0.3333333333333333,0.4,1,9.993804931640625,20.21127570692848,-0.42206573486328125,12.605880737304688,13.027946472167969,0.42206573486328125,0.1010563785346424,0.001262159859070955,1,3
M2_popmass,low,21,0.3333333333333333,0.4,1,9.993804931640625,20.21127570692848,-0.23633575439453125,10.836793899536133,11.073129653930664,0.23633575439453125,0.1010563785346424,0.001262159859070955,1,3
M0_balanced,low,21,0.3333333333333333,0.1,2,10.025569915771484,20.245390051938305,-0.23649024963378906,10.663429260253906,10.899919509887695,0.23649024963378906,0.10122695025969153,0.0012642902420074036,1,0
M1_margin,low,21,0.3333333333333333,0.1,2,10.025569915771484,20.245390051938305,-0.42093658447265625,12.605880737304688,13.026817321777344,0.42093658447265625,0.10122695025969153,0.0012642902420074036,1,0
M2_popmass,low,21,0.3333333333333333,0.1,2,10.025569915771484,20.245390051938305,-0.23599910736083984,10.836793899536133,11.072793006896973,0.23599910736083984,0.10122695025969153,0.0012642902420074036,1,0
M0_balanced,low,21,0.3333333333333333,0.2,2,10.023462295532227,20.240109376324124,-0.23671340942382812,10.663429260253906,10.900142669677734,0.23671340942382812,0.10120054688162063,0.0012639604727792935,1,1
M1_margin,low,21,0.3333333333333333,0.2,2,10.023462295532227,20.240109376324124,-0.42124366760253906,12.605880737304688,13.027124404907227,0.42124366760253906,0.10120054688162063,0.0012639604727792935,1,1
M2_popmass,low,21,0.3333333333333333,0.2,2,10.023462295532227,20.240109376324124,-0.23622608184814453,10.836793899536133,11.073019981384277,0.23622608184814453,0.10120054688162063,0.0012639604727792935,1,1
M0_balanced,low,21,0.3333333333333333,0.4,2,10.023462295532227,20.240109376324124,-0.23671340942382812,10.663429260253906,10.900142669677734,0.23671340942382812,0.10120054688162063,0.0012639604727792935,1,1
M1_margin,low,21,0.3333333333333333,0.4,2,10.023462295532227,20.240109376324124,-0.42124366760253906,12.605880737304688,13.027124404907227,0.42124366760253906,0.10120054688162063,0.0012639604727792935,1,1
M2_popmass,low,21,0.3333333333333333,0.4,2,10.023462295532227,20.240109376324124,-0.23622608184814453,10.836793899536133,11.073019981384277,0.23622608184814453,0.10120054688162063,0.0012639604727792935,1,1
M0_balanced,low,21,0.3333333333333333,0.1,3,10.028218269348145,20.24633926536028,-0.23648834228515625,10.663429260253906,10.899917602539062,0.23648834228515625,0.1012316963268014,0.0012643495187743075,1,0
M1_margin,low,21,0.3333333333333333,0.1,3,10.028218269348145,20.24633926536028,-0.42093658447265625,12.605880737304688,13.026817321777344,0.42093658447265625,0.1012316963268014,0.0012643495187743075,1,0
M2_popmass,low,21,0.3333333333333333,0.1,3,10.028218269348145,20.24633926536028,-0.23599720001220703,10.836793899536133,11.07279109954834,0.23599720001220703,0.1012316963268014,0.0012643495187743075,1,0
M0_balanced,low,21,0.3333333333333333,0.2,3,10.015048027038574,20.226933349179273,-0.23642349243164062,10.663429260253906,10.899852752685547,0.23642349243164062,0.10113466674589637,0.0012631376522505252,1,1
M1_margin,low,21,0.3333333333333333,0.2,3,10.015048027038574,20.226933349179273,-0.42087554931640625,12.605880737304688,13.026756286621094,0.42087554931640625,0.10113466674589637,0.0012631376522505252,1,1
M2_popmass,low,21,0.3333333333333333,0.2,3,10.015048027038574,20.226933349179273,-0.23593425750732422,10.836793899536133,11.072728157043457,0.23593425750732422,0.10113466674589637,0.0012631376522505252,1,1
M0_balanced,low,21,0.3333333333333333,0.4,3,10.021821022033691,20.2353863042094,-0.23699569702148438,10.663429260253906,10.90042495727539,0.23699569702148438,0.101176931521047,0.0012636655249431874,1,2
M1_margin,low,21,0.3333333333333333,0.4,3,10.021821022033691,20.2353863042094,-0.4225044250488281,12.605880737304688,13.028385162353516,0.4225044250488281,0.101176931521047,0.0012636655249431874,1,2
M2_popmass,low,21,0.3333333333333333,0.4,3,10.021821022033691,20.2353863042094,-0.2365398406982422,10.836793899536133,11.073333740234375,0.2365398406982422,0.101176931521047,0.0012636655249431874,1,2
M0_balanced,low,21,0.3333333333333333,0.1,4,10.01651382446289,20.201012369902287,-0.23584556579589844,10.663429260253906,10.899274826049805,0.23584556579589844,0.10100506184951144,0.0012615189310957785,1,0
M1_margin,low,21,0.3333333333333333,0.1,4,10.01651382446289,20.201012369902287,-0.4207305908203125,12.605880737304688,13.026611328125,0.4207305908203125,0.10100506184951144,0.0012615189310957785,1,0
M2_popmass,low,21,0.3333333333333333,0.1,4,10.01651382446289,20.201012369902287,-0.23537254333496094,10.836793899536133,11.072166442871094,0.23537254333496094,0.10100506184951144,0.0012615189310957785,1,0
M0_balanced,low,21,0.3333333333333333,0.2,4,10.024604797363281,20.196145247217817,-0.23610973358154297,10.663429260253906,10.89953899383545,0.23610973358154297,0.10098072623608909,0.001261214987546119,1,1
M1_margin,low,21,0.3333333333333333,0.2,4,10.024604797363281,20.196145247217817,-0.4209461212158203,12.605880737304688,13.026826858520508,0.4209461212158203,0.10098072623608909,0.001261214987546119,1,1
M2_popmass,low,21,0.3333333333333333,0.2,4,10.024604797363281,20.196145247217817,-0.2356395721435547,10.836793899536133,11.072433471679688,0.2356395721435547,0.10098072623608909,0.001261214987546119,1,1
M0_balanced,low,21,0.3333333333333333,0.4,4,10.024604797363281,20.196145247217817,-0.23610973358154297,10.663429260253906,10.89953899383545,0.23610973358154297,0.10098072623608909,0.001261214987546119,1,1
M1_margin,low,21,0.3333333333333333,0.4,4,10.024604797363281,20.196145247217817,-0.4209461212158203,12.605880737304688,13.026826858520508,0.4209461212158203,0.10098072623608909,0.001261214987546119,1,1
M2_popmass,low,21,0.3333333333333333,0.4,4,10.024604797363281,20.196145247217817,-0.2356395721435547,10.836793899536133,11.072433471679688,0.2356395721435547,0.10098072623608909,0.001261214987546119,1,1
M0_balanced,low,22,0.0,0.1,0,11.88527774810791,15.127143198972634,-0.0066814422607421875,10.663429260253906,10.670110702514648,0.0066814422607421875,0.07563571599486317,0.0009446644143108873,1,0
M1_margin,low,22,0.0,0.1,0,11.88527774810791,15.127143198972634,-0.015501976013183594,12.605880737304688,12.621382713317871,0.015501976013183594,0.07563571599486317,0.0009446644143108873,1,0
M2_popmass,low,22,0.0,0.1,0,11.88527774810791,15.127143198972634,-0.005261421203613281,10.836793899536133,10.842055320739746,0.005261421203613281,0.07563571599486317,0.0009446644143108873,1,0
M0_balanced,low,22,0.0,0.2,0,11.88527774810791,15.127143198972634,-0.0066814422607421875,10.663429260253906,10.670110702514648,0.0066814422607421875,0.07563571599486317,0.0009446644143108873,1,0
M1_margin,low,22,0.0,0.2,0,11.88527774810791,15.127143198972634,-0.015501976013183594,12.605880737304688,12.621382713317871,0.015501976013183594,0.07563571599486317,0.0009446644143108873,1,0
M2_popmass,low,22,0.0,0.2,0,11.88527774810791,15.127143198972634,-0.005261421203613281,10.836793899536133,10.842055320739746,0.005261421203613281,0.07563571599486317,0.0009446644143108873,1,0
M0_balanced,low,22,0.0,0.4,0,11.87661361694336,15.136151400359362,-0.006958961486816406,10.663429260253906,10.670388221740723,0.006958961486816406,0.07568075700179681,0.0009452269611959836,1,1
M1_margin,low,22,0.0,0.4,0,11.87661361694336,15.136151400359362,-0.015915870666503906,12.605880737304688,12.621796607971191,0.015915870666503906,0.07568075700179681,0.0009452269611959836,1,1
M2_popmass,low,22,0.0,0.4,0,11.87661361694336,15.136151400359362,-0.0055484771728515625,10.836793899536133,10.842342376708984,0.0055484771728515625,0.07568075700179681,0.0009452269611959836,1,1
M0_balanced,low,22,0.0,0.1,1,11.728446960449219,15.181834019721158,-0.007526397705078125,10.663429260253906,10.670955657958984,0.007526397705078125,0.07590917009860579,0.0009480797632284605,1,1
M1_margin,low,22,0.0,0.1,1,11.728446960449219,15.181834019721158,-0.016427040100097656,12.605880737304688,12.622307777404785,0.016427040100097656,0.07590917009860579,0.0009480797632284605,1,1
M2_popmass,low,22,0.0,0.1,1,11.728446960449219,15.181834019721158,-0.006107330322265625,10.836793899536133,10.842901229858398,0.006107330322265625,0.07590917009860579,0.0009480797632284605,1,1
M0_balanced,low,22,0.0,0.2,1,11.728446960449219,15.181834019721158,-0.007526397705078125,10.663429260253906,10.670955657958984,0.007526397705078125,0.07590917009860579,0.0009480797632284605,1,1
M1_margin,low,22,0.0,0.2,1,11.728446960449219,15.181834019721158,-0.016427040100097656,12.605880737304688,12.622307777404785,0.016427040100097656,0.07590917009860579,0.0009480797632284605,1,1
M2_popmass,low,22,0.0,0.2,1,11.728446960449219,15.181834019721158,-0.006107330322265625,10.836793899536133,10.842901229858398,0.006107330322265625,0.07590917009860579,0.0009480797632284605,1,1
M0_balanced,low,22,0.0,0.4,1,11.726763725280762,15.163836307045893,-0.007537841796875,10.663429260253906,10.670967102050781,0.007537841796875,0.07581918153522947,0.0009469558366231733,1,2
M1_margin,low,22,0.0,0.4,1,11.726763725280762,15.163836307045893,-0.016553878784179688,12.605880737304688,12.622434616088867,0.016553878784179688,0.07581918153522947,0.0009469558366231733,1,2
M2_popmass,low,22,0.0,0.4,1,11.726763725280762,15.163836307045893,-0.006125450134277344,10.836793899536133,10.84291934967041,0.006125450134277344,0.07581918153522947,0.0009469558366231733,1,2
M0_balanced,low,22,0.0,0.1,2,11.877583503723145,15.13692464668448,-0.006955146789550781,10.663429260253906,10.670384407043457,0.006955146789550781,0.0756846232334224,0.0009452752491163944,1,1
M1_margin,low,22,0.0,0.1,2,11.877583503723145,15.13692464668448,-0.0159149169921875,12.605880737304688,12.621795654296875,0.0159149169921875,0.0756846232334224,0.0009452752491163944,1,1
M2_popmass,low,22,0.0,0.1,2,11.877583503723145,15.13692464668448,-0.005543708801269531,10.836793899536133,10.842337608337402,0.005543708801269531,0.0756846232334224,0.0009452752491163944,1,1
M0_balanced,low,22,0.0,0.2,2,11.877583503723145,15.13692464668448,-0.006955146789550781,10.663429260253906,10.670384407043457,0.006955146789550781,0.0756846232334224,0.0009452752491163944,1,1
M1_margin,low,22,0.0,0.2,2,11.877583503723145,15.13692464668448,-0.0159149169921875,12.605880737304688,12.621795654296875,0.0159149169921875,0.0756846232334224,0.0009452752491163944,1,1
M2_popmass,low,22,0.0,0.2,2,11.877583503723145,15.13692464668448,-0.005543708801269531,10.836793899536133,10.842337608337402,0.005543708801269531,0.0756846232334224,0.0009452752491163944,1,1
M0_balanced,low,22,0.0,0.4,2,11.877583503723145,15.13692464668448,-0.006955146789550781,10.663429260253906,10.670384407043457,0.006955146789550781,0.0756846232334224,0.0009452752491163944,1,1
M1_margin,low,22,0.0,0.4,2,11.877583503723145,15.13692464668448,-0.0159149169921875,12.605880737304688,12.621795654296875,0.0159149169921875,0.0756846232334224,0.0009452752491163944,1,1
M2_popmass,low,22,0.0,0.4,2,11.877583503723145,15.13692464668448,-0.005543708801269531,10.836793899536133,10.842337608337402,0.005543708801269531,0.0756846232334224,0.0009452752491163944,1,1
M0_balanced,low,22,0.0,0.1,3,11.716121673583984,15.177065756310242,-0.0075397491455078125,10.663429260253906,10.670969009399414,0.0075397491455078125,0.07588532878155121,0.0009477819932726198,1,0
M1_margin,low,22,0.0,0.1,3,11.716121673583984,15.177065756310242,-0.0165557861328125,12.605880737304688,12.6224365234375,0.0165557861328125,0.07588532878155121,0.0009477819932726198,1,0
M2_popmass,low,22,0.0,0.1,3,11.716121673583984,15.177065756310242,-0.006119728088378906,10.836793899536133,10.842913627624512,0.006119728088378906,0.07588532878155121,0.0009477819932726198,1,0
M0_balanced,low,22,0.0,0.2,3,11.716121673583984,15.177065756310242,-0.0075397491455078125,10.663429260253906,10.670969009399414,0.0075397491455078125,0.07588532878155121,0.0009477819932726198,1,0
M1_margin,low,22,0.0,0.2,3,11.716121673583984,15.177065756310242,-0.0165557861328125,12.605880737304688,12.6224365234375,0.0165557861328125,0.07588532878155121,0.0009477819932726198,1,0
M2_popmass,low,22,0.0,0.2,3,11.716121673583984,15.177065756310242,-0.006119728088378906,10.836793899536133,10.842913627624512,0.006119728088378906,0.07588532878155121,0.0009477819932726198,1,0
M0_balanced,low,22,0.0,0.4,3,11.716121673583984,15.177065756310242,-0.0075397491455078125,10.663429260253906,10.670969009399414,0.0075397491455078125,0.07588532878155121,0.0009477819932726198,1,0
M1_margin,low,22,0.0,0.4,3,11.716121673583984,15.177065756310242,-0.0165557861328125,12.605880737304688,12.6224365234375,0.0165557861328125,0.07588532878155121,0.0009477819932726198,1,0
M2_popmass,low,22,0.0,0.4,3,11.716121673583984,15.177065756310242,-0.006119728088378906,10.836793899536133,10.842913627624512,0.006119728088378906,0.07588532878155121,0.0009477819932726198,1,0
M0_balanced,low,22,0.0,0.1,4,11.712491989135742,15.174894824105865,-0.0075206756591796875,10.663429260253906,10.670949935913086,0.0075206756591796875,0.07587447412052932,0.0009476464222416338,1,0
M1_margin,low,22,0.0,0.1,4,11.712491989135742,15.174894824105865,-0.016551971435546875,12.605880737304688,12.622432708740234,0.016551971435546875,0.07587447412052932,0.0009476464222416338,1,0
M2_popmass,low,22,0.0,0.1,4,11.712491989135742,15.174894824105865,-0.0061016082763671875,10.836793899536133,10.8428955078125,0.0061016082763671875,0.07587447412052932,0.0009476464222416338,1,0
M0_balanced,low,22,0.0,0.2,4,11.712491989135742,15.174894824105865,-0.0075206756591796875,10.663429260253906,10.670949935913086,0.0075206756591796875,0.07587447412052932,0.0009476464222416338,1,0
M1_margin,low,22,0.0,0.2,4,11.712491989135742,15.174894824105865,-0.016551971435546875,12.605880737304688,12.622432708740234,0.016551971435546875,0.07587447412052932,0.0009476464222416338,1,0
M2_popmass,low,22,0.0,0.2,4,11.712491989135742,15.174894824105865,-0.0061016082763671875,10.836793899536133,10.8428955078125,0.0061016082763671875,0.07587447412052932,0.0009476464222416338,1,0
M0_balanced,low,22,0.0,0.4,4,11.712491989135742,15.174894824105865,-0.0075206756591796875,10.663429260253906,10.670949935913086,0.0075206756591796875,0.07587447412052932,0.0009476464222416338,1,0
M1_margin,low,22,0.0,0.4,4,11.712491989135742,15.174894824105865,-0.016551971435546875,12.605880737304688,12.622432708740234,0.016551971435546875,0.07587447412052932,0.0009476464222416338,1,0
M2_popmass,low,22,0.0,0.4,4,11.712491989135742,15.174894824105865,-0.0061016082763671875,10.836793899536133,10.8428955078125,0.0061016082763671875,0.07587447412052932,0.0009476464222416338,1,0
M0_balanced,low,23,0.25,0.1,0,9.178504943847656,17.18351912151245,0.042018890380859375,10.663429260253906,10.621410369873047,-0.042018890380859375,0.08591759560756225,0.0010730815999564238,1,1
M1_margin,low,23,0.25,0.1,0,9.178504943847656,17.18351912151245,0.1895151138305664,12.605880737304688,12.416365623474121,-0.1895151138305664,0.08591759560756225,0.0010730815999564238,1,1
M2_popmass,low,23,0.25,0.1,0,9.178504943847656,17.18351912151245,0.043743133544921875,10.836793899536133,10.793050765991211,-0.043743133544921875,0.08591759560756225,0.0010730815999564238,1,1
M0_balanced,low,23,0.25,0.2,0,9.212421417236328,17.216923031810907,0.04181671142578125,10.663429260253906,10.621612548828125,-0.04181671142578125,0.08608461515905454,0.001075167617451117,1,2
M1_margin,low,23,0.25,0.2,0,9.212421417236328,17.216923031810907,0.18912410736083984,12.605880737304688,12.416756629943848,-0.18912410736083984,0.08608461515905454,0.001075167617451117,1,2
M2_popmass,low,23,0.25,0.2,0,9.212421417236328,17.216923031810907,0.043534278869628906,10.836793899536133,10.793259620666504,-0.043534278869628906,0.08608461515905454,0.001075167617451117,1,2
M0_balanced,low,23,0.25,0.4,0,9.275425910949707,17.22184786301936,0.041744232177734375,10.663429260253906,10.621685028076172,-0.041744232177734375,0.0861092393150968,0.0010754751648001386,1,3
M1_margin,low,23,0.25,0.4,0,9.275425910949707,17.22184786301936,0.18892860412597656,12.605880737304688,12.416952133178711,-0.18892860412597656,0.0861092393150968,0.0010754751648001386,1,3
M2_popmass,low,23,0.25,0.4,0,9.275425910949707,17.22184786301936,0.04345512390136719,10.836793899536133,10.793338775634766,-0.04345512390136719,0.0861092393150968,0.0010754751648001386,1,3
M0_balanced,low,23,0.25,0.1,1,9.170541763305664,17.177863615490658,0.0423126220703125,10.663429260253906,10.621116638183594,-0.0423126220703125,0.08588931807745329,0.0010727284232056366,1,0
M1_margin,low,23,0.25,0.1,1,9.170541763305664,17.177863615490658,0.19014263153076172,12.605880737304688,12.415738105773926,-0.19014263153076172,0.08588931807745329,0.0010727284232056366,1,0
M2_popmass,low,23,0.25,0.1,1,9.170541763305664,17.177863615490658,0.044051170349121094,10.836793899536133,10.792742729187012,-0.044051170349121094,0.08588931807745329,0.0010727284232056366,1,0
M0_balanced,low,23,0.25,0.2,1,9.17923641204834,17.183375510227247,0.042016029357910156,10.663429260253906,10.621413230895996,-0.042016029357910156,0.08591687755113624,0.0010730726316754444,1,1
M1_margin,low,23,0.25,0.2,1,9.17923641204834,17.183375510227247,0.1894998550415039,12.605880737304688,12.416380882263184,-0.1894998550415039,0.08591687755113624,0.0010730726316754444,1,1
M2_popmass,low,23,0.25,0.2,1,9.17923641204834,17.183375510227247,0.043740272521972656,10.836793899536133,10.79305362701416,-0.043740272521972656,0.08591687755113624,0.0010730726316754444,1,1
M0_balanced,low,23,0.25,0.4,1,9.17923641204834,17.183375510227247,0.042016029357910156,10.663429260253906,10.621413230895996,-0.042016029357910156,0.08591687755113624,0.0010730726316754444,1,1
M1_margin,low,23,0.25,0.4,1,9.17923641204834,17.183375510227247,0.1894998550415039,12.605880737304688,12.416380882263184,-0.1894998550415039,0.08591687755113624,0.0010730726316754444,1,1
M2_popmass,low,23,0.25,0.4,1,9.17923641204834,17.183375510227247,0.043740272521972656,10.836793899536133,10.79305362701416,-0.043740272521972656,0.08591687755113624,0.0010730726316754444,1,1
M0_balanced,low,23,0.25,0.1,2,9.260811805725098,17.149108264453186,0.04279136657714844,10.663429260253906,10.620637893676758,-0.04279136657714844,0.08574554132226593,0.0010709327003458197,1,0
M1_margin,low,23,0.25,0.1,2,9.260811805725098,17.149108264453186,0.19101238250732422,12.605880737304688,12.414868354797363,-0.19101238250732422,0.08574554132226593,0.0010709327003458197,1,0
M2_popmass,low,23,0.25,0.1,2,9.260811805725098,17.149108264453186,0.04455089569091797,10.836793899536133,10.792243003845215,-0.04455089569091797,0.08574554132226593,0.0010709327003458197,1,0
M0_balanced,low,23,0.25,0.2,2,9.260811805725098,17.149108264453186,0.04279136657714844,10.663429260253906,10.620637893676758,-0.04279136657714844,0.08574554132226593,0.0010709327003458197,1,0
M1_margin,low,23,0.25,0.2,2,9.260811805725098,17.149108264453186,0.19101238250732422,12.605880737304688,12.414868354797363,-0.19101238250732422,0.08574554132226593,0.0010709327003458197,1,0
M2_popmass,low,23,0.25,0.2,2,9.260811805725098,17.149108264453186,0.04455089569091797,10.836793899536133,10.792243003845215,-0.04455089569091797,0.08574554132226593,0.0010709327003458197,1,0
M0_balanced,low,23,0.25,0.4,2,9.260811805725098,17.149108264453186,0.04279136657714844,10.663429260253906,10.620637893676758,-0.04279136657714844,0.08574554132226593,0.0010709327003458197,1,0
M1_margin,low,23,0.25,0.4,2,9.260811805725098,17.149108264453186,0.19101238250732422,12.605880737304688,12.414868354797363,-0.19101238250732422,0.08574554132226593,0.0010709327003458197,1,0
M2_popmass,low,23,0.25,0.4,2,9.260811805725098,17.149108264453186,0.04455089569091797,10.836793899536133,10.792243003845215,-0.04455089569091797,0.08574554132226593,0.0010709327003458197,1,0
M0_balanced,low,23,0.25,0.1,3,9.201192855834961,17.188297221300946,0.04192066192626953,10.663429260253906,10.621508598327637,-0.04192066192626953,0.08594148610650473,0.001073379984177347,1,1
M1_margin,low,23,0.25,0.1,3,9.201192855834961,17.188297221300946,0.1892995834350586,12.605880737304688,12.416581153869629,-0.1892995834350586,0.08594148610650473,0.001073379984177347,1,1
M2_popmass,low,23,0.25,0.1,3,9.201192855834961,17.188297221300946,0.04364204406738281,10.836793899536133,10.79315185546875,-0.04364204406738281,0.08594148610650473,0.001073379984177347,1,1
M0_balanced,low,23,0.25,0.2,3,9.304430961608887,17.222611929242554,0.04178810119628906,10.663429260253906,10.621641159057617,-0.04178810119628906,0.08611305964621277,0.0010755228794387674,1,2
M1_margin,low,23,0.25,0.2,3,9.304430961608887,17.222611929242554,0.18906593322753906,12.605880737304688,12.416814804077148,-0.18906593322753906,0.08611305964621277,0.0010755228794387674,1,2
M2_popmass,low,23,0.25,0.2,3,9.304430961608887,17.222611929242554,0.04350090026855469,10.836793899536133,10.793292999267578,-0.04350090026855469,0.08611305964621277,0.0010755228794387674,1,2
M0_balanced,low,23,0.25,0.4,3,9.314583778381348,17.22577519510788,0.041477203369140625,10.663429260253906,10.621952056884766,-0.041477203369140625,0.08612887597553939,0.0010757204200223841,1,3
M1_margin,low,23,0.25,0.4,3,9.314583778381348,17.22577519510788,0.1883993148803711,12.605880737304688,12.417481422424316,-0.1883993148803711,0.08612887597553939,0.0010757204200223841,1,3
M2_popmass,low,23,0.25,0.4,3,9.314583778381348,17.22577519510788,0.04317474365234375,10.836793899536133,10.793619155883789,-0.04317474365234375,0.08612887597553939,0.0010757204200223841,1,3
M0_balanced,low,23,0.25,0.1,4,9.240537643432617,17.223526505612803,0.04189300537109375,10.663429260253906,10.621536254882812,-0.04189300537109375,0.08611763252806402,0.0010755799931805878,1,2
M1_margin,low,23,0.25,0.1,4,9.240537643432617,17.223526505612803,0.1893482208251953,12.605880737304688,12.416532516479492,-0.1893482208251953,0.08611763252806402,0.0010755799931805878,1,2
M2_popmass,low,23,0.25,0.1,4,9.240537643432617,17.223526505612803,0.04361248016357422,10.836793899536133,10.793181419372559,-0.04361248016357422,0.08611763252806402,0.0010755799931805878,1,2
M0_balanced,low,23,0.25,0.2,4,9.240537643432617,17.223526505612803,0.04189300537109375,10.663429260253906,10.621536254882812,-0.04189300537109375,0.08611763252806402,0.0010755799931805878,1,2
M1_margin,low,23,0.25,0.2,4,9.240537643432617,17.223526505612803,0.1893482208251953,12.605880737304688,12.416532516479492,-0.1893482208251953,0.08611763252806402,0.0010755799931805878,1,2
M2_popmass,low,23,0.25,0.2,4,9.240537643432617,17.223526505612803,0.04361248016357422,10.836793899536133,10.793181419372559,-0.04361248016357422,0.08611763252806402,0.0010755799931805878,1,2
M0_balanced,low,23,0.25,0.4,4,9.378652572631836,17.241190964754622,0.04138946533203125,10.663429260253906,10.622039794921875,-0.04138946533203125,0.08620595482377312,0.0010766831086684123,1,4
M1_margin,low,23,0.25,0.4,4,9.378652572631836,17.241190964754622,0.18829822540283203,12.605880737304688,12.417582511901855,-0.18829822540283203,0.08620595482377312,0.0010766831086684123,1,4
M2_popmass,low,23,0.25,0.4,4,9.378652572631836,17.241190964754622,0.04308605194091797,10.836793899536133,10.793707847595215,-0.04308605194091797,0.08620595482377312,0.0010766831086684123,1,4
M0_balanced,low,24,0.25,0.1,0,9.012205123901367,19.05794755439017,-0.21077537536621094,10.663429260253906,10.874204635620117,0.21077537536621094,0.09528973777195086,0.001190136473730103,1,0
M1_margin,low,24,0.25,0.1,0,9.012205123901367,19.05794755439017,-0.37920379638671875,12.605880737304688,12.985084533691406,0.37920379638671875,0.09528973777195086,0.001190136473730103,1,0
M2_popmass,low,24,0.25,0.1,0,9.012205123901367,19.05794755439017,-0.21043872833251953,10.836793899536133,11.047232627868652,0.21043872833251953,0.09528973777195086,0.001190136473730103,1,0
M0_balanced,low,24,0.25,0.2,0,9.012205123901367,19.05794755439017,-0.21077537536621094,10.663429260253906,10.874204635620117,0.21077537536621094,0.09528973777195086,0.001190136473730103,1,0
M1_margin,low,24,0.25,0.2,0,9.012205123901367,19.05794755439017,-0.37920379638671875,12.605880737304688,12.985084533691406,0.37920379638671875,0.09528973777195086,0.001190136473730103,1,0
M2_popmass,low,24,0.25,0.2,0,9.012205123901367,19.05794755439017,-0.21043872833251953,10.836793899536133,11.047232627868652,0.21043872833251953,0.09528973777195086,0.001190136473730103,1,0
M0_balanced,low,24,0.25,0.4,0,9.012205123901367,19.05794755439017,-0.21077537536621094,10.663429260253906,10.874204635620117,0.21077537536621094,0.09528973777195086,0.001190136473730103,1,0
M1_margin,low,24,0.25,0.4,0,9.012205123901367,19.05794755439017,-0.37920379638671875,12.605880737304688,12.985084533691406,0.37920379638671875,0.09528973777195086,0.001190136473730103,1,0
M2_popmass,low,24,0.25,0.4,0,9.012205123901367,19.05794755439017,-0.21043872833251953,10.836793899536133,11.047232627868652,0.21043872833251953,0.09528973777195086,0.001190136473730103,1,0
M0_balanced,low,24,0.25,0.1,1,9.012036323547363,19.05744589062877,-0.21075725555419922,10.663429260253906,10.874186515808105,0.21075725555419922,0.09528722945314386,0.0011901051456797822,1,0
M1_margin,low,24,0.25,0.1,1,9.012036323547363,19.05744589062877,-0.37918758392333984,12.605880737304688,12.985068321228027,0.37918758392333984,0.09528722945314386,0.0011901051456797822,1,0
M2_popmass,low,24,0.25,0.1,1,9.012036323547363,19.05744589062877,-0.21042156219482422,10.836793899536133,11.047215461730957,0.21042156219482422,0.09528722945314386,0.0011901051456797822,1,0
M0_balanced,low,24,0.25,0.2,1,9.012036323547363,19.05744589062877,-0.21075725555419922,10.663429260253906,10.874186515808105,0.21075725555419922,0.09528722945314386,0.0011901051456797822,1,0
M1_margin,low,24,0.25,0.2,1,9.012036323547363,19.05744589062877,-0.37918758392333984,12.605880737304688,12.985068321228027,0.37918758392333984,0.09528722945314386,0.0011901051456797822,1,0
M2_popmass,low,24,0.25,0.2,1,9.012036323547363,19.05744589062877,-0.21042156219482422,10.836793899536133,11.047215461730957,0.21042156219482422,0.09528722945314386,0.0011901051456797822,1,0
M0_balanced,low,24,0.25,0.4,1,9.012036323547363,19.05744589062877,-0.21075725555419922,10.663429260253906,10.874186515808105,0.21075725555419922,0.09528722945314386,0.0011901051456797822,1,0
M1_margin,low,24,0.25,0.4,1,9.012036323547363,19.05744589062877,-0.37918758392333984,12.605880737304688,12.985068321228027,0.37918758392333984,0.09528722945314386,0.0011901051456797822,1,0
M2_popmass,low,24,0.25,0.4,1,9.012036323547363,19.05744589062877,-0.21042156219482422,10.836793899536133,11.047215461730957,0.21042156219482422,0.09528722945314386,0.0011901051456797822,1,0
M0_balanced,low,24,0.25,0.1,2,9.01236629486084,19.059723659480387,-0.21081924438476562,10.663429260253906,10.874248504638672,0.21081924438476562,0.09529861829740194,0.001190247388478032,1,0
M1_margin,low,24,0.25,0.1,2,9.01236629486084,19.059723659480387,-0.3793001174926758,12.605880737304688,12.985180854797363,0.3793001174926758,0.09529861829740194,0.001190247388478032,1,0
M2_popmass,low,24,0.25,0.1,2,9.01236629486084,19.059723659480387,-0.21048355102539062,10.836793899536133,11.047277450561523,0.21048355102539062,0.09529861829740194,0.001190247388478032,1,0
M0_balanced,low,24,0.25,0.2,2,9.102323532104492,19.05005326136399,-0.21087169647216797,10.663429260253906,10.874300956726074,0.21087169647216797,0.09525026630681994,0.0011896434885312528,1,1
M1_margin,low,24,0.25,0.2,2,9.102323532104492,19.05005326136399,-0.3792705535888672,12.605880737304688,12.985151290893555,0.3792705535888672,0.09525026630681994,0.0011896434885312528,1,1
M2_popmass,low,24,0.25,0.2,2,9.102323532104492,19.05005326136399,-0.2105426788330078,10.836793899536133,11.04733657836914,0.2105426788330078,0.09525026630681994,0.0011896434885312528,1,1
M0_balanced,low,24,0.25,0.4,2,9.102323532104492,19.05005326136399,-0.21087169647216797,10.663429260253906,10.874300956726074,0.21087169647216797,0.09525026630681994,0.0011896434885312528,1,1
M1_margin,low,24,0.25,0.4,2,9.102323532104492,19.05005326136399,-0.3792705535888672,12.605880737304688,12.985151290893555,0.3792705535888672,0.09525026630681994,0.0011896434885312528,1,1
M2_popmass,low,24,0.25,0.4,2,9.102323532104492,19.05005326136399,-0.2105426788330078,10.836793899536133,11.04733657836914,0.2105426788330078,0.09525026630681994,0.0011896434885312528,1,1
M0_balanced,low,24,0.25,0.1,3,8.94749641418457,19.020477130033516,-0.2096538543701172,10.663429260253906,10.873083114624023,0.2096538543701172,0.09510238565016758,0.0011877965093354203,1,0
M1_margin,low,24,0.25,0.1,3,8.94749641418457,19.020477130033516,-0.3773994445800781,12.605880737304688,12.983280181884766,0.3773994445800781,0.09510238565016758,0.0011877965093354203,1,0
M2_popmass,low,24,0.25,0.1,3,8.94749641418457,19.020477130033516,-0.2093048095703125,10.836793899536133,11.046098709106445,0.2093048095703125,0.09510238565016758,0.0011877965093354203,1,0
M0_balanced,low,24,0.25,0.2,3,8.94749641418457,19.020477130033516,-0.2096538543701172,10.663429260253906,10.873083114624023,0.2096538543701172,0.09510238565016758,0.0011877965093354203,1,0
M1_margin,low,24,0.25,0.2,3,8.94749641418457,19.020477130033516,-0.3773994445800781,12.605880737304688,12.983280181884766,0.3773994445800781,0.09510238565016758,0.0011877965093354203,1,0
M2_popmass,low,24,0.25,0.2,3,8.94749641418457,19.020477130033516,-0.2093048095703125,10.836793899536133,11.046098709106445,0.2093048095703125,0.09510238565016758,0.0011877965093354203,1,0
M0_balanced,low,24,0.25,0.4,3,8.94749641418457,19.020477130033516,-0.2096538543701172,10.663429260253906,10.873083114624023,0.2096538543701172,0.09510238565016758,0.0011877965093354203,1,0
M1_margin,low,24,0.25,0.4,3,8.94749641418457,19.020477130033516,-0.3773994445800781,12.605880737304688,12.983280181884766,0.3773994445800781,0.09510238565016758,0.0011877965093354203,1,0
M2_popmass,low,24,0.25,0.4,3,8.94749641418457,19.020477130033516,-0.2093048095703125,10.836793899536133,11.046098709106445,0.2093048095703125,0.09510238565016758,0.0011877965093354203,1,0
M0_balanced,low,24,0.25,0.1,4,8.947511672973633,19.02056567430035,-0.20962905883789062,10.663429260253906,10.873058319091797,0.20962905883789062,0.09510282837150175,0.0011878020387745792,1,0
M1_margin,low,24,0.25,0.1,4,8.947511672973633,19.02056567430035,-0.3773612976074219,12.605880737304688,12.98324203491211,0.3773612976074219,0.09510282837150175,0.0011878020387745792,1,0
M2_popmass,low,24,0.25,0.1,4,8.947511672973633,19.02056567430035,-0.20928001403808594,10.836793899536133,11.046073913574219,0.20928001403808594,0.09510282837150175,0.0011878020387745792,1,0
M0_balanced,low,24,0.25,0.2,4,8.947511672973633,19.02056567430035,-0.20962905883789062,10.663429260253906,10.873058319091797,0.20962905883789062,0.09510282837150175,0.0011878020387745792,1,0
M1_margin,low,24,0.25,0.2,4,8.947511672973633,19.02056567430035,-0.3773612976074219,12.605880737304688,12.98324203491211,0.3773612976074219,0.09510282837150175,0.0011878020387745792,1,0
M2_popmass,low,24,0.25,0.2,4,8.947511672973633,19.02056567430035,-0.20928001403808594,10.836793899536133,11.046073913574219,0.20928001403808594,0.09510282837150175,0.0011878020387745792,1,0
M0_balanced,low,24,0.25,0.4,4,9.029714584350586,19.022517317073344,-0.20963478088378906,10.663429260253906,10.873064041137695,0.20963478088378906,0.09511258658536673,0.0011879239155528213,1,1
M1_margin,low,24,0.25,0.4,4,9.029714584350586,19.022517317073344,-0.3777484893798828,12.605880737304688,12.98362922668457,0.3777484893798828,0.09511258658536673,0.0011879239155528213,1,1
M2_popmass,low,24,0.25,0.4,4,9.029714584350586,19.022517317073344,-0.20929336547851562,10.836793899536133,11.046087265014648,0.20929336547851562,0.09511258658536673,0.0011879239155528213,1,1
M0_balanced,low,25,0.42857142857142855,0.1,0,10.528579711914062,14.418930467067193,0.02133941650390625,10.663429260253906,10.64208984375,-0.02133941650390625,0.07209465233533596,0.0009004377314010299,1,0
M1_margin,low,25,0.42857142857142855,0.1,0,10.528579711914062,14.418930467067193,0.027612686157226562,12.605880737304688,12.578268051147461,-0.027612686157226562,0.07209465233533596,0.0009004377314010299,1,0
M2_popmass,low,25,0.42857142857142855,0.1,0,10.528579711914062,14.418930467067193,0.021912574768066406,10.836793899536133,10.814881324768066,-0.021912574768066406,0.07209465233533596,0.0009004377314010299,1,0
M0_balanced,low,25,0.42857142857142855,0.2,0,10.528579711914062,14.418930467067193,0.02133941650390625,10.663429260253906,10.64208984375,-0.02133941650390625,0.07209465233533596,0.0009004377314010299,1,0
M1_margin,low,25,0.42857142857142855,0.2,0,10.528579711914062,14.418930467067193,0.027612686157226562,12.605880737304688,12.578268051147461,-0.027612686157226562,0.07209465233533596,0.0009004377314010299,1,0
M2_popmass,low,25,0.42857142857142855,0.2,0,10.528579711914062,14.418930467067193,0.021912574768066406,10.836793899536133,10.814881324768066,-0.021912574768066406,0.07209465233533596,0.0009004377314010299,1,0
M0_balanced,low,25,0.42857142857142855,0.4,0,10.528579711914062,14.418930467067193,0.02133941650390625,10.663429260253906,10.64208984375,-0.02133941650390625,0.07209465233533596,0.0009004377314010299,1,0
M1_margin,low,25,0.42857142857142855,0.4,0,10.528579711914062,14.418930467067193,0.027612686157226562,12.605880737304688,12.578268051147461,-0.027612686157226562,0.07209465233533596,0.0009004377314010299,1,0
M2_popmass,low,25,0.42857142857142855,0.4,0,10.528579711914062,14.418930467067193,0.021912574768066406,10.836793899536133,10.814881324768066,-0.021912574768066406,0.07209465233533596,0.0009004377314010299,1,0
M0_balanced,low,25,0.42857142857142855,0.1,1,10.468598365783691,14.411536371447951,0.021192550659179688,10.663429260253906,10.642236709594727,-0.021192550659179688,0.07205768185723976,0.0008999759826811538,1,0
M1_margin,low,25,0.42857142857142855,0.1,1,10.468598365783691,14.411536371447951,0.02682018280029297,12.605880737304688,12.579060554504395,-0.02682018280029297,0.07205768185723976,0.0008999759826811538,1,0
M2_popmass,low,25,0.42857142857142855,0.1,1,10.468598365783691,14.411536371447951,0.021758079528808594,10.836793899536133,10.815035820007324,-0.021758079528808594,0.07205768185723976,0.0008999759826811538,1,0
M0_balanced,low,25,0.42857142857142855,0.2,1,10.468598365783691,14.411536371447951,0.021192550659179688,10.663429260253906,10.642236709594727,-0.021192550659179688,0.07205768185723976,0.0008999759826811538,1,0
M1_margin,low,25,0.42857142857142855,0.2,1,10.468598365783691,14.411536371447951,0.02682018280029297,12.605880737304688,12.579060554504395,-0.02682018280029297,0.07205768185723976,0.0008999759826811538,1,0
M2_popmass,low,25,0.42857142857142855,0.2,1,10.468598365783691,14.411536371447951,0.021758079528808594,10.836793899536133,10.815035820007324,-0.021758079528808594,0.07205768185723976,0.0008999759826811538,1,0
M0_balanced,low,25,0.42857142857142855,0.4,1,10.417858123779297,14.380192962691469,0.02108001708984375,10.663429260253906,10.642349243164062,-0.02108001708984375,0.07190096481345734,0.0008980186400100365,1,1
M1_margin,low,25,0.42857142857142855,0.4,1,10.417858123779297,14.380192962691469,0.026769638061523438,12.605880737304688,12.579111099243164,-0.026769638061523438,0.07190096481345734,0.0008980186400100365,1,1
M2_popmass,low,25,0.42857142857142855,0.4,1,10.417858123779297,14.380192962691469,0.021638870239257812,10.836793899536133,10.815155029296875,-0.021638870239257812,0.07190096481345734,0.0008980186400100365,1,1
M0_balanced,low,25,0.42857142857142855,0.1,2,10.53107738494873,14.41913148341003,0.021341323852539062,10.663429260253906,10.642087936401367,-0.021341323852539062,0.07209565741705015,0.000900450284530413,1,0
M1_margin,low,25,0.42857142857142855,0.1,2,10.53107738494873,14.41913148341003,0.027614593505859375,12.605880737304688,12.578266143798828,-0.027614593505859375,0.07209565741705015,0.000900450284530413,1,0
M2_popmass,low,25,0.42857142857142855,0.1,2,10.53107738494873,14.41913148341003,0.02191448211669922,10.836793899536133,10.814879417419434,-0.02191448211669922,0.07209565741705015,0.000900450284530413,1,0
M0_balanced,low,25,0.42857142857142855,0.2,2,10.53107738494873,14.41913148341003,0.021341323852539062,10.663429260253906,10.642087936401367,-0.021341323852539062,0.07209565741705015,0.000900450284530413,1,0
M1_margin,low,25,0.42857142857142855,0.2,2,10.53107738494873,14.41913148341003,0.027614593505859375,12.605880737304688,12.578266143798828,-0.027614593505859375,0.07209565741705015,0.000900450284530413,1,0
M2_popmass,low,25,0.42857142857142855,0.2,2,10.53107738494873,14.41913148341003,0.02191448211669922,10.836793899536133,10.814879417419434,-0.02191448211669922,0.07209565741705015,0.000900450284530413,1,0
M0_balanced,low,25,0.42857142857142855,0.4,2,10.516059875488281,14.401084422717567,0.021169662475585938,10.663429260253906,10.64225959777832,-0.021169662475585938,0.07200542211358783,0.0008993232762252205,1,1
M1_margin,low,25,0.42857142857142855,0.4,2,10.516059875488281,14.401084422717567,0.027219772338867188,12.605880737304688,12.57866096496582,-0.027219772338867188,0.07200542211358783,0.0008993232762252205,1,1
M2_popmass,low,25,0.42857142857142855,0.4,2,10.516059875488281,14.401084422717567,0.02173328399658203,10.836793899536133,10.81506061553955,-0.02173328399658203,0.07200542211358783,0.0008993232762252205,1,1
M0_balanced,low,25,0.42857142857142855,0.1,3,10.440711975097656,14.397702770764095,0.021019935607910156,10.663429260253906,10.642409324645996,-0.021019935607910156,0.07198851385382048,0.0008991120978011116,1,1
M1_margin,low,25,0.42857142857142855,0.1,3,10.440711975097656,14.397702770764095,0.026442527770996094,12.605880737304688,12.579438209533691,-0.026442527770996094,0.07198851385382048,0.0008991120978011116,1,1
M2_popmass,low,25,0.42857142857142855,0.1,3,10.440711975097656,14.397702770764095,0.021575927734375,10.836793899536133,10.815217971801758,-0.021575927734375,0.07198851385382048,0.0008991120978011116,1,1
M0_balanced,low,25,0.42857142857142855,0.2,3,10.440711975097656,14.397702770764095,0.021019935607910156,10.663429260253906,10.642409324645996,-0.021019935607910156,0.07198851385382048,0.0008991120978011116,1,1
M1_margin,low,25,0.42857142857142855,0.2,3,10.440711975097656,14.397702770764095,0.026442527770996094,12.605880737304688,12.579438209533691,-0.026442527770996094,0.07198851385382048,0.0008991120978011116,1,1
M2_popmass,low,25,0.42857142857142855,0.2,3,10.440711975097656,14.397702770764095,0.021575927734375,10.836793899536133,10.815217971801758,-0.021575927734375,0.07198851385382048,0.0008991120978011116,1,1
M0_balanced,low,25,0.42857142857142855,0.4,3,10.456597328186035,14.376544809191403,0.020856857299804688,10.663429260253906,10.642572402954102,-0.020856857299804688,0.07188272404595701,0.0008977908190167316,1,2
M1_margin,low,25,0.42857142857142855,0.4,3,10.456597328186035,14.376544809191403,0.02603912353515625,12.605880737304688,12.579841613769531,-0.02603912353515625,0.07188272404595701,0.0008977908190167316,1,2
M2_popmass,low,25,0.42857142857142855,0.4,3,10.456597328186035,14.376544809191403,0.021401405334472656,10.836793899536133,10.81539249420166,-0.021401405334472656,0.07188272404595701,0.0008977908190167316,1,2
M0_balanced,low,25,0.42857142857142855,0.1,4,10.448803901672363,14.357868916476173,0.020697593688964844,10.663429260253906,10.642731666564941,-0.020697593688964844,0.07178934458238087,0.0008966245412191656,1,3
M1_margin,low,25,0.42857142857142855,0.1,4,10.448803901672363,14.357868916476173,0.02567291259765625,12.605880737304688,12.580207824707031,-0.02567291259765625,0.07178934458238087,0.0008966245412191656,1,3
M2_popmass,low,25,0.42857142857142855,0.1,4,10.448803901672363,14.357868916476173,0.021233558654785156,10.836793899536133,10.815560340881348,-0.021233558654785156,0.07178934458238087,0.0008966245412191656,1,3
M0_balanced,low,25,0.42857142857142855,0.2,4,10.478121757507324,14.349642332617307,0.0205535888671875,10.663429260253906,10.642875671386719,-0.0205535888671875,0.07174821166308654,0.0008961108050218812,1,4
M1_margin,low,25,0.42857142857142855,0.2,4,10.478121757507324,14.349642332617307,0.02547931671142578,12.605880737304688,12.580401420593262,-0.02547931671142578,0.07174821166308654,0.0008961108050218812,1,4
M2_popmass,low,25,0.42857142857142855,0.2,4,10.478121757507324,14.349642332617307,0.02108287811279297,10.836793899536133,10.81571102142334,-0.02108287811279297,0.07174821166308654,0.0008961108050218812,1,4
M0_balanced,low,25,0.42857142857142855,0.4,4,10.466794967651367,14.332237658884262,0.02041149139404297,10.663429260253906,10.643017768859863,-0.02041149139404297,0.07166118829442131,0.0008950239126918465,1,5
M1_margin,low,25,0.42857142857142855,0.4,4,10.466794967651367,14.332237658884262,0.02532672882080078,12.605880737304688,12.580554008483887,-0.02532672882080078,0.07166118829442131,0.0008950239126918465,1,5
M2_popmass,low,25,0.42857142857142855,0.4,4,10.466794967651367,14.332237658884262,0.020934104919433594,10.836793899536133,10.8158597946167,-0.020934104919433594,0.07166118829442131,0.0008950239126918465,1,5
M0_balanced,low,26,0.4,0.1,0,8.73115348815918,14.424520427552313,-0.027406692504882812,10.663429260253906,10.690835952758789,0.027406692504882812,0.07212260213776156,0.0009007868149443162,1,0
M1_margin,low,26,0.4,0.1,0,8.73115348815918,14.424520427552313,-0.011823654174804688,12.605880737304688,12.617704391479492,0.011823654174804688,0.07212260213776156,0.0009007868149443162,1,0
M2_popmass,low,26,0.4,0.1,0,8.73115348815918,14.424520427552313,-0.02744007110595703,10.836793899536133,10.86423397064209,0.02744007110595703,0.07212260213776156,0.0009007868149443162,1,0
M0_balanced,low,26,0.4,0.2,0,8.730280876159668,14.408452012454108,-0.027385711669921875,10.663429260253906,10.690814971923828,0.027385711669921875,0.07204226006227053,0.0008997833696977159,1,1
M1_margin,low,26,0.4,0.2,0,8.730280876159668,14.408452012454108,-0.011819839477539062,12.605880737304688,12.617700576782227,0.011819839477539062,0.07204226006227053,0.0008997833696977159,1,1
M2_popmass,low,26,0.4,0.2,0,8.730280876159668,14.408452012454108,-0.0274200439453125,10.836793899536133,10.864213943481445,0.0274200439453125,0.07204226006227053,0.0008997833696977159,1,1
M0_balanced,low,26,0.4,0.4,0,8.730280876159668,14.408452012454108,-0.027385711669921875,10.663429260253906,10.690814971923828,0.027385711669921875,0.07204226006227053,0.0008997833696977159,1,1
M1_margin,low,26,0.4,0.4,0,8.730280876159668,14.408452012454108,-0.011819839477539062,12.605880737304688,12.617700576782227,0.011819839477539062,0.07204226006227053,0.0008997833696977159,1,1
M2_popmass,low,26,0.4,0.4,0,8.730280876159668,14.408452012454108,-0.0274200439453125,10.836793899536133,10.864213943481445,0.0274200439453125,0.07204226006227053,0.0008997833696977159,1,1
M0_balanced,low,26,0.4,0.1,1,8.775357246398926,14.42384783821457,-0.027054786682128906,10.663429260253906,10.690484046936035,0.027054786682128906,0.07211923919107285,0.0009007448128819009,1,0
M1_margin,low,26,0.4,0.1,1,8.775357246398926,14.42384783821457,-0.011080741882324219,12.605880737304688,12.616961479187012,0.011080741882324219,0.07211923919107285,0.0009007448128819009,1,0
M2_popmass,low,26,0.4,0.1,1,8.775357246398926,14.42384783821457,-0.027083396911621094,10.836793899536133,10.863877296447754,0.027083396911621094,0.07211923919107285,0.0009007448128819009,1,0
M0_balanced,low,26,0.4,0.2,1,8.775357246398926,14.42384783821457,-0.027054786682128906,10.663429260253906,10.690484046936035,0.027054786682128906,0.07211923919107285,0.0009007448128819009,1,0
M1_margin,low,26,0.4,0.2,1,8.775357246398926,14.42384783821457,-0.011080741882324219,12.605880737304688,12.616961479187012,0.011080741882324219,0.07211923919107285,0.0009007448128819009,1,0
M2_popmass,low,26,0.4,0.2,1,8.775357246398926,14.42384783821457,-0.027083396911621094,10.836793899536133,10.863877296447754,0.027083396911621094,0.07211923919107285,0.0009007448128819009,1,0
M0_balanced,low,26,0.4,0.4,1,8.76400089263916,14.426544388081187,-0.027100563049316406,10.663429260253906,10.690529823303223,0.027100563049316406,0.07213272194040593,0.0009009132078436527,1,1
M1_margin,low,26,0.4,0.4,1,8.76400089263916,14.426544388081187,-0.011020660400390625,12.605880737304688,12.616901397705078,0.011020660400390625,0.07213272194040593,0.0009009132078436527,1,1
M2_popmass,low,26,0.4,0.4,1,8.76400089263916,14.426544388081187,-0.027128219604492188,10.836793899536133,10.863922119140625,0.027128219604492188,0.07213272194040593,0.0009009132078436527,1,1
M0_balanced,low,26,0.4,0.1,2,8.72990608215332,14.423874709852756,-0.027416229248046875,10.663429260253906,10.690845489501953,0.027416229248046875,0.07211937354926377,0.0009007464909700905,1,0
M1_margin,low,26,0.4,0.1,2,8.72990608215332,14.423874709852756,-0.011847496032714844,12.605880737304688,12.617728233337402,0.011847496032714844,0.07211937354926377,0.0009007464909700905,1,0
M2_popmass,low,26,0.4,0.1,2,8.72990608215332,14.423874709852756,-0.027449607849121094,10.836793899536133,10.864243507385254,0.027449607849121094,0.07211937354926377,0.0009007464909700905,1,0
M0_balanced,low,26,0.4,0.2,2,8.729127883911133,14.407946939140858,-0.02739715576171875,10.663429260253906,10.690826416015625,0.02739715576171875,0.0720397346957043,0.0008997518287266703,1,1
M1_margin,low,26,0.4,0.2,2,8.729127883911133,14.407946939140858,-0.011844635009765625,12.605880737304688,12.617725372314453,0.011844635009765625,0.0720397346957043,0.0008997518287266703,1,1
M2_popmass,low,26,0.4,0.2,2,8.729127883911133,14.407946939140858,-0.02743244171142578,10.836793899536133,10.864226341247559,0.02743244171142578,0.0720397346957043,0.0008997518287266703,1,1
M0_balanced,low,26,0.4,0.4,2,8.729127883911133,14.407946939140858,-0.02739715576171875,10.663429260253906,10.690826416015625,0.02739715576171875,0.0720397346957043,0.0008997518287266703,1,1
M1_margin,low,26,0.4,0.4,2,8.729127883911133,14.407946939140858,-0.011844635009765625,12.605880737304688,12.617725372314453,0.011844635009765625,0.0720397346957043,0.0008997518287266703,1,1
M2_popmass,low,26,0.4,0.4,2,8.729127883911133,14.407946939140858,-0.02743244171142578,10.836793899536133,10.864226341247559,0.02743244171142578,0.0720397346957043,0.0008997518287266703,1,1
M0_balanced,low,26,0.4,0.1,3,8.779413223266602,14.423060592385248,-0.02700042724609375,10.663429260253906,10.6904296875,0.02700042724609375,0.07211530296192624,0.0009006956507162167,1,0
M1_margin,low,26,0.4,0.1,3,8.779413223266602,14.423060592385248,-0.011002540588378906,12.605880737304688,12.616883277893066,0.011002540588378906,0.07211530296192624,0.0009006956507162167,1,0
M2_popmass,low,26,0.4,0.1,3,8.779413223266602,14.423060592385248,-0.02702808380126953,10.836793899536133,10.863821983337402,0.02702808380126953,0.07211530296192624,0.0009006956507162167,1,0
M0_balanced,low,26,0.4,0.2,3,8.779413223266602,14.423060592385248,-0.02700042724609375,10.663429260253906,10.6904296875,0.02700042724609375,0.07211530296192624,0.0009006956507162167,1,0
M1_margin,low,26,0.4,0.2,3,8.779413223266602,14.423060592385248,-0.011002540588378906,12.605880737304688,12.616883277893066,0.011002540588378906,0.07211530296192624,0.0009006956507162167,1,0
M2_popmass,low,26,0.4,0.2,3,8.779413223266602,14.423060592385248,-0.02702808380126953,10.836793899536133,10.863821983337402,0.02702808380126953,0.07211530296192624,0.0009006956507162167,1,0
M0_balanced,low,26,0.4,0.4,3,8.773119926452637,14.430824629623167,-0.02709197998046875,10.663429260253906,10.690521240234375,0.02709197998046875,0.07215412314811584,0.0009011805016622001,1,1
M1_margin,low,26,0.4,0.4,3,8.773119926452637,14.430824629623167,-0.011046409606933594,12.605880737304688,12.616927146911621,0.011046409606933594,0.07215412314811584,0.0009011805016622001,1,1
M2_popmass,low,26,0.4,0.4,3,8.773119926452637,14.430824629623167,-0.027120590209960938,10.836793899536133,10.863914489746094,0.027120590209960938,0.07215412314811584,0.0009011805016622001,1,1
M0_balanced,low,26,0.4,0.1,4,8.731626510620117,14.42408431029129,-0.027395248413085938,10.663429260253906,10.690824508666992,0.027395248413085938,0.07212042155145645,0.0009007595801616785,1,0
M1_margin,low,26,0.4,0.1,4,8.731626510620117,14.42408431029129,-0.011800765991210938,12.605880737304688,12.617681503295898,0.011800765991210938,0.07212042155145645,0.0009007595801616785,1,0
M2_popmass,low,26,0.4,0.1,4,8.731626510620117,14.42408431029129,-0.027428627014160156,10.836793899536133,10.864222526550293,0.027428627014160156,0.07212042155145645,0.0009007595801616785,1,0
M0_balanced,low,26,0.4,0.2,4,8.731626510620117,14.42408431029129,-0.027395248413085938,10.663429260253906,10.690824508666992,0.027395248413085938,0.07212042155145645,0.0009007595801616785,1,0
M1_margin,low,26,0.4,0.2,4,8.731626510620117,14.42408431029129,-0.011800765991210938,12.605880737304688,12.617681503295898,0.011800765991210938,0.07212042155145645,0.0009007595801616785,1,0
M2_popmass,low,26,0.4,0.2,4,8.731626510620117,14.42408431029129,-0.027428627014160156,10.836793899536133,10.864222526550293,0.027428627014160156,0.07212042155145645,0.0009007595801616785,1,0
M0_balanced,low,26,0.4,0.4,4,8.710577011108398,14.430048910278824,-0.027528762817382812,10.663429260253906,10.690958023071289,0.027528762817382812,0.07215024455139413,0.0009011320593059366,1,1
M1_margin,low,26,0.4,0.4,4,8.710577011108398,14.430048910278824,-0.0119781494140625,12.605880737304688,12.61785888671875,0.0119781494140625,0.07215024455139413,0.0009011320593059366,1,1
M2_popmass,low,26,0.4,0.4,4,8.710577011108398,14.430048910278824,-0.027565956115722656,10.836793899536133,10.864359855651855,0.027565956115722656,0.07215024455139413,0.0009011320593059366,1,1
M0_balanced,low,27,0.25,0.1,0,9.089666366577148,15.057113112956097,0.053966522216796875,10.663429260253906,10.60946273803711,-0.053966522216796875,0.07528556556478049,0.0009402911543158707,1,1
M1_margin,low,27,0.25,0.1,0,9.089666366577148,15.057113112956097,0.13361644744873047,12.605880737304688,12.472264289855957,-0.13361644744873047,0.07528556556478049,0.0009402911543158707,1,1
M2_popmass,low,27,0.25,0.1,0,9.089666366577148,15.057113112956097,0.055052757263183594,10.836793899536133,10.78174114227295,-0.055052757263183594,0.07528556556478049,0.0009402911543158707,1,1
M0_balanced,low,27,0.25,0.2,0,9.089666366577148,15.057113112956097,0.053966522216796875,10.663429260253906,10.60946273803711,-0.053966522216796875,0.07528556556478049,0.0009402911543158707,1,1
M1_margin,low,27,0.25,0.2,0,9.089666366577148,15.057113112956097,0.13361644744873047,12.605880737304688,12.472264289855957,-0.13361644744873047,0.07528556556478049,0.0009402911543158707,1,1
M2_popmass,low,27,0.25,0.2,0,9.089666366577148,15.057113112956097,0.055052757263183594,10.836793899536133,10.78174114227295,-0.055052757263183594,0.07528556556478049,0.0009402911543158707,1,1
M0_balanced,low,27,0.25,0.4,0,9.089666366577148,15.057113112956097,0.053966522216796875,10.663429260253906,10.60946273803711,-0.053966522216796875,0.07528556556478049,0.0009402911543158707,1,1
M1_margin,low,27,0.25,0.4,0,9.089666366577148,15.057113112956097,0.13361644744873047,12.605880737304688,12.472264289855957,-0.13361644744873047,0.07528556556478049,0.0009402911543158707,1,1
M2_popmass,low,27,0.25,0.4,0,9.089666366577148,15.057113112956097,0.055052757263183594,10.836793899536133,10.78174114227295,-0.055052757263183594,0.07528556556478049,0.0009402911543158707,1,1
M0_balanced,low,27,0.25,0.1,1,9.222442626953125,15.033618767925944,0.05435943603515625,10.663429260253906,10.60906982421875,-0.05435943603515625,0.07516809383962972,0.0009388239723506049,1,2
M1_margin,low,27,0.25,0.1,1,9.222442626953125,15.033618767925944,0.1343994140625,12.605880737304688,12.471481323242188,-0.1343994140625,0.07516809383962972,0.0009388239723506049,1,2
M2_popmass,low,27,0.25,0.1,1,9.222442626953125,15.033618767925944,0.055466651916503906,10.836793899536133,10.781327247619629,-0.055466651916503906,0.07516809383962972,0.0009388239723506049,1,2
M0_balanced,low,27,0.25,0.2,1,9.222442626953125,15.033618767925944,0.05435943603515625,10.663429260253906,10.60906982421875,-0.05435943603515625,0.07516809383962972,0.0009388239723506049,1,2
M1_margin,low,27,0.25,0.2,1,9.222442626953125,15.033618767925944,0.1343994140625,12.605880737304688,12.471481323242188,-0.1343994140625,0.07516809383962972,0.0009388239723506049,1,2
M2_popmass,low,27,0.25,0.2,1,9.222442626953125,15.033618767925944,0.055466651916503906,10.836793899536133,10.781327247619629,-0.055466651916503906,0.07516809383962972,0.0009388239723506049,1,2
M0_balanced,low,27,0.25,0.4,1,9.222442626953125,15.033618767925944,0.05435943603515625,10.663429260253906,10.60906982421875,-0.05435943603515625,0.07516809383962972,0.0009388239723506049,1,2
M1_margin,low,27,0.25,0.4,1,9.222442626953125,15.033618767925944,0.1343994140625,12.605880737304688,12.471481323242188,-0.1343994140625,0.07516809383962972,0.0009388239723506049,1,2
M2_popmass,low,27,0.25,0.4,1,9.222442626953125,15.033618767925944,0.055466651916503906,10.836793899536133,10.781327247619629,-0.055466651916503906,0.07516809383962972,0.0009388239723506049,1,2
M0_balanced,low,27,0.25,0.1,2,9.232866287231445,15.004407947080551,0.054470062255859375,10.663429260253906,10.608959197998047,-0.054470062255859375,0.07502203973540277,0.0009369998061744477,1,0
M1_margin,low,27,0.25,0.1,2,9.232866287231445,15.004407947080551,0.13474559783935547,12.605880737304688,12.471135139465332,-0.13474559783935547,0.07502203973540277,0.0009369998061744477,1,0
M2_popmass,low,27,0.25,0.1,2,9.232866287231445,15.004407947080551,0.05559062957763672,10.836793899536133,10.781203269958496,-0.05559062957763672,0.07502203973540277,0.0009369998061744477,1,0
M0_balanced,low,27,0.25,0.2,2,9.20919418334961,15.014469597942448,0.054480552673339844,10.663429260253906,10.608948707580566,-0.054480552673339844,0.07507234798971224,0.000937628139191028,1,1
M1_margin,low,27,0.25,0.2,2,9.20919418334961,15.014469597942448,0.13460826873779297,12.605880737304688,12.471272468566895,-0.13460826873779297,0.07507234798971224,0.000937628139191028,1,1
M2_popmass,low,27,0.25,0.2,2,9.20919418334961,15.014469597942448,0.05559539794921875,10.836793899536133,10.781198501586914,-0.05559539794921875,0.07507234798971224,0.000937628139191028,1,1
M0_balanced,low,27,0.25,0.4,2,9.224482536315918,15.034838299838878,0.05435752868652344,10.663429260253906,10.609071731567383,-0.05435752868652344,0.0751741914991944,0.000938900130048401,1,2
M1_margin,low,27,0.25,0.4,2,9.224482536315918,15.034838299838878,0.1343841552734375,12.605880737304688,12.47149658203125,-0.1343841552734375,0.0751741914991944,0.000938900130048401,1,2
M2_popmass,low,27,0.25,0.4,2,9.224482536315918,15.034838299838878,0.055464744567871094,10.836793899536133,10.781329154968262,-0.055464744567871094,0.0751741914991944,0.000938900130048401,1,2
M0_balanced,low,27,0.25,0.1,3,9.23155689239502,15.003537092268433,0.05447196960449219,10.663429260253906,10.608957290649414,-0.05447196960449219,0.07501768546134216,0.0009369454227697148,1,0
M1_margin,low,27,0.25,0.1,3,9.23155689239502,15.003537092268433,0.13474750518798828,12.605880737304688,12.4711332321167,-0.13474750518798828,0.07501768546134216,0.0009369454227697148,1,0
M2_popmass,low,27,0.25,0.1,3,9.23155689239502,15.003537092268433,0.05559253692626953,10.836793899536133,10.781201362609863,-0.05559253692626953,0.07501768546134216,0.0009369454227697148,1,0
M0_balanced,low,27,0.25,0.2,3,9.23155689239502,15.003537092268433,0.05447196960449219,10.663429260253906,10.608957290649414,-0.05447196960449219,0.07501768546134216,0.0009369454227697148,1,0
M1_margin,low,27,0.25,0.2,3,9.23155689239502,15.003537092268433,0.13474750518798828,12.605880737304688,12.4711332321167,-0.13474750518798828,0.07501768546134216,0.0009369454227697148,1,0
M2_popmass,low,27,0.25,0.2,3,9.23155689239502,15.003537092268433,0.05559253692626953,10.836793899536133,10.781201362609863,-0.05559253692626953,0.07501768546134216,0.0009369454227697148,1,0
M0_balanced,low,27,0.25,0.4,3,9.207855224609375,15.013491496226559,0.054482460021972656,10.663429260253906,10.608946800231934,-0.054482460021972656,0.07506745748113279,0.0009375670583992073,1,1
M1_margin,low,27,0.25,0.4,3,9.207855224609375,15.013491496226559,0.1346111297607422,12.605880737304688,12.471269607543945,-0.1346111297607422,0.07506745748113279,0.0009375670583992073,1,1
M2_popmass,low,27,0.25,0.4,3,9.207855224609375,15.013491496226559,0.05559730529785156,10.836793899536133,10.781196594238281,-0.05559730529785156,0.07506745748113279,0.0009375670583992073,1,1
M0_balanced,low,27,0.25,0.1,4,9.232067108154297,15.003610352775405,0.05446815490722656,10.663429260253906,10.60896110534668,-0.05446815490722656,0.07501805176387703,0.0009369499977640149,1,0
M1_margin,low,27,0.25,0.1,4,9.232067108154297,15.003610352775405,0.13474559783935547,12.605880737304688,12.471135139465332,-0.13474559783935547,0.07501805176387703,0.0009369499977640149,1,0
M2_popmass,low,27,0.25,0.1,4,9.232067108154297,15.003610352775405,0.055588722229003906,10.836793899536133,10.781205177307129,-0.055588722229003906,0.07501805176387703,0.0009369499977640149,1,0
M0_balanced,low,27,0.25,0.2,4,9.208111763000488,15.013610750746599,0.05447959899902344,10.663429260253906,10.608949661254883,-0.05447959899902344,0.075068053753733,0.0009375745056415483,1,1
M1_margin,low,27,0.25,0.2,4,9.208111763000488,15.013610750746599,0.1346139907836914,12.605880737304688,12.471266746520996,-0.1346139907836914,0.075068053753733,0.0009375745056415483,1,1
M2_popmass,low,27,0.25,0.2,4,9.208111763000488,15.013610750746599,0.055594444274902344,10.836793899536133,10.78119945526123,-0.055594444274902344,0.075068053753733,0.0009375745056415483,1,1
M0_balanced,low,27,0.25,0.4,4,9.208111763000488,15.013610750746599,0.05447959899902344,10.663429260253906,10.608949661254883,-0.05447959899902344,0.075068053753733,0.0009375745056415483,1,1
M1_margin,low,27,0.25,0.4,4,9.208111763000488,15.013610750746599,0.1346139907836914,12.605880737304688,12.471266746520996,-0.1346139907836914,0.075068053753733,0.0009375745056415483,1,1
M2_popmass,low,27,0.25,0.4,4,9.208111763000488,15.013610750746599,0.055594444274902344,10.836793899536133,10.78119945526123,-0.055594444274902344,0.075068053753733,0.0009375745056415483,1,1
M0_balanced,low,28,0.25,0.1,0,10.95134162902832,16.695200472698836,-0.05558586120605469,10.663429260253906,10.719015121459961,0.05558586120605469,0.08347600236349419,0.0010425869292634193,1,0
M1_margin,low,28,0.25,0.1,0,10.95134162902832,16.695200472698836,-0.09360694885253906,12.605880737304688,12.699487686157227,0.09360694885253906,0.08347600236349419,0.0010425869292634193,1,0
M2_popmass,low,28,0.25,0.1,0,10.95134162902832,16.695200472698836,-0.05507183074951172,10.836793899536133,10.891865730285645,0.05507183074951172,0.08347600236349419,0.0010425869292634193,1,0
M0_balanced,low,28,0.25,0.2,0,10.95134162902832,16.695200472698836,-0.05558586120605469,10.663429260253906,10.719015121459961,0.05558586120605469,0.08347600236349419,0.0010425869292634193,1,0
M1_margin,low,28,0.25,0.2,0,10.95134162902832,16.695200472698836,-0.09360694885253906,12.605880737304688,12.699487686157227,0.09360694885253906,0.08347600236349419,0.0010425869292634193,1,0
M2_popmass,low,28,0.25,0.2,0,10.95134162902832,16.695200472698836,-0.05507183074951172,10.836793899536133,10.891865730285645,0.05507183074951172,0.08347600236349419,0.0010425869292634193,1,0
M0_balanced,low,28,0.25,0.4,0,11.136699676513672,16.747198382386948,-0.05557060241699219,10.663429260253906,10.718999862670898,0.05557060241699219,0.08373599191193475,0.001045834110456511,1,2
M1_margin,low,28,0.25,0.4,0,11.136699676513672,16.747198382386948,-0.09449481964111328,12.605880737304688,12.7003755569458,0.09449481964111328,0.08373599191193475,0.001045834110456511,1,2
M2_popmass,low,28,0.25,0.4,0,11.136699676513672,16.747198382386948,-0.055083274841308594,10.836793899536133,10.891877174377441,0.055083274841308594,0.08373599191193475,0.001045834110456511,1,2
M0_balanced,low,28,0.25,0.1,1,10.940441131591797,16.692845986026274,-0.05567741394042969,10.663429260253906,10.719106674194336,0.05567741394042969,0.08346422993013138,0.0010424398955674805,1,0
M1_margin,low,28,0.25,0.1,1,10.940441131591797,16.692845986026274,-0.09300518035888672,12.605880737304688,12.698885917663574,0.09300518035888672,0.08346422993013138,0.0010424398955674805,1,0
M2_popmass,low,28,0.25,0.1,1,10.940441131591797,16.692845986026274,-0.055146217346191406,10.836793899536133,10.891940116882324,0.055146217346191406,0.08346422993013138,0.0010424398955674805,1,0
M0_balanced,low,28,0.25,0.2,1,10.940441131591797,16.692845986026274,-0.05567741394042969,10.663429260253906,10.719106674194336,0.05567741394042969,0.08346422993013138,0.0010424398955674805,1,0
M1_margin,low,28,0.25,0.2,1,10.940441131591797,16.692845986026274,-0.09300518035888672,12.605880737304688,12.698885917663574,0.09300518035888672,0.08346422993013138,0.0010424398955674805,1,0
M2_popmass,low,28,0.25,0.2,1,10.940441131591797,16.692845986026274,-0.055146217346191406,10.836793899536133,10.891940116882324,0.055146217346191406,0.08346422993013138,0.0010424398955674805,1,0
M0_balanced,low,28,0.25,0.4,1,10.930330276489258,16.708038322708216,-0.05581474304199219,10.663429260253906,10.719244003295898,0.05581474304199219,0.08354019161354108,0.0010433886312041362,1,1
M1_margin,low,28,0.25,0.4,1,10.930330276489258,16.708038322708216,-0.09390449523925781,12.605880737304688,12.699785232543945,0.09390449523925781,0.08354019161354108,0.0010433886312041362,1,1
M2_popmass,low,28,0.25,0.4,1,10.930330276489258,16.708038322708216,-0.05530548095703125,10.836793899536133,10.892099380493164,0.05530548095703125,0.08354019161354108,0.0010433886312041362,1,1
M0_balanced,low,28,0.25,0.1,2,10.948537826538086,16.69479882995292,-0.055591583251953125,10.663429260253906,10.71902084350586,0.055591583251953125,0.0834739941497646,0.001042561847355729,1,0
M1_margin,low,28,0.25,0.1,2,10.948537826538086,16.69479882995292,-0.09361457824707031,12.605880737304688,12.699495315551758,0.09361457824707031,0.0834739941497646,0.001042561847355729,1,0
M2_popmass,low,28,0.25,0.1,2,10.948537826538086,16.69479882995292,-0.055077552795410156,10.836793899536133,10.891871452331543,0.055077552795410156,0.0834739941497646,0.001042561847355729,1,0
M0_balanced,low,28,0.25,0.2,2,10.948537826538086,16.69479882995292,-0.055591583251953125,10.663429260253906,10.71902084350586,0.055591583251953125,0.0834739941497646,0.001042561847355729,1,0
M1_margin,low,28,0.25,0.2,2,10.948537826538086,16.69479882995292,-0.09361457824707031,12.605880737304688,12.699495315551758,0.09361457824707031,0.0834739941497646,0.001042561847355729,1,0
M2_popmass,low,28,0.25,0.2,2,10.948537826538086,16.69479882995292,-0.055077552795410156,10.836793899536133,10.891871452331543,0.055077552795410156,0.0834739941497646,0.001042561847355729,1,0
M0_balanced,low,28,0.25,0.4,2,10.948537826538086,16.69479882995292,-0.055591583251953125,10.663429260253906,10.71902084350586,0.055591583251953125,0.0834739941497646,0.001042561847355729,1,0
M1_margin,low,28,0.25,0.4,2,10.948537826538086,16.69479882995292,-0.09361457824707031,12.605880737304688,12.699495315551758,0.09361457824707031,0.0834739941497646,0.001042561847355729,1,0
M2_popmass,low,28,0.25,0.4,2,10.948537826538086,16.69479882995292,-0.055077552795410156,10.836793899536133,10.891871452331543,0.055077552795410156,0.0834739941497646,0.001042561847355729,1,0
M0_balanced,low,28,0.25,0.1,3,10.941067695617676,16.69270005895507,-0.055675506591796875,10.663429260253906,10.719104766845703,0.055675506591796875,0.08346350029477534,0.0010424307826695962,1,0
M1_margin,low,28,0.25,0.1,3,10.941067695617676,16.69270005895507,-0.09299278259277344,12.605880737304688,12.698873519897461,0.09299278259277344,0.08346350029477534,0.0010424307826695962,1,0
M2_popmass,low,28,0.25,0.1,3,10.941067695617676,16.69270005895507,-0.055144309997558594,10.836793899536133,10.891938209533691,0.055144309997558594,0.08346350029477534,0.0010424307826695962,1,0
M0_balanced,low,28,0.25,0.2,3,10.941067695617676,16.69270005895507,-0.055675506591796875,10.663429260253906,10.719104766845703,0.055675506591796875,0.08346350029477534,0.0010424307826695962,1,0
M1_margin,low,28,0.25,0.2,3,10.941067695617676,16.69270005895507,-0.09299278259277344,12.605880737304688,12.698873519897461,0.09299278259277344,0.08346350029477534,0.0010424307826695962,1,0
M2_popmass,low,28,0.25,0.2,3,10.941067695617676,16.69270005895507,-0.055144309997558594,10.836793899536133,10.891938209533691,0.055144309997558594,0.08346350029477534,0.0010424307826695962,1,0
M0_balanced,low,28,0.25,0.4,3,10.941067695617676,16.69270005895507,-0.055675506591796875,10.663429260253906,10.719104766845703,0.055675506591796875,0.08346350029477534,0.0010424307826695962,1,0
M1_margin,low,28,0.25,0.4,3,10.941067695617676,16.69270005895507,-0.09299278259277344,12.605880737304688,12.698873519897461,0.09299278259277344,0.08346350029477534,0.0010424307826695962,1,0
M2_popmass,low,28,0.25,0.4,3,10.941067695617676,16.69270005895507,-0.055144309997558594,10.836793899536133,10.891938209533691,0.055144309997558594,0.08346350029477534,0.0010424307826695962,1,0
M0_balanced,low,28,0.25,0.1,4,10.95147705078125,16.69475108044398,-0.0555877685546875,10.663429260253906,10.719017028808594,0.0555877685546875,0.08347375540221989,0.0010425588654799508,1,0
M1_margin,low,28,0.25,0.1,4,10.95147705078125,16.69475108044398,-0.09361457824707031,12.605880737304688,12.699495315551758,0.09361457824707031,0.08347375540221989,0.0010425588654799508,1,0
M2_popmass,low,28,0.25,0.1,4,10.95147705078125,16.69475108044398,-0.05507373809814453,10.836793899536133,10.891867637634277,0.05507373809814453,0.08347375540221989,0.0010425588654799508,1,0
M0_balanced,low,28,0.25,0.2,4,10.95147705078125,16.69475108044398,-0.0555877685546875,10.663429260253906,10.719017028808594,0.0555877685546875,0.08347375540221989,0.0010425588654799508,1,0
M1_margin,low,28,0.25,0.2,4,10.95147705078125,16.69475108044398,-0.09361457824707031,12.605880737304688,12.699495315551758,0.09361457824707031,0.08347375540221989,0.0010425588654799508,1,0
M2_popmass,low,28,0.25,0.2,4,10.95147705078125,16.69475108044398,-0.05507373809814453,10.836793899536133,10.891867637634277,0.05507373809814453,0.08347375540221989,0.0010425588654799508,1,0
M0_balanced,low,28,0.25,0.4,4,10.95147705078125,16.69475108044398,-0.0555877685546875,10.663429260253906,10.719017028808594,0.0555877685546875,0.08347375540221989,0.0010425588654799508,1,0
M1_margin,low,28,0.25,0.4,4,10.95147705078125,16.69475108044398,-0.09361457824707031,12.605880737304688,12.699495315551758,0.09361457824707031,0.08347375540221989,0.0010425588654799508,1,0
M2_popmass,low,28,0.25,0.4,4,10.95147705078125,16.69475108044398,-0.05507373809814453,10.836793899536133,10.891867637634277,0.05507373809814453,0.08347375540221989,0.0010425588654799508,1,0
M0_balanced,low,29,0.25,0.1,0,9.692842483520508,21.41658604358203,-0.016256332397460938,10.663429260253906,10.679685592651367,0.016256332397460938,0.10708293021791015,0.0013374294435695678,1,0
M1_margin,low,29,0.25,0.1,0,9.692842483520508,21.41658604358203,0.09931182861328125,12.605880737304688,12.506568908691406,-0.09931182861328125,0.10708293021791015,0.0013374294435695678,1,0
M2_popmass,low,29,0.25,0.1,0,9.692842483520508,21.41658604358203,-0.013079643249511719,10.836793899536133,10.849873542785645,0.013079643249511719,0.10708293021791015,0.0013374294435695678,1,0
M0_balanced,low,29,0.25,0.2,0,9.692842483520508,21.41658604358203,-0.016256332397460938,10.663429260253906,10.679685592651367,0.016256332397460938,0.10708293021791015,0.0013374294435695678,1,0
M1_margin,low,29,0.25,0.2,0,9.692842483520508,21.41658604358203,0.09931182861328125,12.605880737304688,12.506568908691406,-0.09931182861328125,0.10708293021791015,0.0013374294435695678,1,0
M2_popmass,low,29,0.25,0.2,0,9.692842483520508,21.41658604358203,-0.013079643249511719,10.836793899536133,10.849873542785645,0.013079643249511719,0.10708293021791015,0.0013374294435695678,1,0
M0_balanced,low,29,0.25,0.4,0,9.692842483520508,21.41658604358203,-0.016256332397460938,10.663429260253906,10.679685592651367,0.016256332397460938,0.10708293021791015,0.0013374294435695678,1,0
M1_margin,low,29,0.25,0.4,0,9.692842483520508,21.41658604358203,0.09931182861328125,12.605880737304688,12.506568908691406,-0.09931182861328125,0.10708293021791015,0.0013374294435695678,1,0
M2_popmass,low,29,0.25,0.4,0,9.692842483520508,21.41658604358203,-0.013079643249511719,10.836793899536133,10.849873542785645,0.013079643249511719,0.10708293021791015,0.0013374294435695678,1,0
M0_balanced,low,29,0.25,0.1,1,9.692241668701172,21.416367614058235,-0.016272544860839844,10.663429260253906,10.679701805114746,0.016272544860839844,0.10708183807029117,0.001337415803016593,1,0
M1_margin,low,29,0.25,0.1,1,9.692241668701172,21.416367614058235,0.09928226470947266,12.605880737304688,12.506598472595215,-0.09928226470947266,0.10708183807029117,0.001337415803016593,1,0
M2_popmass,low,29,0.25,0.1,1,9.692241668701172,21.416367614058235,-0.013096809387207031,10.836793899536133,10.84989070892334,0.013096809387207031,0.10708183807029117,0.001337415803016593,1,0
M0_balanced,low,29,0.25,0.2,1,9.730154037475586,21.40899799878645,-0.016045570373535156,10.663429260253906,10.679474830627441,0.016045570373535156,0.10704498999393225,0.0013369555830528596,1,1
M1_margin,low,29,0.25,0.2,1,9.730154037475586,21.40899799878645,0.09971046447753906,12.605880737304688,12.506170272827148,-0.09971046447753906,0.10704498999393225,0.0013369555830528596,1,1
M2_popmass,low,29,0.25,0.2,1,9.730154037475586,21.40899799878645,-0.012867927551269531,10.836793899536133,10.849661827087402,0.012867927551269531,0.10704498999393225,0.0013369555830528596,1,1
M0_balanced,low,29,0.25,0.4,1,9.76171875,21.417484599289047,-0.015718460083007812,10.663429260253906,10.679147720336914,0.015718460083007812,0.10708742299644523,0.0013374855568481644,1,2
M1_margin,low,29,0.25,0.4,1,9.76171875,21.417484599289047,0.10016918182373047,12.605880737304688,12.505711555480957,-0.10016918182373047,0.10708742299644523,0.0013374855568481644,1,2
M2_popmass,low,29,0.25,0.4,1,9.76171875,21.417484599289047,-0.012531280517578125,10.836793899536133,10.849325180053711,0.012531280517578125,0.10708742299644523,0.0013374855568481644,1,2
M0_balanced,low,29,0.25,0.1,2,9.74443531036377,21.433596889447347,-0.015836715698242188,10.663429260253906,10.679265975952148,0.015836715698242188,0.10716798444723674,0.0013384917420177893,1,1
M1_margin,low,29,0.25,0.1,2,9.74443531036377,21.433596889447347,0.09989166259765625,12.605880737304688,12.505989074707031,-0.09989166259765625,0.10716798444723674,0.0013384917420177893,1,1
M2_popmass,low,29,0.25,0.1,2,9.74443531036377,21.433596889447347,-0.012652397155761719,10.836793899536133,10.849446296691895,0.012652397155761719,0.10716798444723674,0.0013384917420177893,1,1
M0_balanced,low,29,0.25,0.2,2,9.74443531036377,21.433596889447347,-0.015836715698242188,10.663429260253906,10.679265975952148,0.015836715698242188,0.10716798444723674,0.0013384917420177893,1,1
M1_margin,low,29,0.25,0.2,2,9.74443531036377,21.433596889447347,0.09989166259765625,12.605880737304688,12.505989074707031,-0.09989166259765625,0.10716798444723674,0.0013384917420177893,1,1
M2_popmass,low,29,0.25,0.2,2,9.74443531036377,21.433596889447347,-0.012652397155761719,10.836793899536133,10.849446296691895,0.012652397155761719,0.10716798444723674,0.0013384917420177893,1,1
M0_balanced,low,29,0.25,0.4,2,9.74443531036377,21.433596889447347,-0.015836715698242188,10.663429260253906,10.679265975952148,0.015836715698242188,0.10716798444723674,0.0013384917420177893,1,1
M1_margin,low,29,0.25,0.4,2,9.74443531036377,21.433596889447347,0.09989166259765625,12.605880737304688,12.505989074707031,-0.09989166259765625,0.10716798444723674,0.0013384917420177893,1,1
M2_popmass,low,29,0.25,0.4,2,9.74443531036377,21.433596889447347,-0.012652397155761719,10.836793899536133,10.849446296691895,0.012652397155761719,0.10716798444723674,0.0013384917420177893,1,1
M0_balanced,low,29,0.25,0.1,3,9.646074295043945,21.415720641906454,-0.017124176025390625,10.663429260253906,10.680553436279297,0.017124176025390625,0.10707860320953227,0.0013373754007039553,1,0
M1_margin,low,29,0.25,0.1,3,9.646074295043945,21.415720641906454,0.09778499603271484,12.605880737304688,12.508095741271973,-0.09778499603271484,0.10707860320953227,0.0013373754007039553,1,0
M2_popmass,low,29,0.25,0.1,3,9.646074295043945,21.415720641906454,-0.013975143432617188,10.836793899536133,10.85076904296875,0.013975143432617188,0.10707860320953227,0.0013373754007039553,1,0
M0_balanced,low,29,0.25,0.2,3,9.646074295043945,21.415720641906454,-0.017124176025390625,10.663429260253906,10.680553436279297,0.017124176025390625,0.10707860320953227,0.0013373754007039553,1,0
M1_margin,low,29,0.25,0.2,3,9.646074295043945,21.415720641906454,0.09778499603271484,12.605880737304688,12.508095741271973,-0.09778499603271484,0.10707860320953227,0.0013373754007039553,1,0
M2_popmass,low,29,0.25,0.2,3,9.646074295043945,21.415720641906454,-0.013975143432617188,10.836793899536133,10.85076904296875,0.013975143432617188,0.10707860320953227,0.0013373754007039553,1,0
M0_balanced,low,29,0.25,0.4,3,9.646074295043945,21.415720641906454,-0.017124176025390625,10.663429260253906,10.680553436279297,0.017124176025390625,0.10707860320953227,0.0013373754007039553,1,0
M1_margin,low,29,0.25,0.4,3,9.646074295043945,21.415720641906454,0.09778499603271484,12.605880737304688,12.508095741271973,-0.09778499603271484,0.10707860320953227,0.0013373754007039553,1,0
M2_popmass,low,29,0.25,0.4,3,9.646074295043945,21.415720641906454,-0.013975143432617188,10.836793899536133,10.85076904296875,0.013975143432617188,0.10707860320953227,0.0013373754007039553,1,0
M0_balanced,low,29,0.25,0.1,4,9.690452575683594,21.416496337521863,-0.016290664672851562,10.663429260253906,10.679719924926758,0.016290664672851562,0.10708248168760932,0.0013374238415783872,1,0
M1_margin,low,29,0.25,0.1,4,9.690452575683594,21.416496337521863,0.09926223754882812,12.605880737304688,12.50661849975586,-0.09926223754882812,0.10708248168760932,0.0013374238415783872,1,0
M2_popmass,low,29,0.25,0.1,4,9.690452575683594,21.416496337521863,-0.013113975524902344,10.836793899536133,10.849907875061035,0.013113975524902344,0.10708248168760932,0.0013374238415783872,1,0
M0_balanced,low,29,0.25,0.2,4,9.72864055633545,21.40909723389406,-0.016061782836914062,10.663429260253906,10.67949104309082,0.016061782836914062,0.1070454861694703,0.0013369617801168774,1,1
M1_margin,low,29,0.25,0.2,4,9.72864055633545,21.40909723389406,0.09969329833984375,12.605880737304688,12.506187438964844,-0.09969329833984375,0.1070454861694703,0.0013369617801168774,1,1
M2_popmass,low,29,0.25,0.2,4,9.72864055633545,21.40909723389406,-0.012883186340332031,10.836793899536133,10.849677085876465,0.012883186340332031,0.1070454861694703,0.0013369617801168774,1,1
M0_balanced,low,29,0.25,0.4,4,9.760860443115234,21.417770645395205,-0.015727996826171875,10.663429260253906,10.679157257080078,0.015727996826171875,0.10708885322697603,0.001337503419941928,1,2
M1_margin,low,29,0.25,0.4,4,9.760860443115234,21.417770645395205,0.1001596450805664,12.605880737304688,12.505721092224121,-0.1001596450805664,0.10708885322697603,0.001337503419941928,1,2
M2_popmass,low,29,0.25,0.4,4,9.760860443115234,21.417770645395205,-0.012540817260742188,10.836793899536133,10.849334716796875,0.012540817260742188,0.10708885322697603,0.001337503419941928,1,2
M0_balanced,low,30,0.16666666666666666,0.1,0,10.093254089355469,16.45816957736432,0.004024505615234375,10.663429260253906,10.659404754638672,-0.004024505615234375,0.0822908478868216,0.0010277847522119072,1,1
M1_margin,low,30,0.16666666666666666,0.1,0,10.093254089355469,16.45816957736432,-0.0030813217163085938,12.605880737304688,12.608962059020996,0.0030813217163085938,0.0822908478868216,0.0010277847522119072,1,1
M2_popmass,low,30,0.16666666666666666,0.1,0,10.093254089355469,16.45816957736432,0.0058269500732421875,10.836793899536133,10.83096694946289,-0.0058269500732421875,0.0822908478868216,0.0010277847522119072,1,1
M0_balanced,low,30,0.16666666666666666,0.2,0,10.073628425598145,16.464521741494682,0.00385284423828125,10.663429260253906,10.659576416015625,-0.00385284423828125,0.08232260870747342,0.0010281814340789915,1,2
M1_margin,low,30,0.16666666666666666,0.2,0,10.073628425598145,16.464521741494682,-0.0035495758056640625,12.605880737304688,12.609430313110352,0.0035495758056640625,0.08232260870747342,0.0010281814340789915,1,2
M2_popmass,low,30,0.16666666666666666,0.2,0,10.073628425598145,16.464521741494682,0.0056438446044921875,10.836793899536133,10.83115005493164,-0.0056438446044921875,0.08232260870747342,0.0010281814340789915,1,2
M0_balanced,low,30,0.16666666666666666,0.4,0,10.083924293518066,16.45558012409311,0.0039691925048828125,10.663429260253906,10.659460067749023,-0.0039691925048828125,0.08227790062046555,0.0010276230452507412,1,3
M1_margin,low,30,0.16666666666666666,0.4,0,10.083924293518066,16.45558012409311,-0.003459930419921875,12.605880737304688,12.60934066772461,0.003459930419921875,0.08227790062046555,0.0010276230452507412,1,3
M2_popmass,low,30,0.16666666666666666,0.4,0,10.083924293518066,16.45558012409311,0.005753517150878906,10.836793899536133,10.831040382385254,-0.005753517150878906,0.08227790062046555,0.0010276230452507412,1,3
M0_balanced,low,30,0.16666666666666666,0.1,1,10.079666137695312,16.515169521756782,0.0032548904418945312,10.663429260253906,10.660174369812012,-0.0032548904418945312,0.0825758476087839,0.0010313443019812857,1,0
M1_margin,low,30,0.16666666666666666,0.1,1,10.079666137695312,16.515169521756782,-0.005755424499511719,12.605880737304688,12.6116361618042,0.005755424499511719,0.0825758476087839,0.0010313443019812857,1,0
M2_popmass,low,30,0.16666666666666666,0.1,1,10.079666137695312,16.515169521756782,0.0050067901611328125,10.836793899536133,10.831787109375,-0.0050067901611328125,0.0825758476087839,0.0010313443019812857,1,0
M0_balanced,low,30,0.16666666666666666,0.2,1,10.079666137695312,16.515169521756782,0.0032548904418945312,10.663429260253906,10.660174369812012,-0.0032548904418945312,0.0825758476087839,0.0010313443019812857,1,0
M1_margin,low,30,0.16666666666666666,0.2,1,10.079666137695312,16.515169521756782,-0.005755424499511719,12.605880737304688,12.6116361618042,0.005755424499511719,0.0825758476087839,0.0010313443019812857,1,0
M2_popmass,low,30,0.16666666666666666,0.2,1,10.079666137695312,16.515169521756782,0.0050067901611328125,10.836793899536133,10.831787109375,-0.0050067901611328125,0.0825758476087839,0.0010313443019812857,1,0
M0_balanced,low,30,0.16666666666666666,0.4,1,10.079666137695312,16.515169521756782,0.0032548904418945312,10.663429260253906,10.660174369812012,-0.0032548904418945312,0.0825758476087839,0.0010313443019812857,1,0
M1_margin,low,30,0.16666666666666666,0.4,1,10.079666137695312,16.515169521756782,-0.005755424499511719,12.605880737304688,12.6116361618042,0.005755424499511719,0.0825758476087839,0.0010313443019812857,1,0
M2_popmass,low,30,0.16666666666666666,0.4,1,10.079666137695312,16.515169521756782,0.0050067901611328125,10.836793899536133,10.831787109375,-0.0050067901611328125,0.0825758476087839,0.0010313443019812857,1,0
M0_balanced,low,30,0.16666666666666666,0.1,2,10.082854270935059,16.48193652797565,0.003970146179199219,10.663429260253906,10.659459114074707,-0.003970146179199219,0.08240968263987825,0.0010292689579329672,1,0
M1_margin,low,30,0.16666666666666666,0.1,2,10.082854270935059,16.48193652797565,-0.0029125213623046875,12.605880737304688,12.608793258666992,0.0029125213623046875,0.08240968263987825,0.0010292689579329672,1,0
M2_popmass,low,30,0.16666666666666666,0.1,2,10.082854270935059,16.48193652797565,0.0057849884033203125,10.836793899536133,10.831008911132812,-0.0057849884033203125,0.08240968263987825,0.0010292689579329672,1,0
M0_balanced,low,30,0.16666666666666666,0.2,2,10.082854270935059,16.48193652797565,0.003970146179199219,10.663429260253906,10.659459114074707,-0.003970146179199219,0.08240968263987825,0.0010292689579329672,1,0
M1_margin,low,30,0.16666666666666666,0.2,2,10.082854270935059,16.48193652797565,-0.0029125213623046875,12.605880737304688,12.608793258666992,0.0029125213623046875,0.08240968263987825,0.0010292689579329672,1,0
M2_popmass,low,30,0.16666666666666666,0.2,2,10.082854270935059,16.48193652797565,0.0057849884033203125,10.836793899536133,10.831008911132812,-0.0057849884033203125,0.08240968263987825,0.0010292689579329672,1,0
M0_balanced,low,30,0.16666666666666666,0.4,2,10.082854270935059,16.48193652797565,0.003970146179199219,10.663429260253906,10.659459114074707,-0.003970146179199219,0.08240968263987825,0.0010292689579329672,1,0
M1_margin,low,30,0.16666666666666666,0.4,2,10.082854270935059,16.48193652797565,-0.0029125213623046875,12.605880737304688,12.608793258666992,0.0029125213623046875,0.08240968263987825,0.0010292689579329672,1,0
M2_popmass,low,30,0.16666666666666666,0.4,2,10.082854270935059,16.48193652797565,0.0057849884033203125,10.836793899536133,10.831008911132812,-0.0057849884033203125,0.08240968263987825,0.0010292689579329672,1,0
M0_balanced,low,30,0.16666666666666666,0.1,3,10.080312728881836,16.513571929055,0.0032634735107421875,10.663429260253906,10.660165786743164,-0.0032634735107421875,0.08256785964527501,0.0010312445350289879,1,0
M1_margin,low,30,0.16666666666666666,0.1,3,10.080312728881836,16.513571929055,-0.005715370178222656,12.605880737304688,12.61159610748291,0.005715370178222656,0.08256785964527501,0.0010312445350289879,1,0
M2_popmass,low,30,0.16666666666666666,0.1,3,10.080312728881836,16.513571929055,0.005016326904296875,10.836793899536133,10.831777572631836,-0.005016326904296875,0.08256785964527501,0.0010312445350289879,1,0
M0_balanced,low,30,0.16666666666666666,0.2,3,10.058462142944336,16.49553240653276,0.0032596588134765625,10.663429260253906,10.66016960144043,-0.0032596588134765625,0.08247766203266381,0.0010301179974697297,1,2
M1_margin,low,30,0.16666666666666666,0.2,3,10.058462142944336,16.49553240653276,-0.005944252014160156,12.605880737304688,12.611824989318848,0.005944252014160156,0.08247766203266381,0.0010301179974697297,1,2
M2_popmass,low,30,0.16666666666666666,0.2,3,10.058462142944336,16.49553240653276,0.0049991607666015625,10.836793899536133,10.831794738769531,-0.0049991607666015625,0.08247766203266381,0.0010301179974697297,1,2
M0_balanced,low,30,0.16666666666666666,0.4,3,10.058462142944336,16.49553240653276,0.0032596588134765625,10.663429260253906,10.66016960144043,-0.0032596588134765625,0.08247766203266381,0.0010301179974697297,1,2
M1_margin,low,30,0.16666666666666666,0.4,3,10.058462142944336,16.49553240653276,-0.005944252014160156,12.605880737304688,12.611824989318848,0.005944252014160156,0.08247766203266381,0.0010301179974697297,1,2
M2_popmass,low,30,0.16666666666666666,0.4,3,10.058462142944336,16.49553240653276,0.0049991607666015625,10.836793899536133,10.831794738769531,-0.0049991607666015625,0.08247766203266381,0.0010301179974697297,1,2
M0_balanced,low,30,0.16666666666666666,0.1,4,10.07943344116211,16.51349071595462,0.003261566162109375,10.663429260253906,10.660167694091797,-0.003261566162109375,0.0825674535797731,0.0010312394634087291,1,0
M1_margin,low,30,0.16666666666666666,0.1,4,10.07943344116211,16.51349071595462,-0.0057220458984375,12.605880737304688,12.611602783203125,0.0057220458984375,0.0825674535797731,0.0010312394634087291,1,0
M2_popmass,low,30,0.16666666666666666,0.1,4,10.07943344116211,16.51349071595462,0.0050144195556640625,10.836793899536133,10.831779479980469,-0.0050144195556640625,0.0825674535797731,0.0010312394634087291,1,0
M0_balanced,low,30,0.16666666666666666,0.2,4,10.062758445739746,16.48647961076479,0.0031890869140625,10.663429260253906,10.660240173339844,-0.0031890869140625,0.08243239805382395,0.001029552665741224,1,1
M1_margin,low,30,0.16666666666666666,0.2,4,10.062758445739746,16.48647961076479,-0.0059986114501953125,12.605880737304688,12.611879348754883,0.0059986114501953125,0.08243239805382395,0.001029552665741224,1,1
M2_popmass,low,30,0.16666666666666666,0.2,4,10.062758445739746,16.48647961076479,0.004932403564453125,10.836793899536133,10.83186149597168,-0.004932403564453125,0.08243239805382395,0.001029552665741224,1,1
M0_balanced,low,30,0.16666666666666666,0.4,4,10.035011291503906,16.487055138169115,0.00318145751953125,10.663429260253906,10.660247802734375,-0.00318145751953125,0.08243527569084558,0.0010295886064506613,1,3
M1_margin,low,30,0.16666666666666666,0.4,4,10.035011291503906,16.487055138169115,-0.006092071533203125,12.605880737304688,12.61197280883789,0.006092071533203125,0.08243527569084558,0.0010295886064506613,1,3
M2_popmass,low,30,0.16666666666666666,0.4,4,10.035011291503906,16.487055138169115,0.004912376403808594,10.836793899536133,10.831881523132324,-0.004912376403808594,0.08243527569084558,0.0010295886064506613,1,3
M0_balanced,low,31,0.25,0.1,0,9.00224781036377,15.785113566957994,-0.06617355346679688,10.663429260253906,10.729602813720703,0.06617355346679688,0.07892556783478998,0.0009857535468808113,1,0
M1_margin,low,31,0.25,0.1,0,9.00224781036377,15.785113566957994,-0.11843299865722656,12.605880737304688,12.724313735961914,0.11843299865722656,0.07892556783478998,0.0009857535468808113,1,0
M2_popmass,low,31,0.25,0.1,0,9.00224781036377,15.785113566957994,-0.06544017791748047,10.836793899536133,10.902234077453613,0.06544017791748047,0.07892556783478998,0.0009857535468808113,1,0
M0_balanced,low,31,0.25,0.2,0,9.00224781036377,15.785113566957994,-0.06617355346679688,10.663429260253906,10.729602813720703,0.06617355346679688,0.07892556783478998,0.0009857535468808113,1,0
M1_margin,low,31,0.25,0.2,0,9.00224781036377,15.785113566957994,-0.11843299865722656,12.605880737304688,12.724313735961914,0.11843299865722656,0.07892556783478998,0.0009857535468808113,1,0
M2_popmass,low,31,0.25,0.2,0,9.00224781036377,15.785113566957994,-0.06544017791748047,10.836793899536133,10.902234077453613,0.06544017791748047,0.07892556783478998,0.0009857535468808113,1,0
M0_balanced,low,31,0.25,0.4,0,8.990299224853516,15.754357199891398,-0.0660085678100586,10.663429260253906,10.729437828063965,0.0660085678100586,0.07877178599945699,0.0009838328639667187,1,1
M1_margin,low,31,0.25,0.4,0,8.990299224853516,15.754357199891398,-0.11807060241699219,12.605880737304688,12.72395133972168,0.11807060241699219,0.07877178599945699,0.0009838328639667187,1,1
M2_popmass,low,31,0.25,0.4,0,8.990299224853516,15.754357199891398,-0.06526947021484375,10.836793899536133,10.902063369750977,0.06526947021484375,0.07877178599945699,0.0009838328639667187,1,1
M0_balanced,low,31,0.25,0.1,1,9.00238037109375,15.784559214377342,-0.06616592407226562,10.663429260253906,10.729595184326172,0.06616592407226562,0.07892279607188671,0.000985718928503168,1,0
M1_margin,low,31,0.25,0.1,1,9.00238037109375,15.784559214377342,-0.11842155456542969,12.605880737304688,12.724302291870117,0.11842155456542969,0.07892279607188671,0.000985718928503168,1,0
M2_popmass,low,31,0.25,0.1,1,9.00238037109375,15.784559214377342,-0.06543254852294922,10.836793899536133,10.902226448059082,0.06543254852294922,0.07892279607188671,0.000985718928503168,1,0
M0_balanced,low,31,0.25,0.2,1,9.00238037109375,15.784559214377342,-0.06616592407226562,10.663429260253906,10.729595184326172,0.06616592407226562,0.07892279607188671,0.000985718928503168,1,0
M1_margin,low,31,0.25,0.2,1,9.00238037109375,15.784559214377342,-0.11842155456542969,12.605880737304688,12.724302291870117,0.11842155456542969,0.07892279607188671,0.000985718928503168,1,0
M2_popmass,low,31,0.25,0.2,1,9.00238037109375,15.784559214377342,-0.06543254852294922,10.836793899536133,10.902226448059082,0.06543254852294922,0.07892279607188671,0.000985718928503168,1,0
M0_balanced,low,31,0.25,0.4,1,9.00238037109375,15.784559214377342,-0.06616592407226562,10.663429260253906,10.729595184326172,0.06616592407226562,0.07892279607188671,0.000985718928503168,1,0
M1_margin,low,31,0.25,0.4,1,9.00238037109375,15.784559214377342,-0.11842155456542969,12.605880737304688,12.724302291870117,0.11842155456542969,0.07892279607188671,0.000985718928503168,1,0
M2_popmass,low,31,0.25,0.4,1,9.00238037109375,15.784559214377342,-0.06543254852294922,10.836793899536133,10.902226448059082,0.06543254852294922,0.07892279607188671,0.000985718928503168,1,0
M0_balanced,low,31,0.25,0.1,2,9.003166198730469,15.784340977398369,-0.06616401672363281,10.663429260253906,10.729593276977539,0.06616401672363281,0.07892170488699185,0.0009857052999742905,1,0
M1_margin,low,31,0.25,0.1,2,9.003166198730469,15.784340977398369,-0.11842060089111328,12.605880737304688,12.7243013381958,0.11842060089111328,0.07892170488699185,0.0009857052999742905,1,0
M2_popmass,low,31,0.25,0.1,2,9.003166198730469,15.784340977398369,-0.0654306411743164,10.836793899536133,10.90222454071045,0.0654306411743164,0.07892170488699185,0.0009857052999742905,1,0
M0_balanced,low,31,0.25,0.2,2,9.003166198730469,15.784340977398369,-0.06616401672363281,10.663429260253906,10.729593276977539,0.06616401672363281,0.07892170488699185,0.0009857052999742905,1,0
M1_margin,low,31,0.25,0.2,2,9.003166198730469,15.784340977398369,-0.11842060089111328,12.605880737304688,12.7243013381958,0.11842060089111328,0.07892170488699185,0.0009857052999742905,1,0
M2_popmass,low,31,0.25,0.2,2,9.003166198730469,15.784340977398369,-0.0654306411743164,10.836793899536133,10.90222454071045,0.0654306411743164,0.07892170488699185,0.0009857052999742905,1,0
M0_balanced,low,31,0.25,0.4,2,8.991419792175293,15.75375795470931,-0.06600093841552734,10.663429260253906,10.729430198669434,0.06600093841552734,0.07876878977354655,0.0009837954421223216,1,1
M1_margin,low,31,0.25,0.4,2,8.991419792175293,15.75375795470931,-0.11805915832519531,12.605880737304688,12.723939895629883,0.11805915832519531,0.07876878977354655,0.0009837954421223216,1,1
M2_popmass,low,31,0.25,0.4,2,8.991419792175293,15.75375795470931,-0.0652608871459961,10.836793899536133,10.902054786682129,0.0652608871459961,0.07876878977354655,0.0009837954421223216,1,1
M0_balanced,low,31,0.25,0.1,3,9.001977920532227,15.784765532303318,-0.06616592407226562,10.663429260253906,10.729595184326172,0.06616592407226562,0.0789238276615166,0.0009857318127074186,1,0
M1_margin,low,31,0.25,0.1,3,9.001977920532227,15.784765532303318,-0.11842155456542969,12.605880737304688,12.724302291870117,0.11842155456542969,0.0789238276615166,0.0009857318127074186,1,0
M2_popmass,low,31,0.25,0.1,3,9.001977920532227,15.784765532303318,-0.06543254852294922,10.836793899536133,10.902226448059082,0.06543254852294922,0.0789238276615166,0.0009857318127074186,1,0
M0_balanced,low,31,0.25,0.2,3,9.001977920532227,15.784765532303318,-0.06616592407226562,10.663429260253906,10.729595184326172,0.06616592407226562,0.0789238276615166,0.0009857318127074186,1,0
M1_margin,low,31,0.25,0.2,3,9.001977920532227,15.784765532303318,-0.11842155456542969,12.605880737304688,12.724302291870117,0.11842155456542969,0.0789238276615166,0.0009857318127074186,1,0
M2_popmass,low,31,0.25,0.2,3,9.001977920532227,15.784765532303318,-0.06543254852294922,10.836793899536133,10.902226448059082,0.06543254852294922,0.0789238276615166,0.0009857318127074186,1,0
M0_balanced,low,31,0.25,0.4,3,9.037578582763672,15.784185207211435,-0.0660400390625,10.663429260253906,10.729469299316406,0.0660400390625,0.07892092603605717,0.0009856955723905377,1,1
M1_margin,low,31,0.25,0.4,3,9.037578582763672,15.784185207211435,-0.11790847778320312,12.605880737304688,12.72378921508789,0.11790847778320312,0.07892092603605717,0.0009856955723905377,1,1
M2_popmass,low,31,0.25,0.4,3,9.037578582763672,15.784185207211435,-0.06530094146728516,10.836793899536133,10.902094841003418,0.06530094146728516,0.07892092603605717,0.0009856955723905377,1,1
M0_balanced,low,31,0.25,0.1,4,8.983314514160156,15.750356443295926,-0.06562995910644531,10.663429260253906,10.729059219360352,0.06562995910644531,0.07875178221647963,0.0009835830235086526,1,1
M1_margin,low,31,0.25,0.1,4,8.983314514160156,15.750356443295926,-0.11762428283691406,12.605880737304688,12.723505020141602,0.11762428283691406,0.07875178221647963,0.0009835830235086526,1,1
M2_popmass,low,31,0.25,0.1,4,8.983314514160156,15.750356443295926,-0.06489372253417969,10.836793899536133,10.901687622070312,0.06489372253417969,0.07875178221647963,0.0009835830235086526,1,1
M0_balanced,low,31,0.25,0.2,4,9.002540588378906,15.732172027503722,-0.06561565399169922,10.663429260253906,10.729044914245605,0.06561565399169922,0.0786608601375186,0.0009824474376106428,1,2
M1_margin,low,31,0.25,0.2,4,9.002540588378906,15.732172027503722,-0.11749744415283203,12.605880737304688,12.72337818145752,0.11749744415283203,0.0786608601375186,0.0009824474376106428,1,2
M2_popmass,low,31,0.25,0.2,4,9.002540588378906,15.732172027503722,-0.06488037109375,10.836793899536133,10.901674270629883,0.06488037109375,0.0786608601375186,0.0009824474376106428,1,2
M0_balanced,low,31,0.25,0.4,4,9.002540588378906,15.732172027503722,-0.06561565399169922,10.663429260253906,10.729044914245605,0.06561565399169922,0.0786608601375186,0.0009824474376106428,1,2
M1_margin,low,31,0.25,0.4,4,9.002540588378906,15.732172027503722,-0.11749744415283203,12.605880737304688,12.72337818145752,0.11749744415283203,0.0786608601375186,0.0009824474376106428,1,2
M2_popmass,low,31,0.25,0.4,4,9.002540588378906,15.732172027503722,-0.06488037109375,10.836793899536133,10.901674270629883,0.06488037109375,0.0786608601375186,0.0009824474376106428,1,2
M0_balanced,medium,0,0.625,0.1,0,8.947500228881836,14.74031987563002,0.00495147705078125,10.663429260253906,10.658477783203125,-0.00495147705078125,0.0737015993781501,0.0009205079544042964,1,0
M1_margin,medium,0,0.625,0.1,0,8.947500228881836,14.74031987563002,-0.017278671264648438,12.605880737304688,12.623159408569336,0.017278671264648438,0.0737015993781501,0.0009205079544042964,1,0
M2_popmass,medium,0,0.625,0.1,0,8.947500228881836,14.74031987563002,0.005207061767578125,10.836793899536133,10.831586837768555,-0.005207061767578125,0.0737015993781501,0.0009205079544042964,1,0
M0_balanced,medium,0,0.625,0.2,0,8.947500228881836,14.74031987563002,0.00495147705078125,10.663429260253906,10.658477783203125,-0.00495147705078125,0.0737015993781501,0.0009205079544042964,1,0
M1_margin,medium,0,0.625,0.2,0,8.947500228881836,14.74031987563002,-0.017278671264648438,12.605880737304688,12.623159408569336,0.017278671264648438,0.0737015993781501,0.0009205079544042964,1,0
M2_popmass,medium,0,0.625,0.2,0,8.947500228881836,14.74031987563002,0.005207061767578125,10.836793899536133,10.831586837768555,-0.005207061767578125,0.0737015993781501,0.0009205079544042964,1,0
M0_balanced,medium,0,0.625,0.4,0,8.868349075317383,14.681834793518249,0.0044879913330078125,10.663429260253906,10.658941268920898,-0.0044879913330078125,0.07340917396759125,0.000916855660305382,1,2
M1_margin,medium,0,0.625,0.4,0,8.868349075317383,14.681834793518249,-0.01809406280517578,12.605880737304688,12.623974800109863,0.01809406280517578,0.07340917396759125,0.000916855660305382,1,2
M2_popmass,medium,0,0.625,0.4,0,8.868349075317383,14.681834793518249,0.00472259521484375,10.836793899536133,10.832071304321289,-0.00472259521484375,0.07340917396759125,0.000916855660305382,1,2
M0_balanced,medium,0,0.625,0.1,1,8.962153434753418,14.70242241319594,0.0050525665283203125,10.663429260253906,10.658376693725586,-0.0050525665283203125,0.0735121120659797,0.0009181413222065797,1,0
M1_margin,medium,0,0.625,0.1,1,8.962153434753418,14.70242241319594,-0.017698287963867188,12.605880737304688,12.623579025268555,0.017698287963867188,0.0735121120659797,0.0009181413222065797,1,0
M2_popmass,medium,0,0.625,0.1,1,8.962153434753418,14.70242241319594,0.00530242919921875,10.836793899536133,10.831491470336914,-0.00530242919921875,0.0735121120659797,0.0009181413222065797,1,0
M0_balanced,medium,0,0.625,0.2,1,8.962153434753418,14.70242241319594,0.0050525665283203125,10.663429260253906,10.658376693725586,-0.0050525665283203125,0.0735121120659797,0.0009181413222065797,1,0
M1_margin,medium,0,0.625,0.2,1,8.962153434753418,14.70242241319594,-0.017698287963867188,12.605880737304688,12.623579025268555,0.017698287963867188,0.0735121120659797,0.0009181413222065797,1,0
M2_popmass,medium,0,0.625,0.2,1,8.962153434753418,14.70242241319594,0.00530242919921875,10.836793899536133,10.831491470336914,-0.00530242919921875,0.0735121120659797,0.0009181413222065797,1,0
M0_balanced,medium,0,0.625,0.4,1,8.9315185546875,14.657204631631272,0.00469207763671875,10.663429260253906,10.658737182617188,-0.00469207763671875,0.07328602315815635,0.000915317548505467,1,2
M1_margin,medium,0,0.625,0.4,1,8.9315185546875,14.657204631631272,-0.018224716186523438,12.605880737304688,12.624105453491211,0.018224716186523438,0.07328602315815635,0.000915317548505467,1,2
M2_popmass,medium,0,0.625,0.4,1,8.9315185546875,14.657204631631272,0.004921913146972656,10.836793899536133,10.83187198638916,-0.004921913146972656,0.07328602315815635,0.000915317548505467,1,2
M0_balanced,medium,0,0.625,0.1,2,8.94479751586914,14.739593316070962,0.00494384765625,10.663429260253906,10.658485412597656,-0.00494384765625,0.07369796658035481,0.0009204625819931747,1,0
M1_margin,medium,0,0.625,0.1,2,8.94479751586914,14.739593316070962,-0.01729297637939453,12.605880737304688,12.623173713684082,0.01729297637939453,0.07369796658035481,0.0009204625819931747,1,0
M2_popmass,medium,0,0.625,0.1,2,8.94479751586914,14.739593316070962,0.005199432373046875,10.836793899536133,10.831594467163086,-0.005199432373046875,0.07369796658035481,0.0009204625819931747,1,0
M0_balanced,medium,0,0.625,0.2,2,8.885232925415039,14.686827943801722,0.004910469055175781,10.663429260253906,10.65851879119873,-0.004910469055175781,0.07343413971900861,0.0009171674740646663,1,1
M1_margin,medium,0,0.625,0.2,2,8.885232925415039,14.686827943801722,-0.01710987091064453,12.605880737304688,12.622990608215332,0.01710987091064453,0.07343413971900861,0.0009171674740646663,1,1
M2_popmass,medium,0,0.625,0.2,2,8.885232925415039,14.686827943801722,0.005158424377441406,10.836793899536133,10.831635475158691,-0.005158424377441406,0.07343413971900861,0.0009171674740646663,1,1
M0_balanced,medium,0,0.625,0.4,2,8.885232925415039,14.686827943801722,0.004910469055175781,10.663429260253906,10.65851879119873,-0.004910469055175781,0.07343413971900861,0.0009171674740646663,1,1
M1_margin,medium,0,0.625,0.4,2,8.885232925415039,14.686827943801722,-0.01710987091064453,12.605880737304688,12.622990608215332,0.01710987091064453,0.07343413971900861,0.0009171674740646663,1,1
M2_popmass,medium,0,0.625,0.4,2,8.885232925415039,14.686827943801722,0.005158424377441406,10.836793899536133,10.831635475158691,-0.005158424377441406,0.07343413971900861,0.0009171674740646663,1,1
M0_balanced,medium,0,0.625,0.1,3,8.947649002075195,14.741461752632727,0.0049381256103515625,10.663429260253906,10.658491134643555,-0.0049381256103515625,0.07370730876316364,0.0009205792626847687,1,0
M1_margin,medium,0,0.625,0.1,3,8.947649002075195,14.741461752632727,-0.017316818237304688,12.605880737304688,12.623197555541992,0.017316818237304688,0.07370730876316364,0.0009205792626847687,1,0
M2_popmass,medium,0,0.625,0.1,3,8.947649002075195,14.741461752632727,0.0051937103271484375,10.836793899536133,10.831600189208984,-0.0051937103271484375,0.07370730876316364,0.0009205792626847687,1,0
M0_balanced,medium,0,0.625,0.2,3,8.887740135192871,14.6882900963479,0.00490570068359375,10.663429260253906,10.658523559570312,-0.00490570068359375,0.0734414504817395,0.0009172587830091576,1,1
M1_margin,medium,0,0.625,0.2,3,8.887740135192871,14.6882900963479,-0.017129898071289062,12.605880737304688,12.623010635375977,0.017129898071289062,0.0734414504817395,0.0009172587830091576,1,1
M2_popmass,medium,0,0.625,0.2,3,8.887740135192871,14.6882900963479,0.005153656005859375,10.836793899536133,10.831640243530273,-0.005153656005859375,0.0734414504817395,0.0009172587830091576,1,1
M0_balanced,medium,0,0.625,0.4,3,8.883195877075195,14.672800545761566,0.004703521728515625,10.663429260253906,10.65872573852539,-0.004703521728515625,0.07336400272880783,0.0009162914868686959,1,2
M1_margin,medium,0,0.625,0.4,3,8.883195877075195,14.672800545761566,-0.017622947692871094,12.605880737304688,12.623503684997559,0.017622947692871094,0.07336400272880783,0.0009162914868686959,1,2
M2_popmass,medium,0,0.625,0.4,3,8.883195877075195,14.672800545761566,0.00494384765625,10.836793899536133,10.831850051879883,-0.00494384765625,0.07336400272880783,0.0009162914868686959,1,2
M0_balanced,medium,0,0.625,0.1,4,8.925394058227539,14.713194920902614,0.0046844482421875,10.663429260253906,10.658744812011719,-0.0046844482421875,0.07356597460451307,0.0009188140470264304,1,1
M1_margin,medium,0,0.625,0.1,4,8.925394058227539,14.713194920902614,-0.01788043975830078,12.605880737304688,12.623761177062988,0.01788043975830078,0.07356597460451307,0.0009188140470264304,1,1
M2_popmass,medium,0,0.625,0.1,4,8.925394058227539,14.713194920902614,0.0049285888671875,10.836793899536133,10.831865310668945,-0.0049285888671875,0.07356597460451307,0.0009188140470264304,1,1
M0_balanced,medium,0,0.625,0.2,4,8.870930671691895,14.669795846103225,0.004695892333984375,10.663429260253906,10.658733367919922,-0.004695892333984375,0.07334897923051613,0.0009161038484755379,1,2
M1_margin,medium,0,0.625,0.2,4,8.870930671691895,14.669795846103225,-0.017602920532226562,12.605880737304688,12.623483657836914,0.017602920532226562,0.07334897923051613,0.0009161038484755379,1,2
M2_popmass,medium,0,0.625,0.2,4,8.870930671691895,14.669795846103225,0.004935264587402344,10.836793899536133,10.83185863494873,-0.004935264587402344,0.07334897923051613,0.0009161038484755379,1,2
M0_balanced,medium,0,0.625,0.4,4,8.870930671691895,14.669795846103225,0.004695892333984375,10.663429260253906,10.658733367919922,-0.004695892333984375,0.07334897923051613,0.0009161038484755379,1,2
M1_margin,medium,0,0.625,0.4,4,8.870930671691895,14.669795846103225,-0.017602920532226562,12.605880737304688,12.623483657836914,0.017602920532226562,0.07334897923051613,0.0009161038484755379,1,2
M2_popmass,medium,0,0.625,0.4,4,8.870930671691895,14.669795846103225,0.004935264587402344,10.836793899536133,10.83185863494873,-0.004935264587402344,0.07334897923051613,0.0009161038484755379,1,2
M0_balanced,medium,1,0.5,0.1,0,9.500797271728516,15.21642740108335,-0.0744466781616211,10.663429260253906,10.737875938415527,0.0744466781616211,0.07608213700541674,0.0009502400611719456,1,2
M1_margin,medium,1,0.5,0.1,0,9.500797271728516,15.21642740108335,-0.08945369720458984,12.605880737304688,12.695334434509277,0.08945369720458984,0.07608213700541674,0.0009502400611719456,1,2
M2_popmass,medium,1,0.5,0.1,0,9.500797271728516,15.21642740108335,-0.0742807388305664,10.836793899536133,10.9110746383667,0.0742807388305664,0.07608213700541674,0.0009502400611719456,1,2
M0_balanced,medium,1,0.5,0.2,0,9.500797271728516,15.21642740108335,-0.0744466781616211,10.663429260253906,10.737875938415527,0.0744466781616211,0.07608213700541674,0.0009502400611719456,1,2
M1_margin,medium,1,0.5,0.2,0,9.500797271728516,15.21642740108335,-0.08945369720458984,12.605880737304688,12.695334434509277,0.08945369720458984,0.07608213700541674,0.0009502400611719456,1,2
M2_popmass,medium,1,0.5,0.2,0,9.500797271728516,15.21642740108335,-0.0742807388305664,10.836793899536133,10.9110746383667,0.0742807388305664,0.07608213700541674,0.0009502400611719456,1,2
M0_balanced,medium,1,0.5,0.4,0,9.538743019104004,15.193504654985666,-0.07361316680908203,10.663429260253906,10.737042427062988,0.07361316680908203,0.07596752327492834,0.0009488085745897182,1,4
M1_margin,medium,1,0.5,0.4,0,9.538743019104004,15.193504654985666,-0.08783626556396484,12.605880737304688,12.693717002868652,0.08783626556396484,0.07596752327492834,0.0009488085745897182,1,4
M2_popmass,medium,1,0.5,0.4,0,9.538743019104004,15.193504654985666,-0.07343006134033203,10.836793899536133,10.910223960876465,0.07343006134033203,0.07596752327492834,0.0009488085745897182,1,4
M0_balanced,medium,1,0.5,0.1,1,9.442926406860352,15.26087284963485,-0.07480812072753906,10.663429260253906,10.738237380981445,0.07480812072753906,0.07630436424817426,0.0009530156039874286,1,0
M1_margin,medium,1,0.5,0.1,1,9.442926406860352,15.26087284963485,-0.08971786499023438,12.605880737304688,12.695598602294922,0.08971786499023438,0.07630436424817426,0.0009530156039874286,1,0
M2_popmass,medium,1,0.5,0.1,1,9.442926406860352,15.26087284963485,-0.0746297836303711,10.836793899536133,10.911423683166504,0.0746297836303711,0.07630436424817426,0.0009530156039874286,1,0
M0_balanced,medium,1,0.5,0.2,1,9.442926406860352,15.26087284963485,-0.07480812072753906,10.663429260253906,10.738237380981445,0.07480812072753906,0.07630436424817426,0.0009530156039874286,1,0
M1_margin,medium,1,0.5,0.2,1,9.442926406860352,15.26087284963485,-0.08971786499023438,12.605880737304688,12.695598602294922,0.08971786499023438,0.07630436424817426,0.0009530156039874286,1,0
M2_popmass,medium,1,0.5,0.2,1,9.442926406860352,15.26087284963485,-0.0746297836303711,10.836793899536133,10.911423683166504,0.0746297836303711,0.07630436424817426,0.0009530156039874286,1,0
M0_balanced,medium,1,0.5,0.4,1,9.499771118164062,15.238678334679841,-0.07443428039550781,10.663429260253906,10.737863540649414,0.07443428039550781,0.07619339167339921,0.0009516295942038819,1,1
M1_margin,medium,1,0.5,0.4,1,9.499771118164062,15.238678334679841,-0.08940696716308594,12.605880737304688,12.695287704467773,0.08940696716308594,0.07619339167339921,0.0009516295942038819,1,1
M2_popmass,medium,1,0.5,0.4,1,9.499771118164062,15.238678334679841,-0.07426834106445312,10.836793899536133,10.911062240600586,0.07426834106445312,0.07619339167339921,0.0009516295942038819,1,1
M0_balanced,medium,1,0.5,0.1,2,9.444831848144531,15.26011655111133,-0.07471847534179688,10.663429260253906,10.738147735595703,0.07471847534179688,0.07630058275555665,0.0009529683744284584,1,0
M1_margin,medium,1,0.5,0.1,2,9.444831848144531,15.26011655111133,-0.08957099914550781,12.605880737304688,12.695451736450195,0.08957099914550781,0.07630058275555665,0.0009529683744284584,1,0
M2_popmass,medium,1,0.5,0.1,2,9.444831848144531,15.26011655111133,-0.0745382308959961,10.836793899536133,10.911332130432129,0.0745382308959961,0.07630058275555665,0.0009529683744284584,1,0
M0_balanced,medium,1,0.5,0.2,2,9.511218070983887,15.235056010929581,-0.07430553436279297,10.663429260253906,10.7377347946167,0.07430553436279297,0.07617528005464791,0.0009514033862346061,1,1
M1_margin,medium,1,0.5,0.2,2,9.511218070983887,15.235056010929581,-0.0892934799194336,12.605880737304688,12.695174217224121,0.0892934799194336,0.07617528005464791,0.0009514033862346061,1,1
M2_popmass,medium,1,0.5,0.2,2,9.511218070983887,15.235056010929581,-0.07413768768310547,10.836793899536133,10.910931587219238,0.07413768768310547,0.07617528005464791,0.0009514033862346061,1,1
M0_balanced,medium,1,0.5,0.4,2,9.506744384765625,15.216984170546608,-0.07440185546875,10.663429260253906,10.737831115722656,0.07440185546875,0.07608492085273304,0.0009502748304798049,1,2
M1_margin,medium,1,0.5,0.4,2,9.506744384765625,15.216984170546608,-0.0893564224243164,12.605880737304688,12.695237159729004,0.0893564224243164,0.07608492085273304,0.0009502748304798049,1,2
M2_popmass,medium,1,0.5,0.4,2,9.506744384765625,15.216984170546608,-0.0742349624633789,10.836793899536133,10.911028861999512,0.0742349624633789,0.07608492085273304,0.0009502748304798049,1,2
M0_balanced,medium,1,0.5,0.1,3,9.441926956176758,15.288243123826375,-0.07445526123046875,10.663429260253906,10.737884521484375,0.07445526123046875,0.07644121561913188,0.0009547248311493967,1,0
M1_margin,medium,1,0.5,0.1,3,9.441926956176758,15.288243123826375,-0.08969402313232422,12.605880737304688,12.695574760437012,0.08969402313232422,0.07644121561913188,0.0009547248311493967,1,0
M2_popmass,medium,1,0.5,0.1,3,9.441926956176758,15.288243123826375,-0.07430076599121094,10.836793899536133,10.911094665527344,0.07430076599121094,0.07644121561913188,0.0009547248311493967,1,0
M0_balanced,medium,1,0.5,0.2,3,9.441926956176758,15.288243123826375,-0.07445526123046875,10.663429260253906,10.737884521484375,0.07445526123046875,0.07644121561913188,0.0009547248311493967,1,0
M1_margin,medium,1,0.5,0.2,3,9.441926956176758,15.288243123826375,-0.08969402313232422,12.605880737304688,12.695574760437012,0.08969402313232422,0.07644121561913188,0.0009547248311493967,1,0
M2_popmass,medium,1,0.5,0.2,3,9.441926956176758,15.288243123826375,-0.07430076599121094,10.836793899536133,10.911094665527344,0.07430076599121094,0.07644121561913188,0.0009547248311493967,1,0
M0_balanced,medium,1,0.5,0.4,3,9.502256393432617,15.2381513029101,-0.07392120361328125,10.663429260253906,10.737350463867188,0.07392120361328125,0.07619075651455051,0.000951596681964503,1,1
M1_margin,medium,1,0.5,0.4,3,9.502256393432617,15.2381513029101,-0.08899974822998047,12.605880737304688,12.694880485534668,0.08899974822998047,0.07619075651455051,0.000951596681964503,1,1
M2_popmass,medium,1,0.5,0.4,3,9.502256393432617,15.2381513029101,-0.07376670837402344,10.836793899536133,10.910560607910156,0.07376670837402344,0.07619075651455051,0.000951596681964503,1,1
M0_balanced,medium,1,0.5,0.1,4,9.500005722045898,15.23741047338039,-0.07439231872558594,10.663429260253906,10.737821578979492,0.07439231872558594,0.07618705236690194,0.0009515504184179372,1,1
M1_margin,medium,1,0.5,0.1,4,9.500005722045898,15.23741047338039,-0.08937358856201172,12.605880737304688,12.6952543258667,0.08937358856201172,0.07618705236690194,0.0009515504184179372,1,1
M2_popmass,medium,1,0.5,0.1,4,9.500005722045898,15.23741047338039,-0.07422637939453125,10.836793899536133,10.911020278930664,0.07422637939453125,0.07618705236690194,0.0009515504184179372,1,1
M0_balanced,medium,1,0.5,0.2,4,9.500005722045898,15.23741047338039,-0.07439231872558594,10.663429260253906,10.737821578979492,0.07439231872558594,0.07618705236690194,0.0009515504184179372,1,1
M1_margin,medium,1,0.5,0.2,4,9.500005722045898,15.23741047338039,-0.08937358856201172,12.605880737304688,12.6952543258667,0.08937358856201172,0.07618705236690194,0.0009515504184179372,1,1
M2_popmass,medium,1,0.5,0.2,4,9.500005722045898,15.23741047338039,-0.07422637939453125,10.836793899536133,10.911020278930664,0.07422637939453125,0.07618705236690194,0.0009515504184179372,1,1
M0_balanced,medium,1,0.5,0.4,4,9.497685432434082,15.221803014660729,-0.07448101043701172,10.663429260253906,10.737910270690918,0.07448101043701172,0.07610901507330364,0.0009505757591146994,1,2
M1_margin,medium,1,0.5,0.4,4,9.497685432434082,15.221803014660729,-0.0894460678100586,12.605880737304688,12.695326805114746,0.0894460678100586,0.07610901507330364,0.0009505757591146994,1,2
M2_popmass,medium,1,0.5,0.4,4,9.497685432434082,15.221803014660729,-0.07431602478027344,10.836793899536133,10.911109924316406,0.07431602478027344,0.07610901507330364,0.0009505757591146994,1,2
M0_balanced,medium,2,0.5,0.1,0,8.968734741210938,15.158246823667124,0.011940956115722656,10.663429260253906,10.651488304138184,-0.011940956115722656,0.07579123411833562,0.0009466067828743686,1,0
M1_margin,medium,2,0.5,0.1,0,8.968734741210938,15.158246823667124,0.052371978759765625,12.605880737304688,12.553508758544922,-0.052371978759765625,0.07579123411833562,0.0009466067828743686,1,0
M2_popmass,medium,2,0.5,0.1,0,8.968734741210938,15.158246823667124,0.012690544128417969,10.836793899536133,10.824103355407715,-0.012690544128417969,0.07579123411833562,0.0009466067828743686,1,0
M0_balanced,medium,2,0.5,0.2,0,8.97774887084961,15.143858806982179,0.011907577514648438,10.663429260253906,10.651521682739258,-0.011907577514648438,0.0757192940349109,0.0009457082756561848,1,1
M1_margin,medium,2,0.5,0.2,0,8.97774887084961,15.143858806982179,0.05228137969970703,12.605880737304688,12.55359935760498,-0.05228137969970703,0.0757192940349109,0.0009457082756561848,1,1
M2_popmass,medium,2,0.5,0.2,0,8.97774887084961,15.143858806982179,0.012650489807128906,10.836793899536133,10.824143409729004,-0.012650489807128906,0.0757192940349109,0.0009457082756561848,1,1
M0_balanced,medium,2,0.5,0.4,0,8.98768424987793,15.13213525650946,0.01200103759765625,10.663429260253906,10.65142822265625,-0.01200103759765625,0.0756606762825473,0.0009449761598299983,1,2
M1_margin,medium,2,0.5,0.4,0,8.98768424987793,15.13213525650946,0.05253791809082031,12.605880737304688,12.553342819213867,-0.05253791809082031,0.0756606762825473,0.0009449761598299983,1,2
M2_popmass,medium,2,0.5,0.4,0,8.98768424987793,15.13213525650946,0.012746810913085938,10.836793899536133,10.824047088623047,-0.012746810913085938,0.0756606762825473,0.0009449761598299983,1,2
M0_balanced,medium,2,0.5,0.1,1,8.93369197845459,15.128876264557373,0.0113067626953125,10.663429260253906,10.652122497558594,-0.0113067626953125,0.07564438132278686,0.0009447726413147594,1,2
M1_margin,medium,2,0.5,0.1,1,8.93369197845459,15.128876264557373,0.050830841064453125,12.605880737304688,12.555049896240234,-0.050830841064453125,0.07564438132278686,0.0009447726413147594,1,2
M2_popmass,medium,2,0.5,0.1,1,8.93369197845459,15.128876264557373,0.012012481689453125,10.836793899536133,10.82478141784668,-0.012012481689453125,0.07564438132278686,0.0009447726413147594,1,2
M0_balanced,medium,2,0.5,0.2,1,8.93369197845459,15.128876264557373,0.0113067626953125,10.663429260253906,10.652122497558594,-0.0113067626953125,0.07564438132278686,0.0009447726413147594,1,2
M1_margin,medium,2,0.5,0.2,1,8.93369197845459,15.128876264557373,0.050830841064453125,12.605880737304688,12.555049896240234,-0.050830841064453125,0.07564438132278686,0.0009447726413147594,1,2
M2_popmass,medium,2,0.5,0.2,1,8.93369197845459,15.128876264557373,0.012012481689453125,10.836793899536133,10.82478141784668,-0.012012481689453125,0.07564438132278686,0.0009447726413147594,1,2
M0_balanced,medium,2,0.5,0.4,1,8.960891723632812,15.116261137967138,0.010883331298828125,10.663429260253906,10.652545928955078,-0.010883331298828125,0.07558130568983569,0.0009439848480734929,1,3
M1_margin,medium,2,0.5,0.4,1,8.960891723632812,15.116261137967138,0.04987907409667969,12.605880737304688,12.556001663208008,-0.04987907409667969,0.07558130568983569,0.0009439848480734929,1,3
M2_popmass,medium,2,0.5,0.4,1,8.960891723632812,15.116261137967138,0.01155853271484375,10.836793899536133,10.825235366821289,-0.01155853271484375,0.07558130568983569,0.0009439848480734929,1,3
M0_balanced,medium,2,0.5,0.1,2,8.969791412353516,15.157488979239462,0.011960983276367188,10.663429260253906,10.651468276977539,-0.011960983276367188,0.0757874448961973,0.000946559456776309,1,0
M1_margin,medium,2,0.5,0.1,2,8.969791412353516,15.157488979239462,0.052425384521484375,12.605880737304688,12.553455352783203,-0.052425384521484375,0.0757874448961973,0.000946559456776309,1,0
M2_popmass,medium,2,0.5,0.1,2,8.969791412353516,15.157488979239462,0.012711524963378906,10.836793899536133,10.824082374572754,-0.012711524963378906,0.0757874448961973,0.000946559456776309,1,0
M0_balanced,medium,2,0.5,0.2,2,8.986438751220703,15.133304038067662,0.011621475219726562,10.663429260253906,10.65180778503418,-0.011621475219726562,0.07566652019033832,0.0009450491482542907,1,1
M1_margin,medium,2,0.5,0.2,2,8.986438751220703,15.133304038067662,0.05176544189453125,12.605880737304688,12.554115295410156,-0.05176544189453125,0.07566652019033832,0.0009450491482542907,1,1
M2_popmass,medium,2,0.5,0.2,2,8.986438751220703,15.133304038067662,0.01235198974609375,10.836793899536133,10.824441909790039,-0.01235198974609375,0.07566652019033832,0.0009450491482542907,1,1
M0_balanced,medium,2,0.5,0.4,2,8.963848114013672,15.117337853902196,0.010866165161132812,10.663429260253906,10.652563095092773,-0.010866165161132812,0.07558668926951098,0.000944052087155902,1,3
M1_margin,medium,2,0.5,0.4,2,8.963848114013672,15.117337853902196,0.04986286163330078,12.605880737304688,12.556017875671387,-0.04986286163330078,0.07558668926951098,0.000944052087155902,1,3
M2_popmass,medium,2,0.5,0.4,2,8.963848114013672,15.117337853902196,0.011541366577148438,10.836793899536133,10.825252532958984,-0.011541366577148438,0.07558668926951098,0.000944052087155902,1,3
M0_balanced,medium,2,0.5,0.1,3,8.841497421264648,15.117121056688799,0.011663436889648438,10.663429260253906,10.651765823364258,-0.011663436889648438,0.07558560528344399,0.0009440385485379406,1,0
M1_margin,medium,2,0.5,0.1,3,8.841497421264648,15.117121056688799,0.05036163330078125,12.605880737304688,12.555519104003906,-0.05036163330078125,0.07558560528344399,0.0009440385485379406,1,0
M2_popmass,medium,2,0.5,0.1,3,8.841497421264648,15.117121056688799,0.012362480163574219,10.836793899536133,10.824431419372559,-0.012362480163574219,0.07558560528344399,0.0009440385485379406,1,0
M0_balanced,medium,2,0.5,0.2,3,8.872173309326172,15.104946083759826,0.0115814208984375,10.663429260253906,10.651847839355469,-0.0115814208984375,0.07552473041879913,0.000943278242145655,1,1
M1_margin,medium,2,0.5,0.2,3,8.872173309326172,15.104946083759826,0.05023002624511719,12.605880737304688,12.55565071105957,-0.05023002624511719,0.07552473041879913,0.000943278242145655,1,1
M2_popmass,medium,2,0.5,0.2,3,8.872173309326172,15.104946083759826,0.012272834777832031,10.836793899536133,10.8245210647583,-0.012272834777832031,0.07552473041879913,0.000943278242145655,1,1
M0_balanced,medium,2,0.5,0.4,3,8.853801727294922,15.109193964271027,0.011067390441894531,10.663429260253906,10.652361869812012,-0.011067390441894531,0.07554596982135514,0.0009435435150727632,1,2
M1_margin,medium,2,0.5,0.4,3,8.853801727294922,15.109193964271027,0.049132347106933594,12.605880737304688,12.556748390197754,-0.049132347106933594,0.07554596982135514,0.0009435435150727632,1,2
M2_popmass,medium,2,0.5,0.4,3,8.853801727294922,15.109193964271027,0.011733055114746094,10.836793899536133,10.825060844421387,-0.011733055114746094,0.07554596982135514,0.0009435435150727632,1,2
M0_balanced,medium,2,0.5,0.1,4,8.968975067138672,15.157008903362916,0.0119781494140625,10.663429260253906,10.651451110839844,-0.0119781494140625,0.07578504451681459,0.000946529476852752,1,0
M1_margin,medium,2,0.5,0.1,4,8.968975067138672,15.157008903362916,0.05244731903076172,12.605880737304688,12.553433418273926,-0.05244731903076172,0.07578504451681459,0.000946529476852752,1,0
M2_popmass,medium,2,0.5,0.1,4,8.968975067138672,15.157008903362916,0.012728691101074219,10.836793899536133,10.824065208435059,-0.012728691101074219,0.07578504451681459,0.000946529476852752,1,0
M0_balanced,medium,2,0.5,0.2,4,8.968975067138672,15.157008903362916,0.0119781494140625,10.663429260253906,10.651451110839844,-0.0119781494140625,0.07578504451681459,0.000946529476852752,1,0
M1_margin,medium,2,0.5,0.2,4,8.968975067138672,15.157008903362916,0.05244731903076172,12.605880737304688,12.553433418273926,-0.05244731903076172,0.07578504451681459,0.000946529476852752,1,0
M2_popmass,medium,2,0.5,0.2,4,8.968975067138672,15.157008903362916,0.012728691101074219,10.836793899536133,10.824065208435059,-0.012728691101074219,0.07578504451681459,0.000946529476852752,1,0
M0_balanced,medium,2,0.5,0.4,4,8.968975067138672,15.157008903362916,0.0119781494140625,10.663429260253906,10.651451110839844,-0.0119781494140625,0.07578504451681459,0.000946529476852752,1,0
M1_margin,medium,2,0.5,0.4,4,8.968975067138672,15.157008903362916,0.05244731903076172,12.605880737304688,12.553433418273926,-0.05244731903076172,0.07578504451681459,0.000946529476852752,1,0
M2_popmass,medium,2,0.5,0.4,4,8.968975067138672,15.157008903362916,0.012728691101074219,10.836793899536133,10.824065208435059,-0.012728691101074219,0.07578504451681459,0.000946529476852752,1,0
M0_balanced,medium,3,0.5,0.1,0,10.777534484863281,16.880052901245637,-0.1242818832397461,10.663429260253906,10.787711143493652,0.1242818832397461,0.08440026450622819,0.0010541306496374663,1,0
M1_margin,medium,3,0.5,0.1,0,10.777534484863281,16.880052901245637,-0.24730682373046875,12.605880737304688,12.853187561035156,0.24730682373046875,0.08440026450622819,0.0010541306496374663,1,0
M2_popmass,medium,3,0.5,0.1,0,10.777534484863281,16.880052901245637,-0.12327766418457031,10.836793899536133,10.960071563720703,0.12327766418457031,0.08440026450622819,0.0010541306496374663,1,0
M0_balanced,medium,3,0.5,0.2,0,10.777534484863281,16.880052901245637,-0.1242818832397461,10.663429260253906,10.787711143493652,0.1242818832397461,0.08440026450622819,0.0010541306496374663,1,0
M1_margin,medium,3,0.5,0.2,0,10.777534484863281,16.880052901245637,-0.24730682373046875,12.605880737304688,12.853187561035156,0.24730682373046875,0.08440026450622819,0.0010541306496374663,1,0
M2_popmass,medium,3,0.5,0.2,0,10.777534484863281,16.880052901245637,-0.12327766418457031,10.836793899536133,10.960071563720703,0.12327766418457031,0.08440026450622819,0.0010541306496374663,1,0
M0_balanced,medium,3,0.5,0.4,0,10.776949882507324,16.86573945564599,-0.12393760681152344,10.663429260253906,10.78736686706543,0.12393760681152344,0.08432869727822995,0.0010532367992569741,1,1
M1_margin,medium,3,0.5,0.4,0,10.776949882507324,16.86573945564599,-0.24680614471435547,12.605880737304688,12.852686882019043,0.24680614471435547,0.08432869727822995,0.0010532367992569741,1,1
M2_popmass,medium,3,0.5,0.4,0,10.776949882507324,16.86573945564599,-0.12293529510498047,10.836793899536133,10.959729194641113,0.12293529510498047,0.08432869727822995,0.0010532367992569741,1,1
M0_balanced,medium,3,0.5,0.1,1,10.782833099365234,16.880066116641053,-0.1242513656616211,10.663429260253906,10.787680625915527,0.1242513656616211,0.08440033058320527,0.0010541314749164768,1,0
M1_margin,medium,3,0.5,0.1,1,10.782833099365234,16.880066116641053,-0.24724388122558594,12.605880737304688,12.853124618530273,0.24724388122558594,0.08440033058320527,0.0010541314749164768,1,0
M2_popmass,medium,3,0.5,0.1,1,10.782833099365234,16.880066116641053,-0.1232461929321289,10.836793899536133,10.960040092468262,0.1232461929321289,0.08440033058320527,0.0010541314749164768,1,0
M0_balanced,medium,3,0.5,0.2,1,10.782833099365234,16.880066116641053,-0.1242513656616211,10.663429260253906,10.787680625915527,0.1242513656616211,0.08440033058320527,0.0010541314749164768,1,0
M1_margin,medium,3,0.5,0.2,1,10.782833099365234,16.880066116641053,-0.24724388122558594,12.605880737304688,12.853124618530273,0.24724388122558594,0.08440033058320527,0.0010541314749164768,1,0
M2_popmass,medium,3,0.5,0.2,1,10.782833099365234,16.880066116641053,-0.1232461929321289,10.836793899536133,10.960040092468262,0.1232461929321289,0.08440033058320527,0.0010541314749164768,1,0
M0_balanced,medium,3,0.5,0.4,1,10.782833099365234,16.880066116641053,-0.1242513656616211,10.663429260253906,10.787680625915527,0.1242513656616211,0.08440033058320527,0.0010541314749164768,1,0
M1_margin,medium,3,0.5,0.4,1,10.782833099365234,16.880066116641053,-0.24724388122558594,12.605880737304688,12.853124618530273,0.24724388122558594,0.08440033058320527,0.0010541314749164768,1,0
M2_popmass,medium,3,0.5,0.4,1,10.782833099365234,16.880066116641053,-0.1232461929321289,10.836793899536133,10.960040092468262,0.1232461929321289,0.08440033058320527,0.0010541314749164768,1,0
M0_balanced,medium,3,0.5,0.1,2,10.78048324584961,16.880259641699094,-0.1242666244506836,10.663429260253906,10.78769588470459,0.1242666244506836,0.08440129820849547,0.001054143560227841,1,0
M1_margin,medium,3,0.5,0.1,2,10.78048324584961,16.880259641699094,-0.247283935546875,12.605880737304688,12.853164672851562,0.247283935546875,0.08440129820849547,0.001054143560227841,1,0
M2_popmass,medium,3,0.5,0.1,2,10.78048324584961,16.880259641699094,-0.12326240539550781,10.836793899536133,10.96005630493164,0.12326240539550781,0.08440129820849547,0.001054143560227841,1,0
M0_balanced,medium,3,0.5,0.2,2,10.690519332885742,16.85013297608101,-0.12433815002441406,10.663429260253906,10.78776741027832,0.12433815002441406,0.08425066488040506,0.001052262201100284,1,1
M1_margin,medium,3,0.5,0.2,2,10.690519332885742,16.85013297608101,-0.2475414276123047,12.605880737304688,12.853422164916992,0.2475414276123047,0.08425066488040506,0.001052262201100284,1,1
M2_popmass,medium,3,0.5,0.2,2,10.690519332885742,16.85013297608101,-0.1233530044555664,10.836793899536133,10.9601469039917,0.1233530044555664,0.08425066488040506,0.001052262201100284,1,1
M0_balanced,medium,3,0.5,0.4,2,10.690519332885742,16.85013297608101,-0.12433815002441406,10.663429260253906,10.78776741027832,0.12433815002441406,0.08425066488040506,0.001052262201100284,1,1
M1_margin,medium,3,0.5,0.4,2,10.690519332885742,16.85013297608101,-0.2475414276123047,12.605880737304688,12.853422164916992,0.2475414276123047,0.08425066488040506,0.001052262201100284,1,1
M2_popmass,medium,3,0.5,0.4,2,10.690519332885742,16.85013297608101,-0.1233530044555664,10.836793899536133,10.9601469039917,0.1233530044555664,0.08425066488040506,0.001052262201100284,1,1
M0_balanced,medium,3,0.5,0.1,3,10.780717849731445,16.880374625574508,-0.12426185607910156,10.663429260253906,10.787691116333008,0.12426185607910156,0.08440187312787253,0.001054150740775674,1,0
M1_margin,medium,3,0.5,0.1,3,10.780717849731445,16.880374625574508,-0.24727439880371094,12.605880737304688,12.853155136108398,0.24727439880371094,0.08440187312787253,0.001054150740775674,1,0
M2_popmass,medium,3,0.5,0.1,3,10.780717849731445,16.880374625574508,-0.12325668334960938,10.836793899536133,10.960050582885742,0.12325668334960938,0.08440187312787253,0.001054150740775674,1,0
M0_balanced,medium,3,0.5,0.2,3,10.69183349609375,16.854129341712856,-0.12421989440917969,10.663429260253906,10.787649154663086,0.12421989440917969,0.08427064670856428,0.0010525117673501252,1,2
M1_margin,medium,3,0.5,0.2,3,10.69183349609375,16.854129341712856,-0.24742603302001953,12.605880737304688,12.853306770324707,0.24742603302001953,0.08427064670856428,0.0010525117673501252,1,2
M2_popmass,medium,3,0.5,0.2,3,10.69183349609375,16.854129341712856,-0.12323760986328125,10.836793899536133,10.960031509399414,0.12323760986328125,0.08427064670856428,0.0010525117673501252,1,2
M0_balanced,medium,3,0.5,0.4,3,10.69183349609375,16.854129341712856,-0.12421989440917969,10.663429260253906,10.787649154663086,0.12421989440917969,0.08427064670856428,0.0010525117673501252,1,2
M1_margin,medium,3,0.5,0.4,3,10.69183349609375,16.854129341712856,-0.24742603302001953,12.605880737304688,12.853306770324707,0.24742603302001953,0.08427064670856428,0.0010525117673501252,1,2
M2_popmass,medium,3,0.5,0.4,3,10.69183349609375,16.854129341712856,-0.12323760986328125,10.836793899536133,10.960031509399414,0.12323760986328125,0.08427064670856428,0.0010525117673501252,1,2
M0_balanced,medium,3,0.5,0.1,4,10.783956527709961,16.88101065752691,-0.12425613403320312,10.663429260253906,10.78768539428711,0.12425613403320312,0.08440505328763456,0.0010541904598914318,1,0
M1_margin,medium,3,0.5,0.1,4,10.783956527709961,16.88101065752691,-0.2472705841064453,12.605880737304688,12.853151321411133,0.2472705841064453,0.08440505328763456,0.0010541904598914318,1,0
M2_popmass,medium,3,0.5,0.1,4,10.783956527709961,16.88101065752691,-0.12325096130371094,10.836793899536133,10.960044860839844,0.12325096130371094,0.08440505328763456,0.0010541904598914318,1,0
M0_balanced,medium,3,0.5,0.2,4,10.783956527709961,16.88101065752691,-0.12425613403320312,10.663429260253906,10.78768539428711,0.12425613403320312,0.08440505328763456,0.0010541904598914318,1,0
M1_margin,medium,3,0.5,0.2,4,10.783956527709961,16.88101065752691,-0.2472705841064453,12.605880737304688,12.853151321411133,0.2472705841064453,0.08440505328763456,0.0010541904598914318,1,0
M2_popmass,medium,3,0.5,0.2,4,10.783956527709961,16.88101065752691,-0.12325096130371094,10.836793899536133,10.960044860839844,0.12325096130371094,0.08440505328763456,0.0010541904598914318,1,0
M0_balanced,medium,3,0.5,0.4,4,10.78299331665039,16.86682951158156,-0.12391471862792969,10.663429260253906,10.787343978881836,0.12391471862792969,0.0843341475579078,0.0010533048713997704,1,1
M1_margin,medium,3,0.5,0.4,4,10.78299331665039,16.86682951158156,-0.24677467346191406,12.605880737304688,12.852655410766602,0.24677467346191406,0.0843341475579078,0.0010533048713997704,1,1
M2_popmass,medium,3,0.5,0.4,4,10.78299331665039,16.86682951158156,-0.12291145324707031,10.836793899536133,10.959705352783203,0.12291145324707031,0.0843341475579078,0.0010533048713997704,1,1
M0_balanced,medium,4,0.6,0.1,0,7.76024866104126,15.892318420637217,-0.044579505920410156,10.663429260253906,10.708008766174316,0.044579505920410156,0.07946159210318608,0.0009924483080118516,1,2
M1_margin,medium,4,0.6,0.1,0,7.76024866104126,15.892318420637217,0.010049819946289062,12.605880737304688,12.595830917358398,-0.010049819946289062,0.07946159210318608,0.0009924483080118516,1,2
M2_popmass,medium,4,0.6,0.1,0,7.76024866104126,15.892318420637217,-0.044277191162109375,10.836793899536133,10.881071090698242,0.044277191162109375,0.07946159210318608,0.0009924483080118516,1,2
M0_balanced,medium,4,0.6,0.2,0,7.76024866104126,15.892318420637217,-0.044579505920410156,10.663429260253906,10.708008766174316,0.044579505920410156,0.07946159210318608,0.0009924483080118516,1,2
M1_margin,medium,4,0.6,0.2,0,7.76024866104126,15.892318420637217,0.010049819946289062,12.605880737304688,12.595830917358398,-0.010049819946289062,0.07946159210318608,0.0009924483080118516,1,2
M2_popmass,medium,4,0.6,0.2,0,7.76024866104126,15.892318420637217,-0.044277191162109375,10.836793899536133,10.881071090698242,0.044277191162109375,0.07946159210318608,0.0009924483080118516,1,2
M0_balanced,medium,4,0.6,0.4,0,7.76024866104126,15.892318420637217,-0.044579505920410156,10.663429260253906,10.708008766174316,0.044579505920410156,0.07946159210318608,0.0009924483080118516,1,2
M1_margin,medium,4,0.6,0.4,0,7.76024866104126,15.892318420637217,0.010049819946289062,12.605880737304688,12.595830917358398,-0.010049819946289062,0.07946159210318608,0.0009924483080118516,1,2
M2_popmass,medium,4,0.6,0.4,0,7.76024866104126,15.892318420637217,-0.044277191162109375,10.836793899536133,10.881071090698242,0.044277191162109375,0.07946159210318608,0.0009924483080118516,1,2
M0_balanced,medium,4,0.6,0.1,1,7.770693302154541,15.901314078717544,-0.04488372802734375,10.663429260253906,10.70831298828125,0.04488372802734375,0.07950657039358772,0.0009930100715887557,1,0
M1_margin,medium,4,0.6,0.1,1,7.770693302154541,15.901314078717544,0.009214401245117188,12.605880737304688,12.59666633605957,-0.009214401245117188,0.07950657039358772,0.0009930100715887557,1,0
M2_popmass,medium,4,0.6,0.1,1,7.770693302154541,15.901314078717544,-0.04459953308105469,10.836793899536133,10.881393432617188,0.04459953308105469,0.07950657039358772,0.0009930100715887557,1,0
M0_balanced,medium,4,0.6,0.2,1,7.770693302154541,15.901314078717544,-0.04488372802734375,10.663429260253906,10.70831298828125,0.04488372802734375,0.07950657039358772,0.0009930100715887557,1,0
M1_margin,medium,4,0.6,0.2,1,7.770693302154541,15.901314078717544,0.009214401245117188,12.605880737304688,12.59666633605957,-0.009214401245117188,0.07950657039358772,0.0009930100715887557,1,0
M2_popmass,medium,4,0.6,0.2,1,7.770693302154541,15.901314078717544,-0.04459953308105469,10.836793899536133,10.881393432617188,0.04459953308105469,0.07950657039358772,0.0009930100715887557,1,0
M0_balanced,medium,4,0.6,0.4,1,7.721503257751465,15.907130146502253,-0.0467681884765625,10.663429260253906,10.710197448730469,0.0467681884765625,0.07953565073251126,0.000993373275149082,1,2
M1_margin,medium,4,0.6,0.4,1,7.721503257751465,15.907130146502253,0.005580902099609375,12.605880737304688,12.600299835205078,-0.005580902099609375,0.07953565073251126,0.000993373275149082,1,2
M2_popmass,medium,4,0.6,0.4,1,7.721503257751465,15.907130146502253,-0.04653167724609375,10.836793899536133,10.883325576782227,0.04653167724609375,0.07953565073251126,0.000993373275149082,1,2
M0_balanced,medium,4,0.6,0.1,2,7.858925819396973,15.92812228872644,-0.044094085693359375,10.663429260253906,10.707523345947266,0.044094085693359375,0.0796406114436322,0.0009946841987966278,1,0
M1_margin,medium,4,0.6,0.1,2,7.858925819396973,15.92812228872644,0.011391639709472656,12.605880737304688,12.594489097595215,-0.011391639709472656,0.0796406114436322,0.0009946841987966278,1,0
M2_popmass,medium,4,0.6,0.1,2,7.858925819396973,15.92812228872644,-0.04376029968261719,10.836793899536133,10.88055419921875,0.04376029968261719,0.0796406114436322,0.0009946841987966278,1,0
M0_balanced,medium,4,0.6,0.2,2,7.858925819396973,15.92812228872644,-0.044094085693359375,10.663429260253906,10.707523345947266,0.044094085693359375,0.0796406114436322,0.0009946841987966278,1,0
M1_margin,medium,4,0.6,0.2,2,7.858925819396973,15.92812228872644,0.011391639709472656,12.605880737304688,12.594489097595215,-0.011391639709472656,0.0796406114436322,0.0009946841987966278,1,0
M2_popmass,medium,4,0.6,0.2,2,7.858925819396973,15.92812228872644,-0.04376029968261719,10.836793899536133,10.88055419921875,0.04376029968261719,0.0796406114436322,0.0009946841987966278,1,0
M0_balanced,medium,4,0.6,0.4,2,7.858925819396973,15.92812228872644,-0.044094085693359375,10.663429260253906,10.707523345947266,0.044094085693359375,0.0796406114436322,0.0009946841987966278,1,0
M1_margin,medium,4,0.6,0.4,2,7.858925819396973,15.92812228872644,0.011391639709472656,12.605880737304688,12.594489097595215,-0.011391639709472656,0.0796406114436322,0.0009946841987966278,1,0
M2_popmass,medium,4,0.6,0.4,2,7.858925819396973,15.92812228872644,-0.04376029968261719,10.836793899536133,10.88055419921875,0.04376029968261719,0.0796406114436322,0.0009946841987966278,1,0
M0_balanced,medium,4,0.6,0.1,3,7.856611251831055,15.929383132825778,-0.044135093688964844,10.663429260253906,10.707564353942871,0.044135093688964844,0.07964691566412889,0.000994762936370337,1,0
M1_margin,medium,4,0.6,0.1,3,7.856611251831055,15.929383132825778,0.011322975158691406,12.605880737304688,12.594557762145996,-0.011322975158691406,0.07964691566412889,0.000994762936370337,1,0
M2_popmass,medium,4,0.6,0.1,3,7.856611251831055,15.929383132825778,-0.04380226135253906,10.836793899536133,10.880596160888672,0.04380226135253906,0.07964691566412889,0.000994762936370337,1,0
M0_balanced,medium,4,0.6,0.2,3,7.856611251831055,15.929383132825778,-0.044135093688964844,10.663429260253906,10.707564353942871,0.044135093688964844,0.07964691566412889,0.000994762936370337,1,0
M1_margin,medium,4,0.6,0.2,3,7.856611251831055,15.929383132825778,0.011322975158691406,12.605880737304688,12.594557762145996,-0.011322975158691406,0.07964691566412889,0.000994762936370337,1,0
M2_popmass,medium,4,0.6,0.2,3,7.856611251831055,15.929383132825778,-0.04380226135253906,10.836793899536133,10.880596160888672,0.04380226135253906,0.07964691566412889,0.000994762936370337,1,0
M0_balanced,medium,4,0.6,0.4,3,7.856611251831055,15.929383132825778,-0.044135093688964844,10.663429260253906,10.707564353942871,0.044135093688964844,0.07964691566412889,0.000994762936370337,1,0
M1_margin,medium,4,0.6,0.4,3,7.856611251831055,15.929383132825778,0.011322975158691406,12.605880737304688,12.594557762145996,-0.011322975158691406,0.07964691566412889,0.000994762936370337,1,0
M2_popmass,medium,4,0.6,0.4,3,7.856611251831055,15.929383132825778,-0.04380226135253906,10.836793899536133,10.880596160888672,0.04380226135253906,0.07964691566412889,0.000994762936370337,1,0
M0_balanced,medium,4,0.6,0.1,4,7.858224868774414,15.928585783354595,-0.04409599304199219,10.663429260253906,10.707525253295898,0.04409599304199219,0.07964292891677298,0.0009947131432493698,1,0
M1_margin,medium,4,0.6,0.1,4,7.858224868774414,15.928585783354595,0.011387825012207031,12.605880737304688,12.59449291229248,-0.011387825012207031,0.07964292891677298,0.0009947131432493698,1,0
M2_popmass,medium,4,0.6,0.1,4,7.858224868774414,15.928585783354595,-0.04376220703125,10.836793899536133,10.880556106567383,0.04376220703125,0.07964292891677298,0.0009947131432493698,1,0
M0_balanced,medium,4,0.6,0.2,4,7.858224868774414,15.928585783354595,-0.04409599304199219,10.663429260253906,10.707525253295898,0.04409599304199219,0.07964292891677298,0.0009947131432493698,1,0
M1_margin,medium,4,0.6,0.2,4,7.858224868774414,15.928585783354595,0.011387825012207031,12.605880737304688,12.59449291229248,-0.011387825012207031,0.07964292891677298,0.0009947131432493698,1,0
M2_popmass,medium,4,0.6,0.2,4,7.858224868774414,15.928585783354595,-0.04376220703125,10.836793899536133,10.880556106567383,0.04376220703125,0.07964292891677298,0.0009947131432493698,1,0
M0_balanced,medium,4,0.6,0.4,4,7.8368754386901855,15.940639217813967,-0.044586181640625,10.663429260253906,10.708015441894531,0.044586181640625,0.07970319608906984,0.0009954658597705415,1,1
M1_margin,medium,4,0.6,0.4,4,7.8368754386901855,15.940639217813967,0.010596275329589844,12.605880737304688,12.595284461975098,-0.010596275329589844,0.07970319608906984,0.0009954658597705415,1,1
M2_popmass,medium,4,0.6,0.4,4,7.8368754386901855,15.940639217813967,-0.04426002502441406,10.836793899536133,10.881053924560547,0.04426002502441406,0.07970319608906984,0.0009954658597705415,1,1
M0_balanced,medium,5,0.5,0.1,0,8.453893661499023,16.75439338021036,0.009099960327148438,10.663429260253906,10.654329299926758,-0.009099960327148438,0.0837719669010518,0.001046283425857008,1,2
M1_margin,medium,5,0.5,0.1,0,8.453893661499023,16.75439338021036,0.07117462158203125,12.605880737304688,12.534706115722656,-0.07117462158203125,0.0837719669010518,0.001046283425857008,1,2
M2_popmass,medium,5,0.5,0.1,0,8.453893661499023,16.75439338021036,0.009831428527832031,10.836793899536133,10.8269624710083,-0.009831428527832031,0.0837719669010518,0.001046283425857008,1,2
M0_balanced,medium,5,0.5,0.2,0,8.453893661499023,16.75439338021036,0.009099960327148438,10.663429260253906,10.654329299926758,-0.009099960327148438,0.0837719669010518,0.001046283425857008,1,2
M1_margin,medium,5,0.5,0.2,0,8.453893661499023,16.75439338021036,0.07117462158203125,12.605880737304688,12.534706115722656,-0.07117462158203125,0.0837719669010518,0.001046283425857008,1,2
M2_popmass,medium,5,0.5,0.2,0,8.453893661499023,16.75439338021036,0.009831428527832031,10.836793899536133,10.8269624710083,-0.009831428527832031,0.0837719669010518,0.001046283425857008,1,2
M0_balanced,medium,5,0.5,0.4,0,8.453893661499023,16.75439338021036,0.009099960327148438,10.663429260253906,10.654329299926758,-0.009099960327148438,0.0837719669010518,0.001046283425857008,1,2
M1_margin,medium,5,0.5,0.4,0,8.453893661499023,16.75439338021036,0.07117462158203125,12.605880737304688,12.534706115722656,-0.07117462158203125,0.0837719669010518,0.001046283425857008,1,2
M2_popmass,medium,5,0.5,0.4,0,8.453893661499023,16.75439338021036,0.009831428527832031,10.836793899536133,10.8269624710083,-0.009831428527832031,0.0837719669010518,0.001046283425857008,1,2
M0_balanced,medium,5,0.5,0.1,1,8.405562400817871,16.760297473836527,0.00849151611328125,10.663429260253906,10.654937744140625,-0.00849151611328125,0.08380148736918264,0.0010466521264817087,1,1
M1_margin,medium,5,0.5,0.1,1,8.405562400817871,16.760297473836527,0.0695199966430664,12.605880737304688,12.536360740661621,-0.0695199966430664,0.08380148736918264,0.0010466521264817087,1,1
M2_popmass,medium,5,0.5,0.1,1,8.405562400817871,16.760297473836527,0.009199142456054688,10.836793899536133,10.827594757080078,-0.009199142456054688,0.08380148736918264,0.0010466521264817087,1,1
M0_balanced,medium,5,0.5,0.2,1,8.428802490234375,16.7245028836103,0.008933067321777344,10.663429260253906,10.654496192932129,-0.008933067321777344,0.08362251441805149,0.0010444168150837276,1,2
M1_margin,medium,5,0.5,0.2,1,8.428802490234375,16.7245028836103,0.070953369140625,12.605880737304688,12.534927368164062,-0.070953369140625,0.08362251441805149,0.0010444168150837276,1,2
M2_popmass,medium,5,0.5,0.2,1,8.428802490234375,16.7245028836103,0.009657859802246094,10.836793899536133,10.827136039733887,-0.009657859802246094,0.08362251441805149,0.0010444168150837276,1,2
M0_balanced,medium,5,0.5,0.4,1,8.470030784606934,16.750189127797224,0.009079933166503906,10.663429260253906,10.654349327087402,-0.009079933166503906,0.08375094563898612,0.0010460208774305648,1,3
M1_margin,medium,5,0.5,0.4,1,8.470030784606934,16.750189127797224,0.07115554809570312,12.605880737304688,12.534725189208984,-0.07115554809570312,0.08375094563898612,0.0010460208774305648,1,3
M2_popmass,medium,5,0.5,0.4,1,8.470030784606934,16.750189127797224,0.009804725646972656,10.836793899536133,10.82698917388916,-0.009804725646972656,0.08375094563898612,0.0010460208774305648,1,3
M0_balanced,medium,5,0.5,0.1,2,8.363821029663086,16.730985804333297,0.008897781372070312,10.663429260253906,10.654531478881836,-0.008897781372070312,0.08365492902166649,0.0010448216624780612,1,1
M1_margin,medium,5,0.5,0.1,2,8.363821029663086,16.730985804333297,0.07088279724121094,12.605880737304688,12.534997940063477,-0.07088279724121094,0.08365492902166649,0.0010448216624780612,1,1
M2_popmass,medium,5,0.5,0.1,2,8.363821029663086,16.730985804333297,0.009623527526855469,10.836793899536133,10.827170372009277,-0.009623527526855469,0.08365492902166649,0.0010448216624780612,1,1
M0_balanced,medium,5,0.5,0.2,2,8.363821029663086,16.730985804333297,0.008897781372070312,10.663429260253906,10.654531478881836,-0.008897781372070312,0.08365492902166649,0.0010448216624780612,1,1
M1_margin,medium,5,0.5,0.2,2,8.363821029663086,16.730985804333297,0.07088279724121094,12.605880737304688,12.534997940063477,-0.07088279724121094,0.08365492902166649,0.0010448216624780612,1,1
M2_popmass,medium,5,0.5,0.2,2,8.363821029663086,16.730985804333297,0.009623527526855469,10.836793899536133,10.827170372009277,-0.009623527526855469,0.08365492902166649,0.0010448216624780612,1,1
M0_balanced,medium,5,0.5,0.4,2,8.492366790771484,16.7569469048967,0.009171485900878906,10.663429260253906,10.654257774353027,-0.009171485900878906,0.08378473452448351,0.0010464428891390383,1,3
M1_margin,medium,5,0.5,0.4,2,8.492366790771484,16.7569469048967,0.07115840911865234,12.605880737304688,12.534722328186035,-0.07115840911865234,0.08378473452448351,0.0010464428891390383,1,3
M2_popmass,medium,5,0.5,0.4,2,8.492366790771484,16.7569469048967,0.009897232055664062,10.836793899536133,10.826896667480469,-0.009897232055664062,0.08378473452448351,0.0010464428891390383,1,3
M0_balanced,medium,5,0.5,0.1,3,8.357840538024902,16.7592427790532,0.008571624755859375,10.663429260253906,10.654857635498047,-0.008571624755859375,0.083796213895266,0.001046586262582844,1,0
M1_margin,medium,5,0.5,0.1,3,8.357840538024902,16.7592427790532,0.06967353820800781,12.605880737304688,12.53620719909668,-0.06967353820800781,0.083796213895266,0.001046586262582844,1,0
M2_popmass,medium,5,0.5,0.1,3,8.357840538024902,16.7592427790532,0.009287834167480469,10.836793899536133,10.827506065368652,-0.009287834167480469,0.083796213895266,0.001046586262582844,1,0
M0_balanced,medium,5,0.5,0.2,3,8.357840538024902,16.7592427790532,0.008571624755859375,10.663429260253906,10.654857635498047,-0.008571624755859375,0.083796213895266,0.001046586262582844,1,0
M1_margin,medium,5,0.5,0.2,3,8.357840538024902,16.7592427790532,0.06967353820800781,12.605880737304688,12.53620719909668,-0.06967353820800781,0.083796213895266,0.001046586262582844,1,0
M2_popmass,medium,5,0.5,0.2,3,8.357840538024902,16.7592427790532,0.009287834167480469,10.836793899536133,10.827506065368652,-0.009287834167480469,0.083796213895266,0.001046586262582844,1,0
M0_balanced,medium,5,0.5,0.4,3,8.454477310180664,16.754370397512048,0.009111404418945312,10.663429260253906,10.654317855834961,-0.009111404418945312,0.08377185198756024,0.0010462819906265116,1,2
M1_margin,medium,5,0.5,0.4,3,8.454477310180664,16.754370397512048,0.07120418548583984,12.605880737304688,12.534676551818848,-0.07120418548583984,0.08377185198756024,0.0010462819906265116,1,2
M2_popmass,medium,5,0.5,0.4,3,8.454477310180664,16.754370397512048,0.009843826293945312,10.836793899536133,10.826950073242188,-0.009843826293945312,0.08377185198756024,0.0010462819906265116,1,2
M0_balanced,medium,5,0.5,0.1,4,8.359793663024902,16.760210238565598,0.008564949035644531,10.663429260253906,10.654864311218262,-0.008564949035644531,0.08380105119282799,0.0010466466787871218,1,0
M1_margin,medium,5,0.5,0.1,4,8.359793663024902,16.760210238565598,0.0696573257446289,12.605880737304688,12.536223411560059,-0.0696573257446289,0.08380105119282799,0.0010466466787871218,1,0
M2_popmass,medium,5,0.5,0.1,4,8.359793663024902,16.760210238565598,0.009280204772949219,10.836793899536133,10.827513694763184,-0.009280204772949219,0.08380105119282799,0.0010466466787871218,1,0
M0_balanced,medium,5,0.5,0.2,4,8.359793663024902,16.760210238565598,0.008564949035644531,10.663429260253906,10.654864311218262,-0.008564949035644531,0.08380105119282799,0.0010466466787871218,1,0
M1_margin,medium,5,0.5,0.2,4,8.359793663024902,16.760210238565598,0.0696573257446289,12.605880737304688,12.536223411560059,-0.0696573257446289,0.08380105119282799,0.0010466466787871218,1,0
M2_popmass,medium,5,0.5,0.2,4,8.359793663024902,16.760210238565598,0.009280204772949219,10.836793899536133,10.827513694763184,-0.009280204772949219,0.08380105119282799,0.0010466466787871218,1,0
M0_balanced,medium,5,0.5,0.4,4,8.47134017944336,16.75100406966616,0.008562088012695312,10.663429260253906,10.654867172241211,-0.008562088012695312,0.0837550203483308,0.0010460717691669085,1,3
M1_margin,medium,5,0.5,0.4,4,8.47134017944336,16.75100406966616,0.06972885131835938,12.605880737304688,12.536151885986328,-0.06972885131835938,0.0837550203483308,0.0010460717691669085,1,3
M2_popmass,medium,5,0.5,0.4,4,8.47134017944336,16.75100406966616,0.009261131286621094,10.836793899536133,10.827532768249512,-0.009261131286621094,0.0837550203483308,0.0010460717691669085,1,3
M0_balanced,medium,6,0.5,0.1,0,10.484582901000977,19.13559517689984,-0.006145477294921875,10.663429260253906,10.669574737548828,0.006145477294921875,0.09567797588449921,0.001194985435948277,1,0
M1_margin,medium,6,0.5,0.1,0,10.484582901000977,19.13559517689984,0.05926513671875,12.605880737304688,12.546615600585938,-0.05926513671875,0.09567797588449921,0.001194985435948277,1,0
M2_popmass,medium,6,0.5,0.1,0,10.484582901000977,19.13559517689984,-0.005713462829589844,10.836793899536133,10.842507362365723,0.005713462829589844,0.09567797588449921,0.001194985435948277,1,0
M0_balanced,medium,6,0.5,0.2,0,10.474691390991211,19.171104154427216,-0.006008148193359375,10.663429260253906,10.669437408447266,0.006008148193359375,0.09585552077213608,0.001197202911318045,1,2
M1_margin,medium,6,0.5,0.2,0,10.474691390991211,19.171104154427216,0.059760093688964844,12.605880737304688,12.546120643615723,-0.059760093688964844,0.09585552077213608,0.001197202911318045,1,2
M2_popmass,medium,6,0.5,0.2,0,10.474691390991211,19.171104154427216,-0.0055694580078125,10.836793899536133,10.842363357543945,0.0055694580078125,0.09585552077213608,0.001197202911318045,1,2
M0_balanced,medium,6,0.5,0.4,0,10.48337173461914,19.18610090199244,-0.006092071533203125,10.663429260253906,10.66952133178711,0.006092071533203125,0.0959305045099622,0.001198139432746376,1,3
M1_margin,medium,6,0.5,0.4,0,10.48337173461914,19.18610090199244,0.059566497802734375,12.605880737304688,12.546314239501953,-0.059566497802734375,0.0959305045099622,0.001198139432746376,1,3
M2_popmass,medium,6,0.5,0.4,0,10.48337173461914,19.18610090199244,-0.0056591033935546875,10.836793899536133,10.842453002929688,0.0056591033935546875,0.0959305045099622,0.001198139432746376,1,3
M0_balanced,medium,6,0.5,0.1,1,10.48678207397461,19.13545284909268,-0.006146430969238281,10.663429260253906,10.669575691223145,0.006146430969238281,0.0956772642454634,0.0011949765478183225,1,0
M1_margin,medium,6,0.5,0.1,1,10.48678207397461,19.13545284909268,0.05926513671875,12.605880737304688,12.546615600585938,-0.05926513671875,0.0956772642454634,0.0011949765478183225,1,0
M2_popmass,medium,6,0.5,0.1,1,10.48678207397461,19.13545284909268,-0.00571441650390625,10.836793899536133,10.842508316040039,0.00571441650390625,0.0956772642454634,0.0011949765478183225,1,0
M0_balanced,medium,6,0.5,0.2,1,10.48678207397461,19.13545284909268,-0.006146430969238281,10.663429260253906,10.669575691223145,0.006146430969238281,0.0956772642454634,0.0011949765478183225,1,0
M1_margin,medium,6,0.5,0.2,1,10.48678207397461,19.13545284909268,0.05926513671875,12.605880737304688,12.546615600585938,-0.05926513671875,0.0956772642454634,0.0011949765478183225,1,0
M2_popmass,medium,6,0.5,0.2,1,10.48678207397461,19.13545284909268,-0.00571441650390625,10.836793899536133,10.842508316040039,0.00571441650390625,0.0956772642454634,0.0011949765478183225,1,0
M0_balanced,medium,6,0.5,0.4,1,10.544842720031738,19.191515324650183,-0.005805015563964844,10.663429260253906,10.669234275817871,0.005805015563964844,0.09595757662325091,0.0011984775542503198,1,2
M1_margin,medium,6,0.5,0.4,1,10.544842720031738,19.191515324650183,0.06020545959472656,12.605880737304688,12.545675277709961,-0.06020545959472656,0.09595757662325091,0.0011984775542503198,1,2
M2_popmass,medium,6,0.5,0.4,1,10.544842720031738,19.191515324650183,-0.0053577423095703125,10.836793899536133,10.842151641845703,0.0053577423095703125,0.09595757662325091,0.0011984775542503198,1,2
M0_balanced,medium,6,0.5,0.1,2,10.48243522644043,19.126654613243826,-0.005523681640625,10.663429260253906,10.668952941894531,0.005523681640625,0.09563327306621913,0.001194427112924648,1,0
M1_margin,medium,6,0.5,0.1,2,10.48243522644043,19.126654613243826,0.06003093719482422,12.605880737304688,12.545849800109863,-0.06003093719482422,0.09563327306621913,0.001194427112924648,1,0
M2_popmass,medium,6,0.5,0.1,2,10.48243522644043,19.126654613243826,-0.005095481872558594,10.836793899536133,10.841889381408691,0.005095481872558594,0.09563327306621913,0.001194427112924648,1,0
M0_balanced,medium,6,0.5,0.2,2,10.48243522644043,19.126654613243826,-0.005523681640625,10.663429260253906,10.668952941894531,0.005523681640625,0.09563327306621913,0.001194427112924648,1,0
M1_margin,medium,6,0.5,0.2,2,10.48243522644043,19.126654613243826,0.06003093719482422,12.605880737304688,12.545849800109863,-0.06003093719482422,0.09563327306621913,0.001194427112924648,1,0
M2_popmass,medium,6,0.5,0.2,2,10.48243522644043,19.126654613243826,-0.005095481872558594,10.836793899536133,10.841889381408691,0.005095481872558594,0.09563327306621913,0.001194427112924648,1,0
M0_balanced,medium,6,0.5,0.4,2,10.534611701965332,19.144975216203473,-0.0058231353759765625,10.663429260253906,10.669252395629883,0.0058231353759765625,0.09572487608101737,0.0011955712034800857,1,2
M1_margin,medium,6,0.5,0.4,2,10.534611701965332,19.144975216203473,0.05969047546386719,12.605880737304688,12.54619026184082,-0.05969047546386719,0.09572487608101737,0.0011955712034800857,1,2
M2_popmass,medium,6,0.5,0.4,2,10.534611701965332,19.144975216203473,-0.005398750305175781,10.836793899536133,10.842192649841309,0.005398750305175781,0.09572487608101737,0.0011955712034800857,1,2
M0_balanced,medium,6,0.5,0.1,3,10.487056732177734,19.134897033685576,-0.0061664581298828125,10.663429260253906,10.669595718383789,0.0061664581298828125,0.09567448516842789,0.0011949418380896508,1,0
M1_margin,medium,6,0.5,0.1,3,10.487056732177734,19.134897033685576,0.05921745300292969,12.605880737304688,12.546663284301758,-0.05921745300292969,0.09567448516842789,0.0011949418380896508,1,0
M2_popmass,medium,6,0.5,0.1,3,10.487056732177734,19.134897033685576,-0.0057353973388671875,10.836793899536133,10.842529296875,0.0057353973388671875,0.09567448516842789,0.0011949418380896508,1,0
M0_balanced,medium,6,0.5,0.2,3,10.477579116821289,19.149951198820897,-0.0058917999267578125,10.663429260253906,10.669321060180664,0.0058917999267578125,0.09574975599410449,0.0011958819451477675,1,1
M1_margin,medium,6,0.5,0.2,3,10.477579116821289,19.149951198820897,0.059950828552246094,12.605880737304688,12.545929908752441,-0.059950828552246094,0.09574975599410449,0.0011958819451477675,1,1
M2_popmass,medium,6,0.5,0.2,3,10.477579116821289,19.149951198820897,-0.005450248718261719,10.836793899536133,10.842244148254395,0.005450248718261719,0.09574975599410449,0.0011958819451477675,1,1
M0_balanced,medium,6,0.5,0.4,3,10.586936950683594,19.12554510895644,-0.0061626434326171875,10.663429260253906,10.669591903686523,0.0061626434326171875,0.0956277255447822,0.0011943578262652945,1,2
M1_margin,medium,6,0.5,0.4,3,10.586936950683594,19.12554510895644,0.05939769744873047,12.605880737304688,12.546483039855957,-0.05939769744873047,0.0956277255447822,0.0011943578262652945,1,2
M2_popmass,medium,6,0.5,0.4,3,10.586936950683594,19.12554510895644,-0.005726814270019531,10.836793899536133,10.842520713806152,0.005726814270019531,0.0956277255447822,0.0011943578262652945,1,2
M0_balanced,medium,6,0.5,0.1,4,10.480363845825195,19.126981033960046,-0.0055217742919921875,10.663429260253906,10.668951034545898,0.0055217742919921875,0.09563490516980024,0.0011944474973442738,1,0
M1_margin,medium,6,0.5,0.1,4,10.480363845825195,19.126981033960046,0.060036659240722656,12.605880737304688,12.545844078063965,-0.060036659240722656,0.09563490516980024,0.0011944474973442738,1,0
M2_popmass,medium,6,0.5,0.1,4,10.480363845825195,19.126981033960046,-0.005093574523925781,10.836793899536133,10.841887474060059,0.005093574523925781,0.09563490516980024,0.0011944474973442738,1,0
M0_balanced,medium,6,0.5,0.2,4,10.467144966125488,19.151283762688056,-0.005385398864746094,10.663429260253906,10.668814659118652,0.005385398864746094,0.09575641881344028,0.0011959651614992322,1,1
M1_margin,medium,6,0.5,0.2,4,10.467144966125488,19.151283762688056,0.06049823760986328,12.605880737304688,12.545382499694824,-0.06049823760986328,0.09575641881344028,0.0011959651614992322,1,1
M2_popmass,medium,6,0.5,0.2,4,10.467144966125488,19.151283762688056,-0.004950523376464844,10.836793899536133,10.841744422912598,0.004950523376464844,0.09575641881344028,0.0011959651614992322,1,1
M0_balanced,medium,6,0.5,0.4,4,10.467144966125488,19.151283762688056,-0.005385398864746094,10.663429260253906,10.668814659118652,0.005385398864746094,0.09575641881344028,0.0011959651614992322,1,1
M1_margin,medium,6,0.5,0.4,4,10.467144966125488,19.151283762688056,0.06049823760986328,12.605880737304688,12.545382499694824,-0.06049823760986328,0.09575641881344028,0.0011959651614992322,1,1
M2_popmass,medium,6,0.5,0.4,4,10.467144966125488,19.151283762688056,-0.004950523376464844,10.836793899536133,10.841744422912598,0.004950523376464844,0.09575641881344028,0.0011959651614992322,1,1
M0_balanced,medium,7,0.6,0.1,0,9.399147987365723,15.819910842384337,-0.012409210205078125,10.663429260253906,10.675838470458984,0.012409210205078125,0.07909955421192169,0.0009879265776624906,1,0
M1_margin,medium,7,0.6,0.1,0,9.399147987365723,15.819910842384337,-0.010716438293457031,12.605880737304688,12.616597175598145,0.010716438293457031,0.07909955421192169,0.0009879265776624906,1,0
M2_popmass,medium,7,0.6,0.1,0,9.399147987365723,15.819910842384337,-0.011686325073242188,10.836793899536133,10.848480224609375,0.011686325073242188,0.07909955421192169,0.0009879265776624906,1,0
M0_balanced,medium,7,0.6,0.2,0,9.399147987365723,15.819910842384337,-0.012409210205078125,10.663429260253906,10.675838470458984,0.012409210205078125,0.07909955421192169,0.0009879265776624906,1,0
M1_margin,medium,7,0.6,0.2,0,9.399147987365723,15.819910842384337,-0.010716438293457031,12.605880737304688,12.616597175598145,0.010716438293457031,0.07909955421192169,0.0009879265776624906,1,0
M2_popmass,medium,7,0.6,0.2,0,9.399147987365723,15.819910842384337,-0.011686325073242188,10.836793899536133,10.848480224609375,0.011686325073242188,0.07909955421192169,0.0009879265776624906,1,0
M0_balanced,medium,7,0.6,0.4,0,9.399147987365723,15.819910842384337,-0.012409210205078125,10.663429260253906,10.675838470458984,0.012409210205078125,0.07909955421192169,0.0009879265776624906,1,0
M1_margin,medium,7,0.6,0.4,0,9.399147987365723,15.819910842384337,-0.010716438293457031,12.605880737304688,12.616597175598145,0.010716438293457031,0.07909955421192169,0.0009879265776624906,1,0
M2_popmass,medium,7,0.6,0.4,0,9.399147987365723,15.819910842384337,-0.011686325073242188,10.836793899536133,10.848480224609375,0.011686325073242188,0.07909955421192169,0.0009879265776624906,1,0
M0_balanced,medium,7,0.6,0.1,1,9.397345542907715,15.820472429811334,-0.012416839599609375,10.663429260253906,10.675846099853516,0.012416839599609375,0.07910236214905667,0.0009879616478440066,1,0
M1_margin,medium,7,0.6,0.1,1,9.397345542907715,15.820472429811334,-0.010718345642089844,12.605880737304688,12.616599082946777,0.010718345642089844,0.07910236214905667,0.0009879616478440066,1,0
M2_popmass,medium,7,0.6,0.1,1,9.397345542907715,15.820472429811334,-0.011693954467773438,10.836793899536133,10.848487854003906,0.011693954467773438,0.07910236214905667,0.0009879616478440066,1,0
M0_balanced,medium,7,0.6,0.2,1,9.397345542907715,15.820472429811334,-0.012416839599609375,10.663429260253906,10.675846099853516,0.012416839599609375,0.07910236214905667,0.0009879616478440066,1,0
M1_margin,medium,7,0.6,0.2,1,9.397345542907715,15.820472429811334,-0.010718345642089844,12.605880737304688,12.616599082946777,0.010718345642089844,0.07910236214905667,0.0009879616478440066,1,0
M2_popmass,medium,7,0.6,0.2,1,9.397345542907715,15.820472429811334,-0.011693954467773438,10.836793899536133,10.848487854003906,0.011693954467773438,0.07910236214905667,0.0009879616478440066,1,0
M0_balanced,medium,7,0.6,0.4,1,9.397345542907715,15.820472429811334,-0.012416839599609375,10.663429260253906,10.675846099853516,0.012416839599609375,0.07910236214905667,0.0009879616478440066,1,0
M1_margin,medium,7,0.6,0.4,1,9.397345542907715,15.820472429811334,-0.010718345642089844,12.605880737304688,12.616599082946777,0.010718345642089844,0.07910236214905667,0.0009879616478440066,1,0
M2_popmass,medium,7,0.6,0.4,1,9.397345542907715,15.820472429811334,-0.011693954467773438,10.836793899536133,10.848487854003906,0.011693954467773438,0.07910236214905667,0.0009879616478440066,1,0
M0_balanced,medium,7,0.6,0.1,2,9.296121597290039,15.809436465571686,-0.012439727783203125,10.663429260253906,10.67586898803711,0.012439727783203125,0.07904718232785843,0.0009872724706108916,1,1
M1_margin,medium,7,0.6,0.1,2,9.296121597290039,15.809436465571686,-0.011284828186035156,12.605880737304688,12.617165565490723,0.011284828186035156,0.07904718232785843,0.0009872724706108916,1,1
M2_popmass,medium,7,0.6,0.1,2,9.296121597290039,15.809436465571686,-0.011734962463378906,10.836793899536133,10.848528861999512,0.011734962463378906,0.07904718232785843,0.0009872724706108916,1,1
M0_balanced,medium,7,0.6,0.2,2,9.296121597290039,15.809436465571686,-0.012439727783203125,10.663429260253906,10.67586898803711,0.012439727783203125,0.07904718232785843,0.0009872724706108916,1,1
M1_margin,medium,7,0.6,0.2,2,9.296121597290039,15.809436465571686,-0.011284828186035156,12.605880737304688,12.617165565490723,0.011284828186035156,0.07904718232785843,0.0009872724706108916,1,1
M2_popmass,medium,7,0.6,0.2,2,9.296121597290039,15.809436465571686,-0.011734962463378906,10.836793899536133,10.848528861999512,0.011734962463378906,0.07904718232785843,0.0009872724706108916,1,1
M0_balanced,medium,7,0.6,0.4,2,9.296121597290039,15.809436465571686,-0.012439727783203125,10.663429260253906,10.67586898803711,0.012439727783203125,0.07904718232785843,0.0009872724706108916,1,1
M1_margin,medium,7,0.6,0.4,2,9.296121597290039,15.809436465571686,-0.011284828186035156,12.605880737304688,12.617165565490723,0.011284828186035156,0.07904718232785843,0.0009872724706108916,1,1
M2_popmass,medium,7,0.6,0.4,2,9.296121597290039,15.809436465571686,-0.011734962463378906,10.836793899536133,10.848528861999512,0.011734962463378906,0.07904718232785843,0.0009872724706108916,1,1
M0_balanced,medium,7,0.6,0.1,3,9.115238189697266,15.703482113553758,-0.012813568115234375,10.663429260253906,10.67624282836914,0.012813568115234375,0.07851741056776879,0.0009806558011858607,1,1
M1_margin,medium,7,0.6,0.1,3,9.115238189697266,15.703482113553758,-0.012821197509765625,12.605880737304688,12.618701934814453,0.012821197509765625,0.07851741056776879,0.0009806558011858607,1,1
M2_popmass,medium,7,0.6,0.1,3,9.115238189697266,15.703482113553758,-0.012146949768066406,10.836793899536133,10.8489408493042,0.012146949768066406,0.07851741056776879,0.0009806558011858607,1,1
M0_balanced,medium,7,0.6,0.2,3,9.115238189697266,15.703482113553758,-0.012813568115234375,10.663429260253906,10.67624282836914,0.012813568115234375,0.07851741056776879,0.0009806558011858607,1,1
M1_margin,medium,7,0.6,0.2,3,9.115238189697266,15.703482113553758,-0.012821197509765625,12.605880737304688,12.618701934814453,0.012821197509765625,0.07851741056776879,0.0009806558011858607,1,1
M2_popmass,medium,7,0.6,0.2,3,9.115238189697266,15.703482113553758,-0.012146949768066406,10.836793899536133,10.8489408493042,0.012146949768066406,0.07851741056776879,0.0009806558011858607,1,1
M0_balanced,medium,7,0.6,0.4,3,9.115238189697266,15.703482113553758,-0.012813568115234375,10.663429260253906,10.67624282836914,0.012813568115234375,0.07851741056776879,0.0009806558011858607,1,1
M1_margin,medium,7,0.6,0.4,3,9.115238189697266,15.703482113553758,-0.012821197509765625,12.605880737304688,12.618701934814453,0.012821197509765625,0.07851741056776879,0.0009806558011858607,1,1
M2_popmass,medium,7,0.6,0.4,3,9.115238189697266,15.703482113553758,-0.012146949768066406,10.836793899536133,10.8489408493042,0.012146949768066406,0.07851741056776879,0.0009806558011858607,1,1
M0_balanced,medium,7,0.6,0.1,4,9.397787094116211,15.821116276799136,-0.012423515319824219,10.663429260253906,10.67585277557373,0.012423515319824219,0.07910558138399569,0.0009880018549954588,1,0
M1_margin,medium,7,0.6,0.1,4,9.397787094116211,15.821116276799136,-0.010740280151367188,12.605880737304688,12.616621017456055,0.010740280151367188,0.07910558138399569,0.0009880018549954588,1,0
M2_popmass,medium,7,0.6,0.1,4,9.397787094116211,15.821116276799136,-0.011700630187988281,10.836793899536133,10.848494529724121,0.011700630187988281,0.07910558138399569,0.0009880018549954588,1,0
M0_balanced,medium,7,0.6,0.2,4,9.397787094116211,15.821116276799136,-0.012423515319824219,10.663429260253906,10.67585277557373,0.012423515319824219,0.07910558138399569,0.0009880018549954588,1,0
M1_margin,medium,7,0.6,0.2,4,9.397787094116211,15.821116276799136,-0.010740280151367188,12.605880737304688,12.616621017456055,0.010740280151367188,0.07910558138399569,0.0009880018549954588,1,0
M2_popmass,medium,7,0.6,0.2,4,9.397787094116211,15.821116276799136,-0.011700630187988281,10.836793899536133,10.848494529724121,0.011700630187988281,0.07910558138399569,0.0009880018549954588,1,0
M0_balanced,medium,7,0.6,0.4,4,9.397787094116211,15.821116276799136,-0.012423515319824219,10.663429260253906,10.67585277557373,0.012423515319824219,0.07910558138399569,0.0009880018549954588,1,0
M1_margin,medium,7,0.6,0.4,4,9.397787094116211,15.821116276799136,-0.010740280151367188,12.605880737304688,12.616621017456055,0.010740280151367188,0.07910558138399569,0.0009880018549954588,1,0
M2_popmass,medium,7,0.6,0.4,4,9.397787094116211,15.821116276799136,-0.011700630187988281,10.836793899536133,10.848494529724121,0.011700630187988281,0.07910558138399569,0.0009880018549954588,1,0
M0_balanced,medium,8,0.6,0.1,0,9.365087509155273,14.554677297987377,0.06454658508300781,10.663429260253906,10.598882675170898,-0.06454658508300781,0.07277338648993689,0.0009089148905604993,1,0
M1_margin,medium,8,0.6,0.1,0,9.365087509155273,14.554677297987377,0.17559242248535156,12.605880737304688,12.430288314819336,-0.17559242248535156,0.07277338648993689,0.0009089148905604993,1,0
M2_popmass,medium,8,0.6,0.1,0,9.365087509155273,14.554677297987377,0.06545543670654297,10.836793899536133,10.77133846282959,-0.06545543670654297,0.07277338648993689,0.0009089148905604993,1,0
M0_balanced,medium,8,0.6,0.2,0,9.365087509155273,14.554677297987377,0.06454658508300781,10.663429260253906,10.598882675170898,-0.06454658508300781,0.07277338648993689,0.0009089148905604993,1,0
M1_margin,medium,8,0.6,0.2,0,9.365087509155273,14.554677297987377,0.17559242248535156,12.605880737304688,12.430288314819336,-0.17559242248535156,0.07277338648993689,0.0009089148905604993,1,0
M2_popmass,medium,8,0.6,0.2,0,9.365087509155273,14.554677297987377,0.06545543670654297,10.836793899536133,10.77133846282959,-0.06545543670654297,0.07277338648993689,0.0009089148905604993,1,0
M0_balanced,medium,8,0.6,0.4,0,9.257469177246094,14.52002530441909,0.0643472671508789,10.663429260253906,10.599081993103027,-0.0643472671508789,0.07260012652209545,0.0009067509323842381,1,1
M1_margin,medium,8,0.6,0.4,0,9.257469177246094,14.52002530441909,0.17492961883544922,12.605880737304688,12.430951118469238,-0.17492961883544922,0.07260012652209545,0.0009067509323842381,1,1
M2_popmass,medium,8,0.6,0.4,0,9.257469177246094,14.52002530441909,0.06524276733398438,10.836793899536133,10.771551132202148,-0.06524276733398438,0.07260012652209545,0.0009067509323842381,1,1
M0_balanced,medium,8,0.6,0.1,1,9.375690460205078,14.54588382054255,0.0643463134765625,10.663429260253906,10.599082946777344,-0.0643463134765625,0.07272941910271274,0.0009083657528210788,1,1
M1_margin,medium,8,0.6,0.1,1,9.375690460205078,14.54588382054255,0.1750640869140625,12.605880737304688,12.430816650390625,-0.1750640869140625,0.07272941910271274,0.0009083657528210788,1,1
M2_popmass,medium,8,0.6,0.1,1,9.375690460205078,14.54588382054255,0.0652456283569336,10.836793899536133,10.7715482711792,-0.0652456283569336,0.07272941910271274,0.0009083657528210788,1,1
M0_balanced,medium,8,0.6,0.2,1,9.375690460205078,14.54588382054255,0.0643463134765625,10.663429260253906,10.599082946777344,-0.0643463134765625,0.07272941910271274,0.0009083657528210788,1,1
M1_margin,medium,8,0.6,0.2,1,9.375690460205078,14.54588382054255,0.1750640869140625,12.605880737304688,12.430816650390625,-0.1750640869140625,0.07272941910271274,0.0009083657528210788,1,1
M2_popmass,medium,8,0.6,0.2,1,9.375690460205078,14.54588382054255,0.0652456283569336,10.836793899536133,10.7715482711792,-0.0652456283569336,0.07272941910271274,0.0009083657528210788,1,1
M0_balanced,medium,8,0.6,0.4,1,9.272224426269531,14.551057828124161,0.06362533569335938,10.663429260253906,10.599803924560547,-0.06362533569335938,0.07275528914062081,0.0009086888608116248,1,3
M1_margin,medium,8,0.6,0.4,1,9.272224426269531,14.551057828124161,0.1734161376953125,12.605880737304688,12.432464599609375,-0.1734161376953125,0.07275528914062081,0.0009086888608116248,1,3
M2_popmass,medium,8,0.6,0.4,1,9.272224426269531,14.551057828124161,0.06448841094970703,10.836793899536133,10.772305488586426,-0.06448841094970703,0.07275528914062081,0.0009086888608116248,1,3
M0_balanced,medium,8,0.6,0.1,2,9.3654203414917,14.552739321113712,0.06456184387207031,10.663429260253906,10.598867416381836,-0.06456184387207031,0.07276369660556857,0.0009087938671944726,1,0
M1_margin,medium,8,0.6,0.1,2,9.3654203414917,14.552739321113712,0.17562007904052734,12.605880737304688,12.43026065826416,-0.17562007904052734,0.07276369660556857,0.0009087938671944726,1,0
M2_popmass,medium,8,0.6,0.1,2,9.3654203414917,14.552739321113712,0.06547164916992188,10.836793899536133,10.771322250366211,-0.06547164916992188,0.07276369660556857,0.0009087938671944726,1,0
M0_balanced,medium,8,0.6,0.2,2,9.375675201416016,14.545728274328354,0.06434822082519531,10.663429260253906,10.599081039428711,-0.06434822082519531,0.07272864137164177,0.0009083560392240434,1,1
M1_margin,medium,8,0.6,0.2,2,9.375675201416016,14.545728274328354,0.17506980895996094,12.605880737304688,12.430810928344727,-0.17506980895996094,0.07272864137164177,0.0009083560392240434,1,1
M2_popmass,medium,8,0.6,0.2,2,9.375675201416016,14.545728274328354,0.0652475357055664,10.836793899536133,10.771546363830566,-0.0652475357055664,0.07272864137164177,0.0009083560392240434,1,1
M0_balanced,medium,8,0.6,0.4,2,9.290452003479004,14.539258440012922,0.063934326171875,10.663429260253906,10.599494934082031,-0.063934326171875,0.07269629220006461,0.0009079520090536481,1,2
M1_margin,medium,8,0.6,0.4,2,9.290452003479004,14.539258440012922,0.1739511489868164,12.605880737304688,12.431929588317871,-0.1739511489868164,0.07269629220006461,0.0009079520090536481,1,2
M2_popmass,medium,8,0.6,0.4,2,9.290452003479004,14.539258440012922,0.06480979919433594,10.836793899536133,10.771984100341797,-0.06480979919433594,0.07269629220006461,0.0009079520090536481,1,2
M0_balanced,medium,8,0.6,0.1,3,9.363492965698242,14.553245764679481,0.0645599365234375,10.663429260253906,10.598869323730469,-0.0645599365234375,0.07276622882339741,0.0009088254937354622,1,0
M1_margin,medium,8,0.6,0.1,3,9.363492965698242,14.553245764679481,0.1756114959716797,12.605880737304688,12.430269241333008,-0.1756114959716797,0.07276622882339741,0.0009088254937354622,1,0
M2_popmass,medium,8,0.6,0.1,3,9.363492965698242,14.553245764679481,0.06546878814697266,10.836793899536133,10.77132511138916,-0.06546878814697266,0.07276622882339741,0.0009088254937354622,1,0
M0_balanced,medium,8,0.6,0.2,3,9.363492965698242,14.553245764679481,0.0645599365234375,10.663429260253906,10.598869323730469,-0.0645599365234375,0.07276622882339741,0.0009088254937354622,1,0
M1_margin,medium,8,0.6,0.2,3,9.363492965698242,14.553245764679481,0.1756114959716797,12.605880737304688,12.430269241333008,-0.1756114959716797,0.07276622882339741,0.0009088254937354622,1,0
M2_popmass,medium,8,0.6,0.2,3,9.363492965698242,14.553245764679481,0.06546878814697266,10.836793899536133,10.77132511138916,-0.06546878814697266,0.07276622882339741,0.0009088254937354622,1,0
M0_balanced,medium,8,0.6,0.4,3,9.374038696289062,14.546323457584808,0.06434440612792969,10.663429260253906,10.599084854125977,-0.06434440612792969,0.07273161728792404,0.0009083932074080799,1,1
M1_margin,medium,8,0.6,0.4,3,9.374038696289062,14.546323457584808,0.17505741119384766,12.605880737304688,12.43082332611084,-0.17505741119384766,0.07273161728792404,0.0009083932074080799,1,1
M2_popmass,medium,8,0.6,0.4,3,9.374038696289062,14.546323457584808,0.06524276733398438,10.836793899536133,10.771551132202148,-0.06524276733398438,0.07273161728792404,0.0009083932074080799,1,1
M0_balanced,medium,8,0.6,0.1,4,9.364446640014648,14.55254511880974,0.0645599365234375,10.663429260253906,10.598869323730469,-0.0645599365234375,0.0727627255940487,0.0009087817395902496,1,0
M1_margin,medium,8,0.6,0.1,4,9.364446640014648,14.55254511880974,0.17561721801757812,12.605880737304688,12.43026351928711,-0.17561721801757812,0.0727627255940487,0.0009087817395902496,1,0
M2_popmass,medium,8,0.6,0.1,4,9.364446640014648,14.55254511880974,0.06546878814697266,10.836793899536133,10.77132511138916,-0.06546878814697266,0.0727627255940487,0.0009087817395902496,1,0
M0_balanced,medium,8,0.6,0.2,4,9.364446640014648,14.55254511880974,0.0645599365234375,10.663429260253906,10.598869323730469,-0.0645599365234375,0.0727627255940487,0.0009087817395902496,1,0
M1_margin,medium,8,0.6,0.2,4,9.364446640014648,14.55254511880974,0.17561721801757812,12.605880737304688,12.43026351928711,-0.17561721801757812,0.0727627255940487,0.0009087817395902496,1,0
M2_popmass,medium,8,0.6,0.2,4,9.364446640014648,14.55254511880974,0.06546878814697266,10.836793899536133,10.77132511138916,-0.06546878814697266,0.0727627255940487,0.0009087817395902496,1,0
M0_balanced,medium,8,0.6,0.4,4,9.314244270324707,14.549625621977567,0.06445789337158203,10.663429260253906,10.598971366882324,-0.06445789337158203,0.07274812810988783,0.0009085994219689531,1,1
M1_margin,medium,8,0.6,0.4,4,9.314244270324707,14.549625621977567,0.1754169464111328,12.605880737304688,12.430463790893555,-0.1754169464111328,0.07274812810988783,0.0009085994219689531,1,1
M2_popmass,medium,8,0.6,0.4,4,9.314244270324707,14.549625621977567,0.06536102294921875,10.836793899536133,10.771432876586914,-0.06536102294921875,0.07274812810988783,0.0009085994219689531,1,1
M0_balanced,medium,9,0.5,0.1,0,10.286975860595703,16.023025567973388,-0.09616470336914062,10.663429260253906,10.759593963623047,0.09616470336914062,0.08011512783986695,0.0010006107474864088,1,0
M1_margin,medium,9,0.5,0.1,0,10.286975860595703,16.023025567973388,-0.2145528793334961,12.605880737304688,12.820433616638184,0.2145528793334961,0.08011512783986695,0.0010006107474864088,1,0
M2_popmass,medium,9,0.5,0.1,0,10.286975860595703,16.023025567973388,-0.09546375274658203,10.836793899536133,10.932257652282715,0.09546375274658203,0.08011512783986695,0.0010006107474864088,1,0
M0_balanced,medium,9,0.5,0.2,0,10.286975860595703,16.023025567973388,-0.09616470336914062,10.663429260253906,10.759593963623047,0.09616470336914062,0.08011512783986695,0.0010006107474864088,1,0
M1_margin,medium,9,0.5,0.2,0,10.286975860595703,16.023025567973388,-0.2145528793334961,12.605880737304688,12.820433616638184,0.2145528793334961,0.08011512783986695,0.0010006107474864088,1,0
M2_popmass,medium,9,0.5,0.2,0,10.286975860595703,16.023025567973388,-0.09546375274658203,10.836793899536133,10.932257652282715,0.09546375274658203,0.08011512783986695,0.0010006107474864088,1,0
M0_balanced,medium,9,0.5,0.4,0,10.286975860595703,16.023025567973388,-0.09616470336914062,10.663429260253906,10.759593963623047,0.09616470336914062,0.08011512783986695,0.0010006107474864088,1,0
M1_margin,medium,9,0.5,0.4,0,10.286975860595703,16.023025567973388,-0.2145528793334961,12.605880737304688,12.820433616638184,0.2145528793334961,0.08011512783986695,0.0010006107474864088,1,0
M2_popmass,medium,9,0.5,0.4,0,10.286975860595703,16.023025567973388,-0.09546375274658203,10.836793899536133,10.932257652282715,0.09546375274658203,0.08011512783986695,0.0010006107474864088,1,0
M0_balanced,medium,9,0.5,0.1,1,10.391206741333008,16.02874249552188,-0.09641075134277344,10.663429260253906,10.75984001159668,0.09641075134277344,0.0801437124776094,0.0010009677599072749,1,0
M1_margin,medium,9,0.5,0.1,1,10.391206741333008,16.02874249552188,-0.2149343490600586,12.605880737304688,12.820815086364746,0.2149343490600586,0.0801437124776094,0.0010009677599072749,1,0
M2_popmass,medium,9,0.5,0.1,1,10.391206741333008,16.02874249552188,-0.09569644927978516,10.836793899536133,10.932490348815918,0.09569644927978516,0.0801437124776094,0.0010009677599072749,1,0
M0_balanced,medium,9,0.5,0.2,1,10.329463958740234,16.00317252449767,-0.09657573699951172,10.663429260253906,10.760004997253418,0.09657573699951172,0.08001586262248836,0.0009993709586220746,1,1
M1_margin,medium,9,0.5,0.2,1,10.329463958740234,16.00317252449767,-0.21513748168945312,12.605880737304688,12.82101821899414,0.21513748168945312,0.08001586262248836,0.0009993709586220746,1,1
M2_popmass,medium,9,0.5,0.2,1,10.329463958740234,16.00317252449767,-0.0958700180053711,10.836793899536133,10.932663917541504,0.0958700180053711,0.08001586262248836,0.0009993709586220746,1,1
M0_balanced,medium,9,0.5,0.4,1,10.329463958740234,16.00317252449767,-0.09657573699951172,10.663429260253906,10.760004997253418,0.09657573699951172,0.08001586262248836,0.0009993709586220746,1,1
M1_margin,medium,9,0.5,0.4,1,10.329463958740234,16.00317252449767,-0.21513748168945312,12.605880737304688,12.82101821899414,0.21513748168945312,0.08001586262248836,0.0009993709586220746,1,1
M2_popmass,medium,9,0.5,0.4,1,10.329463958740234,16.00317252449767,-0.0958700180053711,10.836793899536133,10.932663917541504,0.0958700180053711,0.08001586262248836,0.0009993709586220746,1,1
M0_balanced,medium,9,0.5,0.1,2,10.391233444213867,16.02900800207697,-0.09641361236572266,10.663429260253906,10.759842872619629,0.09641361236572266,0.08014504001038486,0.0010009843403409407,1,0
M1_margin,medium,9,0.5,0.1,2,10.391233444213867,16.02900800207697,-0.21494483947753906,12.605880737304688,12.820825576782227,0.21494483947753906,0.08014504001038486,0.0010009843403409407,1,0
M2_popmass,medium,9,0.5,0.1,2,10.391233444213867,16.02900800207697,-0.09569931030273438,10.836793899536133,10.932493209838867,0.09569931030273438,0.08014504001038486,0.0010009843403409407,1,0
M0_balanced,medium,9,0.5,0.2,2,10.32923698425293,16.003262125183756,-0.09657859802246094,10.663429260253906,10.760007858276367,0.09657859802246094,0.08001631062591878,0.0009993765540328224,1,1
M1_margin,medium,9,0.5,0.2,2,10.32923698425293,16.003262125183756,-0.2151479721069336,12.605880737304688,12.821028709411621,0.2151479721069336,0.08001631062591878,0.0009993765540328224,1,1
M2_popmass,medium,9,0.5,0.2,2,10.32923698425293,16.003262125183756,-0.09587287902832031,10.836793899536133,10.932666778564453,0.09587287902832031,0.08001631062591878,0.0009993765540328224,1,1
M0_balanced,medium,9,0.5,0.4,2,10.274169921875,16.021563566369373,-0.09690666198730469,10.663429260253906,10.760335922241211,0.09690666198730469,0.08010781783184687,0.0010005194479679991,1,2
M1_margin,medium,9,0.5,0.4,2,10.274169921875,16.021563566369373,-0.21598052978515625,12.605880737304688,12.821861267089844,0.21598052978515625,0.08010781783184687,0.0010005194479679991,1,2
M2_popmass,medium,9,0.5,0.4,2,10.274169921875,16.021563566369373,-0.09621334075927734,10.836793899536133,10.93300724029541,0.09621334075927734,0.08010781783184687,0.0010005194479679991,1,2
M0_balanced,medium,9,0.5,0.1,3,10.329952239990234,16.003335899425586,-0.09657764434814453,10.663429260253906,10.76000690460205,0.09657764434814453,0.08001667949712793,0.0009993811611089922,1,1
M1_margin,medium,9,0.5,0.1,3,10.329952239990234,16.003335899425586,-0.2151508331298828,12.605880737304688,12.82103157043457,0.2151508331298828,0.08001667949712793,0.0009993811611089922,1,1
M2_popmass,medium,9,0.5,0.1,3,10.329952239990234,16.003335899425586,-0.0958719253540039,10.836793899536133,10.932665824890137,0.0958719253540039,0.08001667949712793,0.0009993811611089922,1,1
M0_balanced,medium,9,0.5,0.2,3,10.329952239990234,16.003335899425586,-0.09657764434814453,10.663429260253906,10.76000690460205,0.09657764434814453,0.08001667949712793,0.0009993811611089922,1,1
M1_margin,medium,9,0.5,0.2,3,10.329952239990234,16.003335899425586,-0.2151508331298828,12.605880737304688,12.82103157043457,0.2151508331298828,0.08001667949712793,0.0009993811611089922,1,1
M2_popmass,medium,9,0.5,0.2,3,10.329952239990234,16.003335899425586,-0.0958719253540039,10.836793899536133,10.932665824890137,0.0958719253540039,0.08001667949712793,0.0009993811611089922,1,1
M0_balanced,medium,9,0.5,0.4,3,10.274600982666016,16.02112812182667,-0.09690570831298828,10.663429260253906,10.760334968566895,0.09690570831298828,0.08010564060913336,0.0010004922551954786,1,2
M1_margin,medium,9,0.5,0.4,3,10.274600982666016,16.02112812182667,-0.21598243713378906,12.605880737304688,12.821863174438477,0.21598243713378906,0.08010564060913336,0.0010004922551954786,1,2
M2_popmass,medium,9,0.5,0.4,3,10.274600982666016,16.02112812182667,-0.09621238708496094,10.836793899536133,10.933006286621094,0.09621238708496094,0.08010564060913336,0.0010004922551954786,1,2
M0_balanced,medium,9,0.5,0.1,4,10.330265045166016,16.0044072553842,-0.09657096862792969,10.663429260253906,10.760000228881836,0.09657096862792969,0.080022036276921,0.0009994480654699712,1,1
M1_margin,medium,9,0.5,0.1,4,10.330265045166016,16.0044072553842,-0.2151336669921875,12.605880737304688,12.821014404296875,0.2151336669921875,0.080022036276921,0.0009994480654699712,1,1
M2_popmass,medium,9,0.5,0.1,4,10.330265045166016,16.0044072553842,-0.09586429595947266,10.836793899536133,10.932658195495605,0.09586429595947266,0.080022036276921,0.0009994480654699712,1,1
M0_balanced,medium,9,0.5,0.2,4,10.330265045166016,16.0044072553842,-0.09657096862792969,10.663429260253906,10.760000228881836,0.09657096862792969,0.080022036276921,0.0009994480654699712,1,1
M1_margin,medium,9,0.5,0.2,4,10.330265045166016,16.0044072553842,-0.2151336669921875,12.605880737304688,12.821014404296875,0.2151336669921875,0.080022036276921,0.0009994480654699712,1,1
M2_popmass,medium,9,0.5,0.2,4,10.330265045166016,16.0044072553842,-0.09586429595947266,10.836793899536133,10.932658195495605,0.09586429595947266,0.080022036276921,0.0009994480654699712,1,1
M0_balanced,medium,9,0.5,0.4,4,10.27531623840332,16.022819337281796,-0.09689712524414062,10.663429260253906,10.760326385498047,0.09689712524414062,0.08011409668640898,0.0010005978687297973,1,2
M1_margin,medium,9,0.5,0.4,4,10.27531623840332,16.022819337281796,-0.2159595489501953,12.605880737304688,12.821840286254883,0.2159595489501953,0.08011409668640898,0.0010005978687297973,1,2
M2_popmass,medium,9,0.5,0.4,4,10.27531623840332,16.022819337281796,-0.09620380401611328,10.836793899536133,10.932997703552246,0.09620380401611328,0.08011409668640898,0.0010005978687297973,1,2
M0_balanced,medium,10,0.625,0.1,0,9.39107894897461,18.004168994426344,0.08294486999511719,10.663429260253906,10.580484390258789,-0.08294486999511719,0.09002084497213172,0.0011243297914591763,1,0
M1_margin,medium,10,0.625,0.1,0,9.39107894897461,18.004168994426344,0.22471237182617188,12.605880737304688,12.381168365478516,-0.22471237182617188,0.09002084497213172,0.0011243297914591763,1,0
M2_popmass,medium,10,0.625,0.1,0,9.39107894897461,18.004168994426344,0.085174560546875,10.836793899536133,10.751619338989258,-0.085174560546875,0.09002084497213172,0.0011243297914591763,1,0
M0_balanced,medium,10,0.625,0.2,0,9.39107894897461,18.004168994426344,0.08294486999511719,10.663429260253906,10.580484390258789,-0.08294486999511719,0.09002084497213172,0.0011243297914591763,1,0
M1_margin,medium,10,0.625,0.2,0,9.39107894897461,18.004168994426344,0.22471237182617188,12.605880737304688,12.381168365478516,-0.22471237182617188,0.09002084497213172,0.0011243297914591763,1,0
M2_popmass,medium,10,0.625,0.2,0,9.39107894897461,18.004168994426344,0.085174560546875,10.836793899536133,10.751619338989258,-0.085174560546875,0.09002084497213172,0.0011243297914591763,1,0
M0_balanced,medium,10,0.625,0.4,0,9.39107894897461,18.004168994426344,0.08294486999511719,10.663429260253906,10.580484390258789,-0.08294486999511719,0.09002084497213172,0.0011243297914591763,1,0
M1_margin,medium,10,0.625,0.4,0,9.39107894897461,18.004168994426344,0.22471237182617188,12.605880737304688,12.381168365478516,-0.22471237182617188,0.09002084497213172,0.0011243297914591763,1,0
M2_popmass,medium,10,0.625,0.4,0,9.39107894897461,18.004168994426344,0.085174560546875,10.836793899536133,10.751619338989258,-0.085174560546875,0.09002084497213172,0.0011243297914591763,1,0
M0_balanced,medium,10,0.625,0.1,1,9.404913902282715,18.03117901709459,0.08277320861816406,10.663429260253906,10.580656051635742,-0.08277320861816406,0.09015589508547295,0.0011260165215250459,1,0
M1_margin,medium,10,0.625,0.1,1,9.404913902282715,18.03117901709459,0.22415733337402344,12.605880737304688,12.381723403930664,-0.22415733337402344,0.09015589508547295,0.0011260165215250459,1,0
M2_popmass,medium,10,0.625,0.1,1,9.404913902282715,18.03117901709459,0.08498859405517578,10.836793899536133,10.751805305480957,-0.08498859405517578,0.09015589508547295,0.0011260165215250459,1,0
M0_balanced,medium,10,0.625,0.2,1,9.404913902282715,18.03117901709459,0.08277320861816406,10.663429260253906,10.580656051635742,-0.08277320861816406,0.09015589508547295,0.0011260165215250459,1,0
M1_margin,medium,10,0.625,0.2,1,9.404913902282715,18.03117901709459,0.22415733337402344,12.605880737304688,12.381723403930664,-0.22415733337402344,0.09015589508547295,0.0011260165215250459,1,0
M2_popmass,medium,10,0.625,0.2,1,9.404913902282715,18.03117901709459,0.08498859405517578,10.836793899536133,10.751805305480957,-0.08498859405517578,0.09015589508547295,0.0011260165215250459,1,0
M0_balanced,medium,10,0.625,0.4,1,9.296638488769531,17.92616591627377,0.08180618286132812,10.663429260253906,10.581623077392578,-0.08180618286132812,0.08963082958136885,0.0011194586316394918,1,5
M1_margin,medium,10,0.625,0.4,1,9.296638488769531,17.92616591627377,0.2222461700439453,12.605880737304688,12.383634567260742,-0.2222461700439453,0.08963082958136885,0.0011194586316394918,1,5
M2_popmass,medium,10,0.625,0.4,1,9.296638488769531,17.92616591627377,0.08397769927978516,10.836793899536133,10.752816200256348,-0.08397769927978516,0.08963082958136885,0.0011194586316394918,1,5
M0_balanced,medium,10,0.625,0.1,2,9.392023086547852,18.00527032824672,0.08294391632080078,10.663429260253906,10.580485343933105,-0.08294391632080078,0.0900263516412336,0.0011243985678867344,1,0
M1_margin,medium,10,0.625,0.1,2,9.392023086547852,18.00527032824672,0.22470474243164062,12.605880737304688,12.381175994873047,-0.22470474243164062,0.0900263516412336,0.0011243985678867344,1,0
M2_popmass,medium,10,0.625,0.1,2,9.392023086547852,18.00527032824672,0.0851736068725586,10.836793899536133,10.751620292663574,-0.0851736068725586,0.0900263516412336,0.0011243985678867344,1,0
M0_balanced,medium,10,0.625,0.2,2,9.329419136047363,18.02716299761744,0.08282470703125,10.663429260253906,10.580604553222656,-0.08282470703125,0.0901358149880872,0.001125765727925928,1,1
M1_margin,medium,10,0.625,0.2,2,9.329419136047363,18.02716299761744,0.22452259063720703,12.605880737304688,12.38135814666748,-0.22452259063720703,0.0901358149880872,0.001125765727925928,1,1
M2_popmass,medium,10,0.625,0.2,2,9.329419136047363,18.02716299761744,0.08504676818847656,10.836793899536133,10.751747131347656,-0.08504676818847656,0.0901358149880872,0.001125765727925928,1,1
M0_balanced,medium,10,0.625,0.4,2,9.260969161987305,17.968198302155447,0.08217525482177734,10.663429260253906,10.581254005432129,-0.08217525482177734,0.08984099151077723,0.0011220834827874403,1,3
M1_margin,medium,10,0.625,0.4,2,9.260969161987305,17.968198302155447,0.22310543060302734,12.605880737304688,12.38277530670166,-0.22310543060302734,0.08984099151077723,0.0011220834827874403,1,3
M2_popmass,medium,10,0.625,0.4,2,9.260969161987305,17.968198302155447,0.08436107635498047,10.836793899536133,10.752432823181152,-0.08436107635498047,0.08984099151077723,0.0011220834827874403,1,3
M0_balanced,medium,10,0.625,0.1,3,9.331515312194824,18.03916797400627,0.08233070373535156,10.663429260253906,10.581098556518555,-0.08233070373535156,0.09019583987003134,0.001126515418322852,1,1
M1_margin,medium,10,0.625,0.1,3,9.331515312194824,18.03916797400627,0.2232522964477539,12.605880737304688,12.382628440856934,-0.2232522964477539,0.09019583987003134,0.001126515418322852,1,1
M2_popmass,medium,10,0.625,0.1,3,9.331515312194824,18.03916797400627,0.08452892303466797,10.836793899536133,10.752264976501465,-0.08452892303466797,0.09019583987003134,0.001126515418322852,1,1
M0_balanced,medium,10,0.625,0.2,3,9.331515312194824,18.03916797400627,0.08233070373535156,10.663429260253906,10.581098556518555,-0.08233070373535156,0.09019583987003134,0.001126515418322852,1,1
M1_margin,medium,10,0.625,0.2,3,9.331515312194824,18.03916797400627,0.2232522964477539,12.605880737304688,12.382628440856934,-0.2232522964477539,0.09019583987003134,0.001126515418322852,1,1
M2_popmass,medium,10,0.625,0.2,3,9.331515312194824,18.03916797400627,0.08452892303466797,10.836793899536133,10.752264976501465,-0.08452892303466797,0.09019583987003134,0.001126515418322852,1,1
M0_balanced,medium,10,0.625,0.4,3,9.342863082885742,17.999160490109624,0.0822906494140625,10.663429260253906,10.581138610839844,-0.0822906494140625,0.08999580245054813,0.0011240170188665795,1,3
M1_margin,medium,10,0.625,0.4,3,9.342863082885742,17.999160490109624,0.223114013671875,12.605880737304688,12.382766723632812,-0.223114013671875,0.08999580245054813,0.0011240170188665795,1,3
M2_popmass,medium,10,0.625,0.4,3,9.342863082885742,17.999160490109624,0.08448028564453125,10.836793899536133,10.752313613891602,-0.08448028564453125,0.08999580245054813,0.0011240170188665795,1,3
M0_balanced,medium,10,0.625,0.1,4,9.38905143737793,18.00506040918332,0.08294296264648438,10.663429260253906,10.580486297607422,-0.08294296264648438,0.09002530204591659,0.0011243854587975645,1,0
M1_margin,medium,10,0.625,0.1,4,9.38905143737793,18.00506040918332,0.22469806671142578,12.605880737304688,12.381182670593262,-0.22469806671142578,0.09002530204591659,0.0011243854587975645,1,0
M2_popmass,medium,10,0.625,0.1,4,9.38905143737793,18.00506040918332,0.08517265319824219,10.836793899536133,10.75162124633789,-0.08517265319824219,0.09002530204591659,0.0011243854587975645,1,0
M0_balanced,medium,10,0.625,0.2,4,9.326395034790039,18.027022069390654,0.08282089233398438,10.663429260253906,10.580608367919922,-0.08282089233398438,0.09013511034695328,0.001125756927197392,1,1
M1_margin,medium,10,0.625,0.2,4,9.326395034790039,18.027022069390654,0.22451019287109375,12.605880737304688,12.381370544433594,-0.22451019287109375,0.09013511034695328,0.001125756927197392,1,1
M2_popmass,medium,10,0.625,0.2,4,9.326395034790039,18.027022069390654,0.08504199981689453,10.836793899536133,10.751751899719238,-0.08504199981689453,0.09013511034695328,0.001125756927197392,1,1
M0_balanced,medium,10,0.625,0.4,4,9.317766189575195,17.987955689181206,0.08278274536132812,10.663429260253906,10.580646514892578,-0.08278274536132812,0.08993977844590603,0.0011233172980688523,1,2
M1_margin,medium,10,0.625,0.4,4,9.317766189575195,17.987955689181206,0.2245035171508789,12.605880737304688,12.381377220153809,-0.2245035171508789,0.08993977844590603,0.0011233172980688523,1,2
M2_popmass,medium,10,0.625,0.4,4,9.317766189575195,17.987955689181206,0.08500194549560547,10.836793899536133,10.751791954040527,-0.08500194549560547,0.08993977844590603,0.0011233172980688523,1,2
M0_balanced,medium,11,0.5,0.1,0,9.454639434814453,18.551909899086098,-0.15707015991210938,10.663429260253906,10.820499420166016,0.15707015991210938,0.0927595494954305,0.0011585352811599458,1,0
M1_margin,medium,11,0.5,0.1,0,9.454639434814453,18.551909899086098,-0.24256515502929688,12.605880737304688,12.848445892333984,0.24256515502929688,0.0927595494954305,0.0011585352811599458,1,0
M2_popmass,medium,11,0.5,0.1,0,9.454639434814453,18.551909899086098,-0.15668582916259766,10.836793899536133,10.99347972869873,0.15668582916259766,0.0927595494954305,0.0011585352811599458,1,0
M0_balanced,medium,11,0.5,0.2,0,9.454639434814453,18.551909899086098,-0.15707015991210938,10.663429260253906,10.820499420166016,0.15707015991210938,0.0927595494954305,0.0011585352811599458,1,0
M1_margin,medium,11,0.5,0.2,0,9.454639434814453,18.551909899086098,-0.24256515502929688,12.605880737304688,12.848445892333984,0.24256515502929688,0.0927595494954305,0.0011585352811599458,1,0
M2_popmass,medium,11,0.5,0.2,0,9.454639434814453,18.551909899086098,-0.15668582916259766,10.836793899536133,10.99347972869873,0.15668582916259766,0.0927595494954305,0.0011585352811599458,1,0
M0_balanced,medium,11,0.5,0.4,0,9.454639434814453,18.551909899086098,-0.15707015991210938,10.663429260253906,10.820499420166016,0.15707015991210938,0.0927595494954305,0.0011585352811599458,1,0
M1_margin,medium,11,0.5,0.4,0,9.454639434814453,18.551909899086098,-0.24256515502929688,12.605880737304688,12.848445892333984,0.24256515502929688,0.0927595494954305,0.0011585352811599458,1,0
M2_popmass,medium,11,0.5,0.4,0,9.454639434814453,18.551909899086098,-0.15668582916259766,10.836793899536133,10.99347972869873,0.15668582916259766,0.0927595494954305,0.0011585352811599458,1,0
M0_balanced,medium,11,0.5,0.1,1,9.456793785095215,18.555529792481334,-0.1571197509765625,10.663429260253906,10.820549011230469,0.1571197509765625,0.09277764896240667,0.0011587613373576758,1,0
M1_margin,medium,11,0.5,0.1,1,9.456793785095215,18.555529792481334,-0.2426166534423828,12.605880737304688,12.84849739074707,0.2426166534423828,0.09277764896240667,0.0011587613373576758,1,0
M2_popmass,medium,11,0.5,0.1,1,9.456793785095215,18.555529792481334,-0.15673542022705078,10.836793899536133,10.993529319763184,0.15673542022705078,0.09277764896240667,0.0011587613373576758,1,0
M0_balanced,medium,11,0.5,0.2,1,9.456793785095215,18.555529792481334,-0.1571197509765625,10.663429260253906,10.820549011230469,0.1571197509765625,0.09277764896240667,0.0011587613373576758,1,0
M1_margin,medium,11,0.5,0.2,1,9.456793785095215,18.555529792481334,-0.2426166534423828,12.605880737304688,12.84849739074707,0.2426166534423828,0.09277764896240667,0.0011587613373576758,1,0
M2_popmass,medium,11,0.5,0.2,1,9.456793785095215,18.555529792481334,-0.15673542022705078,10.836793899536133,10.993529319763184,0.15673542022705078,0.09277764896240667,0.0011587613373576758,1,0
M0_balanced,medium,11,0.5,0.4,1,9.456793785095215,18.555529792481334,-0.1571197509765625,10.663429260253906,10.820549011230469,0.1571197509765625,0.09277764896240667,0.0011587613373576758,1,0
M1_margin,medium,11,0.5,0.4,1,9.456793785095215,18.555529792481334,-0.2426166534423828,12.605880737304688,12.84849739074707,0.2426166534423828,0.09277764896240667,0.0011587613373576758,1,0
M2_popmass,medium,11,0.5,0.4,1,9.456793785095215,18.555529792481334,-0.15673542022705078,10.836793899536133,10.993529319763184,0.15673542022705078,0.09277764896240667,0.0011587613373576758,1,0
M0_balanced,medium,11,0.5,0.1,2,9.38789176940918,18.56421610908292,-0.15758323669433594,10.663429260253906,10.821012496948242,0.15758323669433594,0.0928210805454146,0.0011593037830843424,1,0
M1_margin,medium,11,0.5,0.1,2,9.38789176940918,18.56421610908292,-0.2442626953125,12.605880737304688,12.850143432617188,0.2442626953125,0.0928210805454146,0.0011593037830843424,1,0
M2_popmass,medium,11,0.5,0.1,2,9.38789176940918,18.56421610908292,-0.15722942352294922,10.836793899536133,10.994023323059082,0.15722942352294922,0.0928210805454146,0.0011593037830843424,1,0
M0_balanced,medium,11,0.5,0.2,2,9.508342742919922,18.578458505460535,-0.15801048278808594,10.663429260253906,10.821439743041992,0.15801048278808594,0.09289229252730268,0.0011601931965615252,1,1
M1_margin,medium,11,0.5,0.2,2,9.508342742919922,18.578458505460535,-0.2456493377685547,12.605880737304688,12.851530075073242,0.2456493377685547,0.09289229252730268,0.0011601931965615252,1,1
M2_popmass,medium,11,0.5,0.2,2,9.508342742919922,18.578458505460535,-0.15767955780029297,10.836793899536133,10.994473457336426,0.15767955780029297,0.09289229252730268,0.0011601931965615252,1,1
M0_balanced,medium,11,0.5,0.4,2,9.508342742919922,18.578458505460535,-0.15801048278808594,10.663429260253906,10.821439743041992,0.15801048278808594,0.09289229252730268,0.0011601931965615252,1,1
M1_margin,medium,11,0.5,0.4,2,9.508342742919922,18.578458505460535,-0.2456493377685547,12.605880737304688,12.851530075073242,0.2456493377685547,0.09289229252730268,0.0011601931965615252,1,1
M2_popmass,medium,11,0.5,0.4,2,9.508342742919922,18.578458505460535,-0.15767955780029297,10.836793899536133,10.994473457336426,0.15767955780029297,0.09289229252730268,0.0011601931965615252,1,1
M0_balanced,medium,11,0.5,0.1,3,9.458230972290039,18.55258818725899,-0.15706539154052734,10.663429260253906,10.820494651794434,0.15706539154052734,0.09276294093629496,0.0011585776391049424,1,0
M1_margin,medium,11,0.5,0.1,3,9.458230972290039,18.55258818725899,-0.24255943298339844,12.605880737304688,12.848440170288086,0.24255943298339844,0.09276294093629496,0.0011585776391049424,1,0
M2_popmass,medium,11,0.5,0.1,3,9.458230972290039,18.55258818725899,-0.15668106079101562,10.836793899536133,10.993474960327148,0.15668106079101562,0.09276294093629496,0.0011585776391049424,1,0
M0_balanced,medium,11,0.5,0.2,3,9.514815330505371,18.562321716402312,-0.1576862335205078,10.663429260253906,10.821115493774414,0.1576862335205078,0.09281160858201157,0.0011591854814771874,1,1
M1_margin,medium,11,0.5,0.2,3,9.514815330505371,18.562321716402312,-0.2441577911376953,12.605880737304688,12.850038528442383,0.2441577911376953,0.09281160858201157,0.0011591854814771874,1,1
M2_popmass,medium,11,0.5,0.2,3,9.514815330505371,18.562321716402312,-0.15732383728027344,10.836793899536133,10.994117736816406,0.15732383728027344,0.09281160858201157,0.0011591854814771874,1,1
M0_balanced,medium,11,0.5,0.4,3,9.545037269592285,18.572684024705573,-0.15700626373291016,10.663429260253906,10.820435523986816,0.15700626373291016,0.09286342012352787,0.0011598325900406123,1,2
M1_margin,medium,11,0.5,0.4,3,9.545037269592285,18.572684024705573,-0.24247264862060547,12.605880737304688,12.848353385925293,0.24247264862060547,0.09286342012352787,0.0011598325900406123,1,2
M2_popmass,medium,11,0.5,0.4,3,9.545037269592285,18.572684024705573,-0.15661907196044922,10.836793899536133,10.993412971496582,0.15661907196044922,0.09286342012352787,0.0011598325900406123,1,2
M0_balanced,medium,11,0.5,0.1,4,9.51785659790039,18.588678888771724,-0.1583719253540039,10.663429260253906,10.82180118560791,0.1583719253540039,0.09294339444385863,0.0011608314421501142,1,1
M1_margin,medium,11,0.5,0.1,4,9.51785659790039,18.588678888771724,-0.2460012435913086,12.605880737304688,12.851881980895996,0.2460012435913086,0.09294339444385863,0.0011608314421501142,1,1
M2_popmass,medium,11,0.5,0.1,4,9.51785659790039,18.588678888771724,-0.15804100036621094,10.836793899536133,10.994834899902344,0.15804100036621094,0.09294339444385863,0.0011608314421501142,1,1
M0_balanced,medium,11,0.5,0.2,4,9.51785659790039,18.588678888771724,-0.1583719253540039,10.663429260253906,10.82180118560791,0.1583719253540039,0.09294339444385863,0.0011608314421501142,1,1
M1_margin,medium,11,0.5,0.2,4,9.51785659790039,18.588678888771724,-0.2460012435913086,12.605880737304688,12.851881980895996,0.2460012435913086,0.09294339444385863,0.0011608314421501142,1,1
M2_popmass,medium,11,0.5,0.2,4,9.51785659790039,18.588678888771724,-0.15804100036621094,10.836793899536133,10.994834899902344,0.15804100036621094,0.09294339444385863,0.0011608314421501142,1,1
M0_balanced,medium,11,0.5,0.4,4,9.288698196411133,18.45657579314871,-0.1575326919555664,10.663429260253906,10.820961952209473,0.1575326919555664,0.09228287896574354,0.0011525818280746789,1,3
M1_margin,medium,11,0.5,0.4,4,9.288698196411133,18.45657579314871,-0.24527359008789062,12.605880737304688,12.851154327392578,0.24527359008789062,0.09228287896574354,0.0011525818280746789,1,3
M2_popmass,medium,11,0.5,0.4,4,9.288698196411133,18.45657579314871,-0.15721702575683594,10.836793899536133,10.994010925292969,0.15721702575683594,0.09228287896574354,0.0011525818280746789,1,3
M0_balanced,medium,12,0.6666666666666666,0.1,0,8.963895797729492,21.990183263415126,-0.023253440856933594,10.663429260253906,10.68668270111084,0.023253440856933594,0.10995091631707564,0.001373249616261579,1,0
M1_margin,medium,12,0.6666666666666666,0.1,0,8.963895797729492,21.990183263415126,0.0798349380493164,12.605880737304688,12.526045799255371,-0.0798349380493164,0.10995091631707564,0.001373249616261579,1,0
M2_popmass,medium,12,0.6666666666666666,0.1,0,8.963895797729492,21.990183263415126,-0.019968032836914062,10.836793899536133,10.856761932373047,0.019968032836914062,0.10995091631707564,0.001373249616261579,1,0
M0_balanced,medium,12,0.6666666666666666,0.2,0,8.963895797729492,21.990183263415126,-0.023253440856933594,10.663429260253906,10.68668270111084,0.023253440856933594,0.10995091631707564,0.001373249616261579,1,0
M1_margin,medium,12,0.6666666666666666,0.2,0,8.963895797729492,21.990183263415126,0.0798349380493164,12.605880737304688,12.526045799255371,-0.0798349380493164,0.10995091631707564,0.001373249616261579,1,0
M2_popmass,medium,12,0.6666666666666666,0.2,0,8.963895797729492,21.990183263415126,-0.019968032836914062,10.836793899536133,10.856761932373047,0.019968032836914062,0.10995091631707564,0.001373249616261579,1,0
M0_balanced,medium,12,0.6666666666666666,0.4,0,9.017417907714844,21.961215754544707,-0.023273468017578125,10.663429260253906,10.686702728271484,0.023273468017578125,0.10980607877272354,0.0013714406445052346,1,1
M1_margin,medium,12,0.6666666666666666,0.4,0,9.017417907714844,21.961215754544707,0.07979488372802734,12.605880737304688,12.52608585357666,-0.07979488372802734,0.10980607877272354,0.0013714406445052346,1,1
M2_popmass,medium,12,0.6666666666666666,0.4,0,9.017417907714844,21.961215754544707,-0.020006179809570312,10.836793899536133,10.856800079345703,0.020006179809570312,0.10980607877272354,0.0013714406445052346,1,1
M0_balanced,medium,12,0.6666666666666666,0.1,1,8.960538864135742,21.989953795044116,-0.02324390411376953,10.663429260253906,10.686673164367676,0.02324390411376953,0.10994976897522057,0.0013732352863513341,1,0
M1_margin,medium,12,0.6666666666666666,0.1,1,8.960538864135742,21.989953795044116,0.07985877990722656,12.605880737304688,12.526021957397461,-0.07985877990722656,0.10994976897522057,0.0013732352863513341,1,0
M2_popmass,medium,12,0.6666666666666666,0.1,1,8.960538864135742,21.989953795044116,-0.019957542419433594,10.836793899536133,10.856751441955566,0.019957542419433594,0.10994976897522057,0.0013732352863513341,1,0
M0_balanced,medium,12,0.6666666666666666,0.2,1,8.960538864135742,21.989953795044116,-0.02324390411376953,10.663429260253906,10.686673164367676,0.02324390411376953,0.10994976897522057,0.0013732352863513341,1,0
M1_margin,medium,12,0.6666666666666666,0.2,1,8.960538864135742,21.989953795044116,0.07985877990722656,12.605880737304688,12.526021957397461,-0.07985877990722656,0.10994976897522057,0.0013732352863513341,1,0
M2_popmass,medium,12,0.6666666666666666,0.2,1,8.960538864135742,21.989953795044116,-0.019957542419433594,10.836793899536133,10.856751441955566,0.019957542419433594,0.10994976897522057,0.0013732352863513341,1,0
M0_balanced,medium,12,0.6666666666666666,0.4,1,9.000486373901367,21.97655065295584,-0.023454666137695312,10.663429260253906,10.686883926391602,0.023454666137695312,0.1098827532647792,0.0013723982828798785,1,1
M1_margin,medium,12,0.6666666666666666,0.4,1,9.000486373901367,21.97655065295584,0.07940387725830078,12.605880737304688,12.526476860046387,-0.07940387725830078,0.1098827532647792,0.0013723982828798785,1,1
M2_popmass,medium,12,0.6666666666666666,0.4,1,9.000486373901367,21.97655065295584,-0.02019023895263672,10.836793899536133,10.85698413848877,0.02019023895263672,0.1098827532647792,0.0013723982828798785,1,1
M0_balanced,medium,12,0.6666666666666666,0.1,2,8.961678504943848,21.990131971078906,-0.02325153350830078,10.663429260253906,10.686680793762207,0.02325153350830078,0.10995065985539454,0.0013732464131422514,1,0
M1_margin,medium,12,0.6666666666666666,0.1,2,8.961678504943848,21.990131971078906,0.07983684539794922,12.605880737304688,12.526043891906738,-0.07983684539794922,0.10995065985539454,0.0013732464131422514,1,0
M2_popmass,medium,12,0.6666666666666666,0.1,2,8.961678504943848,21.990131971078906,-0.01996612548828125,10.836793899536133,10.856760025024414,0.01996612548828125,0.10995065985539454,0.0013732464131422514,1,0
M0_balanced,medium,12,0.6666666666666666,0.2,2,9.015556335449219,21.97517025856111,-0.023441314697265625,10.663429260253906,10.686870574951172,0.023441314697265625,0.10987585129280555,0.0013723120795931599,1,1
M1_margin,medium,12,0.6666666666666666,0.2,2,9.015556335449219,21.97517025856111,0.07947635650634766,12.605880737304688,12.52640438079834,-0.07947635650634766,0.10987585129280555,0.0013723120795931599,1,1
M2_popmass,medium,12,0.6666666666666666,0.2,2,9.015556335449219,21.97517025856111,-0.020175933837890625,10.836793899536133,10.856969833374023,0.020175933837890625,0.10987585129280555,0.0013723120795931599,1,1
M0_balanced,medium,12,0.6666666666666666,0.4,2,9.0493803024292,21.95296055942541,-0.02326202392578125,10.663429260253906,10.686691284179688,0.02326202392578125,0.10976480279712705,0.0013709251215833042,1,2
M1_margin,medium,12,0.6666666666666666,0.4,2,9.0493803024292,21.95296055942541,0.07979011535644531,12.605880737304688,12.526090621948242,-0.07979011535644531,0.10976480279712705,0.0013709251215833042,1,2
M2_popmass,medium,12,0.6666666666666666,0.4,2,9.0493803024292,21.95296055942541,-0.02000141143798828,10.836793899536133,10.856795310974121,0.02000141143798828,0.10976480279712705,0.0013709251215833042,1,2
M0_balanced,medium,12,0.6666666666666666,0.1,3,8.953390121459961,21.980029939305105,-0.02347087860107422,10.663429260253906,10.68690013885498,0.02347087860107422,0.10990014969652552,0.0013726155584062693,1,1
M1_margin,medium,12,0.6666666666666666,0.1,3,8.953390121459961,21.980029939305105,0.07927989959716797,12.605880737304688,12.52660083770752,-0.07927989959716797,0.10990014969652552,0.0013726155584062693,1,1
M2_popmass,medium,12,0.6666666666666666,0.1,3,8.953390121459961,21.980029939305105,-0.02021312713623047,10.836793899536133,10.857007026672363,0.02021312713623047,0.10990014969652552,0.0013726155584062693,1,1
M0_balanced,medium,12,0.6666666666666666,0.2,3,8.953390121459961,21.980029939305105,-0.02347087860107422,10.663429260253906,10.68690013885498,0.02347087860107422,0.10990014969652552,0.0013726155584062693,1,1
M1_margin,medium,12,0.6666666666666666,0.2,3,8.953390121459961,21.980029939305105,0.07927989959716797,12.605880737304688,12.52660083770752,-0.07927989959716797,0.10990014969652552,0.0013726155584062693,1,1
M2_popmass,medium,12,0.6666666666666666,0.2,3,8.953390121459961,21.980029939305105,-0.02021312713623047,10.836793899536133,10.857007026672363,0.02021312713623047,0.10990014969652552,0.0013726155584062693,1,1
M0_balanced,medium,12,0.6666666666666666,0.4,3,8.953390121459961,21.980029939305105,-0.02347087860107422,10.663429260253906,10.68690013885498,0.02347087860107422,0.10990014969652552,0.0013726155584062693,1,1
M1_margin,medium,12,0.6666666666666666,0.4,3,8.953390121459961,21.980029939305105,0.07927989959716797,12.605880737304688,12.52660083770752,-0.07927989959716797,0.10990014969652552,0.0013726155584062693,1,1
M2_popmass,medium,12,0.6666666666666666,0.4,3,8.953390121459961,21.980029939305105,-0.02021312713623047,10.836793899536133,10.857007026672363,0.02021312713623047,0.10990014969652552,0.0013726155584062693,1,1
M0_balanced,medium,12,0.6666666666666666,0.1,4,8.962191581726074,21.9903308719476,-0.02326202392578125,10.663429260253906,10.686691284179688,0.02326202392578125,0.109951654359738,0.0013732588341638652,1,0
M1_margin,medium,12,0.6666666666666666,0.1,4,8.962191581726074,21.9903308719476,0.07982540130615234,12.605880737304688,12.526055335998535,-0.07982540130615234,0.109951654359738,0.0013732588341638652,1,0
M2_popmass,medium,12,0.6666666666666666,0.1,4,8.962191581726074,21.9903308719476,-0.01997661590576172,10.836793899536133,10.856770515441895,0.01997661590576172,0.109951654359738,0.0013732588341638652,1,0
M0_balanced,medium,12,0.6666666666666666,0.2,4,9.015596389770508,21.96126210028719,-0.02328014373779297,10.663429260253906,10.6867094039917,0.02328014373779297,0.10980631050143595,0.0013714435387181803,1,1
M1_margin,medium,12,0.6666666666666666,0.2,4,9.015596389770508,21.96126210028719,0.07979011535644531,12.605880737304688,12.526090621948242,-0.07979011535644531,0.10980631050143595,0.0013714435387181803,1,1
M2_popmass,medium,12,0.6666666666666666,0.2,4,9.015596389770508,21.96126210028719,-0.020012855529785156,10.836793899536133,10.856806755065918,0.020012855529785156,0.10980631050143595,0.0013714435387181803,1,1
M0_balanced,medium,12,0.6666666666666666,0.4,4,9.082975387573242,21.943594262740067,-0.023183822631835938,10.663429260253906,10.686613082885742,0.023183822631835938,0.10971797131370034,0.0013703402122546796,1,3
M1_margin,medium,12,0.6666666666666666,0.4,4,9.082975387573242,21.943594262740067,0.0798501968383789,12.605880737304688,12.526030540466309,-0.0798501968383789,0.10971797131370034,0.0013703402122546796,1,3
M2_popmass,medium,12,0.6666666666666666,0.4,4,9.082975387573242,21.943594262740067,-0.01993560791015625,10.836793899536133,10.856729507446289,0.01993560791015625,0.10971797131370034,0.0013703402122546796,1,3
M0_balanced,medium,13,0.5,0.1,0,9.048151016235352,16.089983628495357,-0.16021251678466797,10.663429260253906,10.823641777038574,0.16021251678466797,0.08044991814247679,0.0010047921647040811,1,1
M1_margin,medium,13,0.5,0.1,0,9.048151016235352,16.089983628495357,-0.3198261260986328,12.605880737304688,12.92570686340332,0.3198261260986328,0.08044991814247679,0.0010047921647040811,1,1
M2_popmass,medium,13,0.5,0.1,0,9.048151016235352,16.089983628495357,-0.1595916748046875,10.836793899536133,10.99638557434082,0.1595916748046875,0.08044991814247679,0.0010047921647040811,1,1
M0_balanced,medium,13,0.5,0.2,0,9.048151016235352,16.089983628495357,-0.16021251678466797,10.663429260253906,10.823641777038574,0.16021251678466797,0.08044991814247679,0.0010047921647040811,1,1
M1_margin,medium,13,0.5,0.2,0,9.048151016235352,16.089983628495357,-0.3198261260986328,12.605880737304688,12.92570686340332,0.3198261260986328,0.08044991814247679,0.0010047921647040811,1,1
M2_popmass,medium,13,0.5,0.2,0,9.048151016235352,16.089983628495357,-0.1595916748046875,10.836793899536133,10.99638557434082,0.1595916748046875,0.08044991814247679,0.0010047921647040811,1,1
M0_balanced,medium,13,0.5,0.4,0,9.088491439819336,16.08948709717541,-0.16021728515625,10.663429260253906,10.823646545410156,0.16021728515625,0.08044743548587706,0.001004761157166017,1,2
M1_margin,medium,13,0.5,0.4,0,9.088491439819336,16.08948709717541,-0.31984710693359375,12.605880737304688,12.925727844238281,0.31984710693359375,0.08044743548587706,0.001004761157166017,1,2
M2_popmass,medium,13,0.5,0.4,0,9.088491439819336,16.08948709717541,-0.15959644317626953,10.836793899536133,10.996390342712402,0.15959644317626953,0.08044743548587706,0.001004761157166017,1,2
M0_balanced,medium,13,0.5,0.1,1,9.028650283813477,16.109228043305688,-0.16060256958007812,10.663429260253906,10.824031829833984,0.16060256958007812,0.08054614021652844,0.0010059939457414148,1,0
M1_margin,medium,13,0.5,0.1,1,9.028650283813477,16.109228043305688,-0.3203773498535156,12.605880737304688,12.926258087158203,0.3203773498535156,0.08054614021652844,0.0010059939457414148,1,0
M2_popmass,medium,13,0.5,0.1,1,9.028650283813477,16.109228043305688,-0.15998077392578125,10.836793899536133,10.996774673461914,0.15998077392578125,0.08054614021652844,0.0010059939457414148,1,0
M0_balanced,medium,13,0.5,0.2,1,9.028650283813477,16.109228043305688,-0.16060256958007812,10.663429260253906,10.824031829833984,0.16060256958007812,0.08054614021652844,0.0010059939457414148,1,0
M1_margin,medium,13,0.5,0.2,1,9.028650283813477,16.109228043305688,-0.3203773498535156,12.605880737304688,12.926258087158203,0.3203773498535156,0.08054614021652844,0.0010059939457414148,1,0
M2_popmass,medium,13,0.5,0.2,1,9.028650283813477,16.109228043305688,-0.15998077392578125,10.836793899536133,10.996774673461914,0.15998077392578125,0.08054614021652844,0.0010059939457414148,1,0
M0_balanced,medium,13,0.5,0.4,1,9.112482070922852,16.116549553585198,-0.1604318618774414,10.663429260253906,10.823861122131348,0.1604318618774414,0.080582747767926,0.0010064511616300392,1,1
M1_margin,medium,13,0.5,0.4,1,9.112482070922852,16.116549553585198,-0.320281982421875,12.605880737304688,12.926162719726562,0.320281982421875,0.080582747767926,0.0010064511616300392,1,1
M2_popmass,medium,13,0.5,0.4,1,9.112482070922852,16.116549553585198,-0.1598052978515625,10.836793899536133,10.996599197387695,0.1598052978515625,0.080582747767926,0.0010064511616300392,1,1
M0_balanced,medium,13,0.5,0.1,2,9.111824035644531,16.11709044654162,-0.1604166030883789,10.663429260253906,10.823845863342285,0.1604166030883789,0.0805854522327081,0.0010064849394769968,1,1
M1_margin,medium,13,0.5,0.1,2,9.111824035644531,16.11709044654162,-0.32024097442626953,12.605880737304688,12.926121711730957,0.32024097442626953,0.0805854522327081,0.0010064849394769968,1,1
M2_popmass,medium,13,0.5,0.1,2,9.111824035644531,16.11709044654162,-0.1597890853881836,10.836793899536133,10.996582984924316,0.1597890853881836,0.0805854522327081,0.0010064849394769968,1,1
M0_balanced,medium,13,0.5,0.2,2,9.111824035644531,16.11709044654162,-0.1604166030883789,10.663429260253906,10.823845863342285,0.1604166030883789,0.0805854522327081,0.0010064849394769968,1,1
M1_margin,medium,13,0.5,0.2,2,9.111824035644531,16.11709044654162,-0.32024097442626953,12.605880737304688,12.926121711730957,0.32024097442626953,0.0805854522327081,0.0010064849394769968,1,1
M2_popmass,medium,13,0.5,0.2,2,9.111824035644531,16.11709044654162,-0.1597890853881836,10.836793899536133,10.996582984924316,0.1597890853881836,0.0805854522327081,0.0010064849394769968,1,1
M0_balanced,medium,13,0.5,0.4,2,9.111824035644531,16.11709044654162,-0.1604166030883789,10.663429260253906,10.823845863342285,0.1604166030883789,0.0805854522327081,0.0010064849394769968,1,1
M1_margin,medium,13,0.5,0.4,2,9.111824035644531,16.11709044654162,-0.32024097442626953,12.605880737304688,12.926121711730957,0.32024097442626953,0.0805854522327081,0.0010064849394769968,1,1
M2_popmass,medium,13,0.5,0.4,2,9.111824035644531,16.11709044654162,-0.1597890853881836,10.836793899536133,10.996582984924316,0.1597890853881836,0.0805854522327081,0.0010064849394769968,1,1
M0_balanced,medium,13,0.5,0.1,3,9.02646255493164,16.10823318066032,-0.16056537628173828,10.663429260253906,10.823994636535645,0.16056537628173828,0.08054116590330161,0.0010059318182580003,1,0
M1_margin,medium,13,0.5,0.1,3,9.02646255493164,16.10823318066032,-0.32029056549072266,12.605880737304688,12.92617130279541,0.32029056549072266,0.08054116590330161,0.0010059318182580003,1,0
M2_popmass,medium,13,0.5,0.1,3,9.02646255493164,16.10823318066032,-0.1599416732788086,10.836793899536133,10.996735572814941,0.1599416732788086,0.08054116590330161,0.0010059318182580003,1,0
M0_balanced,medium,13,0.5,0.2,3,9.02646255493164,16.10823318066032,-0.16056537628173828,10.663429260253906,10.823994636535645,0.16056537628173828,0.08054116590330161,0.0010059318182580003,1,0
M1_margin,medium,13,0.5,0.2,3,9.02646255493164,16.10823318066032,-0.32029056549072266,12.605880737304688,12.92617130279541,0.32029056549072266,0.08054116590330161,0.0010059318182580003,1,0
M2_popmass,medium,13,0.5,0.2,3,9.02646255493164,16.10823318066032,-0.1599416732788086,10.836793899536133,10.996735572814941,0.1599416732788086,0.08054116590330161,0.0010059318182580003,1,0
M0_balanced,medium,13,0.5,0.4,3,9.075925827026367,16.114906962800003,-0.16039466857910156,10.663429260253906,10.823823928833008,0.16039466857910156,0.08057453481400001,0.0010063485846238166,1,1
M1_margin,medium,13,0.5,0.4,3,9.075925827026367,16.114906962800003,-0.320098876953125,12.605880737304688,12.925979614257812,0.320098876953125,0.08057453481400001,0.0010063485846238166,1,1
M2_popmass,medium,13,0.5,0.4,3,9.075925827026367,16.114906962800003,-0.15977001190185547,10.836793899536133,10.996563911437988,0.15977001190185547,0.08057453481400001,0.0010063485846238166,1,1
M0_balanced,medium,13,0.5,0.1,4,9.029851913452148,16.080089817625282,-0.16016006469726562,10.663429260253906,10.823589324951172,0.16016006469726562,0.08040044908812641,0.00100417431301008,1,0
M1_margin,medium,13,0.5,0.1,4,9.029851913452148,16.080089817625282,-0.31961822509765625,12.605880737304688,12.925498962402344,0.31961822509765625,0.08040044908812641,0.00100417431301008,1,0
M2_popmass,medium,13,0.5,0.1,4,9.029851913452148,16.080089817625282,-0.1595315933227539,10.836793899536133,10.996325492858887,0.1595315933227539,0.08040044908812641,0.00100417431301008,1,0
M0_balanced,medium,13,0.5,0.2,4,9.029851913452148,16.080089817625282,-0.16016006469726562,10.663429260253906,10.823589324951172,0.16016006469726562,0.08040044908812641,0.00100417431301008,1,0
M1_margin,medium,13,0.5,0.2,4,9.029851913452148,16.080089817625282,-0.31961822509765625,12.605880737304688,12.925498962402344,0.31961822509765625,0.08040044908812641,0.00100417431301008,1,0
M2_popmass,medium,13,0.5,0.2,4,9.029851913452148,16.080089817625282,-0.1595315933227539,10.836793899536133,10.996325492858887,0.1595315933227539,0.08040044908812641,0.00100417431301008,1,0
M0_balanced,medium,13,0.5,0.4,4,9.029851913452148,16.080089817625282,-0.16016006469726562,10.663429260253906,10.823589324951172,0.16016006469726562,0.08040044908812641,0.00100417431301008,1,0
M1_margin,medium,13,0.5,0.4,4,9.029851913452148,16.080089817625282,-0.31961822509765625,12.605880737304688,12.925498962402344,0.31961822509765625,0.08040044908812641,0.00100417431301008,1,0
M2_popmass,medium,13,0.5,0.4,4,9.029851913452148,16.080089817625282,-0.1595315933227539,10.836793899536133,10.996325492858887,0.1595315933227539,0.08040044908812641,0.00100417431301008,1,0
M0_balanced,medium,14,0.5,0.1,0,8.999290466308594,18.325107388600667,-0.14333724975585938,10.663429260253906,10.806766510009766,0.14333724975585938,0.09162553694300334,0.0011443718493794816,1,0
M1_margin,medium,14,0.5,0.1,0,8.999290466308594,18.325107388600667,-0.2576255798339844,12.605880737304688,12.863506317138672,0.2576255798339844,0.09162553694300334,0.0011443718493794816,1,0
M2_popmass,medium,14,0.5,0.1,0,8.999290466308594,18.325107388600667,-0.14257049560546875,10.836793899536133,10.979364395141602,0.14257049560546875,0.09162553694300334,0.0011443718493794816,1,0
M0_balanced,medium,14,0.5,0.2,0,8.999290466308594,18.325107388600667,-0.14333724975585938,10.663429260253906,10.806766510009766,0.14333724975585938,0.09162553694300334,0.0011443718493794816,1,0
M1_margin,medium,14,0.5,0.2,0,8.999290466308594,18.325107388600667,-0.2576255798339844,12.605880737304688,12.863506317138672,0.2576255798339844,0.09162553694300334,0.0011443718493794816,1,0
M2_popmass,medium,14,0.5,0.2,0,8.999290466308594,18.325107388600667,-0.14257049560546875,10.836793899536133,10.979364395141602,0.14257049560546875,0.09162553694300334,0.0011443718493794816,1,0
M0_balanced,medium,14,0.5,0.4,0,9.012667655944824,18.31884014793579,-0.14313697814941406,10.663429260253906,10.80656623840332,0.14313697814941406,0.09159420073967896,0.001143980470838659,1,1
M1_margin,medium,14,0.5,0.4,0,9.012667655944824,18.31884014793579,-0.2574424743652344,12.605880737304688,12.863323211669922,0.2574424743652344,0.09159420073967896,0.001143980470838659,1,1
M2_popmass,medium,14,0.5,0.4,0,9.012667655944824,18.31884014793579,-0.14236927032470703,10.836793899536133,10.97916316986084,0.14236927032470703,0.09159420073967896,0.001143980470838659,1,1
M0_balanced,medium,14,0.5,0.1,1,8.998777389526367,18.325384592597334,-0.1433429718017578,10.663429260253906,10.806772232055664,0.1433429718017578,0.09162692296298668,0.0011443891602985173,1,0
M1_margin,medium,14,0.5,0.1,1,8.998777389526367,18.325384592597334,-0.25762462615966797,12.605880737304688,12.863505363464355,0.25762462615966797,0.09162692296298668,0.0011443891602985173,1,0
M2_popmass,medium,14,0.5,0.1,1,8.998777389526367,18.325384592597334,-0.1425762176513672,10.836793899536133,10.9793701171875,0.1425762176513672,0.09162692296298668,0.0011443891602985173,1,0
M0_balanced,medium,14,0.5,0.2,1,8.998777389526367,18.325384592597334,-0.1433429718017578,10.663429260253906,10.806772232055664,0.1433429718017578,0.09162692296298668,0.0011443891602985173,1,0
M1_margin,medium,14,0.5,0.2,1,8.998777389526367,18.325384592597334,-0.25762462615966797,12.605880737304688,12.863505363464355,0.25762462615966797,0.09162692296298668,0.0011443891602985173,1,0
M2_popmass,medium,14,0.5,0.2,1,8.998777389526367,18.325384592597334,-0.1425762176513672,10.836793899536133,10.9793701171875,0.1425762176513672,0.09162692296298668,0.0011443891602985173,1,0
M0_balanced,medium,14,0.5,0.4,1,9.016569137573242,18.321989020584894,-0.14352989196777344,10.663429260253906,10.80695915222168,0.14352989196777344,0.09160994510292447,0.0011441771125903551,1,1
M1_margin,medium,14,0.5,0.4,1,9.016569137573242,18.321989020584894,-0.25795555114746094,12.605880737304688,12.863836288452148,0.25795555114746094,0.09160994510292447,0.0011441771125903551,1,1
M2_popmass,medium,14,0.5,0.4,1,9.016569137573242,18.321989020584894,-0.14276790618896484,10.836793899536133,10.979561805725098,0.14276790618896484,0.09160994510292447,0.0011441771125903551,1,1
M0_balanced,medium,14,0.5,0.1,2,8.999895095825195,18.32552424172368,-0.1433429718017578,10.663429260253906,10.806772232055664,0.1433429718017578,0.0916276212086184,0.0011443978811494018,1,0
M1_margin,medium,14,0.5,0.1,2,8.999895095825195,18.32552424172368,-0.2576313018798828,12.605880737304688,12.86351203918457,0.2576313018798828,0.0916276212086184,0.0011443978811494018,1,0
M2_popmass,medium,14,0.5,0.1,2,8.999895095825195,18.32552424172368,-0.1425762176513672,10.836793899536133,10.9793701171875,0.1425762176513672,0.0916276212086184,0.0011443978811494018,1,0
M0_balanced,medium,14,0.5,0.2,2,8.999895095825195,18.32552424172368,-0.1433429718017578,10.663429260253906,10.806772232055664,0.1433429718017578,0.0916276212086184,0.0011443978811494018,1,0
M1_margin,medium,14,0.5,0.2,2,8.999895095825195,18.32552424172368,-0.2576313018798828,12.605880737304688,12.86351203918457,0.2576313018798828,0.0916276212086184,0.0011443978811494018,1,0
M2_popmass,medium,14,0.5,0.2,2,8.999895095825195,18.32552424172368,-0.1425762176513672,10.836793899536133,10.9793701171875,0.1425762176513672,0.0916276212086184,0.0011443978811494018,1,0
M0_balanced,medium,14,0.5,0.4,2,8.999895095825195,18.32552424172368,-0.1433429718017578,10.663429260253906,10.806772232055664,0.1433429718017578,0.0916276212086184,0.0011443978811494018,1,0
M1_margin,medium,14,0.5,0.4,2,8.999895095825195,18.32552424172368,-0.2576313018798828,12.605880737304688,12.86351203918457,0.2576313018798828,0.0916276212086184,0.0011443978811494018,1,0
M2_popmass,medium,14,0.5,0.4,2,8.999895095825195,18.32552424172368,-0.1425762176513672,10.836793899536133,10.9793701171875,0.1425762176513672,0.0916276212086184,0.0011443978811494018,1,0
M0_balanced,medium,14,0.5,0.1,3,9.053053855895996,18.29016248999618,-0.1428394317626953,10.663429260253906,10.806268692016602,0.1428394317626953,0.0914508124499809,0.0011421895997809188,1,0
M1_margin,medium,14,0.5,0.1,3,9.053053855895996,18.29016248999618,-0.25748157501220703,12.605880737304688,12.863362312316895,0.25748157501220703,0.0914508124499809,0.0011421895997809188,1,0
M2_popmass,medium,14,0.5,0.1,3,9.053053855895996,18.29016248999618,-0.14208221435546875,10.836793899536133,10.978876113891602,0.14208221435546875,0.0914508124499809,0.0011421895997809188,1,0
M0_balanced,medium,14,0.5,0.2,3,9.077779769897461,18.293252867886967,-0.1428518295288086,10.663429260253906,10.806281089782715,0.1428518295288086,0.09146626433943483,0.0011423825886342535,1,1
M1_margin,medium,14,0.5,0.2,3,9.077779769897461,18.293252867886967,-0.2577247619628906,12.605880737304688,12.863605499267578,0.2577247619628906,0.09146626433943483,0.0011423825886342535,1,1
M2_popmass,medium,14,0.5,0.2,3,9.077779769897461,18.293252867886967,-0.14209938049316406,10.836793899536133,10.978893280029297,0.14209938049316406,0.09146626433943483,0.0011423825886342535,1,1
M0_balanced,medium,14,0.5,0.4,3,9.077779769897461,18.293252867886967,-0.1428518295288086,10.663429260253906,10.806281089782715,0.1428518295288086,0.09146626433943483,0.0011423825886342535,1,1
M1_margin,medium,14,0.5,0.4,3,9.077779769897461,18.293252867886967,-0.2577247619628906,12.605880737304688,12.863605499267578,0.2577247619628906,0.09146626433943483,0.0011423825886342535,1,1
M2_popmass,medium,14,0.5,0.4,3,9.077779769897461,18.293252867886967,-0.14209938049316406,10.836793899536133,10.978893280029297,0.14209938049316406,0.09146626433943483,0.0011423825886342535,1,1
M0_balanced,medium,14,0.5,0.1,4,9.001948356628418,18.326209866342055,-0.14335250854492188,10.663429260253906,10.806781768798828,0.14335250854492188,0.09163104933171028,0.0011444406972429652,1,0
M1_margin,medium,14,0.5,0.1,4,9.001948356628418,18.326209866342055,-0.25765228271484375,12.605880737304688,12.863533020019531,0.25765228271484375,0.09163104933171028,0.0011444406972429652,1,0
M2_popmass,medium,14,0.5,0.1,4,9.001948356628418,18.326209866342055,-0.14258575439453125,10.836793899536133,10.979379653930664,0.14258575439453125,0.09163104933171028,0.0011444406972429652,1,0
M0_balanced,medium,14,0.5,0.2,4,9.001948356628418,18.326209866342055,-0.14335250854492188,10.663429260253906,10.806781768798828,0.14335250854492188,0.09163104933171028,0.0011444406972429652,1,0
M1_margin,medium,14,0.5,0.2,4,9.001948356628418,18.326209866342055,-0.25765228271484375,12.605880737304688,12.863533020019531,0.25765228271484375,0.09163104933171028,0.0011444406972429652,1,0
M2_popmass,medium,14,0.5,0.2,4,9.001948356628418,18.326209866342055,-0.14258575439453125,10.836793899536133,10.979379653930664,0.14258575439453125,0.09163104933171028,0.0011444406972429652,1,0
M0_balanced,medium,14,0.5,0.4,4,9.014991760253906,18.31983581702031,-0.14314651489257812,10.663429260253906,10.806575775146484,0.14314651489257812,0.09159917908510154,0.0011440426486828295,1,1
M1_margin,medium,14,0.5,0.4,4,9.014991760253906,18.31983581702031,-0.2574577331542969,12.605880737304688,12.863338470458984,0.2574577331542969,0.09159917908510154,0.0011440426486828295,1,1
M2_popmass,medium,14,0.5,0.4,4,9.014991760253906,18.31983581702031,-0.1423788070678711,10.836793899536133,10.979172706604004,0.1423788070678711,0.09159917908510154,0.0011440426486828295,1,1
M0_balanced,medium,15,0.5,0.1,0,9.447179794311523,16.521236461469563,-0.11178016662597656,10.663429260253906,10.775209426879883,0.11178016662597656,0.08260618230734781,0.0010317231720676629,1,0
M1_margin,medium,15,0.5,0.1,0,9.447179794311523,16.521236461469563,-0.17157554626464844,12.605880737304688,12.777456283569336,0.17157554626464844,0.08260618230734781,0.0010317231720676629,1,0
M2_popmass,medium,15,0.5,0.1,0,9.447179794311523,16.521236461469563,-0.1115264892578125,10.836793899536133,10.948320388793945,0.1115264892578125,0.08260618230734781,0.0010317231720676629,1,0
M0_balanced,medium,15,0.5,0.2,0,9.447179794311523,16.521236461469563,-0.11178016662597656,10.663429260253906,10.775209426879883,0.11178016662597656,0.08260618230734781,0.0010317231720676629,1,0
M1_margin,medium,15,0.5,0.2,0,9.447179794311523,16.521236461469563,-0.17157554626464844,12.605880737304688,12.777456283569336,0.17157554626464844,0.08260618230734781,0.0010317231720676629,1,0
M2_popmass,medium,15,0.5,0.2,0,9.447179794311523,16.521236461469563,-0.1115264892578125,10.836793899536133,10.948320388793945,0.1115264892578125,0.08260618230734781,0.0010317231720676629,1,0
M0_balanced,medium,15,0.5,0.4,0,9.470993041992188,16.508034186865398,-0.1117563247680664,10.663429260253906,10.775185585021973,0.1117563247680664,0.08254017093432699,0.0010308987124296154,1,1
M1_margin,medium,15,0.5,0.4,0,9.470993041992188,16.508034186865398,-0.1720714569091797,12.605880737304688,12.777952194213867,0.1720714569091797,0.08254017093432699,0.0010308987124296154,1,1
M2_popmass,medium,15,0.5,0.4,0,9.470993041992188,16.508034186865398,-0.1115274429321289,10.836793899536133,10.948321342468262,0.1115274429321289,0.08254017093432699,0.0010308987124296154,1,1
M0_balanced,medium,15,0.5,0.1,1,9.444768905639648,16.520782311254813,-0.11178874969482422,10.663429260253906,10.77521800994873,0.11178874969482422,0.08260391155627407,0.001031694811157676,1,0
M1_margin,medium,15,0.5,0.1,1,9.444768905639648,16.520782311254813,-0.1715984344482422,12.605880737304688,12.77747917175293,0.1715984344482422,0.08260391155627407,0.001031694811157676,1,0
M2_popmass,medium,15,0.5,0.1,1,9.444768905639648,16.520782311254813,-0.11153507232666016,10.836793899536133,10.948328971862793,0.11153507232666016,0.08260391155627407,0.001031694811157676,1,0
M0_balanced,medium,15,0.5,0.2,1,9.47689437866211,16.512938703813713,-0.11209297180175781,10.663429260253906,10.775522232055664,0.11209297180175781,0.08256469351906857,0.0010312049911875754,1,1
M1_margin,medium,15,0.5,0.2,1,9.47689437866211,16.512938703813713,-0.17218971252441406,12.605880737304688,12.778070449829102,0.17218971252441406,0.08256469351906857,0.0010312049911875754,1,1
M2_popmass,medium,15,0.5,0.2,1,9.47689437866211,16.512938703813713,-0.11185646057128906,10.836793899536133,10.948650360107422,0.11185646057128906,0.08256469351906857,0.0010312049911875754,1,1
M0_balanced,medium,15,0.5,0.4,1,9.47689437866211,16.512938703813713,-0.11209297180175781,10.663429260253906,10.775522232055664,0.11209297180175781,0.08256469351906857,0.0010312049911875754,1,1
M1_margin,medium,15,0.5,0.4,1,9.47689437866211,16.512938703813713,-0.17218971252441406,12.605880737304688,12.778070449829102,0.17218971252441406,0.08256469351906857,0.0010312049911875754,1,1
M2_popmass,medium,15,0.5,0.4,1,9.47689437866211,16.512938703813713,-0.11185646057128906,10.836793899536133,10.948650360107422,0.11185646057128906,0.08256469351906857,0.0010312049911875754,1,1
M0_balanced,medium,15,0.5,0.1,2,9.44456672668457,16.523831614212774,-0.11181831359863281,10.663429260253906,10.775247573852539,0.11181831359863281,0.08261915807106388,0.0010318852349511809,1,0
M1_margin,medium,15,0.5,0.1,2,9.44456672668457,16.523831614212774,-0.17164039611816406,12.605880737304688,12.777521133422852,0.17164039611816406,0.08261915807106388,0.0010318852349511809,1,0
M2_popmass,medium,15,0.5,0.1,2,9.44456672668457,16.523831614212774,-0.11156558990478516,10.836793899536133,10.948359489440918,0.11156558990478516,0.08261915807106388,0.0010318852349511809,1,0
M0_balanced,medium,15,0.5,0.2,2,9.476675987243652,16.51589358003272,-0.11212158203125,10.663429260253906,10.775550842285156,0.11212158203125,0.0825794679001636,0.0010313895181915226,1,1
M1_margin,medium,15,0.5,0.2,2,9.476675987243652,16.51589358003272,-0.17223358154296875,12.605880737304688,12.778114318847656,0.17223358154296875,0.0825794679001636,0.0010313895181915226,1,1
M2_popmass,medium,15,0.5,0.2,2,9.476675987243652,16.51589358003272,-0.11188507080078125,10.836793899536133,10.948678970336914,0.11188507080078125,0.0825794679001636,0.0010313895181915226,1,1
M0_balanced,medium,15,0.5,0.4,2,9.476675987243652,16.51589358003272,-0.11212158203125,10.663429260253906,10.775550842285156,0.11212158203125,0.0825794679001636,0.0010313895181915226,1,1
M1_margin,medium,15,0.5,0.4,2,9.476675987243652,16.51589358003272,-0.17223358154296875,12.605880737304688,12.778114318847656,0.17223358154296875,0.0825794679001636,0.0010313895181915226,1,1
M2_popmass,medium,15,0.5,0.4,2,9.476675987243652,16.51589358003272,-0.11188507080078125,10.836793899536133,10.948678970336914,0.11188507080078125,0.0825794679001636,0.0010313895181915226,1,1
M0_balanced,medium,15,0.5,0.1,3,9.444901466369629,16.52183917992041,-0.11179542541503906,10.663429260253906,10.775224685668945,0.11179542541503906,0.08260919589960204,0.0010317608108117982,1,0
M1_margin,medium,15,0.5,0.1,3,9.444901466369629,16.52183917992041,-0.17162132263183594,12.605880737304688,12.777502059936523,0.17162132263183594,0.08260919589960204,0.0010317608108117982,1,0
M2_popmass,medium,15,0.5,0.1,3,9.444901466369629,16.52183917992041,-0.1115427017211914,10.836793899536133,10.948336601257324,0.1115427017211914,0.08260919589960204,0.0010317608108117982,1,0
M0_balanced,medium,15,0.5,0.2,3,9.468536376953125,16.50898182724461,-0.1117706298828125,10.663429260253906,10.775199890136719,0.1117706298828125,0.08254490913622306,0.0010309578909626692,1,1
M1_margin,medium,15,0.5,0.2,3,9.468536376953125,16.50898182724461,-0.17211627960205078,12.605880737304688,12.777997016906738,0.17211627960205078,0.08254490913622306,0.0010309578909626692,1,1
M2_popmass,medium,15,0.5,0.2,3,9.468536376953125,16.50898182724461,-0.1115427017211914,10.836793899536133,10.948336601257324,0.1115427017211914,0.08254490913622306,0.0010309578909626692,1,1
M0_balanced,medium,15,0.5,0.4,3,9.468536376953125,16.50898182724461,-0.1117706298828125,10.663429260253906,10.775199890136719,0.1117706298828125,0.08254490913622306,0.0010309578909626692,1,1
M1_margin,medium,15,0.5,0.4,3,9.468536376953125,16.50898182724461,-0.17211627960205078,12.605880737304688,12.777997016906738,0.17211627960205078,0.08254490913622306,0.0010309578909626692,1,1
M2_popmass,medium,15,0.5,0.4,3,9.468536376953125,16.50898182724461,-0.1115427017211914,10.836793899536133,10.948336601257324,0.1115427017211914,0.08254490913622306,0.0010309578909626692,1,1
M0_balanced,medium,15,0.5,0.1,4,9.47839641571045,16.514040688328404,-0.11209487915039062,10.663429260253906,10.775524139404297,0.11209487915039062,0.08257020344164202,0.0010312738082498888,1,1
M1_margin,medium,15,0.5,0.1,4,9.47839641571045,16.514040688328404,-0.17220592498779297,12.605880737304688,12.77808666229248,0.17220592498779297,0.08257020344164202,0.0010312738082498888,1,1
M2_popmass,medium,15,0.5,0.1,4,9.47839641571045,16.514040688328404,-0.11185836791992188,10.836793899536133,10.948652267456055,0.11185836791992188,0.08257020344164202,0.0010312738082498888,1,1
M0_balanced,medium,15,0.5,0.2,4,9.47839641571045,16.514040688328404,-0.11209487915039062,10.663429260253906,10.775524139404297,0.11209487915039062,0.08257020344164202,0.0010312738082498888,1,1
M1_margin,medium,15,0.5,0.2,4,9.47839641571045,16.514040688328404,-0.17220592498779297,12.605880737304688,12.77808666229248,0.17220592498779297,0.08257020344164202,0.0010312738082498888,1,1
M2_popmass,medium,15,0.5,0.2,4,9.47839641571045,16.514040688328404,-0.11185836791992188,10.836793899536133,10.948652267456055,0.11185836791992188,0.08257020344164202,0.0010312738082498888,1,1
M0_balanced,medium,15,0.5,0.4,4,9.47839641571045,16.514040688328404,-0.11209487915039062,10.663429260253906,10.775524139404297,0.11209487915039062,0.08257020344164202,0.0010312738082498888,1,1
M1_margin,medium,15,0.5,0.4,4,9.47839641571045,16.514040688328404,-0.17220592498779297,12.605880737304688,12.77808666229248,0.17220592498779297,0.08257020344164202,0.0010312738082498888,1,1
M2_popmass,medium,15,0.5,0.4,4,9.47839641571045,16.514040688328404,-0.11185836791992188,10.836793899536133,10.948652267456055,0.11185836791992188,0.08257020344164202,0.0010312738082498888,1,1
M0_balanced,medium,16,0.5,0.1,0,10.450567245483398,17.07166424046768,0.06441593170166016,10.663429260253906,10.599013328552246,-0.06441593170166016,0.0853583212023384,0.001066096452509869,1,0
M1_margin,medium,16,0.5,0.1,0,10.450567245483398,17.07166424046768,0.13514328002929688,12.605880737304688,12.47073745727539,-0.13514328002929688,0.0853583212023384,0.001066096452509869,1,0
M2_popmass,medium,16,0.5,0.1,0,10.450567245483398,17.07166424046768,0.066253662109375,10.836793899536133,10.770540237426758,-0.066253662109375,0.0853583212023384,0.001066096452509869,1,0
M0_balanced,medium,16,0.5,0.2,0,10.450567245483398,17.07166424046768,0.06441593170166016,10.663429260253906,10.599013328552246,-0.06441593170166016,0.0853583212023384,0.001066096452509869,1,0
M1_margin,medium,16,0.5,0.2,0,10.450567245483398,17.07166424046768,0.13514328002929688,12.605880737304688,12.47073745727539,-0.13514328002929688,0.0853583212023384,0.001066096452509869,1,0
M2_popmass,medium,16,0.5,0.2,0,10.450567245483398,17.07166424046768,0.066253662109375,10.836793899536133,10.770540237426758,-0.066253662109375,0.0853583212023384,0.001066096452509869,1,0
M0_balanced,medium,16,0.5,0.4,0,10.505793571472168,16.986560565163803,0.06372642517089844,10.663429260253906,10.599702835083008,-0.06372642517089844,0.08493280282581901,0.001060781872451415,1,2
M1_margin,medium,16,0.5,0.4,0,10.505793571472168,16.986560565163803,0.13285446166992188,12.605880737304688,12.473026275634766,-0.13285446166992188,0.08493280282581901,0.001060781872451415,1,2
M2_popmass,medium,16,0.5,0.4,0,10.505793571472168,16.986560565163803,0.06551742553710938,10.836793899536133,10.771276473999023,-0.06551742553710938,0.08493280282581901,0.001060781872451415,1,2
M0_balanced,medium,16,0.5,0.1,1,10.389759063720703,17.071437890412973,0.0645599365234375,10.663429260253906,10.598869323730469,-0.0645599365234375,0.08535718945206487,0.0010660823173331841,1,0
M1_margin,medium,16,0.5,0.1,1,10.389759063720703,17.071437890412973,0.13538074493408203,12.605880737304688,12.470499992370605,-0.13538074493408203,0.08535718945206487,0.0010660823173331841,1,0
M2_popmass,medium,16,0.5,0.1,1,10.389759063720703,17.071437890412973,0.0664052963256836,10.836793899536133,10.77038860321045,-0.0664052963256836,0.08535718945206487,0.0010660823173331841,1,0
M0_balanced,medium,16,0.5,0.2,1,10.389759063720703,17.071437890412973,0.0645599365234375,10.663429260253906,10.598869323730469,-0.0645599365234375,0.08535718945206487,0.0010660823173331841,1,0
M1_margin,medium,16,0.5,0.2,1,10.389759063720703,17.071437890412973,0.13538074493408203,12.605880737304688,12.470499992370605,-0.13538074493408203,0.08535718945206487,0.0010660823173331841,1,0
M2_popmass,medium,16,0.5,0.2,1,10.389759063720703,17.071437890412973,0.0664052963256836,10.836793899536133,10.77038860321045,-0.0664052963256836,0.08535718945206487,0.0010660823173331841,1,0
M0_balanced,medium,16,0.5,0.4,1,10.389759063720703,17.071437890412973,0.0645599365234375,10.663429260253906,10.598869323730469,-0.0645599365234375,0.08535718945206487,0.0010660823173331841,1,0
M1_margin,medium,16,0.5,0.4,1,10.389759063720703,17.071437890412973,0.13538074493408203,12.605880737304688,12.470499992370605,-0.13538074493408203,0.08535718945206487,0.0010660823173331841,1,0
M2_popmass,medium,16,0.5,0.4,1,10.389759063720703,17.071437890412973,0.0664052963256836,10.836793899536133,10.77038860321045,-0.0664052963256836,0.08535718945206487,0.0010660823173331841,1,0
M0_balanced,medium,16,0.5,0.1,2,10.389310836791992,17.071456969011077,0.06454849243164062,10.663429260253906,10.598880767822266,-0.06454849243164062,0.08535728484505539,0.0010660835087592496,1,0
M1_margin,medium,16,0.5,0.1,2,10.389310836791992,17.071456969011077,0.1353435516357422,12.605880737304688,12.470537185668945,-0.1353435516357422,0.08535728484505539,0.0010660835087592496,1,0
M2_popmass,medium,16,0.5,0.1,2,10.389310836791992,17.071456969011077,0.06639289855957031,10.836793899536133,10.770401000976562,-0.06639289855957031,0.08535728484505539,0.0010660835087592496,1,0
M0_balanced,medium,16,0.5,0.2,2,10.389310836791992,17.071456969011077,0.06454849243164062,10.663429260253906,10.598880767822266,-0.06454849243164062,0.08535728484505539,0.0010660835087592496,1,0
M1_margin,medium,16,0.5,0.2,2,10.389310836791992,17.071456969011077,0.1353435516357422,12.605880737304688,12.470537185668945,-0.1353435516357422,0.08535728484505539,0.0010660835087592496,1,0
M2_popmass,medium,16,0.5,0.2,2,10.389310836791992,17.071456969011077,0.06639289855957031,10.836793899536133,10.770401000976562,-0.06639289855957031,0.08535728484505539,0.0010660835087592496,1,0
M0_balanced,medium,16,0.5,0.4,2,10.389310836791992,17.071456969011077,0.06454849243164062,10.663429260253906,10.598880767822266,-0.06454849243164062,0.08535728484505539,0.0010660835087592496,1,0
M1_margin,medium,16,0.5,0.4,2,10.389310836791992,17.071456969011077,0.1353435516357422,12.605880737304688,12.470537185668945,-0.1353435516357422,0.08535728484505539,0.0010660835087592496,1,0
M2_popmass,medium,16,0.5,0.4,2,10.389310836791992,17.071456969011077,0.06639289855957031,10.836793899536133,10.770401000976562,-0.06639289855957031,0.08535728484505539,0.0010660835087592496,1,0
M0_balanced,medium,16,0.5,0.1,3,10.451889038085938,17.072746220443484,0.06441116333007812,10.663429260253906,10.599018096923828,-0.06441116333007812,0.08536373110221743,0.0010661640203226872,1,0
M1_margin,medium,16,0.5,0.1,3,10.451889038085938,17.072746220443484,0.13512706756591797,12.605880737304688,12.47075366973877,-0.13512706756591797,0.08536373110221743,0.0010661640203226872,1,0
M2_popmass,medium,16,0.5,0.1,3,10.451889038085938,17.072746220443484,0.06624794006347656,10.836793899536133,10.770545959472656,-0.06624794006347656,0.08536373110221743,0.0010661640203226872,1,0
M0_balanced,medium,16,0.5,0.2,3,10.451889038085938,17.072746220443484,0.06441116333007812,10.663429260253906,10.599018096923828,-0.06441116333007812,0.08536373110221743,0.0010661640203226872,1,0
M1_margin,medium,16,0.5,0.2,3,10.451889038085938,17.072746220443484,0.13512706756591797,12.605880737304688,12.47075366973877,-0.13512706756591797,0.08536373110221743,0.0010661640203226872,1,0
M2_popmass,medium,16,0.5,0.2,3,10.451889038085938,17.072746220443484,0.06624794006347656,10.836793899536133,10.770545959472656,-0.06624794006347656,0.08536373110221743,0.0010661640203226872,1,0
M0_balanced,medium,16,0.5,0.4,3,10.451889038085938,17.072746220443484,0.06441116333007812,10.663429260253906,10.599018096923828,-0.06441116333007812,0.08536373110221743,0.0010661640203226872,1,0
M1_margin,medium,16,0.5,0.4,3,10.451889038085938,17.072746220443484,0.13512706756591797,12.605880737304688,12.47075366973877,-0.13512706756591797,0.08536373110221743,0.0010661640203226872,1,0
M2_popmass,medium,16,0.5,0.4,3,10.451889038085938,17.072746220443484,0.06624794006347656,10.836793899536133,10.770545959472656,-0.06624794006347656,0.08536373110221743,0.0010661640203226872,1,0
M0_balanced,medium,16,0.5,0.1,4,10.387325286865234,17.07083235340435,0.06454944610595703,10.663429260253906,10.59887981414795,-0.06454944610595703,0.08535416176702175,0.0010660445025749,1,0
M1_margin,medium,16,0.5,0.1,4,10.387325286865234,17.07083235340435,0.13535022735595703,12.605880737304688,12.47053050994873,-0.13535022735595703,0.08535416176702175,0.0010660445025749,1,0
M2_popmass,medium,16,0.5,0.1,4,10.387325286865234,17.07083235340435,0.06639385223388672,10.836793899536133,10.770400047302246,-0.06639385223388672,0.08535416176702175,0.0010660445025749,1,0
M0_balanced,medium,16,0.5,0.2,4,10.387325286865234,17.07083235340435,0.06454944610595703,10.663429260253906,10.59887981414795,-0.06454944610595703,0.08535416176702175,0.0010660445025749,1,0
M1_margin,medium,16,0.5,0.2,4,10.387325286865234,17.07083235340435,0.13535022735595703,12.605880737304688,12.47053050994873,-0.13535022735595703,0.08535416176702175,0.0010660445025749,1,0
M2_popmass,medium,16,0.5,0.2,4,10.387325286865234,17.07083235340435,0.06639385223388672,10.836793899536133,10.770400047302246,-0.06639385223388672,0.08535416176702175,0.0010660445025749,1,0
M0_balanced,medium,16,0.5,0.4,4,10.420784950256348,17.034334699975854,0.06423377990722656,10.663429260253906,10.59919548034668,-0.06423377990722656,0.08517167349987928,0.0010637652860733936,1,1
M1_margin,medium,16,0.5,0.4,4,10.420784950256348,17.034334699975854,0.13431262969970703,12.605880737304688,12.47156810760498,-0.13431262969970703,0.08517167349987928,0.0010637652860733936,1,1
M2_popmass,medium,16,0.5,0.4,4,10.420784950256348,17.034334699975854,0.06606006622314453,10.836793899536133,10.770733833312988,-0.06606006622314453,0.08517167349987928,0.0010637652860733936,1,1
M0_balanced,medium,17,0.6,0.1,0,8.947941780090332,14.796602058554623,-0.04376029968261719,10.663429260253906,10.707189559936523,0.04376029968261719,0.07398301029277311,0.0009240226811884137,1,0
M1_margin,medium,17,0.6,0.1,0,8.947941780090332,14.796602058554623,-0.041777610778808594,12.605880737304688,12.647658348083496,0.041777610778808594,0.07398301029277311,0.0009240226811884137,1,0
M2_popmass,medium,17,0.6,0.1,0,8.947941780090332,14.796602058554623,-0.043000221252441406,10.836793899536133,10.879794120788574,0.043000221252441406,0.07398301029277311,0.0009240226811884137,1,0
M0_balanced,medium,17,0.6,0.2,0,8.931031227111816,14.768590042098861,-0.04394340515136719,10.663429260253906,10.707372665405273,0.04394340515136719,0.07384295021049431,0.0009222733783114074,1,1
M1_margin,medium,17,0.6,0.2,0,8.931031227111816,14.768590042098861,-0.04230213165283203,12.605880737304688,12.64818286895752,0.04230213165283203,0.07384295021049431,0.0009222733783114074,1,1
M2_popmass,medium,17,0.6,0.2,0,8.931031227111816,14.768590042098861,-0.043196678161621094,10.836793899536133,10.879990577697754,0.043196678161621094,0.07384295021049431,0.0009222733783114074,1,1
M0_balanced,medium,17,0.6,0.4,0,8.931031227111816,14.768590042098861,-0.04394340515136719,10.663429260253906,10.707372665405273,0.04394340515136719,0.07384295021049431,0.0009222733783114074,1,1
M1_margin,medium,17,0.6,0.4,0,8.931031227111816,14.768590042098861,-0.04230213165283203,12.605880737304688,12.64818286895752,0.04230213165283203,0.07384295021049431,0.0009222733783114074,1,1
M2_popmass,medium,17,0.6,0.4,0,8.931031227111816,14.768590042098861,-0.043196678161621094,10.836793899536133,10.879990577697754,0.043196678161621094,0.07384295021049431,0.0009222733783114074,1,1
M0_balanced,medium,17,0.6,0.1,1,8.949080467224121,14.796615750898109,-0.043750762939453125,10.663429260253906,10.70718002319336,0.043750762939453125,0.07398307875449055,0.0009240235362520216,1,0
M1_margin,medium,17,0.6,0.1,1,8.949080467224121,14.796615750898109,-0.041754722595214844,12.605880737304688,12.647635459899902,0.041754722595214844,0.07398307875449055,0.0009240235362520216,1,0
M2_popmass,medium,17,0.6,0.1,1,8.949080467224121,14.796615750898109,-0.04298973083496094,10.836793899536133,10.879783630371094,0.04298973083496094,0.07398307875449055,0.0009240235362520216,1,0
M0_balanced,medium,17,0.6,0.2,1,8.932547569274902,14.790702639453027,-0.043831825256347656,10.663429260253906,10.707261085510254,0.043831825256347656,0.07395351319726513,0.0009236542724798373,1,1
M1_margin,medium,17,0.6,0.2,1,8.932547569274902,14.790702639453027,-0.04198646545410156,12.605880737304688,12.647867202758789,0.04198646545410156,0.07395351319726513,0.0009236542724798373,1,1
M2_popmass,medium,17,0.6,0.2,1,8.932547569274902,14.790702639453027,-0.043082237243652344,10.836793899536133,10.879876136779785,0.043082237243652344,0.07395351319726513,0.0009236542724798373,1,1
M0_balanced,medium,17,0.6,0.4,1,8.924213409423828,14.776714821045859,-0.04401397705078125,10.663429260253906,10.707443237304688,0.04401397705078125,0.07388357410522929,0.0009227807569647603,1,2
M1_margin,medium,17,0.6,0.4,1,8.924213409423828,14.776714821045859,-0.04263591766357422,12.605880737304688,12.648516654968262,0.04263591766357422,0.07388357410522929,0.0009227807569647603,1,2
M2_popmass,medium,17,0.6,0.4,1,8.924213409423828,14.776714821045859,-0.043280601501464844,10.836793899536133,10.880074501037598,0.043280601501464844,0.07388357410522929,0.0009227807569647603,1,2
M0_balanced,medium,17,0.6,0.1,2,8.949934959411621,14.797208691891523,-0.043758392333984375,10.663429260253906,10.70718765258789,0.043758392333984375,0.07398604345945761,0.0009240605644105374,1,0
M1_margin,medium,17,0.6,0.1,2,8.949934959411621,14.797208691891523,-0.04178142547607422,12.605880737304688,12.647662162780762,0.04178142547607422,0.07398604345945761,0.0009240605644105374,1,0
M2_popmass,medium,17,0.6,0.1,2,8.949934959411621,14.797208691891523,-0.04299736022949219,10.836793899536133,10.879791259765625,0.04299736022949219,0.07398604345945761,0.0009240605644105374,1,0
M0_balanced,medium,17,0.6,0.2,2,8.929365158081055,14.774067850500913,-0.044014930725097656,10.663429260253906,10.707444190979004,0.044014930725097656,0.07387033925250457,0.0009226154581474853,1,1
M1_margin,medium,17,0.6,0.2,2,8.929365158081055,14.774067850500913,-0.04236888885498047,12.605880737304688,12.648249626159668,0.04236888885498047,0.07387033925250457,0.0009226154581474853,1,1
M2_popmass,medium,17,0.6,0.2,2,8.929365158081055,14.774067850500913,-0.04327201843261719,10.836793899536133,10.88006591796875,0.04327201843261719,0.07387033925250457,0.0009226154581474853,1,1
M0_balanced,medium,17,0.6,0.4,2,8.92373275756836,14.765150266184518,-0.044200897216796875,10.663429260253906,10.707630157470703,0.044200897216796875,0.07382575133092259,0.000922058570144608,1,2
M1_margin,medium,17,0.6,0.4,2,8.92373275756836,14.765150266184518,-0.04301643371582031,12.605880737304688,12.648897171020508,0.04301643371582031,0.07382575133092259,0.000922058570144608,1,2
M2_popmass,medium,17,0.6,0.4,2,8.92373275756836,14.765150266184518,-0.043473243713378906,10.836793899536133,10.880267143249512,0.043473243713378906,0.07382575133092259,0.000922058570144608,1,2
M0_balanced,medium,17,0.6,0.1,3,8.953437805175781,14.796910615562085,-0.043745994567871094,10.663429260253906,10.707175254821777,0.043745994567871094,0.07398455307781043,0.0009240419500497514,1,0
M1_margin,medium,17,0.6,0.1,3,8.953437805175781,14.796910615562085,-0.04173851013183594,12.605880737304688,12.647619247436523,0.04173851013183594,0.07398455307781043,0.0009240419500497514,1,0
M2_popmass,medium,17,0.6,0.1,3,8.953437805175781,14.796910615562085,-0.042984962463378906,10.836793899536133,10.879778861999512,0.042984962463378906,0.07398455307781043,0.0009240419500497514,1,0
M0_balanced,medium,17,0.6,0.2,3,8.953437805175781,14.796910615562085,-0.043745994567871094,10.663429260253906,10.707175254821777,0.043745994567871094,0.07398455307781043,0.0009240419500497514,1,0
M1_margin,medium,17,0.6,0.2,3,8.953437805175781,14.796910615562085,-0.04173851013183594,12.605880737304688,12.647619247436523,0.04173851013183594,0.07398455307781043,0.0009240419500497514,1,0
M2_popmass,medium,17,0.6,0.2,3,8.953437805175781,14.796910615562085,-0.042984962463378906,10.836793899536133,10.879778861999512,0.042984962463378906,0.07398455307781043,0.0009240419500497514,1,0
M0_balanced,medium,17,0.6,0.4,3,8.936440467834473,14.768905255153376,-0.043931007385253906,10.663429260253906,10.70736026763916,0.043931007385253906,0.07384452627576688,0.0009222930628315848,1,1
M1_margin,medium,17,0.6,0.4,3,8.936440467834473,14.768905255153376,-0.042266845703125,12.605880737304688,12.648147583007812,0.042266845703125,0.07384452627576688,0.0009222930628315848,1,1
M2_popmass,medium,17,0.6,0.4,3,8.936440467834473,14.768905255153376,-0.043183326721191406,10.836793899536133,10.879977226257324,0.043183326721191406,0.07384452627576688,0.0009222930628315848,1,1
M0_balanced,medium,17,0.6,0.1,4,8.948594093322754,14.796837971815341,-0.04375648498535156,10.663429260253906,10.707185745239258,0.04375648498535156,0.0739841898590767,0.0009240374135710807,1,0
M1_margin,medium,17,0.6,0.1,4,8.948594093322754,14.796837971815341,-0.0417633056640625,12.605880737304688,12.64764404296875,0.0417633056640625,0.0739841898590767,0.0009240374135710807,1,0
M2_popmass,medium,17,0.6,0.1,4,8.948594093322754,14.796837971815341,-0.042995452880859375,10.836793899536133,10.879789352416992,0.042995452880859375,0.0739841898590767,0.0009240374135710807,1,0
M0_balanced,medium,17,0.6,0.2,4,8.948594093322754,14.796837971815341,-0.04375648498535156,10.663429260253906,10.707185745239258,0.04375648498535156,0.0739841898590767,0.0009240374135710807,1,0
M1_margin,medium,17,0.6,0.2,4,8.948594093322754,14.796837971815341,-0.0417633056640625,12.605880737304688,12.64764404296875,0.0417633056640625,0.0739841898590767,0.0009240374135710807,1,0
M2_popmass,medium,17,0.6,0.2,4,8.948594093322754,14.796837971815341,-0.042995452880859375,10.836793899536133,10.879789352416992,0.042995452880859375,0.0739841898590767,0.0009240374135710807,1,0
M0_balanced,medium,17,0.6,0.4,4,8.948594093322754,14.796837971815341,-0.04375648498535156,10.663429260253906,10.707185745239258,0.04375648498535156,0.0739841898590767,0.0009240374135710807,1,0
M1_margin,medium,17,0.6,0.4,4,8.948594093322754,14.796837971815341,-0.0417633056640625,12.605880737304688,12.64764404296875,0.0417633056640625,0.0739841898590767,0.0009240374135710807,1,0
M2_popmass,medium,17,0.6,0.4,4,8.948594093322754,14.796837971815341,-0.042995452880859375,10.836793899536133,10.879789352416992,0.042995452880859375,0.0739841898590767,0.0009240374135710807,1,0
M0_balanced,medium,18,0.5,0.1,0,9.93349838256836,18.67598687163659,-0.10973548889160156,10.663429260253906,10.773164749145508,0.10973548889160156,0.09337993435818294,0.0011662836774739196,1,0
M1_margin,medium,18,0.5,0.1,0,9.93349838256836,18.67598687163659,-0.2221202850341797,12.605880737304688,12.828001022338867,0.2221202850341797,0.09337993435818294,0.0011662836774739196,1,0
M2_popmass,medium,18,0.5,0.1,0,9.93349838256836,18.67598687163659,-0.10874271392822266,10.836793899536133,10.945536613464355,0.10874271392822266,0.09337993435818294,0.0011662836774739196,1,0
M0_balanced,medium,18,0.5,0.2,0,9.93349838256836,18.67598687163659,-0.10973548889160156,10.663429260253906,10.773164749145508,0.10973548889160156,0.09337993435818294,0.0011662836774739196,1,0
M1_margin,medium,18,0.5,0.2,0,9.93349838256836,18.67598687163659,-0.2221202850341797,12.605880737304688,12.828001022338867,0.2221202850341797,0.09337993435818294,0.0011662836774739196,1,0
M2_popmass,medium,18,0.5,0.2,0,9.93349838256836,18.67598687163659,-0.10874271392822266,10.836793899536133,10.945536613464355,0.10874271392822266,0.09337993435818294,0.0011662836774739196,1,0
M0_balanced,medium,18,0.5,0.4,0,9.93349838256836,18.67598687163659,-0.10973548889160156,10.663429260253906,10.773164749145508,0.10973548889160156,0.09337993435818294,0.0011662836774739196,1,0
M1_margin,medium,18,0.5,0.4,0,9.93349838256836,18.67598687163659,-0.2221202850341797,12.605880737304688,12.828001022338867,0.2221202850341797,0.09337993435818294,0.0011662836774739196,1,0
M2_popmass,medium,18,0.5,0.4,0,9.93349838256836,18.67598687163659,-0.10874271392822266,10.836793899536133,10.945536613464355,0.10874271392822266,0.09337993435818294,0.0011662836774739196,1,0
M0_balanced,medium,18,0.5,0.1,1,9.911126136779785,18.665212620981645,-0.10973644256591797,10.663429260253906,10.773165702819824,0.10973644256591797,0.09332606310490822,0.001165610843809908,1,1
M1_margin,medium,18,0.5,0.1,1,9.911126136779785,18.665212620981645,-0.22232437133789062,12.605880737304688,12.828205108642578,0.22232437133789062,0.09332606310490822,0.001165610843809908,1,1
M2_popmass,medium,18,0.5,0.1,1,9.911126136779785,18.665212620981645,-0.10874652862548828,10.836793899536133,10.945540428161621,0.10874652862548828,0.09332606310490822,0.001165610843809908,1,1
M0_balanced,medium,18,0.5,0.2,1,9.911126136779785,18.665212620981645,-0.10973644256591797,10.663429260253906,10.773165702819824,0.10973644256591797,0.09332606310490822,0.001165610843809908,1,1
M1_margin,medium,18,0.5,0.2,1,9.911126136779785,18.665212620981645,-0.22232437133789062,12.605880737304688,12.828205108642578,0.22232437133789062,0.09332606310490822,0.001165610843809908,1,1
M2_popmass,medium,18,0.5,0.2,1,9.911126136779785,18.665212620981645,-0.10874652862548828,10.836793899536133,10.945540428161621,0.10874652862548828,0.09332606310490822,0.001165610843809908,1,1
M0_balanced,medium,18,0.5,0.4,1,9.911126136779785,18.665212620981645,-0.10973644256591797,10.663429260253906,10.773165702819824,0.10973644256591797,0.09332606310490822,0.001165610843809908,1,1
M1_margin,medium,18,0.5,0.4,1,9.911126136779785,18.665212620981645,-0.22232437133789062,12.605880737304688,12.828205108642578,0.22232437133789062,0.09332606310490822,0.001165610843809908,1,1
M2_popmass,medium,18,0.5,0.4,1,9.911126136779785,18.665212620981645,-0.10874652862548828,10.836793899536133,10.945540428161621,0.10874652862548828,0.09332606310490822,0.001165610843809908,1,1
M0_balanced,medium,18,0.5,0.1,2,9.933456420898438,18.676331687967917,-0.10973834991455078,10.663429260253906,10.773167610168457,0.10973834991455078,0.09338165843983959,0.0011663052106684823,1,0
M1_margin,medium,18,0.5,0.1,2,9.933456420898438,18.676331687967917,-0.22213172912597656,12.605880737304688,12.828012466430664,0.22213172912597656,0.09338165843983959,0.0011663052106684823,1,0
M2_popmass,medium,18,0.5,0.1,2,9.933456420898438,18.676331687967917,-0.10874557495117188,10.836793899536133,10.945539474487305,0.10874557495117188,0.09338165843983959,0.0011663052106684823,1,0
M0_balanced,medium,18,0.5,0.2,2,9.933456420898438,18.676331687967917,-0.10973834991455078,10.663429260253906,10.773167610168457,0.10973834991455078,0.09338165843983959,0.0011663052106684823,1,0
M1_margin,medium,18,0.5,0.2,2,9.933456420898438,18.676331687967917,-0.22213172912597656,12.605880737304688,12.828012466430664,0.22213172912597656,0.09338165843983959,0.0011663052106684823,1,0
M2_popmass,medium,18,0.5,0.2,2,9.933456420898438,18.676331687967917,-0.10874557495117188,10.836793899536133,10.945539474487305,0.10874557495117188,0.09338165843983959,0.0011663052106684823,1,0
M0_balanced,medium,18,0.5,0.4,2,9.916330337524414,18.675547444974626,-0.10985565185546875,10.663429260253906,10.773284912109375,0.10985565185546875,0.09337773722487314,0.001166256236024811,1,1
M1_margin,medium,18,0.5,0.4,2,9.916330337524414,18.675547444974626,-0.22261428833007812,12.605880737304688,12.828495025634766,0.22261428833007812,0.09337773722487314,0.001166256236024811,1,1
M2_popmass,medium,18,0.5,0.4,2,9.916330337524414,18.675547444974626,-0.10886955261230469,10.836793899536133,10.945663452148438,0.10886955261230469,0.09337773722487314,0.001166256236024811,1,1
M0_balanced,medium,18,0.5,0.1,3,9.932323455810547,18.67750024696103,-0.10974884033203125,10.663429260253906,10.773178100585938,0.10974884033203125,0.09338750123480516,0.0011663781851939626,1,0
M1_margin,medium,18,0.5,0.1,3,9.932323455810547,18.67750024696103,-0.2221546173095703,12.605880737304688,12.828035354614258,0.2221546173095703,0.09338750123480516,0.0011663781851939626,1,0
M2_popmass,medium,18,0.5,0.1,3,9.932323455810547,18.67750024696103,-0.10875606536865234,10.836793899536133,10.945549964904785,0.10875606536865234,0.09338750123480516,0.0011663781851939626,1,0
M0_balanced,medium,18,0.5,0.2,3,9.932323455810547,18.67750024696103,-0.10974884033203125,10.663429260253906,10.773178100585938,0.10974884033203125,0.09338750123480516,0.0011663781851939626,1,0
M1_margin,medium,18,0.5,0.2,3,9.932323455810547,18.67750024696103,-0.2221546173095703,12.605880737304688,12.828035354614258,0.2221546173095703,0.09338750123480516,0.0011663781851939626,1,0
M2_popmass,medium,18,0.5,0.2,3,9.932323455810547,18.67750024696103,-0.10875606536865234,10.836793899536133,10.945549964904785,0.10875606536865234,0.09338750123480516,0.0011663781851939626,1,0
M0_balanced,medium,18,0.5,0.4,3,9.914859771728516,18.676750537223914,-0.10986518859863281,10.663429260253906,10.773294448852539,0.10986518859863281,0.09338375268611956,0.0011663313670935186,1,1
M1_margin,medium,18,0.5,0.4,3,9.914859771728516,18.676750537223914,-0.22263717651367188,12.605880737304688,12.82851791381836,0.22263717651367188,0.09338375268611956,0.0011663313670935186,1,1
M2_popmass,medium,18,0.5,0.4,3,9.914859771728516,18.676750537223914,-0.10887908935546875,10.836793899536133,10.945672988891602,0.10887908935546875,0.09338375268611956,0.0011663313670935186,1,1
M0_balanced,medium,18,0.5,0.1,4,9.93216323852539,18.6767737950069,-0.1097402572631836,10.663429260253906,10.77316951751709,0.1097402572631836,0.09338386897503449,0.0011663328195025858,1,0
M1_margin,medium,18,0.5,0.1,4,9.93216323852539,18.6767737950069,-0.22213363647460938,12.605880737304688,12.828014373779297,0.22213363647460938,0.09338386897503449,0.0011663328195025858,1,0
M2_popmass,medium,18,0.5,0.1,4,9.93216323852539,18.6767737950069,-0.1087484359741211,10.836793899536133,10.945542335510254,0.1087484359741211,0.09338386897503449,0.0011663328195025858,1,0
M0_balanced,medium,18,0.5,0.2,4,9.93216323852539,18.6767737950069,-0.1097402572631836,10.663429260253906,10.77316951751709,0.1097402572631836,0.09338386897503449,0.0011663328195025858,1,0
M1_margin,medium,18,0.5,0.2,4,9.93216323852539,18.6767737950069,-0.22213363647460938,12.605880737304688,12.828014373779297,0.22213363647460938,0.09338386897503449,0.0011663328195025858,1,0
M2_popmass,medium,18,0.5,0.2,4,9.93216323852539,18.6767737950069,-0.1087484359741211,10.836793899536133,10.945542335510254,0.1087484359741211,0.09338386897503449,0.0011663328195025858,1,0
M0_balanced,medium,18,0.5,0.4,4,9.93216323852539,18.6767737950069,-0.1097402572631836,10.663429260253906,10.77316951751709,0.1097402572631836,0.09338386897503449,0.0011663328195025858,1,0
M1_margin,medium,18,0.5,0.4,4,9.93216323852539,18.6767737950069,-0.22213363647460938,12.605880737304688,12.828014373779297,0.22213363647460938,0.09338386897503449,0.0011663328195025858,1,0
M2_popmass,medium,18,0.5,0.4,4,9.93216323852539,18.6767737950069,-0.1087484359741211,10.836793899536133,10.945542335510254,0.1087484359741211,0.09338386897503449,0.0011663328195025858,1,0
M0_balanced,medium,19,0.625,0.1,0,9.772436141967773,19.38886290672756,-0.027387619018554688,10.663429260253906,10.690816879272461,0.027387619018554688,0.0969443145336378,0.0012108015757517133,1,0
M1_margin,medium,19,0.625,0.1,0,9.772436141967773,19.38886290672756,0.0711507797241211,12.605880737304688,12.534729957580566,-0.0711507797241211,0.0969443145336378,0.0012108015757517133,1,0
M2_popmass,medium,19,0.625,0.1,0,9.772436141967773,19.38886290672756,-0.026674270629882812,10.836793899536133,10.863468170166016,0.026674270629882812,0.0969443145336378,0.0012108015757517133,1,0
M0_balanced,medium,19,0.625,0.2,0,9.752442359924316,19.376556676012378,-0.0273895263671875,10.663429260253906,10.690818786621094,0.0273895263671875,0.09688278338006188,0.00121003307253349,1,1
M1_margin,medium,19,0.625,0.2,0,9.752442359924316,19.376556676012378,0.07112503051757812,12.605880737304688,12.53475570678711,-0.07112503051757812,0.09688278338006188,0.00121003307253349,1,1
M2_popmass,medium,19,0.625,0.2,0,9.752442359924316,19.376556676012378,-0.026676177978515625,10.836793899536133,10.863470077514648,0.026676177978515625,0.09688278338006188,0.00121003307253349,1,1
M0_balanced,medium,19,0.625,0.4,0,9.7588472366333,19.348406523241607,-0.026826858520507812,10.663429260253906,10.690256118774414,0.026826858520507812,0.09674203261620803,0.0012082751432780992,1,2
M1_margin,medium,19,0.625,0.4,0,9.7588472366333,19.348406523241607,0.07202816009521484,12.605880737304688,12.533852577209473,-0.07202816009521484,0.09674203261620803,0.0012082751432780992,1,2
M2_popmass,medium,19,0.625,0.4,0,9.7588472366333,19.348406523241607,-0.026106834411621094,10.836793899536133,10.862900733947754,0.026106834411621094,0.09674203261620803,0.0012082751432780992,1,2
M0_balanced,medium,19,0.625,0.1,1,9.576421737670898,19.373443093219677,-0.028306961059570312,10.663429260253906,10.691736221313477,0.028306961059570312,0.09686721546609839,0.0012098386345734216,1,1
M1_margin,medium,19,0.625,0.1,1,9.576421737670898,19.373443093219677,0.06930732727050781,12.605880737304688,12.53657341003418,-0.06930732727050781,0.09686721546609839,0.0012098386345734216,1,1
M2_popmass,medium,19,0.625,0.1,1,9.576421737670898,19.373443093219677,-0.027616500854492188,10.836793899536133,10.864410400390625,0.027616500854492188,0.09686721546609839,0.0012098386345734216,1,1
M0_balanced,medium,19,0.625,0.2,1,9.586618423461914,19.362387267253347,-0.028196334838867188,10.663429260253906,10.691625595092773,0.028196334838867188,0.09681193633626674,0.0012091482170091905,1,2
M1_margin,medium,19,0.625,0.2,1,9.586618423461914,19.362387267253347,0.06941604614257812,12.605880737304688,12.53646469116211,-0.06941604614257812,0.09681193633626674,0.0012091482170091905,1,2
M2_popmass,medium,19,0.625,0.2,1,9.586618423461914,19.362387267253347,-0.027507781982421875,10.836793899536133,10.864301681518555,0.027507781982421875,0.09681193633626674,0.0012091482170091905,1,2
M0_balanced,medium,19,0.625,0.4,1,9.571247100830078,19.33505051184643,-0.027721405029296875,10.663429260253906,10.691150665283203,0.027721405029296875,0.09667525255923215,0.0012074410830384228,1,3
M1_margin,medium,19,0.625,0.4,1,9.571247100830078,19.33505051184643,0.0702505111694336,12.605880737304688,12.535630226135254,-0.0702505111694336,0.09667525255923215,0.0012074410830384228,1,3
M2_popmass,medium,19,0.625,0.4,1,9.571247100830078,19.33505051184643,-0.02702617645263672,10.836793899536133,10.86382007598877,0.02702617645263672,0.09667525255923215,0.0012074410830384228,1,3
M0_balanced,medium,19,0.625,0.1,2,9.7717924118042,19.389692366564972,-0.027391433715820312,10.663429260253906,10.690820693969727,0.027391433715820312,0.09694846183282486,0.001210853374110544,1,0
M1_margin,medium,19,0.625,0.1,2,9.7717924118042,19.389692366564972,0.07114791870117188,12.605880737304688,12.534732818603516,-0.07114791870117188,0.09694846183282486,0.001210853374110544,1,0
M2_popmass,medium,19,0.625,0.1,2,9.7717924118042,19.389692366564972,-0.026678085327148438,10.836793899536133,10.863471984863281,0.026678085327148438,0.09694846183282486,0.001210853374110544,1,0
M0_balanced,medium,19,0.625,0.2,2,9.7717924118042,19.389692366564972,-0.027391433715820312,10.663429260253906,10.690820693969727,0.027391433715820312,0.09694846183282486,0.001210853374110544,1,0
M1_margin,medium,19,0.625,0.2,2,9.7717924118042,19.389692366564972,0.07114791870117188,12.605880737304688,12.534732818603516,-0.07114791870117188,0.09694846183282486,0.001210853374110544,1,0
M2_popmass,medium,19,0.625,0.2,2,9.7717924118042,19.389692366564972,-0.026678085327148438,10.836793899536133,10.863471984863281,0.026678085327148438,0.09694846183282486,0.001210853374110544,1,0
M0_balanced,medium,19,0.625,0.4,2,9.752275466918945,19.377560246585556,-0.027393341064453125,10.663429260253906,10.69082260131836,0.027393341064453125,0.09688780123292778,0.0012100957438122147,1,1
M1_margin,medium,19,0.625,0.4,2,9.752275466918945,19.377560246585556,0.07112312316894531,12.605880737304688,12.534757614135742,-0.07112312316894531,0.09688780123292778,0.0012100957438122147,1,1
M2_popmass,medium,19,0.625,0.4,2,9.752275466918945,19.377560246585556,-0.02667999267578125,10.836793899536133,10.863473892211914,0.02667999267578125,0.09688780123292778,0.0012100957438122147,1,1
M0_balanced,medium,19,0.625,0.1,3,9.753305435180664,19.367739694512707,-0.027128219604492188,10.663429260253906,10.690557479858398,0.027128219604492188,0.09683869847256354,0.0012094824670057431,1,1
M1_margin,medium,19,0.625,0.1,3,9.753305435180664,19.367739694512707,0.07168388366699219,12.605880737304688,12.534196853637695,-0.07168388366699219,0.09683869847256354,0.0012094824670057431,1,1
M2_popmass,medium,19,0.625,0.1,3,9.753305435180664,19.367739694512707,-0.02640819549560547,10.836793899536133,10.863202095031738,0.02640819549560547,0.09683869847256354,0.0012094824670057431,1,1
M0_balanced,medium,19,0.625,0.2,3,9.753305435180664,19.367739694512707,-0.027128219604492188,10.663429260253906,10.690557479858398,0.027128219604492188,0.09683869847256354,0.0012094824670057431,1,1
M1_margin,medium,19,0.625,0.2,3,9.753305435180664,19.367739694512707,0.07168388366699219,12.605880737304688,12.534196853637695,-0.07168388366699219,0.09683869847256354,0.0012094824670057431,1,1
M2_popmass,medium,19,0.625,0.2,3,9.753305435180664,19.367739694512707,-0.02640819549560547,10.836793899536133,10.863202095031738,0.02640819549560547,0.09683869847256354,0.0012094824670057431,1,1
M0_balanced,medium,19,0.625,0.4,3,9.758443832397461,19.35368795807323,-0.027051925659179688,10.663429260253906,10.690481185913086,0.027051925659179688,0.09676843979036616,0.0012086049599180498,1,2
M1_margin,medium,19,0.625,0.4,3,9.758443832397461,19.35368795807323,0.0716705322265625,12.605880737304688,12.534210205078125,-0.0716705322265625,0.09676843979036616,0.0012086049599180498,1,2
M2_popmass,medium,19,0.625,0.4,3,9.758443832397461,19.35368795807323,-0.026335716247558594,10.836793899536133,10.863129615783691,0.026335716247558594,0.09676843979036616,0.0012086049599180498,1,2
M0_balanced,medium,19,0.625,0.1,4,9.770942687988281,19.387746321045956,-0.027362823486328125,10.663429260253906,10.690792083740234,0.027362823486328125,0.09693873160522978,0.0012107318468713116,1,0
M1_margin,medium,19,0.625,0.1,4,9.770942687988281,19.387746321045956,0.07118797302246094,12.605880737304688,12.534692764282227,-0.07118797302246094,0.09693873160522978,0.0012107318468713116,1,0
M2_popmass,medium,19,0.625,0.1,4,9.770942687988281,19.387746321045956,-0.02664947509765625,10.836793899536133,10.863443374633789,0.02664947509765625,0.09693873160522978,0.0012107318468713116,1,0
M0_balanced,medium,19,0.625,0.2,4,9.770942687988281,19.387746321045956,-0.027362823486328125,10.663429260253906,10.690792083740234,0.027362823486328125,0.09693873160522978,0.0012107318468713116,1,0
M1_margin,medium,19,0.625,0.2,4,9.770942687988281,19.387746321045956,0.07118797302246094,12.605880737304688,12.534692764282227,-0.07118797302246094,0.09693873160522978,0.0012107318468713116,1,0
M2_popmass,medium,19,0.625,0.2,4,9.770942687988281,19.387746321045956,-0.02664947509765625,10.836793899536133,10.863443374633789,0.02664947509765625,0.09693873160522978,0.0012107318468713116,1,0
M0_balanced,medium,19,0.625,0.4,4,9.747072219848633,19.349520423900493,-0.026993751525878906,10.663429260253906,10.690423011779785,0.026993751525878906,0.09674760211950247,0.00120834470448339,1,2
M1_margin,medium,19,0.625,0.4,4,9.747072219848633,19.349520423900493,0.07187557220458984,12.605880737304688,12.534005165100098,-0.07187557220458984,0.09674760211950247,0.00120834470448339,1,2
M2_popmass,medium,19,0.625,0.4,4,9.747072219848633,19.349520423900493,-0.026269912719726562,10.836793899536133,10.86306381225586,0.026269912719726562,0.09674760211950247,0.00120834470448339,1,2
M0_balanced,medium,20,0.6666666666666666,0.1,0,8.523107528686523,19.091448520570786,-0.11580467224121094,10.663429260253906,10.779233932495117,0.11580467224121094,0.09545724260285393,0.0011922285521998835,1,0
M1_margin,medium,20,0.6666666666666666,0.1,0,8.523107528686523,19.091448520570786,-0.17067337036132812,12.605880737304688,12.776554107666016,0.17067337036132812,0.09545724260285393,0.0011922285521998835,1,0
M2_popmass,medium,20,0.6666666666666666,0.1,0,8.523107528686523,19.091448520570786,-0.11526298522949219,10.836793899536133,10.952056884765625,0.11526298522949219,0.09545724260285393,0.0011922285521998835,1,0
M0_balanced,medium,20,0.6666666666666666,0.2,0,8.573470115661621,19.10712339173351,-0.11530494689941406,10.663429260253906,10.77873420715332,0.11530494689941406,0.09553561695866755,0.0011932074212957573,1,1
M1_margin,medium,20,0.6666666666666666,0.2,0,8.573470115661621,19.10712339173351,-0.17047882080078125,12.605880737304688,12.776359558105469,0.17047882080078125,0.09553561695866755,0.0011932074212957573,1,1
M2_popmass,medium,20,0.6666666666666666,0.2,0,8.573470115661621,19.10712339173351,-0.11478328704833984,10.836793899536133,10.951577186584473,0.11478328704833984,0.09553561695866755,0.0011932074212957573,1,1
M0_balanced,medium,20,0.6666666666666666,0.4,0,8.591819763183594,19.075403436319714,-0.11559677124023438,10.663429260253906,10.77902603149414,0.11559677124023438,0.09537701718159858,0.0011912265639250823,1,2
M1_margin,medium,20,0.6666666666666666,0.4,0,8.591819763183594,19.075403436319714,-0.1707468032836914,12.605880737304688,12.776627540588379,0.1707468032836914,0.09537701718159858,0.0011912265639250823,1,2
M2_popmass,medium,20,0.6666666666666666,0.4,0,8.591819763183594,19.075403436319714,-0.11507797241210938,10.836793899536133,10.951871871948242,0.11507797241210938,0.09537701718159858,0.0011912265639250823,1,2
M0_balanced,medium,20,0.6666666666666666,0.1,1,8.576033592224121,19.108650249013493,-0.11530303955078125,10.663429260253906,10.778732299804688,0.11530303955078125,0.09554325124506746,0.0011933027709410378,1,1
M1_margin,medium,20,0.6666666666666666,0.1,1,8.576033592224121,19.108650249013493,-0.17047500610351562,12.605880737304688,12.776355743408203,0.17047500610351562,0.09554325124506746,0.0011933027709410378,1,1
M2_popmass,medium,20,0.6666666666666666,0.1,1,8.576033592224121,19.108650249013493,-0.11478137969970703,10.836793899536133,10.95157527923584,0.11478137969970703,0.09554325124506746,0.0011933027709410378,1,1
M0_balanced,medium,20,0.6666666666666666,0.2,1,8.576033592224121,19.108650249013493,-0.11530303955078125,10.663429260253906,10.778732299804688,0.11530303955078125,0.09554325124506746,0.0011933027709410378,1,1
M1_margin,medium,20,0.6666666666666666,0.2,1,8.576033592224121,19.108650249013493,-0.17047500610351562,12.605880737304688,12.776355743408203,0.17047500610351562,0.09554325124506746,0.0011933027709410378,1,1
M2_popmass,medium,20,0.6666666666666666,0.2,1,8.576033592224121,19.108650249013493,-0.11478137969970703,10.836793899536133,10.95157527923584,0.11478137969970703,0.09554325124506746,0.0011933027709410378,1,1
M0_balanced,medium,20,0.6666666666666666,0.4,1,8.583776473999023,19.102541587135644,-0.11610794067382812,10.663429260253906,10.779537200927734,0.11610794067382812,0.09551270793567822,0.001192921295376276,1,3
M1_margin,medium,20,0.6666666666666666,0.4,1,8.583776473999023,19.102541587135644,-0.17193889617919922,12.605880737304688,12.777819633483887,0.17193889617919922,0.09551270793567822,0.001192921295376276,1,3
M2_popmass,medium,20,0.6666666666666666,0.4,1,8.583776473999023,19.102541587135644,-0.11561775207519531,10.836793899536133,10.952411651611328,0.11561775207519531,0.09551270793567822,0.001192921295376276,1,3
M0_balanced,medium,20,0.6666666666666666,0.1,2,8.47506332397461,19.09847814019301,-0.11613082885742188,10.663429260253906,10.779560089111328,0.11613082885742188,0.09549239070096505,0.0011926675400124472,1,1
M1_margin,medium,20,0.6666666666666666,0.1,2,8.47506332397461,19.09847814019301,-0.1710824966430664,12.605880737304688,12.776963233947754,0.1710824966430664,0.09549239070096505,0.0011926675400124472,1,1
M2_popmass,medium,20,0.6666666666666666,0.1,2,8.47506332397461,19.09847814019301,-0.11560440063476562,10.836793899536133,10.952398300170898,0.11560440063476562,0.09549239070096505,0.0011926675400124472,1,1
M0_balanced,medium,20,0.6666666666666666,0.2,2,8.47506332397461,19.09847814019301,-0.11613082885742188,10.663429260253906,10.779560089111328,0.11613082885742188,0.09549239070096505,0.0011926675400124472,1,1
M1_margin,medium,20,0.6666666666666666,0.2,2,8.47506332397461,19.09847814019301,-0.1710824966430664,12.605880737304688,12.776963233947754,0.1710824966430664,0.09549239070096505,0.0011926675400124472,1,1
M2_popmass,medium,20,0.6666666666666666,0.2,2,8.47506332397461,19.09847814019301,-0.11560440063476562,10.836793899536133,10.952398300170898,0.11560440063476562,0.09549239070096505,0.0011926675400124472,1,1
M0_balanced,medium,20,0.6666666666666666,0.4,2,8.47506332397461,19.09847814019301,-0.11613082885742188,10.663429260253906,10.779560089111328,0.11613082885742188,0.09549239070096505,0.0011926675400124472,1,1
M1_margin,medium,20,0.6666666666666666,0.4,2,8.47506332397461,19.09847814019301,-0.1710824966430664,12.605880737304688,12.776963233947754,0.1710824966430664,0.09549239070096505,0.0011926675400124472,1,1
M2_popmass,medium,20,0.6666666666666666,0.4,2,8.47506332397461,19.09847814019301,-0.11560440063476562,10.836793899536133,10.952398300170898,0.11560440063476562,0.09549239070096505,0.0011926675400124472,1,1
M0_balanced,medium,20,0.6666666666666666,0.1,3,8.58759593963623,19.11814732685814,-0.11516666412353516,10.663429260253906,10.778595924377441,0.11516666412353516,0.0955907366342907,0.001193895847331059,1,1
M1_margin,medium,20,0.6666666666666666,0.1,3,8.58759593963623,19.11814732685814,-0.17015933990478516,12.605880737304688,12.776040077209473,0.17015933990478516,0.0955907366342907,0.001193895847331059,1,1
M2_popmass,medium,20,0.6666666666666666,0.1,3,8.58759593963623,19.11814732685814,-0.11463356018066406,10.836793899536133,10.951427459716797,0.11463356018066406,0.0955907366342907,0.001193895847331059,1,1
M0_balanced,medium,20,0.6666666666666666,0.2,3,8.58759593963623,19.11814732685814,-0.11516666412353516,10.663429260253906,10.778595924377441,0.11516666412353516,0.0955907366342907,0.001193895847331059,1,1
M1_margin,medium,20,0.6666666666666666,0.2,3,8.58759593963623,19.11814732685814,-0.17015933990478516,12.605880737304688,12.776040077209473,0.17015933990478516,0.0955907366342907,0.001193895847331059,1,1
M2_popmass,medium,20,0.6666666666666666,0.2,3,8.58759593963623,19.11814732685814,-0.11463356018066406,10.836793899536133,10.951427459716797,0.11463356018066406,0.0955907366342907,0.001193895847331059,1,1
M0_balanced,medium,20,0.6666666666666666,0.4,3,8.58759593963623,19.11814732685814,-0.11516666412353516,10.663429260253906,10.778595924377441,0.11516666412353516,0.0955907366342907,0.001193895847331059,1,1
M1_margin,medium,20,0.6666666666666666,0.4,3,8.58759593963623,19.11814732685814,-0.17015933990478516,12.605880737304688,12.776040077209473,0.17015933990478516,0.0955907366342907,0.001193895847331059,1,1
M2_popmass,medium,20,0.6666666666666666,0.4,3,8.58759593963623,19.11814732685814,-0.11463356018066406,10.836793899536133,10.951427459716797,0.11463356018066406,0.0955907366342907,0.001193895847331059,1,1
M0_balanced,medium,20,0.6666666666666666,0.1,4,8.522600173950195,19.091563504305753,-0.11582565307617188,10.663429260253906,10.779254913330078,0.11582565307617188,0.09545781752152876,0.0011922357327389462,1,0
M1_margin,medium,20,0.6666666666666666,0.1,4,8.522600173950195,19.091563504305753,-0.17071533203125,12.605880737304688,12.776596069335938,0.17071533203125,0.09545781752152876,0.0011922357327389462,1,0
M2_popmass,medium,20,0.6666666666666666,0.1,4,8.522600173950195,19.091563504305753,-0.11528396606445312,10.836793899536133,10.952077865600586,0.11528396606445312,0.09545781752152876,0.0011922357327389462,1,0
M0_balanced,medium,20,0.6666666666666666,0.2,4,8.522600173950195,19.091563504305753,-0.11582565307617188,10.663429260253906,10.779254913330078,0.11582565307617188,0.09545781752152876,0.0011922357327389462,1,0
M1_margin,medium,20,0.6666666666666666,0.2,4,8.522600173950195,19.091563504305753,-0.17071533203125,12.605880737304688,12.776596069335938,0.17071533203125,0.09545781752152876,0.0011922357327389462,1,0
M2_popmass,medium,20,0.6666666666666666,0.2,4,8.522600173950195,19.091563504305753,-0.11528396606445312,10.836793899536133,10.952077865600586,0.11528396606445312,0.09545781752152876,0.0011922357327389462,1,0
M0_balanced,medium,20,0.6666666666666666,0.4,4,8.522600173950195,19.091563504305753,-0.11582565307617188,10.663429260253906,10.779254913330078,0.11582565307617188,0.09545781752152876,0.0011922357327389462,1,0
M1_margin,medium,20,0.6666666666666666,0.4,4,8.522600173950195,19.091563504305753,-0.17071533203125,12.605880737304688,12.776596069335938,0.17071533203125,0.09545781752152876,0.0011922357327389462,1,0
M2_popmass,medium,20,0.6666666666666666,0.4,4,8.522600173950195,19.091563504305753,-0.11528396606445312,10.836793899536133,10.952077865600586,0.11528396606445312,0.09545781752152876,0.0011922357327389462,1,0
M0_balanced,medium,21,0.6,0.1,0,10.421796798706055,17.021189796254394,-0.033565521240234375,10.663429260253906,10.69699478149414,0.033565521240234375,0.08510594898127197,0.0010629444091495835,1,0
M1_margin,medium,21,0.6,0.1,0,10.421796798706055,17.021189796254394,0.02557849884033203,12.605880737304688,12.580302238464355,-0.02557849884033203,0.08510594898127197,0.0010629444091495835,1,0
M2_popmass,medium,21,0.6,0.1,0,10.421796798706055,17.021189796254394,-0.032855987548828125,10.836793899536133,10.869649887084961,0.032855987548828125,0.08510594898127197,0.0010629444091495835,1,0
M0_balanced,medium,21,0.6,0.2,0,10.421796798706055,17.021189796254394,-0.033565521240234375,10.663429260253906,10.69699478149414,0.033565521240234375,0.08510594898127197,0.0010629444091495835,1,0
M1_margin,medium,21,0.6,0.2,0,10.421796798706055,17.021189796254394,0.02557849884033203,12.605880737304688,12.580302238464355,-0.02557849884033203,0.08510594898127197,0.0010629444091495835,1,0
M2_popmass,medium,21,0.6,0.2,0,10.421796798706055,17.021189796254394,-0.032855987548828125,10.836793899536133,10.869649887084961,0.032855987548828125,0.08510594898127197,0.0010629444091495835,1,0
M0_balanced,medium,21,0.6,0.4,0,10.421796798706055,17.021189796254394,-0.033565521240234375,10.663429260253906,10.69699478149414,0.033565521240234375,0.08510594898127197,0.0010629444091495835,1,0
M1_margin,medium,21,0.6,0.4,0,10.421796798706055,17.021189796254394,0.02557849884033203,12.605880737304688,12.580302238464355,-0.02557849884033203,0.08510594898127197,0.0010629444091495835,1,0
M2_popmass,medium,21,0.6,0.4,0,10.421796798706055,17.021189796254394,-0.032855987548828125,10.836793899536133,10.869649887084961,0.032855987548828125,0.08510594898127197,0.0010629444091495835,1,0
M0_balanced,medium,21,0.6,0.1,1,10.281572341918945,16.998996169966095,-0.0335845947265625,10.663429260253906,10.697013854980469,0.0335845947265625,0.08499498084983047,0.0010615584548617643,1,0
M1_margin,medium,21,0.6,0.1,1,10.281572341918945,16.998996169966095,0.02462291717529297,12.605880737304688,12.581257820129395,-0.02462291717529297,0.08499498084983047,0.0010615584548617643,1,0
M2_popmass,medium,21,0.6,0.1,1,10.281572341918945,16.998996169966095,-0.032914161682128906,10.836793899536133,10.869708061218262,0.032914161682128906,0.08499498084983047,0.0010615584548617643,1,0
M0_balanced,medium,21,0.6,0.2,1,10.281572341918945,16.998996169966095,-0.0335845947265625,10.663429260253906,10.697013854980469,0.0335845947265625,0.08499498084983047,0.0010615584548617643,1,0
M1_margin,medium,21,0.6,0.2,1,10.281572341918945,16.998996169966095,0.02462291717529297,12.605880737304688,12.581257820129395,-0.02462291717529297,0.08499498084983047,0.0010615584548617643,1,0
M2_popmass,medium,21,0.6,0.2,1,10.281572341918945,16.998996169966095,-0.032914161682128906,10.836793899536133,10.869708061218262,0.032914161682128906,0.08499498084983047,0.0010615584548617643,1,0
M0_balanced,medium,21,0.6,0.4,1,10.297307968139648,16.998040318587385,-0.03412437438964844,10.663429260253906,10.697553634643555,0.03412437438964844,0.08499020159293692,0.0010614987635657303,1,1
M1_margin,medium,21,0.6,0.4,1,10.297307968139648,16.998040318587385,0.023818016052246094,12.605880737304688,12.582062721252441,-0.023818016052246094,0.08499020159293692,0.0010614987635657303,1,1
M2_popmass,medium,21,0.6,0.4,1,10.297307968139648,16.998040318587385,-0.03346538543701172,10.836793899536133,10.870259284973145,0.03346538543701172,0.08499020159293692,0.0010614987635657303,1,1
M0_balanced,medium,21,0.6,0.1,2,10.284078598022461,16.998693085793626,-0.03358936309814453,10.663429260253906,10.69701862335205,0.03358936309814453,0.08499346542896813,0.001061539527769682,1,0
M1_margin,medium,21,0.6,0.1,2,10.284078598022461,16.998693085793626,0.024613380432128906,12.605880737304688,12.581267356872559,-0.024613380432128906,0.08499346542896813,0.001061539527769682,1,0
M2_popmass,medium,21,0.6,0.1,2,10.284078598022461,16.998693085793626,-0.03291797637939453,10.836793899536133,10.869711875915527,0.03291797637939453,0.08499346542896813,0.001061539527769682,1,0
M0_balanced,medium,21,0.6,0.2,2,10.284078598022461,16.998693085793626,-0.03358936309814453,10.663429260253906,10.69701862335205,0.03358936309814453,0.08499346542896813,0.001061539527769682,1,0
M1_margin,medium,21,0.6,0.2,2,10.284078598022461,16.998693085793626,0.024613380432128906,12.605880737304688,12.581267356872559,-0.024613380432128906,0.08499346542896813,0.001061539527769682,1,0
M2_popmass,medium,21,0.6,0.2,2,10.284078598022461,16.998693085793626,-0.03291797637939453,10.836793899536133,10.869711875915527,0.03291797637939453,0.08499346542896813,0.001061539527769682,1,0
M0_balanced,medium,21,0.6,0.4,2,10.264801025390625,16.97784406609346,-0.033837318420410156,10.663429260253906,10.697266578674316,0.033837318420410156,0.08488922033046731,0.0010602375418808097,1,1
M1_margin,medium,21,0.6,0.4,2,10.264801025390625,16.97784406609346,0.024077415466308594,12.605880737304688,12.581803321838379,-0.024077415466308594,0.08488922033046731,0.0010602375418808097,1,1
M2_popmass,medium,21,0.6,0.4,2,10.264801025390625,16.97784406609346,-0.03317546844482422,10.836793899536133,10.869969367980957,0.03317546844482422,0.08488922033046731,0.0010602375418808097,1,1
M0_balanced,medium,21,0.6,0.1,3,10.387768745422363,17.017242082273956,-0.03393363952636719,10.663429260253906,10.697362899780273,0.03393363952636719,0.08508621041136978,0.001062697881112786,1,1
M1_margin,medium,21,0.6,0.1,3,10.387768745422363,17.017242082273956,0.024888038635253906,12.605880737304688,12.580992698669434,-0.024888038635253906,0.08508621041136978,0.001062697881112786,1,1
M2_popmass,medium,21,0.6,0.1,3,10.387768745422363,17.017242082273956,-0.03323841094970703,10.836793899536133,10.87003231048584,0.03323841094970703,0.08508621041136978,0.001062697881112786,1,1
M0_balanced,medium,21,0.6,0.2,3,10.387768745422363,17.017242082273956,-0.03393363952636719,10.663429260253906,10.697362899780273,0.03393363952636719,0.08508621041136978,0.001062697881112786,1,1
M1_margin,medium,21,0.6,0.2,3,10.387768745422363,17.017242082273956,0.024888038635253906,12.605880737304688,12.580992698669434,-0.024888038635253906,0.08508621041136978,0.001062697881112786,1,1
M2_popmass,medium,21,0.6,0.2,3,10.387768745422363,17.017242082273956,-0.03323841094970703,10.836793899536133,10.87003231048584,0.03323841094970703,0.08508621041136978,0.001062697881112786,1,1
M0_balanced,medium,21,0.6,0.4,3,10.387768745422363,17.017242082273956,-0.03393363952636719,10.663429260253906,10.697362899780273,0.03393363952636719,0.08508621041136978,0.001062697881112786,1,1
M1_margin,medium,21,0.6,0.4,3,10.387768745422363,17.017242082273956,0.024888038635253906,12.605880737304688,12.580992698669434,-0.024888038635253906,0.08508621041136978,0.001062697881112786,1,1
M2_popmass,medium,21,0.6,0.4,3,10.387768745422363,17.017242082273956,-0.03323841094970703,10.836793899536133,10.87003231048584,0.03323841094970703,0.08508621041136978,0.001062697881112786,1,1
M0_balanced,medium,21,0.6,0.1,4,10.411407470703125,17.0171229544278,-0.03371238708496094,10.663429260253906,10.697141647338867,0.03371238708496094,0.08508561477213901,0.0010626904417810144,1,1
M1_margin,medium,21,0.6,0.1,4,10.411407470703125,17.0171229544278,0.025343894958496094,12.605880737304688,12.580536842346191,-0.025343894958496094,0.08508561477213901,0.0010626904417810144,1,1
M2_popmass,medium,21,0.6,0.1,4,10.411407470703125,17.0171229544278,-0.03300762176513672,10.836793899536133,10.86980152130127,0.03300762176513672,0.08508561477213901,0.0010626904417810144,1,1
M0_balanced,medium,21,0.6,0.2,4,10.411407470703125,17.0171229544278,-0.03371238708496094,10.663429260253906,10.697141647338867,0.03371238708496094,0.08508561477213901,0.0010626904417810144,1,1
M1_margin,medium,21,0.6,0.2,4,10.411407470703125,17.0171229544278,0.025343894958496094,12.605880737304688,12.580536842346191,-0.025343894958496094,0.08508561477213901,0.0010626904417810144,1,1
M2_popmass,medium,21,0.6,0.2,4,10.411407470703125,17.0171229544278,-0.03300762176513672,10.836793899536133,10.86980152130127,0.03300762176513672,0.08508561477213901,0.0010626904417810144,1,1
M0_balanced,medium,21,0.6,0.4,4,10.373623847961426,17.020539159435774,-0.03392982482910156,10.663429260253906,10.697359085083008,0.03392982482910156,0.08510269579717887,0.0010629037779847227,1,2
M1_margin,medium,21,0.6,0.4,4,10.373623847961426,17.020539159435774,0.024854660034179688,12.605880737304688,12.581026077270508,-0.024854660034179688,0.08510269579717887,0.0010629037779847227,1,2
M2_popmass,medium,21,0.6,0.4,4,10.373623847961426,17.020539159435774,-0.03323650360107422,10.836793899536133,10.870030403137207,0.03323650360107422,0.08510269579717887,0.0010629037779847227,1,2
M0_balanced,medium,22,0.6,0.1,0,10.23437213897705,20.31896312603155,-0.013807296752929688,10.663429260253906,10.677236557006836,0.013807296752929688,0.10159481563015776,0.001268884755593556,1,1
M1_margin,medium,22,0.6,0.1,0,10.23437213897705,20.31896312603155,0.04824256896972656,12.605880737304688,12.557638168334961,-0.04824256896972656,0.10159481563015776,0.001268884755593556,1,1
M2_popmass,medium,22,0.6,0.1,0,10.23437213897705,20.31896312603155,-0.010458946228027344,10.836793899536133,10.84725284576416,0.010458946228027344,0.10159481563015776,0.001268884755593556,1,1
M0_balanced,medium,22,0.6,0.2,0,10.23437213897705,20.31896312603155,-0.013807296752929688,10.663429260253906,10.677236557006836,0.013807296752929688,0.10159481563015776,0.001268884755593556,1,1
M1_margin,medium,22,0.6,0.2,0,10.23437213897705,20.31896312603155,0.04824256896972656,12.605880737304688,12.557638168334961,-0.04824256896972656,0.10159481563015776,0.001268884755593556,1,1
M2_popmass,medium,22,0.6,0.2,0,10.23437213897705,20.31896312603155,-0.010458946228027344,10.836793899536133,10.84725284576416,0.010458946228027344,0.10159481563015776,0.001268884755593556,1,1
M0_balanced,medium,22,0.6,0.4,0,10.23437213897705,20.31896312603155,-0.013807296752929688,10.663429260253906,10.677236557006836,0.013807296752929688,0.10159481563015776,0.001268884755593556,1,1
M1_margin,medium,22,0.6,0.4,0,10.23437213897705,20.31896312603155,0.04824256896972656,12.605880737304688,12.557638168334961,-0.04824256896972656,0.10159481563015776,0.001268884755593556,1,1
M2_popmass,medium,22,0.6,0.4,0,10.23437213897705,20.31896312603155,-0.010458946228027344,10.836793899536133,10.84725284576416,0.010458946228027344,0.10159481563015776,0.001268884755593556,1,1
M0_balanced,medium,22,0.6,0.1,1,10.203048706054688,20.31321634411919,-0.013655662536621094,10.663429260253906,10.677084922790527,0.013655662536621094,0.10156608172059596,0.0012685258788183442,1,0
M1_margin,medium,22,0.6,0.1,1,10.203048706054688,20.31321634411919,0.048501014709472656,12.605880737304688,12.557379722595215,-0.048501014709472656,0.10156608172059596,0.0012685258788183442,1,0
M2_popmass,medium,22,0.6,0.1,1,10.203048706054688,20.31321634411919,-0.01030731201171875,10.836793899536133,10.847101211547852,0.01030731201171875,0.10156608172059596,0.0012685258788183442,1,0
M0_balanced,medium,22,0.6,0.2,1,10.237833023071289,20.30581120877492,-0.013763427734375,10.663429260253906,10.677192687988281,0.013763427734375,0.1015290560438746,0.0012680634406863798,1,2
M1_margin,medium,22,0.6,0.2,1,10.237833023071289,20.30581120877492,0.048150062561035156,12.605880737304688,12.557730674743652,-0.048150062561035156,0.1015290560438746,0.0012680634406863798,1,2
M2_popmass,medium,22,0.6,0.2,1,10.237833023071289,20.30581120877492,-0.010424613952636719,10.836793899536133,10.84721851348877,0.010424613952636719,0.1015290560438746,0.0012680634406863798,1,2
M0_balanced,medium,22,0.6,0.4,1,10.237833023071289,20.30581120877492,-0.013763427734375,10.663429260253906,10.677192687988281,0.013763427734375,0.1015290560438746,0.0012680634406863798,1,2
M1_margin,medium,22,0.6,0.4,1,10.237833023071289,20.30581120877492,0.048150062561035156,12.605880737304688,12.557730674743652,-0.048150062561035156,0.1015290560438746,0.0012680634406863798,1,2
M2_popmass,medium,22,0.6,0.4,1,10.237833023071289,20.30581120877492,-0.010424613952636719,10.836793899536133,10.84721851348877,0.010424613952636719,0.1015290560438746,0.0012680634406863798,1,2
M0_balanced,medium,22,0.6,0.1,2,10.318593978881836,20.359504517861314,-0.0125579833984375,10.663429260253906,10.675987243652344,0.0125579833984375,0.10179752258930658,0.0012714164966939384,1,0
M1_margin,medium,22,0.6,0.1,2,10.318593978881836,20.359504517861314,0.0511474609375,12.605880737304688,12.554733276367188,-0.0511474609375,0.10179752258930658,0.0012714164966939384,1,0
M2_popmass,medium,22,0.6,0.1,2,10.318593978881836,20.359504517861314,-0.009156227111816406,10.836793899536133,10.84595012664795,0.009156227111816406,0.10179752258930658,0.0012714164966939384,1,0
M0_balanced,medium,22,0.6,0.2,2,10.318593978881836,20.359504517861314,-0.0125579833984375,10.663429260253906,10.675987243652344,0.0125579833984375,0.10179752258930658,0.0012714164966939384,1,0
M1_margin,medium,22,0.6,0.2,2,10.318593978881836,20.359504517861314,0.0511474609375,12.605880737304688,12.554733276367188,-0.0511474609375,0.10179752258930658,0.0012714164966939384,1,0
M2_popmass,medium,22,0.6,0.2,2,10.318593978881836,20.359504517861314,-0.009156227111816406,10.836793899536133,10.84595012664795,0.009156227111816406,0.10179752258930658,0.0012714164966939384,1,0
M0_balanced,medium,22,0.6,0.4,2,10.318593978881836,20.359504517861314,-0.0125579833984375,10.663429260253906,10.675987243652344,0.0125579833984375,0.10179752258930658,0.0012714164966939384,1,0
M1_margin,medium,22,0.6,0.4,2,10.318593978881836,20.359504517861314,0.0511474609375,12.605880737304688,12.554733276367188,-0.0511474609375,0.10179752258930658,0.0012714164966939384,1,0
M2_popmass,medium,22,0.6,0.4,2,10.318593978881836,20.359504517861314,-0.009156227111816406,10.836793899536133,10.84595012664795,0.009156227111816406,0.10179752258930658,0.0012714164966939384,1,0
M0_balanced,medium,22,0.6,0.1,3,10.31053638458252,20.358467760855245,-0.012571334838867188,10.663429260253906,10.676000595092773,0.012571334838867188,0.10179233880427623,0.0012713517529788138,1,0
M1_margin,medium,22,0.6,0.1,3,10.31053638458252,20.358467760855245,0.05108451843261719,12.605880737304688,12.55479621887207,-0.05108451843261719,0.10179233880427623,0.0012713517529788138,1,0
M2_popmass,medium,22,0.6,0.1,3,10.31053638458252,20.358467760855245,-0.009171485900878906,10.836793899536133,10.845965385437012,0.009171485900878906,0.10179233880427623,0.0012713517529788138,1,0
M0_balanced,medium,22,0.6,0.2,3,10.30034065246582,20.355382940221414,-0.012763023376464844,10.663429260253906,10.676192283630371,0.012763023376464844,0.10177691470110707,0.0012711591111667425,1,1
M1_margin,medium,22,0.6,0.2,3,10.30034065246582,20.355382940221414,0.050673484802246094,12.605880737304688,12.555207252502441,-0.050673484802246094,0.10177691470110707,0.0012711591111667425,1,1
M2_popmass,medium,22,0.6,0.2,3,10.30034065246582,20.355382940221414,-0.009365081787109375,10.836793899536133,10.846158981323242,0.009365081787109375,0.10177691470110707,0.0012711591111667425,1,1
M0_balanced,medium,22,0.6,0.4,3,10.285835266113281,20.331032863049707,-0.012583732604980469,10.663429260253906,10.676012992858887,0.012583732604980469,0.10165516431524854,0.0012696384901818498,1,2
M1_margin,medium,22,0.6,0.4,3,10.285835266113281,20.331032863049707,0.05062294006347656,12.605880737304688,12.555257797241211,-0.05062294006347656,0.10165516431524854,0.0012696384901818498,1,2
M2_popmass,medium,22,0.6,0.4,3,10.285835266113281,20.331032863049707,-0.009200096130371094,10.836793899536133,10.845993995666504,0.009200096130371094,0.10165516431524854,0.0012696384901818498,1,2
M0_balanced,medium,22,0.6,0.1,4,10.298430442810059,20.337637445390943,-0.012544631958007812,10.663429260253906,10.675973892211914,0.012544631958007812,0.10168818722695472,0.0012700509351377207,1,1
M1_margin,medium,22,0.6,0.1,4,10.298430442810059,20.337637445390943,0.05105781555175781,12.605880737304688,12.55482292175293,-0.05105781555175781,0.10168818722695472,0.0012700509351377207,1,1
M2_popmass,medium,22,0.6,0.1,4,10.298430442810059,20.337637445390943,-0.009148597717285156,10.836793899536133,10.845942497253418,0.009148597717285156,0.10168818722695472,0.0012700509351377207,1,1
M0_balanced,medium,22,0.6,0.2,4,10.298430442810059,20.337637445390943,-0.012544631958007812,10.663429260253906,10.675973892211914,0.012544631958007812,0.10168818722695472,0.0012700509351377207,1,1
M1_margin,medium,22,0.6,0.2,4,10.298430442810059,20.337637445390943,0.05105781555175781,12.605880737304688,12.55482292175293,-0.05105781555175781,0.10168818722695472,0.0012700509351377207,1,1
M2_popmass,medium,22,0.6,0.2,4,10.298430442810059,20.337637445390943,-0.009148597717285156,10.836793899536133,10.845942497253418,0.009148597717285156,0.10168818722695472,0.0012700509351377207,1,1
M0_balanced,medium,22,0.6,0.4,4,10.299163818359375,20.313053416028517,-0.012491226196289062,10.663429260253906,10.675920486450195,0.012491226196289062,0.10156526708014259,0.0012685157042356535,1,2
M1_margin,medium,22,0.6,0.4,4,10.299163818359375,20.313053416028517,0.05087757110595703,12.605880737304688,12.55500316619873,-0.05087757110595703,0.10156526708014259,0.0012685157042356535,1,2
M2_popmass,medium,22,0.6,0.4,4,10.299163818359375,20.313053416028517,-0.009106636047363281,10.836793899536133,10.845900535583496,0.009106636047363281,0.10156526708014259,0.0012685157042356535,1,2
M0_balanced,medium,23,0.5,0.1,0,8.591653823852539,22.6067964807618,-0.37230968475341797,10.663429260253906,11.035738945007324,0.37230968475341797,0.113033982403809,0.0014117560649782614,1,0
M1_margin,medium,23,0.5,0.1,0,8.591653823852539,22.6067964807618,-0.6673879623413086,12.605880737304688,13.273268699645996,0.6673879623413086,0.113033982403809,0.0014117560649782614,1,0
M2_popmass,medium,23,0.5,0.1,0,8.591653823852539,22.6067964807618,-0.36963844299316406,10.836793899536133,11.206432342529297,0.36963844299316406,0.113033982403809,0.0014117560649782614,1,0
M0_balanced,medium,23,0.5,0.2,0,8.591653823852539,22.6067964807618,-0.37230968475341797,10.663429260253906,11.035738945007324,0.37230968475341797,0.113033982403809,0.0014117560649782614,1,0
M1_margin,medium,23,0.5,0.2,0,8.591653823852539,22.6067964807618,-0.6673879623413086,12.605880737304688,13.273268699645996,0.6673879623413086,0.113033982403809,0.0014117560649782614,1,0
M2_popmass,medium,23,0.5,0.2,0,8.591653823852539,22.6067964807618,-0.36963844299316406,10.836793899536133,11.206432342529297,0.36963844299316406,0.113033982403809,0.0014117560649782614,1,0
M0_balanced,medium,23,0.5,0.4,0,8.591653823852539,22.6067964807618,-0.37230968475341797,10.663429260253906,11.035738945007324,0.37230968475341797,0.113033982403809,0.0014117560649782614,1,0
M1_margin,medium,23,0.5,0.4,0,8.591653823852539,22.6067964807618,-0.6673879623413086,12.605880737304688,13.273268699645996,0.6673879623413086,0.113033982403809,0.0014117560649782614,1,0
M2_popmass,medium,23,0.5,0.4,0,8.591653823852539,22.6067964807618,-0.36963844299316406,10.836793899536133,11.206432342529297,0.36963844299316406,0.113033982403809,0.0014117560649782614,1,0
M0_balanced,medium,23,0.5,0.1,1,8.594733238220215,22.607679032494993,-0.37228965759277344,10.663429260253906,11.03571891784668,0.37228965759277344,0.11303839516247496,0.0014118111788358593,1,0
M1_margin,medium,23,0.5,0.1,1,8.594733238220215,22.607679032494993,-0.6673173904418945,12.605880737304688,13.273198127746582,0.6673173904418945,0.11303839516247496,0.0014118111788358593,1,0
M2_popmass,medium,23,0.5,0.1,1,8.594733238220215,22.607679032494993,-0.3696174621582031,10.836793899536133,11.206411361694336,0.3696174621582031,0.11303839516247496,0.0014118111788358593,1,0
M0_balanced,medium,23,0.5,0.2,1,8.594733238220215,22.607679032494993,-0.37228965759277344,10.663429260253906,11.03571891784668,0.37228965759277344,0.11303839516247496,0.0014118111788358593,1,0
M1_margin,medium,23,0.5,0.2,1,8.594733238220215,22.607679032494993,-0.6673173904418945,12.605880737304688,13.273198127746582,0.6673173904418945,0.11303839516247496,0.0014118111788358593,1,0
M2_popmass,medium,23,0.5,0.2,1,8.594733238220215,22.607679032494993,-0.3696174621582031,10.836793899536133,11.206411361694336,0.3696174621582031,0.11303839516247496,0.0014118111788358593,1,0
M0_balanced,medium,23,0.5,0.4,1,8.540342330932617,22.545187843586465,-0.37255382537841797,10.663429260253906,11.035983085632324,0.37255382537841797,0.11272593921793232,0.0014079087101678907,1,2
M1_margin,medium,23,0.5,0.4,1,8.540342330932617,22.545187843586465,-0.6685562133789062,12.605880737304688,13.274436950683594,0.6685562133789062,0.11272593921793232,0.0014079087101678907,1,2
M2_popmass,medium,23,0.5,0.4,1,8.540342330932617,22.545187843586465,-0.36992645263671875,10.836793899536133,11.206720352172852,0.36992645263671875,0.11272593921793232,0.0014079087101678907,1,2
M0_balanced,medium,23,0.5,0.1,2,8.59768009185791,22.607134834356117,-0.37228965759277344,10.663429260253906,11.03571891784668,0.37228965759277344,0.11303567417178059,0.0014117771945858682,1,0
M1_margin,medium,23,0.5,0.1,2,8.59768009185791,22.607134834356117,-0.667327880859375,12.605880737304688,13.273208618164062,0.667327880859375,0.11303567417178059,0.0014117771945858682,1,0
M2_popmass,medium,23,0.5,0.1,2,8.59768009185791,22.607134834356117,-0.3696174621582031,10.836793899536133,11.206411361694336,0.3696174621582031,0.11303567417178059,0.0014117771945858682,1,0
M0_balanced,medium,23,0.5,0.2,2,8.59768009185791,22.607134834356117,-0.37228965759277344,10.663429260253906,11.03571891784668,0.37228965759277344,0.11303567417178059,0.0014117771945858682,1,0
M1_margin,medium,23,0.5,0.2,2,8.59768009185791,22.607134834356117,-0.667327880859375,12.605880737304688,13.273208618164062,0.667327880859375,0.11303567417178059,0.0014117771945858682,1,0
M2_popmass,medium,23,0.5,0.2,2,8.59768009185791,22.607134834356117,-0.3696174621582031,10.836793899536133,11.206411361694336,0.3696174621582031,0.11303567417178059,0.0014117771945858682,1,0
M0_balanced,medium,23,0.5,0.4,2,8.557519912719727,22.598360055789694,-0.3723592758178711,10.663429260253906,11.035788536071777,0.3723592758178711,0.11299180027894848,0.0014112292245596625,1,1
M1_margin,medium,23,0.5,0.4,2,8.557519912719727,22.598360055789694,-0.6676397323608398,12.605880737304688,13.273520469665527,0.6676397323608398,0.11299180027894848,0.0014112292245596625,1,1
M2_popmass,medium,23,0.5,0.4,2,8.557519912719727,22.598360055789694,-0.36969947814941406,10.836793899536133,11.206493377685547,0.36969947814941406,0.11299180027894848,0.0014112292245596625,1,1
M0_balanced,medium,23,0.5,0.1,3,8.580836296081543,22.57729708756221,-0.37224769592285156,10.663429260253906,11.035676956176758,0.37224769592285156,0.11288648543781106,0.0014099138779484386,1,1
M1_margin,medium,23,0.5,0.1,3,8.580836296081543,22.57729708756221,-0.6675758361816406,12.605880737304688,13.273456573486328,0.6675758361816406,0.11288648543781106,0.0014099138779484386,1,1
M2_popmass,medium,23,0.5,0.1,3,8.580836296081543,22.57729708756221,-0.36958980560302734,10.836793899536133,11.20638370513916,0.36958980560302734,0.11288648543781106,0.0014099138779484386,1,1
M0_balanced,medium,23,0.5,0.2,3,8.580836296081543,22.57729708756221,-0.37224769592285156,10.663429260253906,11.035676956176758,0.37224769592285156,0.11288648543781106,0.0014099138779484386,1,1
M1_margin,medium,23,0.5,0.2,3,8.580836296081543,22.57729708756221,-0.6675758361816406,12.605880737304688,13.273456573486328,0.6675758361816406,0.11288648543781106,0.0014099138779484386,1,1
M2_popmass,medium,23,0.5,0.2,3,8.580836296081543,22.57729708756221,-0.36958980560302734,10.836793899536133,11.20638370513916,0.36958980560302734,0.11288648543781106,0.0014099138779484386,1,1
M0_balanced,medium,23,0.5,0.4,3,8.580836296081543,22.57729708756221,-0.37224769592285156,10.663429260253906,11.035676956176758,0.37224769592285156,0.11288648543781106,0.0014099138779484386,1,1
M1_margin,medium,23,0.5,0.4,3,8.580836296081543,22.57729708756221,-0.6675758361816406,12.605880737304688,13.273456573486328,0.6675758361816406,0.11288648543781106,0.0014099138779484386,1,1
M2_popmass,medium,23,0.5,0.4,3,8.580836296081543,22.57729708756221,-0.36958980560302734,10.836793899536133,11.20638370513916,0.36958980560302734,0.11288648543781106,0.0014099138779484386,1,1
M0_balanced,medium,23,0.5,0.1,4,8.598328590393066,22.60978416234521,-0.3723258972167969,10.663429260253906,11.035755157470703,0.3723258972167969,0.11304892081172606,0.0014119426406215283,1,0
M1_margin,medium,23,0.5,0.1,4,8.598328590393066,22.60978416234521,-0.6673831939697266,12.605880737304688,13.273263931274414,0.6673831939697266,0.11304892081172606,0.0014119426406215283,1,0
M2_popmass,medium,23,0.5,0.1,4,8.598328590393066,22.60978416234521,-0.36965370178222656,10.836793899536133,11.20644760131836,0.36965370178222656,0.11304892081172606,0.0014119426406215283,1,0
M0_balanced,medium,23,0.5,0.2,4,8.598328590393066,22.60978416234521,-0.3723258972167969,10.663429260253906,11.035755157470703,0.3723258972167969,0.11304892081172606,0.0014119426406215283,1,0
M1_margin,medium,23,0.5,0.2,4,8.598328590393066,22.60978416234521,-0.6673831939697266,12.605880737304688,13.273263931274414,0.6673831939697266,0.11304892081172606,0.0014119426406215283,1,0
M2_popmass,medium,23,0.5,0.2,4,8.598328590393066,22.60978416234521,-0.36965370178222656,10.836793899536133,11.20644760131836,0.36965370178222656,0.11304892081172606,0.0014119426406215283,1,0
M0_balanced,medium,23,0.5,0.4,4,8.598328590393066,22.60978416234521,-0.3723258972167969,10.663429260253906,11.035755157470703,0.3723258972167969,0.11304892081172606,0.0014119426406215283,1,0
M1_margin,medium,23,0.5,0.4,4,8.598328590393066,22.60978416234521,-0.6673831939697266,12.605880737304688,13.273263931274414,0.6673831939697266,0.11304892081172606,0.0014119426406215283,1,0
M2_popmass,medium,23,0.5,0.4,4,8.598328590393066,22.60978416234521,-0.36965370178222656,10.836793899536133,11.20644760131836,0.36965370178222656,0.11304892081172606,0.0014119426406215283,1,0
M0_balanced,medium,24,0.5,0.1,0,11.198568344116211,14.772074955922891,0.03990364074707031,10.663429260253906,10.623525619506836,-0.03990364074707031,0.07386037477961446,0.0009224910052640448,1,0
M1_margin,medium,24,0.5,0.1,0,11.198568344116211,14.772074955922891,0.12470245361328125,12.605880737304688,12.481178283691406,-0.12470245361328125,0.07386037477961446,0.0009224910052640448,1,0
M2_popmass,medium,24,0.5,0.1,0,11.198568344116211,14.772074955922891,0.04139232635498047,10.836793899536133,10.795401573181152,-0.04139232635498047,0.07386037477961446,0.0009224910052640448,1,0
M0_balanced,medium,24,0.5,0.2,0,11.12823486328125,14.75193546692788,0.03954124450683594,10.663429260253906,10.62388801574707,-0.03954124450683594,0.07375967733463941,0.0009212333283632745,1,1
M1_margin,medium,24,0.5,0.2,0,11.12823486328125,14.75193546692788,0.1240072250366211,12.605880737304688,12.481873512268066,-0.1240072250366211,0.07375967733463941,0.0009212333283632745,1,1
M2_popmass,medium,24,0.5,0.2,0,11.12823486328125,14.75193546692788,0.04100799560546875,10.836793899536133,10.795785903930664,-0.04100799560546875,0.07375967733463941,0.0009212333283632745,1,1
M0_balanced,medium,24,0.5,0.4,0,11.042410850524902,14.679117218178897,0.03922462463378906,10.663429260253906,10.624204635620117,-0.03922462463378906,0.07339558609089449,0.0009166859523385486,1,2
M1_margin,medium,24,0.5,0.4,0,11.042410850524902,14.679117218178897,0.12313461303710938,12.605880737304688,12.482746124267578,-0.12313461303710938,0.07339558609089449,0.0009166859523385486,1,2
M2_popmass,medium,24,0.5,0.4,0,11.042410850524902,14.679117218178897,0.04066944122314453,10.836793899536133,10.796124458312988,-0.04066944122314453,0.07339558609089449,0.0009166859523385486,1,2
M0_balanced,medium,24,0.5,0.1,1,11.207963943481445,14.739791381405668,0.0396575927734375,10.663429260253906,10.623771667480469,-0.0396575927734375,0.07369895690702834,0.0009204749508371094,1,1
M1_margin,medium,24,0.5,0.1,1,11.207963943481445,14.739791381405668,0.12436103820800781,12.605880737304688,12.48151969909668,-0.12436103820800781,0.07369895690702834,0.0009204749508371094,1,1
M2_popmass,medium,24,0.5,0.1,1,11.207963943481445,14.739791381405668,0.04114246368408203,10.836793899536133,10.79565143585205,-0.04114246368408203,0.07369895690702834,0.0009204749508371094,1,1
M0_balanced,medium,24,0.5,0.2,1,11.207963943481445,14.739791381405668,0.0396575927734375,10.663429260253906,10.623771667480469,-0.0396575927734375,0.07369895690702834,0.0009204749508371094,1,1
M1_margin,medium,24,0.5,0.2,1,11.207963943481445,14.739791381405668,0.12436103820800781,12.605880737304688,12.48151969909668,-0.12436103820800781,0.07369895690702834,0.0009204749508371094,1,1
M2_popmass,medium,24,0.5,0.2,1,11.207963943481445,14.739791381405668,0.04114246368408203,10.836793899536133,10.79565143585205,-0.04114246368408203,0.07369895690702834,0.0009204749508371094,1,1
M0_balanced,medium,24,0.5,0.4,1,11.207963943481445,14.739791381405668,0.0396575927734375,10.663429260253906,10.623771667480469,-0.0396575927734375,0.07369895690702834,0.0009204749508371094,1,1
M1_margin,medium,24,0.5,0.4,1,11.207963943481445,14.739791381405668,0.12436103820800781,12.605880737304688,12.48151969909668,-0.12436103820800781,0.07369895690702834,0.0009204749508371094,1,1
M2_popmass,medium,24,0.5,0.4,1,11.207963943481445,14.739791381405668,0.04114246368408203,10.836793899536133,10.79565143585205,-0.04114246368408203,0.07369895690702834,0.0009204749508371094,1,1
M0_balanced,medium,24,0.5,0.1,2,11.195268630981445,14.771002760208091,0.039870262145996094,10.663429260253906,10.62355899810791,-0.039870262145996094,0.07385501380104045,0.0009224240484617176,1,0
M1_margin,medium,24,0.5,0.1,2,11.195268630981445,14.771002760208091,0.12464332580566406,12.605880737304688,12.481237411499023,-0.12464332580566406,0.07385501380104045,0.0009224240484617176,1,0
M2_popmass,medium,24,0.5,0.1,2,11.195268630981445,14.771002760208091,0.041357994079589844,10.836793899536133,10.795435905456543,-0.041357994079589844,0.07385501380104045,0.0009224240484617176,1,0
M0_balanced,medium,24,0.5,0.2,2,11.195268630981445,14.771002760208091,0.039870262145996094,10.663429260253906,10.62355899810791,-0.039870262145996094,0.07385501380104045,0.0009224240484617176,1,0
M1_margin,medium,24,0.5,0.2,2,11.195268630981445,14.771002760208091,0.12464332580566406,12.605880737304688,12.481237411499023,-0.12464332580566406,0.07385501380104045,0.0009224240484617176,1,0
M2_popmass,medium,24,0.5,0.2,2,11.195268630981445,14.771002760208091,0.041357994079589844,10.836793899536133,10.795435905456543,-0.041357994079589844,0.07385501380104045,0.0009224240484617176,1,0
M0_balanced,medium,24,0.5,0.4,2,11.195268630981445,14.771002760208091,0.039870262145996094,10.663429260253906,10.62355899810791,-0.039870262145996094,0.07385501380104045,0.0009224240484617176,1,0
M1_margin,medium,24,0.5,0.4,2,11.195268630981445,14.771002760208091,0.12464332580566406,12.605880737304688,12.481237411499023,-0.12464332580566406,0.07385501380104045,0.0009224240484617176,1,0
M2_popmass,medium,24,0.5,0.4,2,11.195268630981445,14.771002760208091,0.041357994079589844,10.836793899536133,10.795435905456543,-0.041357994079589844,0.07385501380104045,0.0009224240484617176,1,0
M0_balanced,medium,24,0.5,0.1,3,11.19493293762207,14.771318244997099,0.039887428283691406,10.663429260253906,10.623541831970215,-0.039887428283691406,0.0738565912249855,0.0009224437499512529,1,0
M1_margin,medium,24,0.5,0.1,3,11.19493293762207,14.771318244997099,0.12467098236083984,12.605880737304688,12.481209754943848,-0.12467098236083984,0.0738565912249855,0.0009224437499512529,1,0
M2_popmass,medium,24,0.5,0.1,3,11.19493293762207,14.771318244997099,0.041375160217285156,10.836793899536133,10.795418739318848,-0.041375160217285156,0.0738565912249855,0.0009224437499512529,1,0
M0_balanced,medium,24,0.5,0.2,3,11.19493293762207,14.771318244997099,0.039887428283691406,10.663429260253906,10.623541831970215,-0.039887428283691406,0.0738565912249855,0.0009224437499512529,1,0
M1_margin,medium,24,0.5,0.2,3,11.19493293762207,14.771318244997099,0.12467098236083984,12.605880737304688,12.481209754943848,-0.12467098236083984,0.0738565912249855,0.0009224437499512529,1,0
M2_popmass,medium,24,0.5,0.2,3,11.19493293762207,14.771318244997099,0.041375160217285156,10.836793899536133,10.795418739318848,-0.041375160217285156,0.0738565912249855,0.0009224437499512529,1,0
M0_balanced,medium,24,0.5,0.4,3,11.205474853515625,14.74128633336185,0.0396575927734375,10.663429260253906,10.623771667480469,-0.0396575927734375,0.07370643166680925,0.0009205683080490782,1,1
M1_margin,medium,24,0.5,0.4,3,11.205474853515625,14.74128633336185,0.12436294555664062,12.605880737304688,12.481517791748047,-0.12436294555664062,0.07370643166680925,0.0009205683080490782,1,1
M2_popmass,medium,24,0.5,0.4,3,11.205474853515625,14.74128633336185,0.04114246368408203,10.836793899536133,10.79565143585205,-0.04114246368408203,0.07370643166680925,0.0009205683080490782,1,1
M0_balanced,medium,24,0.5,0.1,4,11.197900772094727,14.76970895955898,0.03989219665527344,10.663429260253906,10.623537063598633,-0.03989219665527344,0.0738485447977949,0.0009223432528074192,1,0
M1_margin,medium,24,0.5,0.1,4,11.197900772094727,14.76970895955898,0.12467193603515625,12.605880737304688,12.481208801269531,-0.12467193603515625,0.0738485447977949,0.0009223432528074192,1,0
M2_popmass,medium,24,0.5,0.1,4,11.197900772094727,14.76970895955898,0.041380882263183594,10.836793899536133,10.79541301727295,-0.041380882263183594,0.0738485447977949,0.0009223432528074192,1,0
M0_balanced,medium,24,0.5,0.2,4,11.197900772094727,14.76970895955898,0.03989219665527344,10.663429260253906,10.623537063598633,-0.03989219665527344,0.0738485447977949,0.0009223432528074192,1,0
M1_margin,medium,24,0.5,0.2,4,11.197900772094727,14.76970895955898,0.12467193603515625,12.605880737304688,12.481208801269531,-0.12467193603515625,0.0738485447977949,0.0009223432528074192,1,0
M2_popmass,medium,24,0.5,0.2,4,11.197900772094727,14.76970895955898,0.041380882263183594,10.836793899536133,10.79541301727295,-0.041380882263183594,0.0738485447977949,0.0009223432528074192,1,0
M0_balanced,medium,24,0.5,0.4,4,11.197900772094727,14.76970895955898,0.03989219665527344,10.663429260253906,10.623537063598633,-0.03989219665527344,0.0738485447977949,0.0009223432528074192,1,0
M1_margin,medium,24,0.5,0.4,4,11.197900772094727,14.76970895955898,0.12467193603515625,12.605880737304688,12.481208801269531,-0.12467193603515625,0.0738485447977949,0.0009223432528074192,1,0
M2_popmass,medium,24,0.5,0.4,4,11.197900772094727,14.76970895955898,0.041380882263183594,10.836793899536133,10.79541301727295,-0.041380882263183594,0.0738485447977949,0.0009223432528074192,1,0
M0_balanced,medium,25,0.5,0.1,0,9.403717994689941,13.654724595497644,0.016735076904296875,10.663429260253906,10.64669418334961,-0.016735076904296875,0.06827362297748822,0.0008527143719680196,1,0
M1_margin,medium,25,0.5,0.1,0,9.403717994689941,13.654724595497644,0.013896942138671875,12.605880737304688,12.591983795166016,-0.013896942138671875,0.06827362297748822,0.0008527143719680196,1,0
M2_popmass,medium,25,0.5,0.1,0,9.403717994689941,13.654724595497644,0.017698287963867188,10.836793899536133,10.819095611572266,-0.017698287963867188,0.06827362297748822,0.0008527143719680196,1,0
M0_balanced,medium,25,0.5,0.2,0,9.298591613769531,13.66280578621731,0.01654052734375,10.663429260253906,10.646888732910156,-0.01654052734375,0.06831402893108655,0.000853219028610567,1,1
M1_margin,medium,25,0.5,0.2,0,9.298591613769531,13.66280578621731,0.013208389282226562,12.605880737304688,12.592672348022461,-0.013208389282226562,0.06831402893108655,0.000853219028610567,1,1
M2_popmass,medium,25,0.5,0.2,0,9.298591613769531,13.66280578621731,0.01749706268310547,10.836793899536133,10.819296836853027,-0.01749706268310547,0.06831402893108655,0.000853219028610567,1,1
M0_balanced,medium,25,0.5,0.4,0,9.298591613769531,13.66280578621731,0.01654052734375,10.663429260253906,10.646888732910156,-0.01654052734375,0.06831402893108655,0.000853219028610567,1,1
M1_margin,medium,25,0.5,0.4,0,9.298591613769531,13.66280578621731,0.013208389282226562,12.605880737304688,12.592672348022461,-0.013208389282226562,0.06831402893108655,0.000853219028610567,1,1
M2_popmass,medium,25,0.5,0.4,0,9.298591613769531,13.66280578621731,0.01749706268310547,10.836793899536133,10.819296836853027,-0.01749706268310547,0.06831402893108655,0.000853219028610567,1,1
M0_balanced,medium,25,0.5,0.1,1,9.378994941711426,13.639374086642311,0.016256332397460938,10.663429260253906,10.647172927856445,-0.016256332397460938,0.06819687043321156,0.0008517557587476343,1,1
M1_margin,medium,25,0.5,0.1,1,9.378994941711426,13.639374086642311,0.012032508850097656,12.605880737304688,12.59384822845459,-0.012032508850097656,0.06819687043321156,0.0008517557587476343,1,1
M2_popmass,medium,25,0.5,0.1,1,9.378994941711426,13.639374086642311,0.01718902587890625,10.836793899536133,10.819604873657227,-0.01718902587890625,0.06819687043321156,0.0008517557587476343,1,1
M0_balanced,medium,25,0.5,0.2,1,9.378994941711426,13.639374086642311,0.016256332397460938,10.663429260253906,10.647172927856445,-0.016256332397460938,0.06819687043321156,0.0008517557587476343,1,1
M1_margin,medium,25,0.5,0.2,1,9.378994941711426,13.639374086642311,0.012032508850097656,12.605880737304688,12.59384822845459,-0.012032508850097656,0.06819687043321156,0.0008517557587476343,1,1
M2_popmass,medium,25,0.5,0.2,1,9.378994941711426,13.639374086642311,0.01718902587890625,10.836793899536133,10.819604873657227,-0.01718902587890625,0.06819687043321156,0.0008517557587476343,1,1
M0_balanced,medium,25,0.5,0.4,1,9.378994941711426,13.639374086642311,0.016256332397460938,10.663429260253906,10.647172927856445,-0.016256332397460938,0.06819687043321156,0.0008517557587476343,1,1
M1_margin,medium,25,0.5,0.4,1,9.378994941711426,13.639374086642311,0.012032508850097656,12.605880737304688,12.59384822845459,-0.012032508850097656,0.06819687043321156,0.0008517557587476343,1,1
M2_popmass,medium,25,0.5,0.4,1,9.378994941711426,13.639374086642311,0.01718902587890625,10.836793899536133,10.819604873657227,-0.01718902587890625,0.06819687043321156,0.0008517557587476343,1,1
M0_balanced,medium,25,0.5,0.1,2,9.364927291870117,13.630825110599075,0.016557693481445312,10.663429260253906,10.646871566772461,-0.016557693481445312,0.06815412555299537,0.0008512218897056997,1,1
M1_margin,medium,25,0.5,0.1,2,9.364927291870117,13.630825110599075,0.013514518737792969,12.605880737304688,12.592366218566895,-0.013514518737792969,0.06815412555299537,0.0008512218897056997,1,1
M2_popmass,medium,25,0.5,0.1,2,9.364927291870117,13.630825110599075,0.017513275146484375,10.836793899536133,10.819280624389648,-0.017513275146484375,0.06815412555299537,0.0008512218897056997,1,1
M0_balanced,medium,25,0.5,0.2,2,9.364927291870117,13.630825110599075,0.016557693481445312,10.663429260253906,10.646871566772461,-0.016557693481445312,0.06815412555299537,0.0008512218897056997,1,1
M1_margin,medium,25,0.5,0.2,2,9.364927291870117,13.630825110599075,0.013514518737792969,12.605880737304688,12.592366218566895,-0.013514518737792969,0.06815412555299537,0.0008512218897056997,1,1
M2_popmass,medium,25,0.5,0.2,2,9.364927291870117,13.630825110599075,0.017513275146484375,10.836793899536133,10.819280624389648,-0.017513275146484375,0.06815412555299537,0.0008512218897056997,1,1
M0_balanced,medium,25,0.5,0.4,2,9.364927291870117,13.630825110599075,0.016557693481445312,10.663429260253906,10.646871566772461,-0.016557693481445312,0.06815412555299537,0.0008512218897056997,1,1
M1_margin,medium,25,0.5,0.4,2,9.364927291870117,13.630825110599075,0.013514518737792969,12.605880737304688,12.592366218566895,-0.013514518737792969,0.06815412555299537,0.0008512218897056997,1,1
M2_popmass,medium,25,0.5,0.4,2,9.364927291870117,13.630825110599075,0.017513275146484375,10.836793899536133,10.819280624389648,-0.017513275146484375,0.06815412555299537,0.0008512218897056997,1,1
M0_balanced,medium,25,0.5,0.1,3,9.378559112548828,13.63837503654097,0.016263961791992188,10.663429260253906,10.647165298461914,-0.016263961791992188,0.06819187518270485,0.0008516933697647023,1,1
M1_margin,medium,25,0.5,0.1,3,9.378559112548828,13.63837503654097,0.012047767639160156,12.605880737304688,12.593832969665527,-0.012047767639160156,0.06819187518270485,0.0008516933697647023,1,1
M2_popmass,medium,25,0.5,0.1,3,9.378559112548828,13.63837503654097,0.017197608947753906,10.836793899536133,10.819596290588379,-0.017197608947753906,0.06819187518270485,0.0008516933697647023,1,1
M0_balanced,medium,25,0.5,0.2,3,9.378559112548828,13.63837503654097,0.016263961791992188,10.663429260253906,10.647165298461914,-0.016263961791992188,0.06819187518270485,0.0008516933697647023,1,1
M1_margin,medium,25,0.5,0.2,3,9.378559112548828,13.63837503654097,0.012047767639160156,12.605880737304688,12.593832969665527,-0.012047767639160156,0.06819187518270485,0.0008516933697647023,1,1
M2_popmass,medium,25,0.5,0.2,3,9.378559112548828,13.63837503654097,0.017197608947753906,10.836793899536133,10.819596290588379,-0.017197608947753906,0.06819187518270485,0.0008516933697647023,1,1
M0_balanced,medium,25,0.5,0.4,3,9.198266983032227,13.59772816174455,0.015802383422851562,10.663429260253906,10.647626876831055,-0.015802383422851562,0.06798864080872276,0.0008491550414321104,1,2
M1_margin,medium,25,0.5,0.4,3,9.198266983032227,13.59772816174455,0.010586738586425781,12.605880737304688,12.595293998718262,-0.010586738586425781,0.06798864080872276,0.0008491550414321104,1,2
M2_popmass,medium,25,0.5,0.4,3,9.198266983032227,13.59772816174455,0.016707420349121094,10.836793899536133,10.820086479187012,-0.016707420349121094,0.06798864080872276,0.0008491550414321104,1,2
M0_balanced,medium,25,0.5,0.1,4,9.399378776550293,13.654081960035308,0.016736984252929688,10.663429260253906,10.646692276000977,-0.016736984252929688,0.06827040980017654,0.0008526742404742763,1,0
M1_margin,medium,25,0.5,0.1,4,9.399378776550293,13.654081960035308,0.013895988464355469,12.605880737304688,12.591984748840332,-0.013895988464355469,0.06827040980017654,0.0008526742404742763,1,0
M2_popmass,medium,25,0.5,0.1,4,9.399378776550293,13.654081960035308,0.0177001953125,10.836793899536133,10.819093704223633,-0.0177001953125,0.06827040980017654,0.0008526742404742763,1,0
M0_balanced,medium,25,0.5,0.2,4,9.399378776550293,13.654081960035308,0.016736984252929688,10.663429260253906,10.646692276000977,-0.016736984252929688,0.06827040980017654,0.0008526742404742763,1,0
M1_margin,medium,25,0.5,0.2,4,9.399378776550293,13.654081960035308,0.013895988464355469,12.605880737304688,12.591984748840332,-0.013895988464355469,0.06827040980017654,0.0008526742404742763,1,0
M2_popmass,medium,25,0.5,0.2,4,9.399378776550293,13.654081960035308,0.0177001953125,10.836793899536133,10.819093704223633,-0.0177001953125,0.06827040980017654,0.0008526742404742763,1,0
M0_balanced,medium,25,0.5,0.4,4,9.362664222717285,13.631298633699345,0.016559600830078125,10.663429260253906,10.646869659423828,-0.016559600830078125,0.06815649316849673,0.0008512514604195018,1,1
M1_margin,medium,25,0.5,0.4,4,9.362664222717285,13.631298633699345,0.013509750366210938,12.605880737304688,12.592370986938477,-0.013509750366210938,0.06815649316849673,0.0008512514604195018,1,1
M2_popmass,medium,25,0.5,0.4,4,9.362664222717285,13.631298633699345,0.017515182495117188,10.836793899536133,10.819278717041016,-0.017515182495117188,0.06815649316849673,0.0008512514604195018,1,1
M0_balanced,medium,26,0.6,0.1,0,9.742010116577148,14.288742010700943,0.04468059539794922,10.663429260253906,10.618748664855957,-0.04468059539794922,0.07144371005350472,0.0008923076832970619,1,1
M1_margin,medium,26,0.6,0.1,0,9.742010116577148,14.288742010700943,0.12417411804199219,12.605880737304688,12.481706619262695,-0.12417411804199219,0.07144371005350472,0.0008923076832970619,1,1
M2_popmass,medium,26,0.6,0.1,0,9.742010116577148,14.288742010700943,0.04598426818847656,10.836793899536133,10.790809631347656,-0.04598426818847656,0.07144371005350472,0.0008923076832970619,1,1
M0_balanced,medium,26,0.6,0.2,0,9.742010116577148,14.288742010700943,0.04468059539794922,10.663429260253906,10.618748664855957,-0.04468059539794922,0.07144371005350472,0.0008923076832970619,1,1
M1_margin,medium,26,0.6,0.2,0,9.742010116577148,14.288742010700943,0.12417411804199219,12.605880737304688,12.481706619262695,-0.12417411804199219,0.07144371005350472,0.0008923076832970619,1,1
M2_popmass,medium,26,0.6,0.2,0,9.742010116577148,14.288742010700943,0.04598426818847656,10.836793899536133,10.790809631347656,-0.04598426818847656,0.07144371005350472,0.0008923076832970619,1,1
M0_balanced,medium,26,0.6,0.4,0,9.750556945800781,14.311949063762333,0.04455757141113281,10.663429260253906,10.618871688842773,-0.04455757141113281,0.07155974531881167,0.0008937569243665592,1,2
M1_margin,medium,26,0.6,0.4,0,9.750556945800781,14.311949063762333,0.12403488159179688,12.605880737304688,12.48184585571289,-0.12403488159179688,0.07155974531881167,0.0008937569243665592,1,2
M2_popmass,medium,26,0.6,0.4,0,9.750556945800781,14.311949063762333,0.045861244201660156,10.836793899536133,10.790932655334473,-0.045861244201660156,0.07155974531881167,0.0008937569243665592,1,2
M0_balanced,medium,26,0.6,0.1,1,9.783769607543945,14.28927686167636,0.045105934143066406,10.663429260253906,10.61832332611084,-0.045105934143066406,0.0714463843083818,0.000892341083832562,1,0
M1_margin,medium,26,0.6,0.1,1,9.783769607543945,14.28927686167636,0.12662601470947266,12.605880737304688,12.479254722595215,-0.12662601470947266,0.0714463843083818,0.000892341083832562,1,0
M2_popmass,medium,26,0.6,0.1,1,9.783769607543945,14.28927686167636,0.04647254943847656,10.836793899536133,10.790321350097656,-0.04647254943847656,0.0714463843083818,0.000892341083832562,1,0
M0_balanced,medium,26,0.6,0.2,1,9.783769607543945,14.28927686167636,0.045105934143066406,10.663429260253906,10.61832332611084,-0.045105934143066406,0.0714463843083818,0.000892341083832562,1,0
M1_margin,medium,26,0.6,0.2,1,9.783769607543945,14.28927686167636,0.12662601470947266,12.605880737304688,12.479254722595215,-0.12662601470947266,0.0714463843083818,0.000892341083832562,1,0
M2_popmass,medium,26,0.6,0.2,1,9.783769607543945,14.28927686167636,0.04647254943847656,10.836793899536133,10.790321350097656,-0.04647254943847656,0.0714463843083818,0.000892341083832562,1,0
M0_balanced,medium,26,0.6,0.4,1,9.766845703125,14.269390135846294,0.045035362243652344,10.663429260253906,10.618393898010254,-0.045035362243652344,0.07134695067923147,0.0008910991915623748,1,1
M1_margin,medium,26,0.6,0.4,1,9.766845703125,14.269390135846294,0.12638092041015625,12.605880737304688,12.479499816894531,-0.12638092041015625,0.07134695067923147,0.0008910991915623748,1,1
M2_popmass,medium,26,0.6,0.4,1,9.766845703125,14.269390135846294,0.04639434814453125,10.836793899536133,10.790399551391602,-0.04639434814453125,0.07134695067923147,0.0008910991915623748,1,1
M0_balanced,medium,26,0.6,0.1,2,9.783332824707031,14.290584587256381,0.045126914978027344,10.663429260253906,10.618302345275879,-0.045126914978027344,0.0714529229362819,0.0008924227490751582,1,0
M1_margin,medium,26,0.6,0.1,2,9.783332824707031,14.290584587256381,0.12667083740234375,12.605880737304688,12.479209899902344,-0.12667083740234375,0.0714529229362819,0.0008924227490751582,1,0
M2_popmass,medium,26,0.6,0.1,2,9.783332824707031,14.290584587256381,0.046494483947753906,10.836793899536133,10.790299415588379,-0.046494483947753906,0.0714529229362819,0.0008924227490751582,1,0
M0_balanced,medium,26,0.6,0.2,2,9.799432754516602,14.2722696185109,0.045169830322265625,10.663429260253906,10.61825942993164,-0.045169830322265625,0.07136134809255451,0.0008912790103668312,1,1
M1_margin,medium,26,0.6,0.2,2,9.799432754516602,14.2722696185109,0.1265573501586914,12.605880737304688,12.479323387145996,-0.1265573501586914,0.07136134809255451,0.0008912790103668312,1,1
M2_popmass,medium,26,0.6,0.2,2,9.799432754516602,14.2722696185109,0.046532630920410156,10.836793899536133,10.790261268615723,-0.046532630920410156,0.07136134809255451,0.0008912790103668312,1,1
M0_balanced,medium,26,0.6,0.4,2,9.799432754516602,14.2722696185109,0.045169830322265625,10.663429260253906,10.61825942993164,-0.045169830322265625,0.07136134809255451,0.0008912790103668312,1,1
M1_margin,medium,26,0.6,0.4,2,9.799432754516602,14.2722696185109,0.1265573501586914,12.605880737304688,12.479323387145996,-0.1265573501586914,0.07136134809255451,0.0008912790103668312,1,1
M2_popmass,medium,26,0.6,0.4,2,9.799432754516602,14.2722696185109,0.046532630920410156,10.836793899536133,10.790261268615723,-0.046532630920410156,0.07136134809255451,0.0008912790103668312,1,1
M0_balanced,medium,26,0.6,0.1,3,9.766755104064941,14.27051579692804,0.04504966735839844,10.663429260253906,10.618379592895508,-0.04504966735839844,0.0713525789846402,0.0008911694871861098,1,1
M1_margin,medium,26,0.6,0.1,3,9.766755104064941,14.27051579692804,0.12640762329101562,12.605880737304688,12.479473114013672,-0.12640762329101562,0.0713525789846402,0.0008911694871861098,1,1
M2_popmass,medium,26,0.6,0.1,3,9.766755104064941,14.27051579692804,0.04640960693359375,10.836793899536133,10.790384292602539,-0.04640960693359375,0.0713525789846402,0.0008911694871861098,1,1
M0_balanced,medium,26,0.6,0.2,3,9.766755104064941,14.27051579692804,0.04504966735839844,10.663429260253906,10.618379592895508,-0.04504966735839844,0.0713525789846402,0.0008911694871861098,1,1
M1_margin,medium,26,0.6,0.2,3,9.766755104064941,14.27051579692804,0.12640762329101562,12.605880737304688,12.479473114013672,-0.12640762329101562,0.0713525789846402,0.0008911694871861098,1,1
M2_popmass,medium,26,0.6,0.2,3,9.766755104064941,14.27051579692804,0.04640960693359375,10.836793899536133,10.790384292602539,-0.04640960693359375,0.0713525789846402,0.0008911694871861098,1,1
M0_balanced,medium,26,0.6,0.4,3,9.766755104064941,14.27051579692804,0.04504966735839844,10.663429260253906,10.618379592895508,-0.04504966735839844,0.0713525789846402,0.0008911694871861098,1,1
M1_margin,medium,26,0.6,0.4,3,9.766755104064941,14.27051579692804,0.12640762329101562,12.605880737304688,12.479473114013672,-0.12640762329101562,0.0713525789846402,0.0008911694871861098,1,1
M2_popmass,medium,26,0.6,0.4,3,9.766755104064941,14.27051579692804,0.04640960693359375,10.836793899536133,10.790384292602539,-0.04640960693359375,0.0713525789846402,0.0008911694871861098,1,1
M0_balanced,medium,26,0.6,0.1,4,9.773242950439453,14.265282578037162,0.04489898681640625,10.663429260253906,10.6185302734375,-0.04489898681640625,0.0713264128901858,0.0008908426815498117,1,1
M1_margin,medium,26,0.6,0.1,4,9.773242950439453,14.265282578037162,0.12598419189453125,12.605880737304688,12.479896545410156,-0.12598419189453125,0.0713264128901858,0.0008908426815498117,1,1
M2_popmass,medium,26,0.6,0.1,4,9.773242950439453,14.265282578037162,0.046250343322753906,10.836793899536133,10.790543556213379,-0.046250343322753906,0.0713264128901858,0.0008908426815498117,1,1
M0_balanced,medium,26,0.6,0.2,4,9.773242950439453,14.265282578037162,0.04489898681640625,10.663429260253906,10.6185302734375,-0.04489898681640625,0.0713264128901858,0.0008908426815498117,1,1
M1_margin,medium,26,0.6,0.2,4,9.773242950439453,14.265282578037162,0.12598419189453125,12.605880737304688,12.479896545410156,-0.12598419189453125,0.0713264128901858,0.0008908426815498117,1,1
M2_popmass,medium,26,0.6,0.2,4,9.773242950439453,14.265282578037162,0.046250343322753906,10.836793899536133,10.790543556213379,-0.046250343322753906,0.0713264128901858,0.0008908426815498117,1,1
M0_balanced,medium,26,0.6,0.4,4,9.773242950439453,14.265282578037162,0.04489898681640625,10.663429260253906,10.6185302734375,-0.04489898681640625,0.0713264128901858,0.0008908426815498117,1,1
M1_margin,medium,26,0.6,0.4,4,9.773242950439453,14.265282578037162,0.12598419189453125,12.605880737304688,12.479896545410156,-0.12598419189453125,0.0713264128901858,0.0008908426815498117,1,1
M2_popmass,medium,26,0.6,0.4,4,9.773242950439453,14.265282578037162,0.046250343322753906,10.836793899536133,10.790543556213379,-0.046250343322753906,0.0713264128901858,0.0008908426815498117,1,1
M0_balanced,medium,27,0.6,0.1,0,8.064630508422852,19.114520547548977,-0.18715858459472656,10.663429260253906,10.850587844848633,0.18715858459472656,0.09557260273774489,0.001193669361119693,1,0
M1_margin,medium,27,0.6,0.1,0,8.064630508422852,19.114520547548977,-0.24827289581298828,12.605880737304688,12.854153633117676,0.24827289581298828,0.09557260273774489,0.001193669361119693,1,0
M2_popmass,medium,27,0.6,0.1,0,8.064630508422852,19.114520547548977,-0.18703079223632812,10.836793899536133,11.023824691772461,0.18703079223632812,0.09557260273774489,0.001193669361119693,1,0
M0_balanced,medium,27,0.6,0.2,0,8.064630508422852,19.114520547548977,-0.18715858459472656,10.663429260253906,10.850587844848633,0.18715858459472656,0.09557260273774489,0.001193669361119693,1,0
M1_margin,medium,27,0.6,0.2,0,8.064630508422852,19.114520547548977,-0.24827289581298828,12.605880737304688,12.854153633117676,0.24827289581298828,0.09557260273774489,0.001193669361119693,1,0
M2_popmass,medium,27,0.6,0.2,0,8.064630508422852,19.114520547548977,-0.18703079223632812,10.836793899536133,11.023824691772461,0.18703079223632812,0.09557260273774489,0.001193669361119693,1,0
M0_balanced,medium,27,0.6,0.4,0,8.064630508422852,19.114520547548977,-0.18715858459472656,10.663429260253906,10.850587844848633,0.18715858459472656,0.09557260273774489,0.001193669361119693,1,0
M1_margin,medium,27,0.6,0.4,0,8.064630508422852,19.114520547548977,-0.24827289581298828,12.605880737304688,12.854153633117676,0.24827289581298828,0.09557260273774489,0.001193669361119693,1,0
M2_popmass,medium,27,0.6,0.4,0,8.064630508422852,19.114520547548977,-0.18703079223632812,10.836793899536133,11.023824691772461,0.18703079223632812,0.09557260273774489,0.001193669361119693,1,0
M0_balanced,medium,27,0.6,0.1,1,8.09988021850586,19.09439333143076,-0.18579864501953125,10.663429260253906,10.849227905273438,0.18579864501953125,0.0954719666571538,0.0011924124506392452,1,0
M1_margin,medium,27,0.6,0.1,1,8.09988021850586,19.09439333143076,-0.24503803253173828,12.605880737304688,12.850918769836426,0.24503803253173828,0.0954719666571538,0.0011924124506392452,1,0
M2_popmass,medium,27,0.6,0.1,1,8.09988021850586,19.09439333143076,-0.18561267852783203,10.836793899536133,11.022406578063965,0.18561267852783203,0.0954719666571538,0.0011924124506392452,1,0
M0_balanced,medium,27,0.6,0.2,1,8.09988021850586,19.09439333143076,-0.18579864501953125,10.663429260253906,10.849227905273438,0.18579864501953125,0.0954719666571538,0.0011924124506392452,1,0
M1_margin,medium,27,0.6,0.2,1,8.09988021850586,19.09439333143076,-0.24503803253173828,12.605880737304688,12.850918769836426,0.24503803253173828,0.0954719666571538,0.0011924124506392452,1,0
M2_popmass,medium,27,0.6,0.2,1,8.09988021850586,19.09439333143076,-0.18561267852783203,10.836793899536133,11.022406578063965,0.18561267852783203,0.0954719666571538,0.0011924124506392452,1,0
M0_balanced,medium,27,0.6,0.4,1,8.085833549499512,19.085351007838273,-0.1857757568359375,10.663429260253906,10.849205017089844,0.1857757568359375,0.09542675503919137,0.001191847772880322,1,1
M1_margin,medium,27,0.6,0.4,1,8.085833549499512,19.085351007838273,-0.24507999420166016,12.605880737304688,12.850960731506348,0.24507999420166016,0.09542675503919137,0.001191847772880322,1,1
M2_popmass,medium,27,0.6,0.4,1,8.085833549499512,19.085351007838273,-0.1855936050415039,10.836793899536133,11.022387504577637,0.1855936050415039,0.09542675503919137,0.001191847772880322,1,1
M0_balanced,medium,27,0.6,0.1,2,8.099578857421875,19.096505619443516,-0.1858510971069336,10.663429260253906,10.84928035736084,0.1858510971069336,0.09548252809721758,0.0011925443594400134,1,0
M1_margin,medium,27,0.6,0.1,2,8.099578857421875,19.096505619443516,-0.24509048461914062,12.605880737304688,12.850971221923828,0.24509048461914062,0.09548252809721758,0.0011925443594400134,1,0
M2_popmass,medium,27,0.6,0.1,2,8.099578857421875,19.096505619443516,-0.18566513061523438,10.836793899536133,11.022459030151367,0.18566513061523438,0.09548252809721758,0.0011925443594400134,1,0
M0_balanced,medium,27,0.6,0.2,2,8.085468292236328,19.08725941743218,-0.1858224868774414,10.663429260253906,10.849251747131348,0.1858224868774414,0.09543629708716089,0.0011919669498199185,1,1
M1_margin,medium,27,0.6,0.2,2,8.085468292236328,19.08725941743218,-0.24512672424316406,12.605880737304688,12.851007461547852,0.24512672424316406,0.09543629708716089,0.0011919669498199185,1,1
M2_popmass,medium,27,0.6,0.2,2,8.085468292236328,19.08725941743218,-0.1856403350830078,10.836793899536133,11.02243423461914,0.1856403350830078,0.09543629708716089,0.0011919669498199185,1,1
M0_balanced,medium,27,0.6,0.4,2,8.079706192016602,19.045664139262524,-0.18515777587890625,10.663429260253906,10.848587036132812,0.18515777587890625,0.09522832069631262,0.0011893693953065915,1,2
M1_margin,medium,27,0.6,0.4,2,8.079706192016602,19.045664139262524,-0.24429035186767578,12.605880737304688,12.850171089172363,0.24429035186767578,0.09522832069631262,0.0011893693953065915,1,2
M2_popmass,medium,27,0.6,0.4,2,8.079706192016602,19.045664139262524,-0.18497848510742188,10.836793899536133,11.021772384643555,0.18497848510742188,0.09522832069631262,0.0011893693953065915,1,2
M0_balanced,medium,27,0.6,0.1,3,8.067773818969727,19.113909767575173,-0.1871347427368164,10.663429260253906,10.850564002990723,0.1871347427368164,0.09556954883787587,0.0011936312189471338,1,0
M1_margin,medium,27,0.6,0.1,3,8.067773818969727,19.113909767575173,-0.24822711944580078,12.605880737304688,12.854107856750488,0.24822711944580078,0.09556954883787587,0.0011936312189471338,1,0
M2_popmass,medium,27,0.6,0.1,3,8.067773818969727,19.113909767575173,-0.18700599670410156,10.836793899536133,11.023799896240234,0.18700599670410156,0.09556954883787587,0.0011936312189471338,1,0
M0_balanced,medium,27,0.6,0.2,3,8.067773818969727,19.113909767575173,-0.1871347427368164,10.663429260253906,10.850564002990723,0.1871347427368164,0.09556954883787587,0.0011936312189471338,1,0
M1_margin,medium,27,0.6,0.2,3,8.067773818969727,19.113909767575173,-0.24822711944580078,12.605880737304688,12.854107856750488,0.24822711944580078,0.09556954883787587,0.0011936312189471338,1,0
M2_popmass,medium,27,0.6,0.2,3,8.067773818969727,19.113909767575173,-0.18700599670410156,10.836793899536133,11.023799896240234,0.18700599670410156,0.09556954883787587,0.0011936312189471338,1,0
M0_balanced,medium,27,0.6,0.4,3,8.060766220092773,19.10868427673261,-0.18727874755859375,10.663429260253906,10.8507080078125,0.18727874755859375,0.09554342138366305,0.0011933048959143343,1,1
M1_margin,medium,27,0.6,0.4,3,8.060766220092773,19.10868427673261,-0.24850082397460938,12.605880737304688,12.854381561279297,0.24850082397460938,0.09554342138366305,0.0011933048959143343,1,1
M2_popmass,medium,27,0.6,0.4,3,8.060766220092773,19.10868427673261,-0.18715476989746094,10.836793899536133,11.023948669433594,0.18715476989746094,0.09554342138366305,0.0011933048959143343,1,1
M0_balanced,medium,27,0.6,0.1,4,8.067695617675781,19.109488533570193,-0.18695640563964844,10.663429260253906,10.850385665893555,0.18695640563964844,0.09554744266785097,0.001193355120388608,1,0
M1_margin,medium,27,0.6,0.1,4,8.067695617675781,19.109488533570193,-0.24796676635742188,12.605880737304688,12.85384750366211,0.24796676635742188,0.09554744266785097,0.001193355120388608,1,0
M2_popmass,medium,27,0.6,0.1,4,8.067695617675781,19.109488533570193,-0.18682575225830078,10.836793899536133,11.023619651794434,0.18682575225830078,0.09554744266785097,0.001193355120388608,1,0
M0_balanced,medium,27,0.6,0.2,4,8.067695617675781,19.109488533570193,-0.18695640563964844,10.663429260253906,10.850385665893555,0.18695640563964844,0.09554744266785097,0.001193355120388608,1,0
M1_margin,medium,27,0.6,0.2,4,8.067695617675781,19.109488533570193,-0.24796676635742188,12.605880737304688,12.85384750366211,0.24796676635742188,0.09554744266785097,0.001193355120388608,1,0
M2_popmass,medium,27,0.6,0.2,4,8.067695617675781,19.109488533570193,-0.18682575225830078,10.836793899536133,11.023619651794434,0.18682575225830078,0.09554744266785097,0.001193355120388608,1,0
M0_balanced,medium,27,0.6,0.4,4,8.038223266601562,19.09282629125064,-0.1870746612548828,10.663429260253906,10.850503921508789,0.1870746612548828,0.0954641314562532,0.001192314591640062,1,1
M1_margin,medium,27,0.6,0.4,4,8.038223266601562,19.09282629125064,-0.24823570251464844,12.605880737304688,12.854116439819336,0.24823570251464844,0.0954641314562532,0.001192314591640062,1,1
M2_popmass,medium,27,0.6,0.4,4,8.038223266601562,19.09282629125064,-0.1869516372680664,10.836793899536133,11.0237455368042,0.1869516372680664,0.0954641314562532,0.001192314591640062,1,1
M0_balanced,medium,28,0.6,0.1,0,12.277271270751953,17.357944862644985,0.08219146728515625,10.663429260253906,10.58123779296875,-0.08219146728515625,0.08678972431322493,0.0010839741914008482,1,0
M1_margin,medium,28,0.6,0.1,0,12.277271270751953,17.357944862644985,0.1606760025024414,12.605880737304688,12.445204734802246,-0.1606760025024414,0.08678972431322493,0.0010839741914008482,1,0
M2_popmass,medium,28,0.6,0.1,0,12.277271270751953,17.357944862644985,0.08437156677246094,10.836793899536133,10.752422332763672,-0.08437156677246094,0.08678972431322493,0.0010839741914008482,1,0
M0_balanced,medium,28,0.6,0.2,0,12.277271270751953,17.357944862644985,0.08219146728515625,10.663429260253906,10.58123779296875,-0.08219146728515625,0.08678972431322493,0.0010839741914008482,1,0
M1_margin,medium,28,0.6,0.2,0,12.277271270751953,17.357944862644985,0.1606760025024414,12.605880737304688,12.445204734802246,-0.1606760025024414,0.08678972431322493,0.0010839741914008482,1,0
M2_popmass,medium,28,0.6,0.2,0,12.277271270751953,17.357944862644985,0.08437156677246094,10.836793899536133,10.752422332763672,-0.08437156677246094,0.08678972431322493,0.0010839741914008482,1,0
M0_balanced,medium,28,0.6,0.4,0,12.209171295166016,17.34746844641418,0.08187198638916016,10.663429260253906,10.581557273864746,-0.08187198638916016,0.0867373422320709,0.0010833199569910473,1,2
M1_margin,medium,28,0.6,0.4,0,12.209171295166016,17.34746844641418,0.1600503921508789,12.605880737304688,12.445830345153809,-0.1600503921508789,0.0867373422320709,0.0010833199569910473,1,2
M2_popmass,medium,28,0.6,0.4,0,12.209171295166016,17.34746844641418,0.08403491973876953,10.836793899536133,10.752758979797363,-0.08403491973876953,0.0867373422320709,0.0010833199569910473,1,2
M0_balanced,medium,28,0.6,0.1,1,12.215368270874023,17.36879382872604,0.08259391784667969,10.663429260253906,10.580835342407227,-0.08259391784667969,0.08684396914363021,0.0010846516909163901,1,0
M1_margin,medium,28,0.6,0.1,1,12.215368270874023,17.36879382872604,0.1614837646484375,12.605880737304688,12.44439697265625,-0.1614837646484375,0.08684396914363021,0.0010846516909163901,1,0
M2_popmass,medium,28,0.6,0.1,1,12.215368270874023,17.36879382872604,0.08479690551757812,10.836793899536133,10.751996994018555,-0.08479690551757812,0.08684396914363021,0.0010846516909163901,1,0
M0_balanced,medium,28,0.6,0.2,1,12.24643325805664,17.362971003722812,0.08247661590576172,10.663429260253906,10.580952644348145,-0.08247661590576172,0.08681485501861406,0.0010842880653792377,1,1
M1_margin,medium,28,0.6,0.2,1,12.24643325805664,17.362971003722812,0.16135215759277344,12.605880737304688,12.444528579711914,-0.16135215759277344,0.08681485501861406,0.0010842880653792377,1,1
M2_popmass,medium,28,0.6,0.2,1,12.24643325805664,17.362971003722812,0.08468055725097656,10.836793899536133,10.752113342285156,-0.08468055725097656,0.08681485501861406,0.0010842880653792377,1,1
M0_balanced,medium,28,0.6,0.4,1,12.203822135925293,17.36002796801993,0.08231449127197266,10.663429260253906,10.581114768981934,-0.08231449127197266,0.08680013984009965,0.0010841042777954227,1,2
M1_margin,medium,28,0.6,0.4,1,12.203822135925293,17.36002796801993,0.16107940673828125,12.605880737304688,12.444801330566406,-0.16107940673828125,0.08680013984009965,0.0010841042777954227,1,2
M2_popmass,medium,28,0.6,0.4,1,12.203822135925293,17.36002796801993,0.08450603485107422,10.836793899536133,10.752287864685059,-0.08450603485107422,0.08680013984009965,0.0010841042777954227,1,2
M0_balanced,medium,28,0.6,0.1,2,12.247034072875977,17.36289210109264,0.08247756958007812,10.663429260253906,10.580951690673828,-0.08247756958007812,0.08681446050546321,0.0010842831380439213,1,1
M1_margin,medium,28,0.6,0.1,2,12.247034072875977,17.36289210109264,0.1613636016845703,12.605880737304688,12.444517135620117,-0.1613636016845703,0.08681446050546321,0.0010842831380439213,1,1
M2_popmass,medium,28,0.6,0.1,2,12.247034072875977,17.36289210109264,0.08468151092529297,10.836793899536133,10.75211238861084,-0.08468151092529297,0.08681446050546321,0.0010842831380439213,1,1
M0_balanced,medium,28,0.6,0.2,2,12.247034072875977,17.36289210109264,0.08247756958007812,10.663429260253906,10.580951690673828,-0.08247756958007812,0.08681446050546321,0.0010842831380439213,1,1
M1_margin,medium,28,0.6,0.2,2,12.247034072875977,17.36289210109264,0.1613636016845703,12.605880737304688,12.444517135620117,-0.1613636016845703,0.08681446050546321,0.0010842831380439213,1,1
M2_popmass,medium,28,0.6,0.2,2,12.247034072875977,17.36289210109264,0.08468151092529297,10.836793899536133,10.75211238861084,-0.08468151092529297,0.08681446050546321,0.0010842831380439213,1,1
M0_balanced,medium,28,0.6,0.4,2,12.247034072875977,17.36289210109264,0.08247756958007812,10.663429260253906,10.580951690673828,-0.08247756958007812,0.08681446050546321,0.0010842831380439213,1,1
M1_margin,medium,28,0.6,0.4,2,12.247034072875977,17.36289210109264,0.1613636016845703,12.605880737304688,12.444517135620117,-0.1613636016845703,0.08681446050546321,0.0010842831380439213,1,1
M2_popmass,medium,28,0.6,0.4,2,12.247034072875977,17.36289210109264,0.08468151092529297,10.836793899536133,10.75211238861084,-0.08468151092529297,0.08681446050546321,0.0010842831380439213,1,1
M0_balanced,medium,28,0.6,0.1,3,12.27511978149414,17.358217098805305,0.08218574523925781,10.663429260253906,10.581243515014648,-0.08218574523925781,0.08679108549402653,0.0010839911920869367,1,0
M1_margin,medium,28,0.6,0.1,3,12.27511978149414,17.358217098805305,0.16066265106201172,12.605880737304688,12.445218086242676,-0.16066265106201172,0.08679108549402653,0.0010839911920869367,1,0
M2_popmass,medium,28,0.6,0.1,3,12.27511978149414,17.358217098805305,0.0843648910522461,10.836793899536133,10.752429008483887,-0.0843648910522461,0.08679108549402653,0.0010839911920869367,1,0
M0_balanced,medium,28,0.6,0.2,3,12.27511978149414,17.358217098805305,0.08218574523925781,10.663429260253906,10.581243515014648,-0.08218574523925781,0.08679108549402653,0.0010839911920869367,1,0
M1_margin,medium,28,0.6,0.2,3,12.27511978149414,17.358217098805305,0.16066265106201172,12.605880737304688,12.445218086242676,-0.16066265106201172,0.08679108549402653,0.0010839911920869367,1,0
M2_popmass,medium,28,0.6,0.2,3,12.27511978149414,17.358217098805305,0.0843648910522461,10.836793899536133,10.752429008483887,-0.0843648910522461,0.08679108549402653,0.0010839911920869367,1,0
M0_balanced,medium,28,0.6,0.4,3,12.27511978149414,17.358217098805305,0.08218574523925781,10.663429260253906,10.581243515014648,-0.08218574523925781,0.08679108549402653,0.0010839911920869367,1,0
M1_margin,medium,28,0.6,0.4,3,12.27511978149414,17.358217098805305,0.16066265106201172,12.605880737304688,12.445218086242676,-0.16066265106201172,0.08679108549402653,0.0010839911920869367,1,0
M2_popmass,medium,28,0.6,0.4,3,12.27511978149414,17.358217098805305,0.0843648910522461,10.836793899536133,10.752429008483887,-0.0843648910522461,0.08679108549402653,0.0010839911920869367,1,0
M0_balanced,medium,28,0.6,0.1,4,12.217933654785156,17.368574452785307,0.08259773254394531,10.663429260253906,10.580831527709961,-0.08259773254394531,0.08684287226392653,0.001084637991261284,1,0
M1_margin,medium,28,0.6,0.1,4,12.217933654785156,17.368574452785307,0.16150188446044922,12.605880737304688,12.444378852844238,-0.16150188446044922,0.08684287226392653,0.001084637991261284,1,0
M2_popmass,medium,28,0.6,0.1,4,12.217933654785156,17.368574452785307,0.08480072021484375,10.836793899536133,10.751993179321289,-0.08480072021484375,0.08684287226392653,0.001084637991261284,1,0
M0_balanced,medium,28,0.6,0.2,4,12.249114990234375,17.36286766521736,0.08247947692871094,10.663429260253906,10.580949783325195,-0.08247947692871094,0.08681433832608682,0.0010842816120649904,1,1
M1_margin,medium,28,0.6,0.2,4,12.249114990234375,17.36286766521736,0.16136741638183594,12.605880737304688,12.444513320922852,-0.16136741638183594,0.08681433832608682,0.0010842816120649904,1,1
M2_popmass,medium,28,0.6,0.2,4,12.249114990234375,17.36286766521736,0.08468437194824219,10.836793899536133,10.75210952758789,-0.08468437194824219,0.08681433832608682,0.0010842816120649904,1,1
M0_balanced,medium,28,0.6,0.4,4,12.200613021850586,17.36709482610255,0.08230781555175781,10.663429260253906,10.581121444702148,-0.08230781555175781,0.08683547413051276,0.001084545591086626,1,2
M1_margin,medium,28,0.6,0.4,4,12.200613021850586,17.36709482610255,0.16090679168701172,12.605880737304688,12.444973945617676,-0.16090679168701172,0.08683547413051276,0.001084545591086626,1,2
M2_popmass,medium,28,0.6,0.4,4,12.200613021850586,17.36709482610255,0.08449459075927734,10.836793899536133,10.752299308776855,-0.08449459075927734,0.08683547413051276,0.001084545591086626,1,2
M0_balanced,medium,29,0.5,0.1,0,10.651281356811523,15.374608830674998,-0.04284381866455078,10.663429260253906,10.706273078918457,0.04284381866455078,0.076873044153375,0.00096011822293551,1,0
M1_margin,medium,29,0.5,0.1,0,10.651281356811523,15.374608830674998,-0.11211776733398438,12.605880737304688,12.717998504638672,0.11211776733398438,0.076873044153375,0.00096011822293551,1,0
M2_popmass,medium,29,0.5,0.1,0,10.651281356811523,15.374608830674998,-0.04311370849609375,10.836793899536133,10.879907608032227,0.04311370849609375,0.076873044153375,0.00096011822293551,1,0
M0_balanced,medium,29,0.5,0.2,0,10.651281356811523,15.374608830674998,-0.04284381866455078,10.663429260253906,10.706273078918457,0.04284381866455078,0.076873044153375,0.00096011822293551,1,0
M1_margin,medium,29,0.5,0.2,0,10.651281356811523,15.374608830674998,-0.11211776733398438,12.605880737304688,12.717998504638672,0.11211776733398438,0.076873044153375,0.00096011822293551,1,0
M2_popmass,medium,29,0.5,0.2,0,10.651281356811523,15.374608830674998,-0.04311370849609375,10.836793899536133,10.879907608032227,0.04311370849609375,0.076873044153375,0.00096011822293551,1,0
M0_balanced,medium,29,0.5,0.4,0,10.683723449707031,15.368680819030073,-0.042877197265625,10.663429260253906,10.706306457519531,0.042877197265625,0.07684340409515036,0.0009597480286711389,1,1
M1_margin,medium,29,0.5,0.4,0,10.683723449707031,15.368680819030073,-0.11247825622558594,12.605880737304688,12.718358993530273,0.11247825622558594,0.07684340409515036,0.0009597480286711389,1,1
M2_popmass,medium,29,0.5,0.4,0,10.683723449707031,15.368680819030073,-0.04315948486328125,10.836793899536133,10.879953384399414,0.04315948486328125,0.07684340409515036,0.0009597480286711389,1,1
M0_balanced,medium,29,0.5,0.1,1,10.683154106140137,15.368435906143691,-0.04287147521972656,10.663429260253906,10.706300735473633,0.04287147521972656,0.07684217953071847,0.0009597327342771263,1,1
M1_margin,medium,29,0.5,0.1,1,10.683154106140137,15.368435906143691,-0.11246681213378906,12.605880737304688,12.718347549438477,0.11246681213378906,0.07684217953071847,0.0009597327342771263,1,1
M2_popmass,medium,29,0.5,0.1,1,10.683154106140137,15.368435906143691,-0.04315376281738281,10.836793899536133,10.879947662353516,0.04315376281738281,0.07684217953071847,0.0009597327342771263,1,1
M0_balanced,medium,29,0.5,0.2,1,10.683154106140137,15.368435906143691,-0.04287147521972656,10.663429260253906,10.706300735473633,0.04287147521972656,0.07684217953071847,0.0009597327342771263,1,1
M1_margin,medium,29,0.5,0.2,1,10.683154106140137,15.368435906143691,-0.11246681213378906,12.605880737304688,12.718347549438477,0.11246681213378906,0.07684217953071847,0.0009597327342771263,1,1
M2_popmass,medium,29,0.5,0.2,1,10.683154106140137,15.368435906143691,-0.04315376281738281,10.836793899536133,10.879947662353516,0.04315376281738281,0.07684217953071847,0.0009597327342771263,1,1
M0_balanced,medium,29,0.5,0.4,1,10.701345443725586,15.348847871056158,-0.04274749755859375,10.663429260253906,10.7061767578125,0.04274749755859375,0.0767442393552808,0.0009585094947367798,1,2
M1_margin,medium,29,0.5,0.4,1,10.701345443725586,15.348847871056158,-0.11207962036132812,12.605880737304688,12.717960357666016,0.11207962036132812,0.0767442393552808,0.0009585094947367798,1,2
M2_popmass,medium,29,0.5,0.4,1,10.701345443725586,15.348847871056158,-0.04302787780761719,10.836793899536133,10.87982177734375,0.04302787780761719,0.0767442393552808,0.0009585094947367798,1,2
M0_balanced,medium,29,0.5,0.1,2,10.650285720825195,15.373558267367928,-0.04283332824707031,10.663429260253906,10.706262588500977,0.04283332824707031,0.07686779133683964,0.0009600526170403244,1,0
M1_margin,medium,29,0.5,0.1,2,10.650285720825195,15.373558267367928,-0.11208629608154297,12.605880737304688,12.71796703338623,0.11208629608154297,0.07686779133683964,0.0009600526170403244,1,0
M2_popmass,medium,29,0.5,0.1,2,10.650285720825195,15.373558267367928,-0.04310321807861328,10.836793899536133,10.879897117614746,0.04310321807861328,0.07686779133683964,0.0009600526170403244,1,0
M0_balanced,medium,29,0.5,0.2,2,10.650285720825195,15.373558267367928,-0.04283332824707031,10.663429260253906,10.706262588500977,0.04283332824707031,0.07686779133683964,0.0009600526170403244,1,0
M1_margin,medium,29,0.5,0.2,2,10.650285720825195,15.373558267367928,-0.11208629608154297,12.605880737304688,12.71796703338623,0.11208629608154297,0.07686779133683964,0.0009600526170403244,1,0
M2_popmass,medium,29,0.5,0.2,2,10.650285720825195,15.373558267367928,-0.04310321807861328,10.836793899536133,10.879897117614746,0.04310321807861328,0.07686779133683964,0.0009600526170403244,1,0
M0_balanced,medium,29,0.5,0.4,2,10.682889938354492,15.36785725620459,-0.042870521545410156,10.663429260253906,10.706299781799316,0.042870521545410156,0.07683928628102296,0.000959696598570693,1,1
M1_margin,medium,29,0.5,0.4,2,10.682889938354492,15.36785725620459,-0.1124563217163086,12.605880737304688,12.718337059020996,0.1124563217163086,0.07683928628102296,0.000959696598570693,1,1
M2_popmass,medium,29,0.5,0.4,2,10.682889938354492,15.36785725620459,-0.043152809143066406,10.836793899536133,10.8799467086792,0.043152809143066406,0.07683928628102296,0.000959696598570693,1,1
M0_balanced,medium,29,0.5,0.1,3,10.645005226135254,15.361538872191504,-0.04276084899902344,10.663429260253906,10.70619010925293,0.04276084899902344,0.07680769436095752,0.0009593020262145908,1,1
M1_margin,medium,29,0.5,0.1,3,10.645005226135254,15.361538872191504,-0.11198139190673828,12.605880737304688,12.717862129211426,0.11198139190673828,0.07680769436095752,0.0009593020262145908,1,1
M2_popmass,medium,29,0.5,0.1,3,10.645005226135254,15.361538872191504,-0.04303169250488281,10.836793899536133,10.879825592041016,0.04303169250488281,0.07680769436095752,0.0009593020262145908,1,1
M0_balanced,medium,29,0.5,0.2,3,10.701164245605469,15.348781612642119,-0.042751312255859375,10.663429260253906,10.706180572509766,0.042751312255859375,0.0767439080632106,0.0009585053570112974,1,2
M1_margin,medium,29,0.5,0.2,3,10.701164245605469,15.348781612642119,-0.11208248138427734,12.605880737304688,12.717963218688965,0.11208248138427734,0.0767439080632106,0.0009585053570112974,1,2
M2_popmass,medium,29,0.5,0.2,3,10.701164245605469,15.348781612642119,-0.04303169250488281,10.836793899536133,10.879825592041016,0.04303169250488281,0.0767439080632106,0.0009585053570112974,1,2
M0_balanced,medium,29,0.5,0.4,3,10.701164245605469,15.348781612642119,-0.042751312255859375,10.663429260253906,10.706180572509766,0.042751312255859375,0.0767439080632106,0.0009585053570112974,1,2
M1_margin,medium,29,0.5,0.4,3,10.701164245605469,15.348781612642119,-0.11208248138427734,12.605880737304688,12.717963218688965,0.11208248138427734,0.0767439080632106,0.0009585053570112974,1,2
M2_popmass,medium,29,0.5,0.4,3,10.701164245605469,15.348781612642119,-0.04303169250488281,10.836793899536133,10.879825592041016,0.04303169250488281,0.0767439080632106,0.0009585053570112974,1,2
M0_balanced,medium,29,0.5,0.1,4,10.650060653686523,15.372386587591286,-0.04283714294433594,10.663429260253906,10.706266403198242,0.04283714294433594,0.07686193293795643,0.0009599794476272103,1,0
M1_margin,medium,29,0.5,0.1,4,10.650060653686523,15.372386587591286,-0.11209964752197266,12.605880737304688,12.71798038482666,0.11209964752197266,0.07686193293795643,0.0009599794476272103,1,0
M2_popmass,medium,29,0.5,0.1,4,10.650060653686523,15.372386587591286,-0.043107032775878906,10.836793899536133,10.879900932312012,0.043107032775878906,0.07686193293795643,0.0009599794476272103,1,0
M0_balanced,medium,29,0.5,0.2,4,10.650060653686523,15.372386587591286,-0.04283714294433594,10.663429260253906,10.706266403198242,0.04283714294433594,0.07686193293795643,0.0009599794476272103,1,0
M1_margin,medium,29,0.5,0.2,4,10.650060653686523,15.372386587591286,-0.11209964752197266,12.605880737304688,12.71798038482666,0.11209964752197266,0.07686193293795643,0.0009599794476272103,1,0
M2_popmass,medium,29,0.5,0.2,4,10.650060653686523,15.372386587591286,-0.043107032775878906,10.836793899536133,10.879900932312012,0.043107032775878906,0.07686193293795643,0.0009599794476272103,1,0
M0_balanced,medium,29,0.5,0.4,4,10.650060653686523,15.372386587591286,-0.04283714294433594,10.663429260253906,10.706266403198242,0.04283714294433594,0.07686193293795643,0.0009599794476272103,1,0
M1_margin,medium,29,0.5,0.4,4,10.650060653686523,15.372386587591286,-0.11209964752197266,12.605880737304688,12.71798038482666,0.11209964752197266,0.07686193293795643,0.0009599794476272103,1,0
M2_popmass,medium,29,0.5,0.4,4,10.650060653686523,15.372386587591286,-0.043107032775878906,10.836793899536133,10.879900932312012,0.043107032775878906,0.07686193293795643,0.0009599794476272103,1,0
M0_balanced,medium,30,0.6666666666666666,0.1,0,8.281248092651367,22.245361986652117,-0.00609588623046875,10.663429260253906,10.669525146484375,0.00609588623046875,0.11122680993326059,0.0013891850943594955,1,1
M1_margin,medium,30,0.6666666666666666,0.1,0,8.281248092651367,22.245361986652117,0.08494377136230469,12.605880737304688,12.520936965942383,-0.08494377136230469,0.11122680993326059,0.0013891850943594955,1,1
M2_popmass,medium,30,0.6666666666666666,0.1,0,8.281248092651367,22.245361986652117,-0.00231170654296875,10.836793899536133,10.839105606079102,0.00231170654296875,0.11122680993326059,0.0013891850943594955,1,1
M0_balanced,medium,30,0.6666666666666666,0.2,0,8.281248092651367,22.245361986652117,-0.00609588623046875,10.663429260253906,10.669525146484375,0.00609588623046875,0.11122680993326059,0.0013891850943594955,1,1
M1_margin,medium,30,0.6666666666666666,0.2,0,8.281248092651367,22.245361986652117,0.08494377136230469,12.605880737304688,12.520936965942383,-0.08494377136230469,0.11122680993326059,0.0013891850943594955,1,1
M2_popmass,medium,30,0.6666666666666666,0.2,0,8.281248092651367,22.245361986652117,-0.00231170654296875,10.836793899536133,10.839105606079102,0.00231170654296875,0.11122680993326059,0.0013891850943594955,1,1
M0_balanced,medium,30,0.6666666666666666,0.4,0,8.289826393127441,22.23530373989496,-0.006041526794433594,10.663429260253906,10.66947078704834,0.006041526794433594,0.1111765186994748,0.0013885569739234774,1,2
M1_margin,medium,30,0.6666666666666666,0.4,0,8.289826393127441,22.23530373989496,0.0849447250366211,12.605880737304688,12.520936012268066,-0.0849447250366211,0.1111765186994748,0.0013885569739234774,1,2
M2_popmass,medium,30,0.6666666666666666,0.4,0,8.289826393127441,22.23530373989496,-0.0022611618041992188,10.836793899536133,10.839055061340332,0.0022611618041992188,0.1111765186994748,0.0013885569739234774,1,2
M0_balanced,medium,30,0.6666666666666666,0.1,1,8.290793418884277,22.235199771178344,-0.00600433349609375,10.663429260253906,10.66943359375,0.00600433349609375,0.11117599885589172,0.0013885504812536126,1,2
M1_margin,medium,30,0.6666666666666666,0.1,1,8.290793418884277,22.235199771178344,0.08482074737548828,12.605880737304688,12.5210599899292,-0.08482074737548828,0.11117599885589172,0.0013885504812536126,1,2
M2_popmass,medium,30,0.6666666666666666,0.1,1,8.290793418884277,22.235199771178344,-0.002239227294921875,10.836793899536133,10.839033126831055,0.002239227294921875,0.11117599885589172,0.0013885504812536126,1,2
M0_balanced,medium,30,0.6666666666666666,0.2,1,8.29217529296875,22.21284358699708,-0.005840301513671875,10.663429260253906,10.669269561767578,0.005840301513671875,0.11106421793498542,0.0013871543755013215,1,3
M1_margin,medium,30,0.6666666666666666,0.2,1,8.29217529296875,22.21284358699708,0.08527183532714844,12.605880737304688,12.520608901977539,-0.08527183532714844,0.11106421793498542,0.0013871543755013215,1,3
M2_popmass,medium,30,0.6666666666666666,0.2,1,8.29217529296875,22.21284358699708,-0.00206756591796875,10.836793899536133,10.838861465454102,0.00206756591796875,0.11106421793498542,0.0013871543755013215,1,3
M0_balanced,medium,30,0.6666666666666666,0.4,1,8.29217529296875,22.21284358699708,-0.005840301513671875,10.663429260253906,10.669269561767578,0.005840301513671875,0.11106421793498542,0.0013871543755013215,1,3
M1_margin,medium,30,0.6666666666666666,0.4,1,8.29217529296875,22.21284358699708,0.08527183532714844,12.605880737304688,12.520608901977539,-0.08527183532714844,0.11106421793498542,0.0013871543755013215,1,3
M2_popmass,medium,30,0.6666666666666666,0.4,1,8.29217529296875,22.21284358699708,-0.00206756591796875,10.836793899536133,10.838861465454102,0.00206756591796875,0.11106421793498542,0.0013871543755013215,1,3
M0_balanced,medium,30,0.6666666666666666,0.1,2,8.344759941101074,22.339719252697257,-0.006381988525390625,10.663429260253906,10.669811248779297,0.006381988525390625,0.11169859626348629,0.001395077545451686,1,0
M1_margin,medium,30,0.6666666666666666,0.1,2,8.344759941101074,22.339719252697257,0.08438587188720703,12.605880737304688,12.52149486541748,-0.08438587188720703,0.11169859626348629,0.001395077545451686,1,0
M2_popmass,medium,30,0.6666666666666666,0.1,2,8.344759941101074,22.339719252697257,-0.0026006698608398438,10.836793899536133,10.839394569396973,0.0026006698608398438,0.11169859626348629,0.001395077545451686,1,0
M0_balanced,medium,30,0.6666666666666666,0.2,2,8.356514930725098,22.292550272477104,-0.00632476806640625,10.663429260253906,10.669754028320312,0.00632476806640625,0.11146275136238552,0.001392131922706716,1,1
M1_margin,medium,30,0.6666666666666666,0.2,2,8.356514930725098,22.292550272477104,0.08437538146972656,12.605880737304688,12.521505355834961,-0.08437538146972656,0.11146275136238552,0.001392131922706716,1,1
M2_popmass,medium,30,0.6666666666666666,0.2,2,8.356514930725098,22.292550272477104,-0.0025510787963867188,10.836793899536133,10.83934497833252,0.0025510787963867188,0.11146275136238552,0.001392131922706716,1,1
M0_balanced,medium,30,0.6666666666666666,0.4,2,8.356514930725098,22.292550272477104,-0.00632476806640625,10.663429260253906,10.669754028320312,0.00632476806640625,0.11146275136238552,0.001392131922706716,1,1
M1_margin,medium,30,0.6666666666666666,0.4,2,8.356514930725098,22.292550272477104,0.08437538146972656,12.605880737304688,12.521505355834961,-0.08437538146972656,0.11146275136238552,0.001392131922706716,1,1
M2_popmass,medium,30,0.6666666666666666,0.4,2,8.356514930725098,22.292550272477104,-0.0025510787963867188,10.836793899536133,10.83934497833252,0.0025510787963867188,0.11146275136238552,0.001392131922706716,1,1
M0_balanced,medium,30,0.6666666666666666,0.1,3,8.297554016113281,22.242516016081662,-0.0059986114501953125,10.663429260253906,10.669427871704102,0.0059986114501953125,0.11121258008040831,0.0013890073683284316,1,2
M1_margin,medium,30,0.6666666666666666,0.1,3,8.297554016113281,22.242516016081662,0.08524894714355469,12.605880737304688,12.520631790161133,-0.08524894714355469,0.11121258008040831,0.0013890073683284316,1,2
M2_popmass,medium,30,0.6666666666666666,0.1,3,8.297554016113281,22.242516016081662,-0.0022068023681640625,10.836793899536133,10.839000701904297,0.0022068023681640625,0.11121258008040831,0.0013890073683284316,1,2
M0_balanced,medium,30,0.6666666666666666,0.2,3,8.297554016113281,22.242516016081662,-0.0059986114501953125,10.663429260253906,10.669427871704102,0.0059986114501953125,0.11121258008040831,0.0013890073683284316,1,2
M1_margin,medium,30,0.6666666666666666,0.2,3,8.297554016113281,22.242516016081662,0.08524894714355469,12.605880737304688,12.520631790161133,-0.08524894714355469,0.11121258008040831,0.0013890073683284316,1,2
M2_popmass,medium,30,0.6666666666666666,0.2,3,8.297554016113281,22.242516016081662,-0.0022068023681640625,10.836793899536133,10.839000701904297,0.0022068023681640625,0.11121258008040831,0.0013890073683284316,1,2
M0_balanced,medium,30,0.6666666666666666,0.4,3,8.273763656616211,22.20160138688122,-0.005797386169433594,10.663429260253906,10.66922664642334,0.005797386169433594,0.1110080069344061,0.0013864523191878242,1,3
M1_margin,medium,30,0.6666666666666666,0.4,3,8.273763656616211,22.20160138688122,0.08540821075439453,12.605880737304688,12.520472526550293,-0.08540821075439453,0.1110080069344061,0.0013864523191878242,1,3
M2_popmass,medium,30,0.6666666666666666,0.4,3,8.273763656616211,22.20160138688122,-0.0020208358764648438,10.836793899536133,10.838814735412598,0.0020208358764648438,0.1110080069344061,0.0013864523191878242,1,3
M0_balanced,medium,30,0.6666666666666666,0.1,4,8.270257949829102,22.295490318362795,-0.0061702728271484375,10.663429260253906,10.669599533081055,0.0061702728271484375,0.11147745159181398,0.0013923155235815222,1,0
M1_margin,medium,30,0.6666666666666666,0.1,4,8.270257949829102,22.295490318362795,0.0851736068725586,12.605880737304688,12.520707130432129,-0.0851736068725586,0.11147745159181398,0.0013923155235815222,1,0
M2_popmass,medium,30,0.6666666666666666,0.1,4,8.270257949829102,22.295490318362795,-0.0023593902587890625,10.836793899536133,10.839153289794922,0.0023593902587890625,0.11147745159181398,0.0013923155235815222,1,0
M0_balanced,medium,30,0.6666666666666666,0.2,4,8.270257949829102,22.295490318362795,-0.0061702728271484375,10.663429260253906,10.669599533081055,0.0061702728271484375,0.11147745159181398,0.0013923155235815222,1,0
M1_margin,medium,30,0.6666666666666666,0.2,4,8.270257949829102,22.295490318362795,0.0851736068725586,12.605880737304688,12.520707130432129,-0.0851736068725586,0.11147745159181398,0.0013923155235815222,1,0
M2_popmass,medium,30,0.6666666666666666,0.2,4,8.270257949829102,22.295490318362795,-0.0023593902587890625,10.836793899536133,10.839153289794922,0.0023593902587890625,0.11147745159181398,0.0013923155235815222,1,0
M0_balanced,medium,30,0.6666666666666666,0.4,4,8.293696403503418,22.24256672494956,-0.00592041015625,10.663429260253906,10.669349670410156,0.00592041015625,0.1112128336247478,0.0013890105350111532,1,1
M1_margin,medium,30,0.6666666666666666,0.4,4,8.293696403503418,22.24256672494956,0.0850839614868164,12.605880737304688,12.520796775817871,-0.0850839614868164,0.1112128336247478,0.0013890105350111532,1,1
M2_popmass,medium,30,0.6666666666666666,0.4,4,8.293696403503418,22.24256672494956,-0.0021457672119140625,10.836793899536133,10.838939666748047,0.0021457672119140625,0.1112128336247478,0.0013890105350111532,1,1
M0_balanced,medium,31,0.6666666666666666,0.1,0,9.948132514953613,17.50972418217482,0.04469108581542969,10.663429260253906,10.618738174438477,-0.04469108581542969,0.0875486209108741,0.001093452552258693,1,1
M1_margin,medium,31,0.6666666666666666,0.1,0,9.948132514953613,17.50972418217482,0.10619544982910156,12.605880737304688,12.499685287475586,-0.10619544982910156,0.0875486209108741,0.001093452552258693,1,1
M2_popmass,medium,31,0.6666666666666666,0.1,0,9.948132514953613,17.50972418217482,0.04555225372314453,10.836793899536133,10.791241645812988,-0.04555225372314453,0.0875486209108741,0.001093452552258693,1,1
M0_balanced,medium,31,0.6666666666666666,0.2,0,9.948132514953613,17.50972418217482,0.04469108581542969,10.663429260253906,10.618738174438477,-0.04469108581542969,0.0875486209108741,0.001093452552258693,1,1
M1_margin,medium,31,0.6666666666666666,0.2,0,9.948132514953613,17.50972418217482,0.10619544982910156,12.605880737304688,12.499685287475586,-0.10619544982910156,0.0875486209108741,0.001093452552258693,1,1
M2_popmass,medium,31,0.6666666666666666,0.2,0,9.948132514953613,17.50972418217482,0.04555225372314453,10.836793899536133,10.791241645812988,-0.04555225372314453,0.0875486209108741,0.001093452552258693,1,1
M0_balanced,medium,31,0.6666666666666666,0.4,0,9.948132514953613,17.50972418217482,0.04469108581542969,10.663429260253906,10.618738174438477,-0.04469108581542969,0.0875486209108741,0.001093452552258693,1,1
M1_margin,medium,31,0.6666666666666666,0.4,0,9.948132514953613,17.50972418217482,0.10619544982910156,12.605880737304688,12.499685287475586,-0.10619544982910156,0.0875486209108741,0.001093452552258693,1,1
M2_popmass,medium,31,0.6666666666666666,0.4,0,9.948132514953613,17.50972418217482,0.04555225372314453,10.836793899536133,10.791241645812988,-0.04555225372314453,0.0875486209108741,0.001093452552258693,1,1
M0_balanced,medium,31,0.6666666666666666,0.1,1,9.960805892944336,17.45329690344596,0.04500102996826172,10.663429260253906,10.618428230285645,-0.04500102996826172,0.0872664845172298,0.0010899287644879011,1,0
M1_margin,medium,31,0.6666666666666666,0.1,1,9.960805892944336,17.45329690344596,0.10684585571289062,12.605880737304688,12.499034881591797,-0.10684585571289062,0.0872664845172298,0.0010899287644879011,1,0
M2_popmass,medium,31,0.6666666666666666,0.1,1,9.960805892944336,17.45329690344596,0.04587745666503906,10.836793899536133,10.790916442871094,-0.04587745666503906,0.0872664845172298,0.0010899287644879011,1,0
M0_balanced,medium,31,0.6666666666666666,0.2,1,9.960805892944336,17.45329690344596,0.04500102996826172,10.663429260253906,10.618428230285645,-0.04500102996826172,0.0872664845172298,0.0010899287644879011,1,0
M1_margin,medium,31,0.6666666666666666,0.2,1,9.960805892944336,17.45329690344596,0.10684585571289062,12.605880737304688,12.499034881591797,-0.10684585571289062,0.0872664845172298,0.0010899287644879011,1,0
M2_popmass,medium,31,0.6666666666666666,0.2,1,9.960805892944336,17.45329690344596,0.04587745666503906,10.836793899536133,10.790916442871094,-0.04587745666503906,0.0872664845172298,0.0010899287644879011,1,0
M0_balanced,medium,31,0.6666666666666666,0.4,1,9.9688138961792,17.535612733611416,0.044528961181640625,10.663429260253906,10.618900299072266,-0.044528961181640625,0.08767806366805708,0.0010950692483498539,1,2
M1_margin,medium,31,0.6666666666666666,0.4,1,9.9688138961792,17.535612733611416,0.1058797836303711,12.605880737304688,12.500000953674316,-0.1058797836303711,0.08767806366805708,0.0010950692483498539,1,2
M2_popmass,medium,31,0.6666666666666666,0.4,1,9.9688138961792,17.535612733611416,0.04538249969482422,10.836793899536133,10.791411399841309,-0.04538249969482422,0.08767806366805708,0.0010950692483498539,1,2
M0_balanced,medium,31,0.6666666666666666,0.1,2,9.941450119018555,17.41384898885136,0.04483604431152344,10.663429260253906,10.618593215942383,-0.04483604431152344,0.0870692449442568,0.001087465309184667,1,0
M1_margin,medium,31,0.6666666666666666,0.1,2,9.941450119018555,17.41384898885136,0.10598945617675781,12.605880737304688,12.49989128112793,-0.10598945617675781,0.0870692449442568,0.001087465309184667,1,0
M2_popmass,medium,31,0.6666666666666666,0.1,2,9.941450119018555,17.41384898885136,0.045691490173339844,10.836793899536133,10.791102409362793,-0.045691490173339844,0.0870692449442568,0.001087465309184667,1,0
M0_balanced,medium,31,0.6666666666666666,0.2,2,9.941475868225098,17.47783829367386,0.04451465606689453,10.663429260253906,10.618914604187012,-0.04451465606689453,0.08738919146836929,0.0010914613326483973,1,1
M1_margin,medium,31,0.6666666666666666,0.2,2,9.941475868225098,17.47783829367386,0.10547637939453125,12.605880737304688,12.500404357910156,-0.10547637939453125,0.08738919146836929,0.0010914613326483973,1,1
M2_popmass,medium,31,0.6666666666666666,0.2,2,9.941475868225098,17.47783829367386,0.045355796813964844,10.836793899536133,10.791438102722168,-0.045355796813964844,0.08738919146836929,0.0010914613326483973,1,1
M0_balanced,medium,31,0.6666666666666666,0.4,2,9.910118103027344,17.617107488064764,0.04425621032714844,10.663429260253906,10.619173049926758,-0.04425621032714844,0.08808553744032382,0.001100158457427369,1,3
M1_margin,medium,31,0.6666666666666666,0.4,2,9.910118103027344,17.617107488064764,0.10499763488769531,12.605880737304688,12.500883102416992,-0.10499763488769531,0.08808553744032382,0.001100158457427369,1,3
M2_popmass,medium,31,0.6666666666666666,0.4,2,9.910118103027344,17.617107488064764,0.04508209228515625,10.836793899536133,10.791711807250977,-0.04508209228515625,0.08808553744032382,0.001100158457427369,1,3
M0_balanced,medium,31,0.6666666666666666,0.1,3,9.96031379699707,17.45389164984075,0.04500389099121094,10.663429260253906,10.618425369262695,-0.04500389099121094,0.08726945824920375,0.0010899659053906683,1,0
M1_margin,medium,31,0.6666666666666666,0.1,3,9.96031379699707,17.45389164984075,0.106842041015625,12.605880737304688,12.499038696289062,-0.106842041015625,0.08726945824920375,0.0010899659053906683,1,0
M2_popmass,medium,31,0.6666666666666666,0.1,3,9.96031379699707,17.45389164984075,0.04588031768798828,10.836793899536133,10.790913581848145,-0.04588031768798828,0.08726945824920375,0.0010899659053906683,1,0
M0_balanced,medium,31,0.6666666666666666,0.2,3,10.027015686035156,17.465691823513648,0.04503631591796875,10.663429260253906,10.618392944335938,-0.04503631591796875,0.08732845911756824,0.0010907028062056372,1,1
M1_margin,medium,31,0.6666666666666666,0.2,3,10.027015686035156,17.465691823513648,0.10739707946777344,12.605880737304688,12.498483657836914,-0.10739707946777344,0.08732845911756824,0.0010907028062056372,1,1
M2_popmass,medium,31,0.6666666666666666,0.2,3,10.027015686035156,17.465691823513648,0.0459136962890625,10.836793899536133,10.79088020324707,-0.0459136962890625,0.08732845911756824,0.0010907028062056372,1,1
M0_balanced,medium,31,0.6666666666666666,0.4,3,10.042015075683594,17.484328339066494,0.044867515563964844,10.663429260253906,10.618561744689941,-0.044867515563964844,0.08742164169533247,0.0010918666249662555,1,2
M1_margin,medium,31,0.6666666666666666,0.4,3,10.042015075683594,17.484328339066494,0.10703086853027344,12.605880737304688,12.498849868774414,-0.10703086853027344,0.08742164169533247,0.0010918666249662555,1,2
M2_popmass,medium,31,0.6666666666666666,0.4,3,10.042015075683594,17.484328339066494,0.04573631286621094,10.836793899536133,10.791057586669922,-0.04573631286621094,0.08742164169533247,0.0010918666249662555,1,2
M0_balanced,medium,31,0.6666666666666666,0.1,4,9.976837158203125,17.53775780187093,0.04482460021972656,10.663429260253906,10.61860466003418,-0.04482460021972656,0.08768878900935466,0.0010952032042213873,1,1
M1_margin,medium,31,0.6666666666666666,0.1,4,9.976837158203125,17.53775780187093,0.106689453125,12.605880737304688,12.499191284179688,-0.106689453125,0.08768878900935466,0.0010952032042213873,1,1
M2_popmass,medium,31,0.6666666666666666,0.1,4,9.976837158203125,17.53775780187093,0.045684814453125,10.836793899536133,10.791109085083008,-0.045684814453125,0.08768878900935466,0.0010952032042213873,1,1
M0_balanced,medium,31,0.6666666666666666,0.2,4,9.960280418395996,17.6096598699171,0.044586181640625,10.663429260253906,10.618843078613281,-0.044586181640625,0.0880482993495855,0.0010996933663164476,1,2
M1_margin,medium,31,0.6666666666666666,0.2,4,9.960280418395996,17.6096598699171,0.10608100891113281,12.605880737304688,12.499799728393555,-0.10608100891113281,0.0880482993495855,0.0010996933663164476,1,2
M2_popmass,medium,31,0.6666666666666666,0.2,4,9.960280418395996,17.6096598699171,0.04543304443359375,10.836793899536133,10.791360855102539,-0.04543304443359375,0.0880482993495855,0.0010996933663164476,1,2
M0_balanced,medium,31,0.6666666666666666,0.4,4,9.960280418395996,17.6096598699171,0.044586181640625,10.663429260253906,10.618843078613281,-0.044586181640625,0.0880482993495855,0.0010996933663164476,1,2
M1_margin,medium,31,0.6666666666666666,0.4,4,9.960280418395996,17.6096598699171,0.10608100891113281,12.605880737304688,12.499799728393555,-0.10608100891113281,0.0880482993495855,0.0010996933663164476,1,2
M2_popmass,medium,31,0.6666666666666666,0.4,4,9.960280418395996,17.6096598699171,0.04543304443359375,10.836793899536133,10.791360855102539,-0.04543304443359375,0.0880482993495855,0.0010996933663164476,1,2
M0_balanced,high,0,1.0,0.1,0,9.88818359375,15.89199785249466,-0.004734039306640625,10.663429260253906,10.668163299560547,0.004734039306640625,0.0794599892624733,0.0009924282890755164,1,0
M1_margin,high,0,1.0,0.1,0,9.88818359375,15.89199785249466,0.0794830322265625,12.605880737304688,12.526397705078125,-0.0794830322265625,0.0794599892624733,0.0009924282890755164,1,0
M2_popmass,high,0,1.0,0.1,0,9.88818359375,15.89199785249466,-0.0041255950927734375,10.836793899536133,10.840919494628906,0.0041255950927734375,0.0794599892624733,0.0009924282890755164,1,0
M0_balanced,high,0,1.0,0.2,0,9.88818359375,15.89199785249466,-0.004734039306640625,10.663429260253906,10.668163299560547,0.004734039306640625,0.0794599892624733,0.0009924282890755164,1,0
M1_margin,high,0,1.0,0.2,0,9.88818359375,15.89199785249466,0.0794830322265625,12.605880737304688,12.526397705078125,-0.0794830322265625,0.0794599892624733,0.0009924282890755164,1,0
M2_popmass,high,0,1.0,0.2,0,9.88818359375,15.89199785249466,-0.0041255950927734375,10.836793899536133,10.840919494628906,0.0041255950927734375,0.0794599892624733,0.0009924282890755164,1,0
M0_balanced,high,0,1.0,0.4,0,9.863271713256836,15.89777134372679,-0.004940032958984375,10.663429260253906,10.66836929321289,0.004940032958984375,0.07948885671863395,0.0009927888338024085,1,1
M1_margin,high,0,1.0,0.4,0,9.863271713256836,15.89777134372679,0.07903480529785156,12.605880737304688,12.526845932006836,-0.07903480529785156,0.07948885671863395,0.0009927888338024085,1,1
M2_popmass,high,0,1.0,0.4,0,9.863271713256836,15.89777134372679,-0.004340171813964844,10.836793899536133,10.841134071350098,0.004340171813964844,0.07948885671863395,0.0009927888338024085,1,1
M0_balanced,high,0,1.0,0.1,1,9.895991325378418,15.900559526541914,-0.004858970642089844,10.663429260253906,10.668288230895996,0.004858970642089844,0.07950279763270957,0.0009929629510862469,1,1
M1_margin,high,0,1.0,0.1,1,9.895991325378418,15.900559526541914,0.07941246032714844,12.605880737304688,12.526468276977539,-0.07941246032714844,0.07950279763270957,0.0009929629510862469,1,1
M2_popmass,high,0,1.0,0.1,1,9.895991325378418,15.900559526541914,-0.00424957275390625,10.836793899536133,10.841043472290039,0.00424957275390625,0.07950279763270957,0.0009929629510862469,1,1
M0_balanced,high,0,1.0,0.2,1,9.895991325378418,15.900559526541914,-0.004858970642089844,10.663429260253906,10.668288230895996,0.004858970642089844,0.07950279763270957,0.0009929629510862469,1,1
M1_margin,high,0,1.0,0.2,1,9.895991325378418,15.900559526541914,0.07941246032714844,12.605880737304688,12.526468276977539,-0.07941246032714844,0.07950279763270957,0.0009929629510862469,1,1
M2_popmass,high,0,1.0,0.2,1,9.895991325378418,15.900559526541914,-0.00424957275390625,10.836793899536133,10.841043472290039,0.00424957275390625,0.07950279763270957,0.0009929629510862469,1,1
M0_balanced,high,0,1.0,0.4,1,9.895991325378418,15.900559526541914,-0.004858970642089844,10.663429260253906,10.668288230895996,0.004858970642089844,0.07950279763270957,0.0009929629510862469,1,1
M1_margin,high,0,1.0,0.4,1,9.895991325378418,15.900559526541914,0.07941246032714844,12.605880737304688,12.526468276977539,-0.07941246032714844,0.07950279763270957,0.0009929629510862469,1,1
M2_popmass,high,0,1.0,0.4,1,9.895991325378418,15.900559526541914,-0.00424957275390625,10.836793899536133,10.841043472290039,0.00424957275390625,0.07950279763270957,0.0009929629510862469,1,1
M0_balanced,high,0,1.0,0.1,2,9.92359733581543,15.899495706079191,-0.004650115966796875,10.663429260253906,10.668079376220703,0.004650115966796875,0.07949747853039596,0.000992896517304195,1,0
M1_margin,high,0,1.0,0.1,2,9.92359733581543,15.899495706079191,0.07987785339355469,12.605880737304688,12.526002883911133,-0.07987785339355469,0.07949747853039596,0.000992896517304195,1,0
M2_popmass,high,0,1.0,0.1,2,9.92359733581543,15.899495706079191,-0.004031181335449219,10.836793899536133,10.840825080871582,0.004031181335449219,0.07949747853039596,0.000992896517304195,1,0
M0_balanced,high,0,1.0,0.2,2,9.843969345092773,15.888555852210322,-0.004795074462890625,10.663429260253906,10.668224334716797,0.004795074462890625,0.07944277926105162,0.0009922133420005867,1,1
M1_margin,high,0,1.0,0.2,2,9.843969345092773,15.888555852210322,0.07973098754882812,12.605880737304688,12.52614974975586,-0.07973098754882812,0.07944277926105162,0.0009922133420005867,1,1
M2_popmass,high,0,1.0,0.2,2,9.843969345092773,15.888555852210322,-0.0041828155517578125,10.836793899536133,10.84097671508789,0.0041828155517578125,0.07944277926105162,0.0009922133420005867,1,1
M0_balanced,high,0,1.0,0.4,2,9.843969345092773,15.888555852210322,-0.004795074462890625,10.663429260253906,10.668224334716797,0.004795074462890625,0.07944277926105162,0.0009922133420005867,1,1
M1_margin,high,0,1.0,0.4,2,9.843969345092773,15.888555852210322,0.07973098754882812,12.605880737304688,12.52614974975586,-0.07973098754882812,0.07944277926105162,0.0009922133420005867,1,1
M2_popmass,high,0,1.0,0.4,2,9.843969345092773,15.888555852210322,-0.0041828155517578125,10.836793899536133,10.84097671508789,0.0041828155517578125,0.07944277926105162,0.0009922133420005867,1,1
M0_balanced,high,0,1.0,0.1,3,9.891031265258789,15.892232302709434,-0.0047092437744140625,10.663429260253906,10.66813850402832,0.0047092437744140625,0.07946116151354718,0.0009924429300934479,1,0
M1_margin,high,0,1.0,0.1,3,9.891031265258789,15.892232302709434,0.07953643798828125,12.605880737304688,12.526344299316406,-0.07953643798828125,0.07946116151354718,0.0009924429300934479,1,0
M2_popmass,high,0,1.0,0.1,3,9.891031265258789,15.892232302709434,-0.004099845886230469,10.836793899536133,10.840893745422363,0.004099845886230469,0.07946116151354718,0.0009924429300934479,1,0
M0_balanced,high,0,1.0,0.2,3,9.891031265258789,15.892232302709434,-0.0047092437744140625,10.663429260253906,10.66813850402832,0.0047092437744140625,0.07946116151354718,0.0009924429300934479,1,0
M1_margin,high,0,1.0,0.2,3,9.891031265258789,15.892232302709434,0.07953643798828125,12.605880737304688,12.526344299316406,-0.07953643798828125,0.07946116151354718,0.0009924429300934479,1,0
M2_popmass,high,0,1.0,0.2,3,9.891031265258789,15.892232302709434,-0.004099845886230469,10.836793899536133,10.840893745422363,0.004099845886230469,0.07946116151354718,0.0009924429300934479,1,0
M0_balanced,high,0,1.0,0.4,3,9.891031265258789,15.892232302709434,-0.0047092437744140625,10.663429260253906,10.66813850402832,0.0047092437744140625,0.07946116151354718,0.0009924429300934479,1,0
M1_margin,high,0,1.0,0.4,3,9.891031265258789,15.892232302709434,0.07953643798828125,12.605880737304688,12.526344299316406,-0.07953643798828125,0.07946116151354718,0.0009924429300934479,1,0
M2_popmass,high,0,1.0,0.4,3,9.891031265258789,15.892232302709434,-0.004099845886230469,10.836793899536133,10.840893745422363,0.004099845886230469,0.07946116151354718,0.0009924429300934479,1,0
M0_balanced,high,0,1.0,0.1,4,9.895788192749023,15.900829234949844,-0.0048656463623046875,10.663429260253906,10.668294906616211,0.0048656463623046875,0.07950414617474923,0.0009929797939184897,1,1
M1_margin,high,0,1.0,0.1,4,9.895788192749023,15.900829234949844,0.07939624786376953,12.605880737304688,12.526484489440918,-0.07939624786376953,0.07950414617474923,0.0009929797939184897,1,1
M2_popmass,high,0,1.0,0.1,4,9.895788192749023,15.900829234949844,-0.004256248474121094,10.836793899536133,10.841050148010254,0.004256248474121094,0.07950414617474923,0.0009929797939184897,1,1
M0_balanced,high,0,1.0,0.2,4,9.895788192749023,15.900829234949844,-0.0048656463623046875,10.663429260253906,10.668294906616211,0.0048656463623046875,0.07950414617474923,0.0009929797939184897,1,1
M1_margin,high,0,1.0,0.2,4,9.895788192749023,15.900829234949844,0.07939624786376953,12.605880737304688,12.526484489440918,-0.07939624786376953,0.07950414617474923,0.0009929797939184897,1,1
M2_popmass,high,0,1.0,0.2,4,9.895788192749023,15.900829234949844,-0.004256248474121094,10.836793899536133,10.841050148010254,0.004256248474121094,0.07950414617474923,0.0009929797939184897,1,1
M0_balanced,high,0,1.0,0.4,4,9.895788192749023,15.900829234949844,-0.0048656463623046875,10.663429260253906,10.668294906616211,0.0048656463623046875,0.07950414617474923,0.0009929797939184897,1,1
M1_margin,high,0,1.0,0.4,4,9.895788192749023,15.900829234949844,0.07939624786376953,12.605880737304688,12.526484489440918,-0.07939624786376953,0.07950414617474923,0.0009929797939184897,1,1
M2_popmass,high,0,1.0,0.4,4,9.895788192749023,15.900829234949844,-0.004256248474121094,10.836793899536133,10.841050148010254,0.004256248474121094,0.07950414617474923,0.0009929797939184897,1,1
M0_balanced,high,1,0.75,0.1,0,10.106850624084473,18.880372159189438,0.03617095947265625,10.663429260253906,10.62725830078125,-0.03617095947265625,0.09440186079594719,0.0011790471917356863,1,0
M1_margin,high,1,0.75,0.1,0,10.106850624084473,18.880372159189438,0.11721134185791016,12.605880737304688,12.488669395446777,-0.11721134185791016,0.09440186079594719,0.0011790471917356863,1,0
M2_popmass,high,1,0.75,0.1,0,10.106850624084473,18.880372159189438,0.03742790222167969,10.836793899536133,10.799365997314453,-0.03742790222167969,0.09440186079594719,0.0011790471917356863,1,0
M0_balanced,high,1,0.75,0.2,0,10.106850624084473,18.880372159189438,0.03617095947265625,10.663429260253906,10.62725830078125,-0.03617095947265625,0.09440186079594719,0.0011790471917356863,1,0
M1_margin,high,1,0.75,0.2,0,10.106850624084473,18.880372159189438,0.11721134185791016,12.605880737304688,12.488669395446777,-0.11721134185791016,0.09440186079594719,0.0011790471917356863,1,0
M2_popmass,high,1,0.75,0.2,0,10.106850624084473,18.880372159189438,0.03742790222167969,10.836793899536133,10.799365997314453,-0.03742790222167969,0.09440186079594719,0.0011790471917356863,1,0
M0_balanced,high,1,0.75,0.4,0,10.106850624084473,18.880372159189438,0.03617095947265625,10.663429260253906,10.62725830078125,-0.03617095947265625,0.09440186079594719,0.0011790471917356863,1,0
M1_margin,high,1,0.75,0.4,0,10.106850624084473,18.880372159189438,0.11721134185791016,12.605880737304688,12.488669395446777,-0.11721134185791016,0.09440186079594719,0.0011790471917356863,1,0
M2_popmass,high,1,0.75,0.4,0,10.106850624084473,18.880372159189438,0.03742790222167969,10.836793899536133,10.799365997314453,-0.03742790222167969,0.09440186079594719,0.0011790471917356863,1,0
M0_balanced,high,1,0.75,0.1,1,10.173567771911621,18.85885457238309,0.035872459411621094,10.663429260253906,10.627556800842285,-0.035872459411621094,0.09429427286191545,0.001177703454965932,1,1
M1_margin,high,1,0.75,0.1,1,10.173567771911621,18.85885457238309,0.11668014526367188,12.605880737304688,12.489200592041016,-0.11668014526367188,0.09429427286191545,0.001177703454965932,1,1
M2_popmass,high,1,0.75,0.1,1,10.173567771911621,18.85885457238309,0.037123680114746094,10.836793899536133,10.799670219421387,-0.037123680114746094,0.09429427286191545,0.001177703454965932,1,1
M0_balanced,high,1,0.75,0.2,1,10.173567771911621,18.85885457238309,0.035872459411621094,10.663429260253906,10.627556800842285,-0.035872459411621094,0.09429427286191545,0.001177703454965932,1,1
M1_margin,high,1,0.75,0.2,1,10.173567771911621,18.85885457238309,0.11668014526367188,12.605880737304688,12.489200592041016,-0.11668014526367188,0.09429427286191545,0.001177703454965932,1,1
M2_popmass,high,1,0.75,0.2,1,10.173567771911621,18.85885457238309,0.037123680114746094,10.836793899536133,10.799670219421387,-0.037123680114746094,0.09429427286191545,0.001177703454965932,1,1
M0_balanced,high,1,0.75,0.4,1,10.173567771911621,18.85885457238309,0.035872459411621094,10.663429260253906,10.627556800842285,-0.035872459411621094,0.09429427286191545,0.001177703454965932,1,1
M1_margin,high,1,0.75,0.4,1,10.173567771911621,18.85885457238309,0.11668014526367188,12.605880737304688,12.489200592041016,-0.11668014526367188,0.09429427286191545,0.001177703454965932,1,1
M2_popmass,high,1,0.75,0.4,1,10.173567771911621,18.85885457238309,0.037123680114746094,10.836793899536133,10.799670219421387,-0.037123680114746094,0.09429427286191545,0.001177703454965932,1,1
M0_balanced,high,1,0.75,0.1,2,10.172760009765625,18.858427662246754,0.035877227783203125,10.663429260253906,10.627552032470703,-0.035877227783203125,0.09429213831123377,0.0011776767951526016,1,1
M1_margin,high,1,0.75,0.1,2,10.172760009765625,18.858427662246754,0.11669158935546875,12.605880737304688,12.489189147949219,-0.11669158935546875,0.09429213831123377,0.0011776767951526016,1,1
M2_popmass,high,1,0.75,0.1,2,10.172760009765625,18.858427662246754,0.037128448486328125,10.836793899536133,10.799665451049805,-0.037128448486328125,0.09429213831123377,0.0011776767951526016,1,1
M0_balanced,high,1,0.75,0.2,2,10.172760009765625,18.858427662246754,0.035877227783203125,10.663429260253906,10.627552032470703,-0.035877227783203125,0.09429213831123377,0.0011776767951526016,1,1
M1_margin,high,1,0.75,0.2,2,10.172760009765625,18.858427662246754,0.11669158935546875,12.605880737304688,12.489189147949219,-0.11669158935546875,0.09429213831123377,0.0011776767951526016,1,1
M2_popmass,high,1,0.75,0.2,2,10.172760009765625,18.858427662246754,0.037128448486328125,10.836793899536133,10.799665451049805,-0.037128448486328125,0.09429213831123377,0.0011776767951526016,1,1
M0_balanced,high,1,0.75,0.4,2,10.172687530517578,18.84102436578579,0.03589153289794922,10.663429260253906,10.627537727355957,-0.03589153289794922,0.09420512182892894,0.0011765899888308703,1,2
M1_margin,high,1,0.75,0.4,2,10.172687530517578,18.84102436578579,0.11685752868652344,12.605880737304688,12.489023208618164,-0.11685752868652344,0.09420512182892894,0.0011765899888308703,1,2
M2_popmass,high,1,0.75,0.4,2,10.172687530517578,18.84102436578579,0.037148475646972656,10.836793899536133,10.79964542388916,-0.037148475646972656,0.09420512182892894,0.0011765899888308703,1,2
M0_balanced,high,1,0.75,0.1,3,10.109142303466797,18.881826493213588,0.03614997863769531,10.663429260253906,10.627279281616211,-0.03614997863769531,0.09440913246606794,0.0011791380124267492,1,0
M1_margin,high,1,0.75,0.1,3,10.109142303466797,18.881826493213588,0.1171712875366211,12.605880737304688,12.488709449768066,-0.1171712875366211,0.09440913246606794,0.0011791380124267492,1,0
M2_popmass,high,1,0.75,0.1,3,10.109142303466797,18.881826493213588,0.03740692138671875,10.836793899536133,10.799386978149414,-0.03740692138671875,0.09440913246606794,0.0011791380124267492,1,0
M0_balanced,high,1,0.75,0.2,3,10.109142303466797,18.881826493213588,0.03614997863769531,10.663429260253906,10.627279281616211,-0.03614997863769531,0.09440913246606794,0.0011791380124267492,1,0
M1_margin,high,1,0.75,0.2,3,10.109142303466797,18.881826493213588,0.1171712875366211,12.605880737304688,12.488709449768066,-0.1171712875366211,0.09440913246606794,0.0011791380124267492,1,0
M2_popmass,high,1,0.75,0.2,3,10.109142303466797,18.881826493213588,0.03740692138671875,10.836793899536133,10.799386978149414,-0.03740692138671875,0.09440913246606794,0.0011791380124267492,1,0
M0_balanced,high,1,0.75,0.4,3,10.109142303466797,18.881826493213588,0.03614997863769531,10.663429260253906,10.627279281616211,-0.03614997863769531,0.09440913246606794,0.0011791380124267492,1,0
M1_margin,high,1,0.75,0.4,3,10.109142303466797,18.881826493213588,0.1171712875366211,12.605880737304688,12.488709449768066,-0.1171712875366211,0.09440913246606794,0.0011791380124267492,1,0
M2_popmass,high,1,0.75,0.4,3,10.109142303466797,18.881826493213588,0.03740692138671875,10.836793899536133,10.799386978149414,-0.03740692138671875,0.09440913246606794,0.0011791380124267492,1,0
M0_balanced,high,1,0.75,0.1,4,10.030750274658203,18.895704948409147,0.03551292419433594,10.663429260253906,10.62791633605957,-0.03551292419433594,0.09447852474204574,0.0011800046983949063,1,1
M1_margin,high,1,0.75,0.1,4,10.030750274658203,18.895704948409147,0.11538505554199219,12.605880737304688,12.490495681762695,-0.11538505554199219,0.09447852474204574,0.0011800046983949063,1,1
M2_popmass,high,1,0.75,0.1,4,10.030750274658203,18.895704948409147,0.036746978759765625,10.836793899536133,10.800046920776367,-0.036746978759765625,0.09447852474204574,0.0011800046983949063,1,1
M0_balanced,high,1,0.75,0.2,4,10.030750274658203,18.895704948409147,0.03551292419433594,10.663429260253906,10.62791633605957,-0.03551292419433594,0.09447852474204574,0.0011800046983949063,1,1
M1_margin,high,1,0.75,0.2,4,10.030750274658203,18.895704948409147,0.11538505554199219,12.605880737304688,12.490495681762695,-0.11538505554199219,0.09447852474204574,0.0011800046983949063,1,1
M2_popmass,high,1,0.75,0.2,4,10.030750274658203,18.895704948409147,0.036746978759765625,10.836793899536133,10.800046920776367,-0.036746978759765625,0.09447852474204574,0.0011800046983949063,1,1
M0_balanced,high,1,0.75,0.4,4,10.030750274658203,18.895704948409147,0.03551292419433594,10.663429260253906,10.62791633605957,-0.03551292419433594,0.09447852474204574,0.0011800046983949063,1,1
M1_margin,high,1,0.75,0.4,4,10.030750274658203,18.895704948409147,0.11538505554199219,12.605880737304688,12.490495681762695,-0.11538505554199219,0.09447852474204574,0.0011800046983949063,1,1
M2_popmass,high,1,0.75,0.4,4,10.030750274658203,18.895704948409147,0.036746978759765625,10.836793899536133,10.800046920776367,-0.036746978759765625,0.09447852474204574,0.0011800046983949063,1,1
M0_balanced,high,2,1.0,0.1,0,9.210864067077637,15.83920017719854,-0.1494588851928711,10.663429260253906,10.812888145446777,0.1494588851928711,0.0791960008859927,0.000989131163877814,1,0
M1_margin,high,2,1.0,0.1,0,9.210864067077637,15.83920017719854,-0.2860527038574219,12.605880737304688,12.89193344116211,0.2860527038574219,0.0791960008859927,0.000989131163877814,1,0
M2_popmass,high,2,1.0,0.1,0,9.210864067077637,15.83920017719854,-0.14877891540527344,10.836793899536133,10.985572814941406,0.14877891540527344,0.0791960008859927,0.000989131163877814,1,0
M0_balanced,high,2,1.0,0.2,0,9.210864067077637,15.83920017719854,-0.1494588851928711,10.663429260253906,10.812888145446777,0.1494588851928711,0.0791960008859927,0.000989131163877814,1,0
M1_margin,high,2,1.0,0.2,0,9.210864067077637,15.83920017719854,-0.2860527038574219,12.605880737304688,12.89193344116211,0.2860527038574219,0.0791960008859927,0.000989131163877814,1,0
M2_popmass,high,2,1.0,0.2,0,9.210864067077637,15.83920017719854,-0.14877891540527344,10.836793899536133,10.985572814941406,0.14877891540527344,0.0791960008859927,0.000989131163877814,1,0
M0_balanced,high,2,1.0,0.4,0,9.223546981811523,15.841886664168564,-0.1498279571533203,10.663429260253906,10.813257217407227,0.1498279571533203,0.07920943332084282,0.0009892989304287555,1,1
M1_margin,high,2,1.0,0.4,0,9.223546981811523,15.841886664168564,-0.2869577407836914,12.605880737304688,12.892838478088379,0.2869577407836914,0.07920943332084282,0.0009892989304287555,1,1
M2_popmass,high,2,1.0,0.4,0,9.223546981811523,15.841886664168564,-0.14915847778320312,10.836793899536133,10.985952377319336,0.14915847778320312,0.07920943332084282,0.0009892989304287555,1,1
M0_balanced,high,2,1.0,0.1,1,9.210052490234375,15.838263643195901,-0.1494426727294922,10.663429260253906,10.812871932983398,0.1494426727294922,0.07919131821597951,0.0009890726789191244,1,0
M1_margin,high,2,1.0,0.1,1,9.210052490234375,15.838263643195901,-0.28601646423339844,12.605880737304688,12.891897201538086,0.28601646423339844,0.07919131821597951,0.0009890726789191244,1,0
M2_popmass,high,2,1.0,0.1,1,9.210052490234375,15.838263643195901,-0.14876270294189453,10.836793899536133,10.985556602478027,0.14876270294189453,0.07919131821597951,0.0009890726789191244,1,0
M0_balanced,high,2,1.0,0.2,1,9.210052490234375,15.838263643195901,-0.1494426727294922,10.663429260253906,10.812871932983398,0.1494426727294922,0.07919131821597951,0.0009890726789191244,1,0
M1_margin,high,2,1.0,0.2,1,9.210052490234375,15.838263643195901,-0.28601646423339844,12.605880737304688,12.891897201538086,0.28601646423339844,0.07919131821597951,0.0009890726789191244,1,0
M2_popmass,high,2,1.0,0.2,1,9.210052490234375,15.838263643195901,-0.14876270294189453,10.836793899536133,10.985556602478027,0.14876270294189453,0.07919131821597951,0.0009890726789191244,1,0
M0_balanced,high,2,1.0,0.4,1,9.210052490234375,15.838263643195901,-0.1494426727294922,10.663429260253906,10.812871932983398,0.1494426727294922,0.07919131821597951,0.0009890726789191244,1,0
M1_margin,high,2,1.0,0.4,1,9.210052490234375,15.838263643195901,-0.28601646423339844,12.605880737304688,12.891897201538086,0.28601646423339844,0.07919131821597951,0.0009890726789191244,1,0
M2_popmass,high,2,1.0,0.4,1,9.210052490234375,15.838263643195901,-0.14876270294189453,10.836793899536133,10.985556602478027,0.14876270294189453,0.07919131821597951,0.0009890726789191244,1,0
M0_balanced,high,2,1.0,0.1,2,9.209762573242188,15.838455356252162,-0.149444580078125,10.663429260253906,10.812873840332031,0.149444580078125,0.07919227678126081,0.000989084651074053,1,0
M1_margin,high,2,1.0,0.1,2,9.209762573242188,15.838455356252162,-0.2860136032104492,12.605880737304688,12.891894340515137,0.2860136032104492,0.07919227678126081,0.000989084651074053,1,0
M2_popmass,high,2,1.0,0.1,2,9.209762573242188,15.838455356252162,-0.14876461029052734,10.836793899536133,10.98555850982666,0.14876461029052734,0.07919227678126081,0.000989084651074053,1,0
M0_balanced,high,2,1.0,0.2,2,9.21742057800293,15.8488050870434,-0.15000152587890625,10.663429260253906,10.813430786132812,0.15000152587890625,0.07924402543521701,0.0009897309741932028,1,1
M1_margin,high,2,1.0,0.2,2,9.21742057800293,15.8488050870434,-0.2875804901123047,12.605880737304688,12.893461227416992,0.2875804901123047,0.07924402543521701,0.0009897309741932028,1,1
M2_popmass,high,2,1.0,0.2,2,9.21742057800293,15.8488050870434,-0.14933490753173828,10.836793899536133,10.986128807067871,0.14933490753173828,0.07924402543521701,0.0009897309741932028,1,1
M0_balanced,high,2,1.0,0.4,2,9.21742057800293,15.8488050870434,-0.15000152587890625,10.663429260253906,10.813430786132812,0.15000152587890625,0.07924402543521701,0.0009897309741932028,1,1
M1_margin,high,2,1.0,0.4,2,9.21742057800293,15.8488050870434,-0.2875804901123047,12.605880737304688,12.893461227416992,0.2875804901123047,0.07924402543521701,0.0009897309741932028,1,1
M2_popmass,high,2,1.0,0.4,2,9.21742057800293,15.8488050870434,-0.14933490753173828,10.836793899536133,10.986128807067871,0.14933490753173828,0.07924402543521701,0.0009897309741932028,1,1
M0_balanced,high,2,1.0,0.1,3,9.20947265625,15.838694159231801,-0.14943695068359375,10.663429260253906,10.8128662109375,0.14943695068359375,0.079193470796159,0.0009890995639147613,1,0
M1_margin,high,2,1.0,0.1,3,9.20947265625,15.838694159231801,-0.2860078811645508,12.605880737304688,12.891888618469238,0.2860078811645508,0.079193470796159,0.0009890995639147613,1,0
M2_popmass,high,2,1.0,0.1,3,9.20947265625,15.838694159231801,-0.1487569808959961,10.836793899536133,10.985550880432129,0.1487569808959961,0.079193470796159,0.0009890995639147613,1,0
M0_balanced,high,2,1.0,0.2,3,9.20947265625,15.838694159231801,-0.14943695068359375,10.663429260253906,10.8128662109375,0.14943695068359375,0.079193470796159,0.0009890995639147613,1,0
M1_margin,high,2,1.0,0.2,3,9.20947265625,15.838694159231801,-0.2860078811645508,12.605880737304688,12.891888618469238,0.2860078811645508,0.079193470796159,0.0009890995639147613,1,0
M2_popmass,high,2,1.0,0.2,3,9.20947265625,15.838694159231801,-0.1487569808959961,10.836793899536133,10.985550880432129,0.1487569808959961,0.079193470796159,0.0009890995639147613,1,0
M0_balanced,high,2,1.0,0.4,3,9.217212677001953,15.849091912109584,-0.14999008178710938,10.663429260253906,10.813419342041016,0.14999008178710938,0.07924545956054792,0.0009897488859316975,1,1
M1_margin,high,2,1.0,0.4,3,9.217212677001953,15.849091912109584,-0.2875652313232422,12.605880737304688,12.89344596862793,0.2875652313232422,0.07924545956054792,0.0009897488859316975,1,1
M2_popmass,high,2,1.0,0.4,3,9.217212677001953,15.849091912109584,-0.149322509765625,10.836793899536133,10.986116409301758,0.149322509765625,0.07924545956054792,0.0009897488859316975,1,1
M0_balanced,high,2,1.0,0.1,4,9.371613502502441,15.803779312111676,-0.14916229248046875,10.663429260253906,10.812591552734375,0.14916229248046875,0.07901889656055838,0.0009869191909803842,1,0
M1_margin,high,2,1.0,0.1,4,9.371613502502441,15.803779312111676,-0.2855358123779297,12.605880737304688,12.891416549682617,0.2855358123779297,0.07901889656055838,0.0009869191909803842,1,0
M2_popmass,high,2,1.0,0.1,4,9.371613502502441,15.803779312111676,-0.1485118865966797,10.836793899536133,10.985305786132812,0.1485118865966797,0.07901889656055838,0.0009869191909803842,1,0
M0_balanced,high,2,1.0,0.2,4,9.371613502502441,15.803779312111676,-0.14916229248046875,10.663429260253906,10.812591552734375,0.14916229248046875,0.07901889656055838,0.0009869191909803842,1,0
M1_margin,high,2,1.0,0.2,4,9.371613502502441,15.803779312111676,-0.2855358123779297,12.605880737304688,12.891416549682617,0.2855358123779297,0.07901889656055838,0.0009869191909803842,1,0
M2_popmass,high,2,1.0,0.2,4,9.371613502502441,15.803779312111676,-0.1485118865966797,10.836793899536133,10.985305786132812,0.1485118865966797,0.07901889656055838,0.0009869191909803842,1,0
M0_balanced,high,2,1.0,0.4,4,9.371613502502441,15.803779312111676,-0.14916229248046875,10.663429260253906,10.812591552734375,0.14916229248046875,0.07901889656055838,0.0009869191909803842,1,0
M1_margin,high,2,1.0,0.4,4,9.371613502502441,15.803779312111676,-0.2855358123779297,12.605880737304688,12.891416549682617,0.2855358123779297,0.07901889656055838,0.0009869191909803842,1,0
M2_popmass,high,2,1.0,0.4,4,9.371613502502441,15.803779312111676,-0.1485118865966797,10.836793899536133,10.985305786132812,0.1485118865966797,0.07901889656055838,0.0009869191909803842,1,0
M0_balanced,high,3,0.875,0.1,0,10.0335693359375,14.378118393211219,0.014217376708984375,10.663429260253906,10.649211883544922,-0.014217376708984375,0.0718905919660561,0.0008978890866675959,1,1
M1_margin,high,3,0.875,0.1,0,10.0335693359375,14.378118393211219,0.047591209411621094,12.605880737304688,12.558289527893066,-0.047591209411621094,0.0718905919660561,0.0008978890866675959,1,1
M2_popmass,high,3,0.875,0.1,0,10.0335693359375,14.378118393211219,0.015299797058105469,10.836793899536133,10.821494102478027,-0.015299797058105469,0.0718905919660561,0.0008978890866675959,1,1
M0_balanced,high,3,0.875,0.2,0,10.0335693359375,14.378118393211219,0.014217376708984375,10.663429260253906,10.649211883544922,-0.014217376708984375,0.0718905919660561,0.0008978890866675959,1,1
M1_margin,high,3,0.875,0.2,0,10.0335693359375,14.378118393211219,0.047591209411621094,12.605880737304688,12.558289527893066,-0.047591209411621094,0.0718905919660561,0.0008978890866675959,1,1
M2_popmass,high,3,0.875,0.2,0,10.0335693359375,14.378118393211219,0.015299797058105469,10.836793899536133,10.821494102478027,-0.015299797058105469,0.0718905919660561,0.0008978890866675959,1,1
M0_balanced,high,3,0.875,0.4,0,10.061461448669434,14.376403371071925,0.01406097412109375,10.663429260253906,10.649368286132812,-0.01406097412109375,0.07188201685535962,0.0008977819864462627,1,2
M1_margin,high,3,0.875,0.4,0,10.061461448669434,14.376403371071925,0.04727458953857422,12.605880737304688,12.558606147766113,-0.04727458953857422,0.07188201685535962,0.0008977819864462627,1,2
M2_popmass,high,3,0.875,0.4,0,10.061461448669434,14.376403371071925,0.015138626098632812,10.836793899536133,10.8216552734375,-0.015138626098632812,0.07188201685535962,0.0008977819864462627,1,2
M0_balanced,high,3,0.875,0.1,1,10.029056549072266,14.357687396924689,0.0140380859375,10.663429260253906,10.649391174316406,-0.0140380859375,0.07178843698462345,0.0008966132056313065,1,2
M1_margin,high,3,0.875,0.1,1,10.029056549072266,14.357687396924689,0.04709625244140625,12.605880737304688,12.558784484863281,-0.04709625244140625,0.07178843698462345,0.0008966132056313065,1,2
M2_popmass,high,3,0.875,0.1,1,10.029056549072266,14.357687396924689,0.015114784240722656,10.836793899536133,10.82167911529541,-0.015114784240722656,0.07178843698462345,0.0008966132056313065,1,2
M0_balanced,high,3,0.875,0.2,1,10.026007652282715,14.3829608418879,0.014120101928710938,10.663429260253906,10.649309158325195,-0.014120101928710938,0.0719148042094395,0.0008981914893673533,1,3
M1_margin,high,3,0.875,0.2,1,10.026007652282715,14.3829608418879,0.047348976135253906,12.605880737304688,12.558531761169434,-0.047348976135253906,0.0719148042094395,0.0008981914893673533,1,3
M2_popmass,high,3,0.875,0.2,1,10.026007652282715,14.3829608418879,0.015204429626464844,10.836793899536133,10.821589469909668,-0.015204429626464844,0.0719148042094395,0.0008981914893673533,1,3
M0_balanced,high,3,0.875,0.4,1,10.026007652282715,14.3829608418879,0.014120101928710938,10.663429260253906,10.649309158325195,-0.014120101928710938,0.0719148042094395,0.0008981914893673533,1,3
M1_margin,high,3,0.875,0.4,1,10.026007652282715,14.3829608418879,0.047348976135253906,12.605880737304688,12.558531761169434,-0.047348976135253906,0.0719148042094395,0.0008981914893673533,1,3
M2_popmass,high,3,0.875,0.4,1,10.026007652282715,14.3829608418879,0.015204429626464844,10.836793899536133,10.821589469909668,-0.015204429626464844,0.0719148042094395,0.0008981914893673533,1,3
M0_balanced,high,3,0.875,0.1,2,9.981793403625488,14.412055198568034,0.014322280883789062,10.663429260253906,10.649106979370117,-0.014322280883789062,0.07206027599284016,0.000900008382554089,1,0
M1_margin,high,3,0.875,0.1,2,9.981793403625488,14.412055198568034,0.0476837158203125,12.605880737304688,12.558197021484375,-0.0476837158203125,0.07206027599284016,0.000900008382554089,1,0
M2_popmass,high,3,0.875,0.1,2,9.981793403625488,14.412055198568034,0.015411376953125,10.836793899536133,10.821382522583008,-0.015411376953125,0.07206027599284016,0.000900008382554089,1,0
M0_balanced,high,3,0.875,0.2,2,9.981793403625488,14.412055198568034,0.014322280883789062,10.663429260253906,10.649106979370117,-0.014322280883789062,0.07206027599284016,0.000900008382554089,1,0
M1_margin,high,3,0.875,0.2,2,9.981793403625488,14.412055198568034,0.0476837158203125,12.605880737304688,12.558197021484375,-0.0476837158203125,0.07206027599284016,0.000900008382554089,1,0
M2_popmass,high,3,0.875,0.2,2,9.981793403625488,14.412055198568034,0.015411376953125,10.836793899536133,10.821382522583008,-0.015411376953125,0.07206027599284016,0.000900008382554089,1,0
M0_balanced,high,3,0.875,0.4,2,10.02885627746582,14.379679908367232,0.014245986938476562,10.663429260253906,10.64918327331543,-0.014245986938476562,0.07189839954183616,0.0008979866006384024,1,2
M1_margin,high,3,0.875,0.4,2,10.02885627746582,14.379679908367232,0.04767131805419922,12.605880737304688,12.558209419250488,-0.04767131805419922,0.07189839954183616,0.0008979866006384024,1,2
M2_popmass,high,3,0.875,0.4,2,10.02885627746582,14.379679908367232,0.015334129333496094,10.836793899536133,10.821459770202637,-0.015334129333496094,0.07189839954183616,0.0008979866006384024,1,2
M0_balanced,high,3,0.875,0.1,3,9.983506202697754,14.413502303097177,0.014308929443359375,10.663429260253906,10.649120330810547,-0.014308929443359375,0.07206751151548589,0.0009000987517754609,1,0
M1_margin,high,3,0.875,0.1,3,9.983506202697754,14.413502303097177,0.04764842987060547,12.605880737304688,12.558232307434082,-0.04764842987060547,0.07206751151548589,0.0009000987517754609,1,0
M2_popmass,high,3,0.875,0.1,3,9.983506202697754,14.413502303097177,0.015398025512695312,10.836793899536133,10.821395874023438,-0.015398025512695312,0.07206751151548589,0.0009000987517754609,1,0
M0_balanced,high,3,0.875,0.2,3,9.983506202697754,14.413502303097177,0.014308929443359375,10.663429260253906,10.649120330810547,-0.014308929443359375,0.07206751151548589,0.0009000987517754609,1,0
M1_margin,high,3,0.875,0.2,3,9.983506202697754,14.413502303097177,0.04764842987060547,12.605880737304688,12.558232307434082,-0.04764842987060547,0.07206751151548589,0.0009000987517754609,1,0
M2_popmass,high,3,0.875,0.2,3,9.983506202697754,14.413502303097177,0.015398025512695312,10.836793899536133,10.821395874023438,-0.015398025512695312,0.07206751151548589,0.0009000987517754609,1,0
M0_balanced,high,3,0.875,0.4,3,10.056676864624023,14.36955264330841,0.013845443725585938,10.663429260253906,10.64958381652832,-0.013845443725585938,0.07184776321654206,0.0008973541701266048,1,2
M1_margin,high,3,0.875,0.4,3,10.056676864624023,14.36955264330841,0.046639442443847656,12.605880737304688,12.55924129486084,-0.046639442443847656,0.07184776321654206,0.0008973541701266048,1,2
M2_popmass,high,3,0.875,0.4,3,10.056676864624023,14.36955264330841,0.014913558959960938,10.836793899536133,10.821880340576172,-0.014913558959960938,0.07184776321654206,0.0008973541701266048,1,2
M0_balanced,high,3,0.875,0.1,4,9.981111526489258,14.412250427122652,0.01432037353515625,10.663429260253906,10.64910888671875,-0.01432037353515625,0.07206125213561326,0.0009000205742459227,1,0
M1_margin,high,3,0.875,0.1,4,9.981111526489258,14.412250427122652,0.047679901123046875,12.605880737304688,12.55820083618164,-0.047679901123046875,0.07206125213561326,0.0009000205742459227,1,0
M2_popmass,high,3,0.875,0.1,4,9.981111526489258,14.412250427122652,0.015409469604492188,10.836793899536133,10.82138442993164,-0.015409469604492188,0.07206125213561326,0.0009000205742459227,1,0
M0_balanced,high,3,0.875,0.2,4,9.981111526489258,14.412250427122652,0.01432037353515625,10.663429260253906,10.64910888671875,-0.01432037353515625,0.07206125213561326,0.0009000205742459227,1,0
M1_margin,high,3,0.875,0.2,4,9.981111526489258,14.412250427122652,0.047679901123046875,12.605880737304688,12.55820083618164,-0.047679901123046875,0.07206125213561326,0.0009000205742459227,1,0
M2_popmass,high,3,0.875,0.2,4,9.981111526489258,14.412250427122652,0.015409469604492188,10.836793899536133,10.82138442993164,-0.015409469604492188,0.07206125213561326,0.0009000205742459227,1,0
M0_balanced,high,3,0.875,0.4,4,9.981111526489258,14.412250427122652,0.01432037353515625,10.663429260253906,10.64910888671875,-0.01432037353515625,0.07206125213561326,0.0009000205742459227,1,0
M1_margin,high,3,0.875,0.4,4,9.981111526489258,14.412250427122652,0.047679901123046875,12.605880737304688,12.55820083618164,-0.047679901123046875,0.07206125213561326,0.0009000205742459227,1,0
M2_popmass,high,3,0.875,0.4,4,9.981111526489258,14.412250427122652,0.015409469604492188,10.836793899536133,10.82138442993164,-0.015409469604492188,0.07206125213561326,0.0009000205742459227,1,0
M0_balanced,high,4,1.0,0.1,0,9.65534782409668,21.83975223067303,-0.1689300537109375,10.663429260253906,10.832359313964844,0.1689300537109375,0.10919876115336516,0.0013638554536248993,1,2
M1_margin,high,4,1.0,0.1,0,9.65534782409668,21.83975223067303,-0.1458730697631836,12.605880737304688,12.751753807067871,0.1458730697631836,0.10919876115336516,0.0013638554536248993,1,2
M2_popmass,high,4,1.0,0.1,0,9.65534782409668,21.83975223067303,-0.16744327545166016,10.836793899536133,11.004237174987793,0.16744327545166016,0.10919876115336516,0.0013638554536248993,1,2
M0_balanced,high,4,1.0,0.2,0,9.65534782409668,21.83975223067303,-0.1689300537109375,10.663429260253906,10.832359313964844,0.1689300537109375,0.10919876115336516,0.0013638554536248993,1,2
M1_margin,high,4,1.0,0.2,0,9.65534782409668,21.83975223067303,-0.1458730697631836,12.605880737304688,12.751753807067871,0.1458730697631836,0.10919876115336516,0.0013638554536248993,1,2
M2_popmass,high,4,1.0,0.2,0,9.65534782409668,21.83975223067303,-0.16744327545166016,10.836793899536133,11.004237174987793,0.16744327545166016,0.10919876115336516,0.0013638554536248993,1,2
M0_balanced,high,4,1.0,0.4,0,9.633406639099121,21.828942603812678,-0.1681995391845703,10.663429260253906,10.831628799438477,0.1681995391845703,0.1091447130190634,0.0013631804107769115,1,3
M1_margin,high,4,1.0,0.4,0,9.633406639099121,21.828942603812678,-0.1445932388305664,12.605880737304688,12.750473976135254,0.1445932388305664,0.1091447130190634,0.0013631804107769115,1,3
M2_popmass,high,4,1.0,0.4,0,9.633406639099121,21.828942603812678,-0.1667041778564453,10.836793899536133,11.003498077392578,0.1667041778564453,0.1091447130190634,0.0013631804107769115,1,3
M0_balanced,high,4,1.0,0.1,1,9.721660614013672,21.841172656261953,-0.17160415649414062,10.663429260253906,10.835033416748047,0.17160415649414062,0.10920586328130977,0.0013639441567917419,1,0
M1_margin,high,4,1.0,0.1,1,9.721660614013672,21.841172656261953,-0.1517333984375,12.605880737304688,12.757614135742188,0.1517333984375,0.10920586328130977,0.0013639441567917419,1,0
M2_popmass,high,4,1.0,0.1,1,9.721660614013672,21.841172656261953,-0.17019939422607422,10.836793899536133,11.006993293762207,0.17019939422607422,0.10920586328130977,0.0013639441567917419,1,0
M0_balanced,high,4,1.0,0.2,1,9.721660614013672,21.841172656261953,-0.17160415649414062,10.663429260253906,10.835033416748047,0.17160415649414062,0.10920586328130977,0.0013639441567917419,1,0
M1_margin,high,4,1.0,0.2,1,9.721660614013672,21.841172656261953,-0.1517333984375,12.605880737304688,12.757614135742188,0.1517333984375,0.10920586328130977,0.0013639441567917419,1,0
M2_popmass,high,4,1.0,0.2,1,9.721660614013672,21.841172656261953,-0.17019939422607422,10.836793899536133,11.006993293762207,0.17019939422607422,0.10920586328130977,0.0013639441567917419,1,0
M0_balanced,high,4,1.0,0.4,1,9.585725784301758,21.793959867358158,-0.1709880828857422,10.663429260253906,10.834417343139648,0.1709880828857422,0.1089697993367908,0.001360995798268844,1,2
M1_margin,high,4,1.0,0.4,1,9.585725784301758,21.793959867358158,-0.15077877044677734,12.605880737304688,12.756659507751465,0.15077877044677734,0.1089697993367908,0.001360995798268844,1,2
M2_popmass,high,4,1.0,0.4,1,9.585725784301758,21.793959867358158,-0.16958045959472656,10.836793899536133,11.00637435913086,0.16958045959472656,0.1089697993367908,0.001360995798268844,1,2
M0_balanced,high,4,1.0,0.1,2,9.58840560913086,21.763438755737905,-0.1698312759399414,10.663429260253906,10.833260536193848,0.1698312759399414,0.10881719377868952,0.0013590898066580274,1,2
M1_margin,high,4,1.0,0.1,2,9.58840560913086,21.763438755737905,-0.14912033081054688,12.605880737304688,12.755001068115234,0.14912033081054688,0.10881719377868952,0.0013590898066580274,1,2
M2_popmass,high,4,1.0,0.1,2,9.58840560913086,21.763438755737905,-0.16842269897460938,10.836793899536133,11.005216598510742,0.16842269897460938,0.10881719377868952,0.0013590898066580274,1,2
M0_balanced,high,4,1.0,0.2,2,9.574079513549805,21.735559957176168,-0.1693096160888672,10.663429260253906,10.832738876342773,0.1693096160888672,0.10867779978588084,0.0013573488230123644,1,3
M1_margin,high,4,1.0,0.2,2,9.574079513549805,21.735559957176168,-0.14847850799560547,12.605880737304688,12.754359245300293,0.14847850799560547,0.10867779978588084,0.0013573488230123644,1,3
M2_popmass,high,4,1.0,0.2,2,9.574079513549805,21.735559957176168,-0.1679058074951172,10.836793899536133,11.00469970703125,0.1679058074951172,0.10867779978588084,0.0013573488230123644,1,3
M0_balanced,high,4,1.0,0.4,2,9.529745101928711,21.73533423843999,-0.1697378158569336,10.663429260253906,10.83316707611084,0.1697378158569336,0.10867667119219995,0.0013573347272604497,1,4
M1_margin,high,4,1.0,0.4,2,9.529745101928711,21.73533423843999,-0.1492290496826172,12.605880737304688,12.755109786987305,0.1492290496826172,0.10867667119219995,0.0013573347272604497,1,4
M2_popmass,high,4,1.0,0.4,2,9.529745101928711,21.73533423843999,-0.16834354400634766,10.836793899536133,11.00513744354248,0.16834354400634766,0.10867667119219995,0.0013573347272604497,1,4
M0_balanced,high,4,1.0,0.1,3,9.726980209350586,21.840032632826784,-0.1715831756591797,10.663429260253906,10.835012435913086,0.1715831756591797,0.10920016316413392,0.0013638729642634158,1,0
M1_margin,high,4,1.0,0.1,3,9.726980209350586,21.840032632826784,-0.1516895294189453,12.605880737304688,12.757570266723633,0.1516895294189453,0.10920016316413392,0.0013638729642634158,1,0
M2_popmass,high,4,1.0,0.1,3,9.726980209350586,21.840032632826784,-0.17017841339111328,10.836793899536133,11.006972312927246,0.17017841339111328,0.10920016316413392,0.0013638729642634158,1,0
M0_balanced,high,4,1.0,0.2,3,9.726980209350586,21.840032632826784,-0.1715831756591797,10.663429260253906,10.835012435913086,0.1715831756591797,0.10920016316413392,0.0013638729642634158,1,0
M1_margin,high,4,1.0,0.2,3,9.726980209350586,21.840032632826784,-0.1516895294189453,12.605880737304688,12.757570266723633,0.1516895294189453,0.10920016316413392,0.0013638729642634158,1,0
M2_popmass,high,4,1.0,0.2,3,9.726980209350586,21.840032632826784,-0.17017841339111328,10.836793899536133,11.006972312927246,0.17017841339111328,0.10920016316413392,0.0013638729642634158,1,0
M0_balanced,high,4,1.0,0.4,3,9.632933616638184,21.76889598253515,-0.1699695587158203,10.663429260253906,10.833398818969727,0.1699695587158203,0.10884447991267575,0.0013594306012078227,1,2
M1_margin,high,4,1.0,0.4,3,9.632933616638184,21.76889598253515,-0.1490621566772461,12.605880737304688,12.754942893981934,0.1490621566772461,0.10884447991267575,0.0013594306012078227,1,2
M2_popmass,high,4,1.0,0.4,3,9.632933616638184,21.76889598253515,-0.16855621337890625,10.836793899536133,11.005350112915039,0.16855621337890625,0.10884447991267575,0.0013594306012078227,1,2
M0_balanced,high,4,1.0,0.1,4,9.692902565002441,21.848442542988824,-0.1692180633544922,10.663429260253906,10.832647323608398,0.1692180633544922,0.10924221271494412,0.0013643981488771354,1,1
M1_margin,high,4,1.0,0.1,4,9.692902565002441,21.848442542988824,-0.14618682861328125,12.605880737304688,12.752067565917969,0.14618682861328125,0.10924221271494412,0.0013643981488771354,1,1
M2_popmass,high,4,1.0,0.1,4,9.692902565002441,21.848442542988824,-0.16773128509521484,10.836793899536133,11.004525184631348,0.16773128509521484,0.10924221271494412,0.0013643981488771354,1,1
M0_balanced,high,4,1.0,0.2,4,9.692902565002441,21.848442542988824,-0.1692180633544922,10.663429260253906,10.832647323608398,0.1692180633544922,0.10924221271494412,0.0013643981488771354,1,1
M1_margin,high,4,1.0,0.2,4,9.692902565002441,21.848442542988824,-0.14618682861328125,12.605880737304688,12.752067565917969,0.14618682861328125,0.10924221271494412,0.0013643981488771354,1,1
M2_popmass,high,4,1.0,0.2,4,9.692902565002441,21.848442542988824,-0.16773128509521484,10.836793899536133,11.004525184631348,0.16773128509521484,0.10924221271494412,0.0013643981488771354,1,1
M0_balanced,high,4,1.0,0.4,4,9.692902565002441,21.848442542988824,-0.1692180633544922,10.663429260253906,10.832647323608398,0.1692180633544922,0.10924221271494412,0.0013643981488771354,1,1
M1_margin,high,4,1.0,0.4,4,9.692902565002441,21.848442542988824,-0.14618682861328125,12.605880737304688,12.752067565917969,0.14618682861328125,0.10924221271494412,0.0013643981488771354,1,1
M2_popmass,high,4,1.0,0.4,4,9.692902565002441,21.848442542988824,-0.16773128509521484,10.836793899536133,11.004525184631348,0.16773128509521484,0.10924221271494412,0.0013643981488771354,1,1
M0_balanced,high,5,0.75,0.1,0,9.245546340942383,16.207029281234515,-0.07884979248046875,10.663429260253906,10.742279052734375,0.07884979248046875,0.08103514640617258,0.0010121014670315678,1,0
M1_margin,high,5,0.75,0.1,0,9.245546340942383,16.207029281234515,-0.14870834350585938,12.605880737304688,12.754589080810547,0.14870834350585938,0.08103514640617258,0.0010121014670315678,1,0
M2_popmass,high,5,0.75,0.1,0,9.245546340942383,16.207029281234515,-0.07869529724121094,10.836793899536133,10.915489196777344,0.07869529724121094,0.08103514640617258,0.0010121014670315678,1,0
M0_balanced,high,5,0.75,0.2,0,9.245546340942383,16.207029281234515,-0.07884979248046875,10.663429260253906,10.742279052734375,0.07884979248046875,0.08103514640617258,0.0010121014670315678,1,0
M1_margin,high,5,0.75,0.2,0,9.245546340942383,16.207029281234515,-0.14870834350585938,12.605880737304688,12.754589080810547,0.14870834350585938,0.08103514640617258,0.0010121014670315678,1,0
M2_popmass,high,5,0.75,0.2,0,9.245546340942383,16.207029281234515,-0.07869529724121094,10.836793899536133,10.915489196777344,0.07869529724121094,0.08103514640617258,0.0010121014670315678,1,0
M0_balanced,high,5,0.75,0.4,0,9.245546340942383,16.207029281234515,-0.07884979248046875,10.663429260253906,10.742279052734375,0.07884979248046875,0.08103514640617258,0.0010121014670315678,1,0
M1_margin,high,5,0.75,0.4,0,9.245546340942383,16.207029281234515,-0.14870834350585938,12.605880737304688,12.754589080810547,0.14870834350585938,0.08103514640617258,0.0010121014670315678,1,0
M2_popmass,high,5,0.75,0.4,0,9.245546340942383,16.207029281234515,-0.07869529724121094,10.836793899536133,10.915489196777344,0.07869529724121094,0.08103514640617258,0.0010121014670315678,1,0
M0_balanced,high,5,0.75,0.1,1,9.198824882507324,16.15841778163751,-0.07891082763671875,10.663429260253906,10.742340087890625,0.07891082763671875,0.08079208890818755,0.001009065761400203,1,0
M1_margin,high,5,0.75,0.1,1,9.198824882507324,16.15841778163751,-0.149566650390625,12.605880737304688,12.755447387695312,0.149566650390625,0.08079208890818755,0.001009065761400203,1,0
M2_popmass,high,5,0.75,0.1,1,9.198824882507324,16.15841778163751,-0.07878589630126953,10.836793899536133,10.915579795837402,0.07878589630126953,0.08079208890818755,0.001009065761400203,1,0
M0_balanced,high,5,0.75,0.2,1,9.198824882507324,16.15841778163751,-0.07891082763671875,10.663429260253906,10.742340087890625,0.07891082763671875,0.08079208890818755,0.001009065761400203,1,0
M1_margin,high,5,0.75,0.2,1,9.198824882507324,16.15841778163751,-0.149566650390625,12.605880737304688,12.755447387695312,0.149566650390625,0.08079208890818755,0.001009065761400203,1,0
M2_popmass,high,5,0.75,0.2,1,9.198824882507324,16.15841778163751,-0.07878589630126953,10.836793899536133,10.915579795837402,0.07878589630126953,0.08079208890818755,0.001009065761400203,1,0
M0_balanced,high,5,0.75,0.4,1,9.198824882507324,16.15841778163751,-0.07891082763671875,10.663429260253906,10.742340087890625,0.07891082763671875,0.08079208890818755,0.001009065761400203,1,0
M1_margin,high,5,0.75,0.4,1,9.198824882507324,16.15841778163751,-0.149566650390625,12.605880737304688,12.755447387695312,0.149566650390625,0.08079208890818755,0.001009065761400203,1,0
M2_popmass,high,5,0.75,0.4,1,9.198824882507324,16.15841778163751,-0.07878589630126953,10.836793899536133,10.915579795837402,0.07878589630126953,0.08079208890818755,0.001009065761400203,1,0
M0_balanced,high,5,0.75,0.1,2,9.245023727416992,16.206314360403923,-0.07883739471435547,10.663429260253906,10.742266654968262,0.07883739471435547,0.08103157180201961,0.0010120568214392817,1,0
M1_margin,high,5,0.75,0.1,2,9.245023727416992,16.206314360403923,-0.1486797332763672,12.605880737304688,12.754560470581055,0.1486797332763672,0.08103157180201961,0.0010120568214392817,1,0
M2_popmass,high,5,0.75,0.1,2,9.245023727416992,16.206314360403923,-0.07868289947509766,10.836793899536133,10.91547679901123,0.07868289947509766,0.08103157180201961,0.0010120568214392817,1,0
M0_balanced,high,5,0.75,0.2,2,9.245023727416992,16.206314360403923,-0.07883739471435547,10.663429260253906,10.742266654968262,0.07883739471435547,0.08103157180201961,0.0010120568214392817,1,0
M1_margin,high,5,0.75,0.2,2,9.245023727416992,16.206314360403923,-0.1486797332763672,12.605880737304688,12.754560470581055,0.1486797332763672,0.08103157180201961,0.0010120568214392817,1,0
M2_popmass,high,5,0.75,0.2,2,9.245023727416992,16.206314360403923,-0.07868289947509766,10.836793899536133,10.91547679901123,0.07868289947509766,0.08103157180201961,0.0010120568214392817,1,0
M0_balanced,high,5,0.75,0.4,2,9.245023727416992,16.206314360403923,-0.07883739471435547,10.663429260253906,10.742266654968262,0.07883739471435547,0.08103157180201961,0.0010120568214392817,1,0
M1_margin,high,5,0.75,0.4,2,9.245023727416992,16.206314360403923,-0.1486797332763672,12.605880737304688,12.754560470581055,0.1486797332763672,0.08103157180201961,0.0010120568214392817,1,0
M2_popmass,high,5,0.75,0.4,2,9.245023727416992,16.206314360403923,-0.07868289947509766,10.836793899536133,10.91547679901123,0.07868289947509766,0.08103157180201961,0.0010120568214392817,1,0
M0_balanced,high,5,0.75,0.1,3,9.197015762329102,16.159727084892754,-0.07891559600830078,10.663429260253906,10.742344856262207,0.07891559600830078,0.08079863542446378,0.0010091475251659387,1,0
M1_margin,high,5,0.75,0.1,3,9.197015762329102,16.159727084892754,-0.14956283569335938,12.605880737304688,12.755443572998047,0.14956283569335938,0.08079863542446378,0.0010091475251659387,1,0
M2_popmass,high,5,0.75,0.1,3,9.197015762329102,16.159727084892754,-0.07878971099853516,10.836793899536133,10.915583610534668,0.07878971099853516,0.08079863542446378,0.0010091475251659387,1,0
M0_balanced,high,5,0.75,0.2,3,9.197015762329102,16.159727084892754,-0.07891559600830078,10.663429260253906,10.742344856262207,0.07891559600830078,0.08079863542446378,0.0010091475251659387,1,0
M1_margin,high,5,0.75,0.2,3,9.197015762329102,16.159727084892754,-0.14956283569335938,12.605880737304688,12.755443572998047,0.14956283569335938,0.08079863542446378,0.0010091475251659387,1,0
M2_popmass,high,5,0.75,0.2,3,9.197015762329102,16.159727084892754,-0.07878971099853516,10.836793899536133,10.915583610534668,0.07878971099853516,0.08079863542446378,0.0010091475251659387,1,0
M0_balanced,high,5,0.75,0.4,3,9.174661636352539,16.15075290253063,-0.07918834686279297,10.663429260253906,10.7426176071167,0.07918834686279297,0.08075376451265315,0.0010085871027111812,1,1
M1_margin,high,5,0.75,0.4,3,9.174661636352539,16.15075290253063,-0.15021800994873047,12.605880737304688,12.756098747253418,0.15021800994873047,0.08075376451265315,0.0010085871027111812,1,1
M2_popmass,high,5,0.75,0.4,3,9.174661636352539,16.15075290253063,-0.07907390594482422,10.836793899536133,10.915867805480957,0.07907390594482422,0.08075376451265315,0.0010085871027111812,1,1
M0_balanced,high,5,0.75,0.1,4,9.246744155883789,16.207224350563514,-0.07883453369140625,10.663429260253906,10.742263793945312,0.07883453369140625,0.08103612175281757,0.0010121136487800317,1,0
M1_margin,high,5,0.75,0.1,4,9.246744155883789,16.207224350563514,-0.1486797332763672,12.605880737304688,12.754560470581055,0.1486797332763672,0.08103612175281757,0.0010121136487800317,1,0
M2_popmass,high,5,0.75,0.1,4,9.246744155883789,16.207224350563514,-0.07868003845214844,10.836793899536133,10.915473937988281,0.07868003845214844,0.08103612175281757,0.0010121136487800317,1,0
M0_balanced,high,5,0.75,0.2,4,9.246744155883789,16.207224350563514,-0.07883453369140625,10.663429260253906,10.742263793945312,0.07883453369140625,0.08103612175281757,0.0010121136487800317,1,0
M1_margin,high,5,0.75,0.2,4,9.246744155883789,16.207224350563514,-0.1486797332763672,12.605880737304688,12.754560470581055,0.1486797332763672,0.08103612175281757,0.0010121136487800317,1,0
M2_popmass,high,5,0.75,0.2,4,9.246744155883789,16.207224350563514,-0.07868003845214844,10.836793899536133,10.915473937988281,0.07868003845214844,0.08103612175281757,0.0010121136487800317,1,0
M0_balanced,high,5,0.75,0.4,4,9.223648071289062,16.18280320477598,-0.0788869857788086,10.663429260253906,10.742316246032715,0.0788869857788086,0.0809140160238799,0.00101058858968072,1,1
M1_margin,high,5,0.75,0.4,4,9.223648071289062,16.18280320477598,-0.14899635314941406,12.605880737304688,12.754877090454102,0.14899635314941406,0.0809140160238799,0.00101058858968072,1,1
M2_popmass,high,5,0.75,0.4,4,9.223648071289062,16.18280320477598,-0.07873916625976562,10.836793899536133,10.915533065795898,0.07873916625976562,0.0809140160238799,0.00101058858968072,1,1
M0_balanced,high,6,1.0,0.1,0,9.544870376586914,18.03336180738335,0.009724617004394531,10.663429260253906,10.653704643249512,-0.009724617004394531,0.09016680903691675,0.0011261528330732723,1,0
M1_margin,high,6,1.0,0.1,0,9.544870376586914,18.03336180738335,0.1336660385131836,12.605880737304688,12.472214698791504,-0.1336660385131836,0.09016680903691675,0.0011261528330732723,1,0
M2_popmass,high,6,1.0,0.1,0,9.544870376586914,18.03336180738335,0.011325836181640625,10.836793899536133,10.825468063354492,-0.011325836181640625,0.09016680903691675,0.0011261528330732723,1,0
M0_balanced,high,6,1.0,0.2,0,9.452418327331543,18.072705671168762,0.009108543395996094,10.663429260253906,10.65432071685791,-0.009108543395996094,0.09036352835584381,0.0011286097905801001,1,2
M1_margin,high,6,1.0,0.2,0,9.452418327331543,18.072705671168762,0.1323261260986328,12.605880737304688,12.473554611206055,-0.1323261260986328,0.09036352835584381,0.0011286097905801001,1,2
M2_popmass,high,6,1.0,0.2,0,9.452418327331543,18.072705671168762,0.010684967041015625,10.836793899536133,10.826108932495117,-0.010684967041015625,0.09036352835584381,0.0011286097905801001,1,2
M0_balanced,high,6,1.0,0.4,0,9.452418327331543,18.072705671168762,0.009108543395996094,10.663429260253906,10.65432071685791,-0.009108543395996094,0.09036352835584381,0.0011286097905801001,1,2
M1_margin,high,6,1.0,0.4,0,9.452418327331543,18.072705671168762,0.1323261260986328,12.605880737304688,12.473554611206055,-0.1323261260986328,0.09036352835584381,0.0011286097905801001,1,2
M2_popmass,high,6,1.0,0.4,0,9.452418327331543,18.072705671168762,0.010684967041015625,10.836793899536133,10.826108932495117,-0.010684967041015625,0.09036352835584381,0.0011286097905801001,1,2
M0_balanced,high,6,1.0,0.1,1,9.642271041870117,18.06378209283929,0.009186744689941406,10.663429260253906,10.654242515563965,-0.009186744689941406,0.09031891046419645,0.001128052528261281,1,0
M1_margin,high,6,1.0,0.1,1,9.642271041870117,18.06378209283929,0.1322917938232422,12.605880737304688,12.473588943481445,-0.1322917938232422,0.09031891046419645,0.001128052528261281,1,0
M2_popmass,high,6,1.0,0.1,1,9.642271041870117,18.06378209283929,0.010759353637695312,10.836793899536133,10.826034545898438,-0.010759353637695312,0.09031891046419645,0.001128052528261281,1,0
M0_balanced,high,6,1.0,0.2,1,9.642271041870117,18.06378209283929,0.009186744689941406,10.663429260253906,10.654242515563965,-0.009186744689941406,0.09031891046419645,0.001128052528261281,1,0
M1_margin,high,6,1.0,0.2,1,9.642271041870117,18.06378209283929,0.1322917938232422,12.605880737304688,12.473588943481445,-0.1322917938232422,0.09031891046419645,0.001128052528261281,1,0
M2_popmass,high,6,1.0,0.2,1,9.642271041870117,18.06378209283929,0.010759353637695312,10.836793899536133,10.826034545898438,-0.010759353637695312,0.09031891046419645,0.001128052528261281,1,0
M0_balanced,high,6,1.0,0.4,1,9.642271041870117,18.06378209283929,0.009186744689941406,10.663429260253906,10.654242515563965,-0.009186744689941406,0.09031891046419645,0.001128052528261281,1,0
M1_margin,high,6,1.0,0.4,1,9.642271041870117,18.06378209283929,0.1322917938232422,12.605880737304688,12.473588943481445,-0.1322917938232422,0.09031891046419645,0.001128052528261281,1,0
M2_popmass,high,6,1.0,0.4,1,9.642271041870117,18.06378209283929,0.010759353637695312,10.836793899536133,10.826034545898438,-0.010759353637695312,0.09031891046419645,0.001128052528261281,1,0
M0_balanced,high,6,1.0,0.1,2,9.5455322265625,18.03444049237199,0.009723663330078125,10.663429260253906,10.653705596923828,-0.009723663330078125,0.09017220246185995,0.001126220195119735,1,0
M1_margin,high,6,1.0,0.1,2,9.5455322265625,18.03444049237199,0.13366222381591797,12.605880737304688,12.47221851348877,-0.13366222381591797,0.09017220246185995,0.001126220195119735,1,0
M2_popmass,high,6,1.0,0.1,2,9.5455322265625,18.03444049237199,0.011324882507324219,10.836793899536133,10.825469017028809,-0.011324882507324219,0.09017220246185995,0.001126220195119735,1,0
M0_balanced,high,6,1.0,0.2,2,9.5455322265625,18.03444049237199,0.009723663330078125,10.663429260253906,10.653705596923828,-0.009723663330078125,0.09017220246185995,0.001126220195119735,1,0
M1_margin,high,6,1.0,0.2,2,9.5455322265625,18.03444049237199,0.13366222381591797,12.605880737304688,12.47221851348877,-0.13366222381591797,0.09017220246185995,0.001126220195119735,1,0
M2_popmass,high,6,1.0,0.2,2,9.5455322265625,18.03444049237199,0.011324882507324219,10.836793899536133,10.825469017028809,-0.011324882507324219,0.09017220246185995,0.001126220195119735,1,0
M0_balanced,high,6,1.0,0.4,2,9.563812255859375,18.028923372153024,0.009587287902832031,10.663429260253906,10.653841972351074,-0.009587287902832031,0.09014461686076512,0.001125875660327423,1,1
M1_margin,high,6,1.0,0.4,2,9.563812255859375,18.028923372153024,0.13328933715820312,12.605880737304688,12.472591400146484,-0.13328933715820312,0.09014461686076512,0.001125875660327423,1,1
M2_popmass,high,6,1.0,0.4,2,9.563812255859375,18.028923372153024,0.011178016662597656,10.836793899536133,10.825615882873535,-0.011178016662597656,0.09014461686076512,0.001125875660327423,1,1
M0_balanced,high,6,1.0,0.1,3,9.547066688537598,18.03453396267716,0.009725570678710938,10.663429260253906,10.653703689575195,-0.009725570678710938,0.0901726698133858,0.0011262260321816264,1,0
M1_margin,high,6,1.0,0.1,3,9.547066688537598,18.03453396267716,0.1336650848388672,12.605880737304688,12.47221565246582,-0.1336650848388672,0.0901726698133858,0.0011262260321816264,1,0
M2_popmass,high,6,1.0,0.1,3,9.547066688537598,18.03453396267716,0.011326789855957031,10.836793899536133,10.825467109680176,-0.011326789855957031,0.0901726698133858,0.0011262260321816264,1,0
M0_balanced,high,6,1.0,0.2,3,9.510721206665039,18.06399394094656,0.00945281982421875,10.663429260253906,10.653976440429688,-0.00945281982421875,0.0903199697047328,0.0011280657578159657,1,1
M1_margin,high,6,1.0,0.2,3,9.510721206665039,18.06399394094656,0.13298892974853516,12.605880737304688,12.472891807556152,-0.13298892974853516,0.0903199697047328,0.0011280657578159657,1,1
M2_popmass,high,6,1.0,0.2,3,9.510721206665039,18.06399394094656,0.011041641235351562,10.836793899536133,10.825752258300781,-0.011041641235351562,0.0903199697047328,0.0011280657578159657,1,1
M0_balanced,high,6,1.0,0.4,3,9.510721206665039,18.06399394094656,0.00945281982421875,10.663429260253906,10.653976440429688,-0.00945281982421875,0.0903199697047328,0.0011280657578159657,1,1
M1_margin,high,6,1.0,0.4,3,9.510721206665039,18.06399394094656,0.13298892974853516,12.605880737304688,12.472891807556152,-0.13298892974853516,0.0903199697047328,0.0011280657578159657,1,1
M2_popmass,high,6,1.0,0.4,3,9.510721206665039,18.06399394094656,0.011041641235351562,10.836793899536133,10.825752258300781,-0.011041641235351562,0.0903199697047328,0.0011280657578159657,1,1
M0_balanced,high,6,1.0,0.1,4,9.54847526550293,18.034503604938386,0.009736061096191406,10.663429260253906,10.653693199157715,-0.009736061096191406,0.09017251802469194,0.0011262241363923725,1,0
M1_margin,high,6,1.0,0.1,4,9.54847526550293,18.034503604938386,0.13368892669677734,12.605880737304688,12.47219181060791,-0.13368892669677734,0.09017251802469194,0.0011262241363923725,1,0
M2_popmass,high,6,1.0,0.1,4,9.54847526550293,18.034503604938386,0.0113372802734375,10.836793899536133,10.825456619262695,-0.0113372802734375,0.09017251802469194,0.0011262241363923725,1,0
M0_balanced,high,6,1.0,0.2,4,9.54847526550293,18.034503604938386,0.009736061096191406,10.663429260253906,10.653693199157715,-0.009736061096191406,0.09017251802469194,0.0011262241363923725,1,0
M1_margin,high,6,1.0,0.2,4,9.54847526550293,18.034503604938386,0.13368892669677734,12.605880737304688,12.47219181060791,-0.13368892669677734,0.09017251802469194,0.0011262241363923725,1,0
M2_popmass,high,6,1.0,0.2,4,9.54847526550293,18.034503604938386,0.0113372802734375,10.836793899536133,10.825456619262695,-0.0113372802734375,0.09017251802469194,0.0011262241363923725,1,0
M0_balanced,high,6,1.0,0.4,4,9.510958671569824,18.06454551334893,0.009462356567382812,10.663429260253906,10.653966903686523,-0.009462356567382812,0.09032272756674464,0.0011281002025761945,1,1
M1_margin,high,6,1.0,0.4,4,9.510958671569824,18.06454551334893,0.1330108642578125,12.605880737304688,12.472869873046875,-0.1330108642578125,0.09032272756674464,0.0011281002025761945,1,1
M2_popmass,high,6,1.0,0.4,4,9.510958671569824,18.06454551334893,0.011051177978515625,10.836793899536133,10.825742721557617,-0.011051177978515625,0.09032272756674464,0.0011281002025761945,1,1
M0_balanced,high,7,1.0,0.1,0,9.081330299377441,15.22452268841296,0.043395042419433594,10.663429260253906,10.620034217834473,-0.043395042419433594,0.07612261344206481,0.0009507455981238552,1,0
M1_margin,high,7,1.0,0.1,0,9.081330299377441,15.22452268841296,0.13638973236083984,12.605880737304688,12.469491004943848,-0.13638973236083984,0.07612261344206481,0.0009507455981238552,1,0
M2_popmass,high,7,1.0,0.1,0,9.081330299377441,15.22452268841296,0.044785499572753906,10.836793899536133,10.792008399963379,-0.044785499572753906,0.07612261344206481,0.0009507455981238552,1,0
M0_balanced,high,7,1.0,0.2,0,9.081330299377441,15.22452268841296,0.043395042419433594,10.663429260253906,10.620034217834473,-0.043395042419433594,0.07612261344206481,0.0009507455981238552,1,0
M1_margin,high,7,1.0,0.2,0,9.081330299377441,15.22452268841296,0.13638973236083984,12.605880737304688,12.469491004943848,-0.13638973236083984,0.07612261344206481,0.0009507455981238552,1,0
M2_popmass,high,7,1.0,0.2,0,9.081330299377441,15.22452268841296,0.044785499572753906,10.836793899536133,10.792008399963379,-0.044785499572753906,0.07612261344206481,0.0009507455981238552,1,0
M0_balanced,high,7,1.0,0.4,0,9.033500671386719,15.234685278926522,0.043399810791015625,10.663429260253906,10.62002944946289,-0.043399810791015625,0.0761734263946326,0.000951380234650336,1,1
M1_margin,high,7,1.0,0.4,0,9.033500671386719,15.234685278926522,0.13634014129638672,12.605880737304688,12.4695405960083,-0.13634014129638672,0.0761734263946326,0.000951380234650336,1,1
M2_popmass,high,7,1.0,0.4,0,9.033500671386719,15.234685278926522,0.044788360595703125,10.836793899536133,10.79200553894043,-0.044788360595703125,0.0761734263946326,0.000951380234650336,1,1
M0_balanced,high,7,1.0,0.1,1,9.083358764648438,15.225767374950813,0.04340171813964844,10.663429260253906,10.620027542114258,-0.04340171813964844,0.07612883687475407,0.0009508233266852771,1,0
M1_margin,high,7,1.0,0.1,1,9.083358764648438,15.225767374950813,0.13640308380126953,12.605880737304688,12.469477653503418,-0.13640308380126953,0.07612883687475407,0.0009508233266852771,1,0
M2_popmass,high,7,1.0,0.1,1,9.083358764648438,15.225767374950813,0.04479217529296875,10.836793899536133,10.792001724243164,-0.04479217529296875,0.07612883687475407,0.0009508233266852771,1,0
M0_balanced,high,7,1.0,0.2,1,9.024105072021484,15.228227053274646,0.043272972106933594,10.663429260253906,10.620156288146973,-0.043272972106933594,0.07614113526637323,0.0009509769294212739,1,1
M1_margin,high,7,1.0,0.2,1,9.024105072021484,15.228227053274646,0.13614177703857422,12.605880737304688,12.469738960266113,-0.13614177703857422,0.07614113526637323,0.0009509769294212739,1,1
M2_popmass,high,7,1.0,0.2,1,9.024105072021484,15.228227053274646,0.044658660888671875,10.836793899536133,10.792135238647461,-0.044658660888671875,0.07614113526637323,0.0009509769294212739,1,1
M0_balanced,high,7,1.0,0.4,1,9.004356384277344,15.220734668651268,0.04326915740966797,10.663429260253906,10.620160102844238,-0.04326915740966797,0.07610367334325634,0.0009505090427199358,1,2
M1_margin,high,7,1.0,0.4,1,9.004356384277344,15.220734668651268,0.136016845703125,12.605880737304688,12.469863891601562,-0.136016845703125,0.07610367334325634,0.0009505090427199358,1,2
M2_popmass,high,7,1.0,0.4,1,9.004356384277344,15.220734668651268,0.04465198516845703,10.836793899536133,10.792141914367676,-0.04465198516845703,0.07610367334325634,0.0009505090427199358,1,2
M0_balanced,high,7,1.0,0.1,2,9.080087661743164,15.225561313817549,0.04339790344238281,10.663429260253906,10.620031356811523,-0.04339790344238281,0.07612780656908774,0.0009508104585172954,1,0
M1_margin,high,7,1.0,0.1,2,9.080087661743164,15.225561313817549,0.1364002227783203,12.605880737304688,12.469480514526367,-0.1364002227783203,0.07612780656908774,0.0009508104585172954,1,0
M2_popmass,high,7,1.0,0.1,2,9.080087661743164,15.225561313817549,0.044788360595703125,10.836793899536133,10.79200553894043,-0.044788360595703125,0.07612780656908774,0.0009508104585172954,1,0
M0_balanced,high,7,1.0,0.2,2,9.080087661743164,15.225561313817549,0.04339790344238281,10.663429260253906,10.620031356811523,-0.04339790344238281,0.07612780656908774,0.0009508104585172954,1,0
M1_margin,high,7,1.0,0.2,2,9.080087661743164,15.225561313817549,0.1364002227783203,12.605880737304688,12.469480514526367,-0.1364002227783203,0.07612780656908774,0.0009508104585172954,1,0
M2_popmass,high,7,1.0,0.2,2,9.080087661743164,15.225561313817549,0.044788360595703125,10.836793899536133,10.79200553894043,-0.044788360595703125,0.07612780656908774,0.0009508104585172954,1,0
M0_balanced,high,7,1.0,0.4,2,9.080087661743164,15.225561313817549,0.04339790344238281,10.663429260253906,10.620031356811523,-0.04339790344238281,0.07612780656908774,0.0009508104585172954,1,0
M1_margin,high,7,1.0,0.4,2,9.080087661743164,15.225561313817549,0.1364002227783203,12.605880737304688,12.469480514526367,-0.1364002227783203,0.07612780656908774,0.0009508104585172954,1,0
M2_popmass,high,7,1.0,0.4,2,9.080087661743164,15.225561313817549,0.044788360595703125,10.836793899536133,10.79200553894043,-0.044788360595703125,0.07612780656908774,0.0009508104585172954,1,0
M0_balanced,high,7,1.0,0.1,3,9.020463943481445,15.227078451557759,0.0432586669921875,10.663429260253906,10.620170593261719,-0.0432586669921875,0.0761353922577888,0.0009509052011938163,1,1
M1_margin,high,7,1.0,0.1,3,9.020463943481445,15.227078451557759,0.1361246109008789,12.605880737304688,12.469756126403809,-0.1361246109008789,0.0761353922577888,0.0009509052011938163,1,1
M2_popmass,high,7,1.0,0.1,3,9.020463943481445,15.227078451557759,0.04464435577392578,10.836793899536133,10.792149543762207,-0.04464435577392578,0.0761353922577888,0.0009509052011938163,1,1
M0_balanced,high,7,1.0,0.2,3,9.000551223754883,15.225862018314398,0.04315376281738281,10.663429260253906,10.620275497436523,-0.04315376281738281,0.07612931009157199,0.000950829237002675,1,2
M1_margin,high,7,1.0,0.2,3,9.000551223754883,15.225862018314398,0.13577938079833984,12.605880737304688,12.470101356506348,-0.13577938079833984,0.07612931009157199,0.000950829237002675,1,2
M2_popmass,high,7,1.0,0.2,3,9.000551223754883,15.225862018314398,0.044531822204589844,10.836793899536133,10.792262077331543,-0.044531822204589844,0.07612931009157199,0.000950829237002675,1,2
M0_balanced,high,7,1.0,0.4,3,9.000551223754883,15.225862018314398,0.04315376281738281,10.663429260253906,10.620275497436523,-0.04315376281738281,0.07612931009157199,0.000950829237002675,1,2
M1_margin,high,7,1.0,0.4,3,9.000551223754883,15.225862018314398,0.13577938079833984,12.605880737304688,12.470101356506348,-0.13577938079833984,0.07612931009157199,0.000950829237002675,1,2
M2_popmass,high,7,1.0,0.4,3,9.000551223754883,15.225862018314398,0.044531822204589844,10.836793899536133,10.792262077331543,-0.044531822204589844,0.07612931009157199,0.000950829237002675,1,2
M0_balanced,high,7,1.0,0.1,4,9.082473754882812,15.223842486682365,0.043392181396484375,10.663429260253906,10.620037078857422,-0.043392181396484375,0.07611921243341183,0.0009507031206804281,1,0
M1_margin,high,7,1.0,0.1,4,9.082473754882812,15.223842486682365,0.13638782501220703,12.605880737304688,12.46949291229248,-0.13638782501220703,0.07611921243341183,0.0009507031206804281,1,0
M2_popmass,high,7,1.0,0.1,4,9.082473754882812,15.223842486682365,0.04478263854980469,10.836793899536133,10.792011260986328,-0.04478263854980469,0.07611921243341183,0.0009507031206804281,1,0
M0_balanced,high,7,1.0,0.2,4,9.035161972045898,15.233839369495099,0.04339790344238281,10.663429260253906,10.620031356811523,-0.04339790344238281,0.0761691968474755,0.0009513274090422828,1,1
M1_margin,high,7,1.0,0.2,4,9.035161972045898,15.233839369495099,0.13634109497070312,12.605880737304688,12.469539642333984,-0.13634109497070312,0.0761691968474755,0.0009513274090422828,1,1
M2_popmass,high,7,1.0,0.2,4,9.035161972045898,15.233839369495099,0.04478740692138672,10.836793899536133,10.792006492614746,-0.04478740692138672,0.0761691968474755,0.0009513274090422828,1,1
M0_balanced,high,7,1.0,0.4,4,9.035161972045898,15.233839369495099,0.04339790344238281,10.663429260253906,10.620031356811523,-0.04339790344238281,0.0761691968474755,0.0009513274090422828,1,1
M1_margin,high,7,1.0,0.4,4,9.035161972045898,15.233839369495099,0.13634109497070312,12.605880737304688,12.469539642333984,-0.13634109497070312,0.0761691968474755,0.0009513274090422828,1,1
M2_popmass,high,7,1.0,0.4,4,9.035161972045898,15.233839369495099,0.04478740692138672,10.836793899536133,10.792006492614746,-0.04478740692138672,0.0761691968474755,0.0009513274090422828,1,1
M0_balanced,high,8,0.8,0.1,0,9.696608543395996,21.123641781894783,0.041385650634765625,10.663429260253906,10.62204360961914,-0.041385650634765625,0.10561820890947392,0.0013191355717027825,1,0
M1_margin,high,8,0.8,0.1,0,9.696608543395996,21.123641781894783,0.169403076171875,12.605880737304688,12.436477661132812,-0.169403076171875,0.10561820890947392,0.0013191355717027825,1,0
M2_popmass,high,8,0.8,0.1,0,9.696608543395996,21.123641781894783,0.04392051696777344,10.836793899536133,10.79287338256836,-0.04392051696777344,0.10561820890947392,0.0013191355717027825,1,0
M0_balanced,high,8,0.8,0.2,0,9.696608543395996,21.123641781894783,0.041385650634765625,10.663429260253906,10.62204360961914,-0.041385650634765625,0.10561820890947392,0.0013191355717027825,1,0
M1_margin,high,8,0.8,0.2,0,9.696608543395996,21.123641781894783,0.169403076171875,12.605880737304688,12.436477661132812,-0.169403076171875,0.10561820890947392,0.0013191355717027825,1,0
M2_popmass,high,8,0.8,0.2,0,9.696608543395996,21.123641781894783,0.04392051696777344,10.836793899536133,10.79287338256836,-0.04392051696777344,0.10561820890947392,0.0013191355717027825,1,0
M0_balanced,high,8,0.8,0.4,0,9.696608543395996,21.123641781894783,0.041385650634765625,10.663429260253906,10.62204360961914,-0.041385650634765625,0.10561820890947392,0.0013191355717027825,1,0
M1_margin,high,8,0.8,0.4,0,9.696608543395996,21.123641781894783,0.169403076171875,12.605880737304688,12.436477661132812,-0.169403076171875,0.10561820890947392,0.0013191355717027825,1,0
M2_popmass,high,8,0.8,0.4,0,9.696608543395996,21.123641781894783,0.04392051696777344,10.836793899536133,10.79287338256836,-0.04392051696777344,0.10561820890947392,0.0013191355717027825,1,0
M0_balanced,high,8,0.8,0.1,1,9.692952156066895,21.124363695784407,0.041382789611816406,10.663429260253906,10.62204647064209,-0.041382789611816406,0.10562181847892203,0.0013191806539997338,1,0
M1_margin,high,8,0.8,0.1,1,9.692952156066895,21.124363695784407,0.16940879821777344,12.605880737304688,12.436471939086914,-0.16940879821777344,0.10562181847892203,0.0013191806539997338,1,0
M2_popmass,high,8,0.8,0.1,1,9.692952156066895,21.124363695784407,0.04391765594482422,10.836793899536133,10.792876243591309,-0.04391765594482422,0.10562181847892203,0.0013191806539997338,1,0
M0_balanced,high,8,0.8,0.2,1,9.692952156066895,21.124363695784407,0.041382789611816406,10.663429260253906,10.62204647064209,-0.041382789611816406,0.10562181847892203,0.0013191806539997338,1,0
M1_margin,high,8,0.8,0.2,1,9.692952156066895,21.124363695784407,0.16940879821777344,12.605880737304688,12.436471939086914,-0.16940879821777344,0.10562181847892203,0.0013191806539997338,1,0
M2_popmass,high,8,0.8,0.2,1,9.692952156066895,21.124363695784407,0.04391765594482422,10.836793899536133,10.792876243591309,-0.04391765594482422,0.10562181847892203,0.0013191806539997338,1,0
M0_balanced,high,8,0.8,0.4,1,9.762805938720703,21.160366189039728,0.04093360900878906,10.663429260253906,10.622495651245117,-0.04093360900878906,0.10580183094519864,0.0013214289485889647,1,1
M1_margin,high,8,0.8,0.4,1,9.762805938720703,21.160366189039728,0.16830921173095703,12.605880737304688,12.43757152557373,-0.16830921173095703,0.10580183094519864,0.0013214289485889647,1,1
M2_popmass,high,8,0.8,0.4,1,9.762805938720703,21.160366189039728,0.04344654083251953,10.836793899536133,10.793347358703613,-0.04344654083251953,0.10580183094519864,0.0013214289485889647,1,1
M0_balanced,high,8,0.8,0.1,2,9.7680025100708,21.152634742472234,0.040882110595703125,10.663429260253906,10.622547149658203,-0.040882110595703125,0.10576317371236117,0.0013209461328750264,1,1
M1_margin,high,8,0.8,0.1,2,9.7680025100708,21.152634742472234,0.168609619140625,12.605880737304688,12.437271118164062,-0.168609619140625,0.10576317371236117,0.0013209461328750264,1,1
M2_popmass,high,8,0.8,0.1,2,9.7680025100708,21.152634742472234,0.04337501525878906,10.836793899536133,10.793418884277344,-0.04337501525878906,0.10576317371236117,0.0013209461328750264,1,1
M0_balanced,high,8,0.8,0.2,2,9.7680025100708,21.152634742472234,0.040882110595703125,10.663429260253906,10.622547149658203,-0.040882110595703125,0.10576317371236117,0.0013209461328750264,1,1
M1_margin,high,8,0.8,0.2,2,9.7680025100708,21.152634742472234,0.168609619140625,12.605880737304688,12.437271118164062,-0.168609619140625,0.10576317371236117,0.0013209461328750264,1,1
M2_popmass,high,8,0.8,0.2,2,9.7680025100708,21.152634742472234,0.04337501525878906,10.836793899536133,10.793418884277344,-0.04337501525878906,0.10576317371236117,0.0013209461328750264,1,1
M0_balanced,high,8,0.8,0.4,2,9.7680025100708,21.152634742472234,0.040882110595703125,10.663429260253906,10.622547149658203,-0.040882110595703125,0.10576317371236117,0.0013209461328750264,1,1
M1_margin,high,8,0.8,0.4,2,9.7680025100708,21.152634742472234,0.168609619140625,12.605880737304688,12.437271118164062,-0.168609619140625,0.10576317371236117,0.0013209461328750264,1,1
M2_popmass,high,8,0.8,0.4,2,9.7680025100708,21.152634742472234,0.04337501525878906,10.836793899536133,10.793418884277344,-0.04337501525878906,0.10576317371236117,0.0013209461328750264,1,1
M0_balanced,high,8,0.8,0.1,3,9.694719314575195,21.12268486741567,0.0413970947265625,10.663429260253906,10.622032165527344,-0.0413970947265625,0.10561342433707836,0.001319075814017933,1,0
M1_margin,high,8,0.8,0.1,3,9.694719314575195,21.12268486741567,0.16942405700683594,12.605880737304688,12.436456680297852,-0.16942405700683594,0.10561342433707836,0.001319075814017933,1,0
M2_popmass,high,8,0.8,0.1,3,9.694719314575195,21.12268486741567,0.04393196105957031,10.836793899536133,10.792861938476562,-0.04393196105957031,0.10561342433707836,0.001319075814017933,1,0
M0_balanced,high,8,0.8,0.2,3,9.694719314575195,21.12268486741567,0.0413970947265625,10.663429260253906,10.622032165527344,-0.0413970947265625,0.10561342433707836,0.001319075814017933,1,0
M1_margin,high,8,0.8,0.2,3,9.694719314575195,21.12268486741567,0.16942405700683594,12.605880737304688,12.436456680297852,-0.16942405700683594,0.10561342433707836,0.001319075814017933,1,0
M2_popmass,high,8,0.8,0.2,3,9.694719314575195,21.12268486741567,0.04393196105957031,10.836793899536133,10.792861938476562,-0.04393196105957031,0.10561342433707836,0.001319075814017933,1,0
M0_balanced,high,8,0.8,0.4,3,9.696733474731445,21.12038243039966,0.041347503662109375,10.663429260253906,10.622081756591797,-0.041347503662109375,0.1056019121519983,0.0013189320307346911,1,1
M1_margin,high,8,0.8,0.4,3,9.696733474731445,21.12038243039966,0.16928482055664062,12.605880737304688,12.436595916748047,-0.16928482055664062,0.1056019121519983,0.0013189320307346911,1,1
M2_popmass,high,8,0.8,0.4,3,9.696733474731445,21.12038243039966,0.043877601623535156,10.836793899536133,10.792916297912598,-0.043877601623535156,0.1056019121519983,0.0013189320307346911,1,1
M0_balanced,high,8,0.8,0.1,4,9.69595718383789,21.12451798669423,0.04138755798339844,10.663429260253906,10.622041702270508,-0.04138755798339844,0.10562258993347115,0.001319190289205142,1,0
M1_margin,high,8,0.8,0.1,4,9.69595718383789,21.12451798669423,0.16939067840576172,12.605880737304688,12.436490058898926,-0.16939067840576172,0.10562258993347115,0.001319190289205142,1,0
M2_popmass,high,8,0.8,0.1,4,9.69595718383789,21.12451798669423,0.04392242431640625,10.836793899536133,10.792871475219727,-0.04392242431640625,0.10562258993347115,0.001319190289205142,1,0
M0_balanced,high,8,0.8,0.2,4,9.69595718383789,21.12451798669423,0.04138755798339844,10.663429260253906,10.622041702270508,-0.04138755798339844,0.10562258993347115,0.001319190289205142,1,0
M1_margin,high,8,0.8,0.2,4,9.69595718383789,21.12451798669423,0.16939067840576172,12.605880737304688,12.436490058898926,-0.16939067840576172,0.10562258993347115,0.001319190289205142,1,0
M2_popmass,high,8,0.8,0.2,4,9.69595718383789,21.12451798669423,0.04392242431640625,10.836793899536133,10.792871475219727,-0.04392242431640625,0.10562258993347115,0.001319190289205142,1,0
M0_balanced,high,8,0.8,0.4,4,9.765609741210938,21.160348633169956,0.04093742370605469,10.663429260253906,10.622491836547852,-0.04093742370605469,0.10580174316584978,0.0013214278522546987,1,1
M1_margin,high,8,0.8,0.4,4,9.765609741210938,21.160348633169956,0.1682901382446289,12.605880737304688,12.437590599060059,-0.1682901382446289,0.10580174316584978,0.0013214278522546987,1,1
M2_popmass,high,8,0.8,0.4,4,9.765609741210938,21.160348633169956,0.043450355529785156,10.836793899536133,10.793343544006348,-0.043450355529785156,0.10580174316584978,0.0013214278522546987,1,1
M0_balanced,high,9,1.0,0.1,0,9.485042572021484,18.738815140881567,0.08231735229492188,10.663429260253906,10.581111907958984,-0.08231735229492188,0.09369407570440784,0.0011702071962367028,1,0
M1_margin,high,9,1.0,0.1,0,9.485042572021484,18.738815140881567,0.24125957489013672,12.605880737304688,12.36462116241455,-0.24125957489013672,0.09369407570440784,0.0011702071962367028,1,0
M2_popmass,high,9,1.0,0.1,0,9.485042572021484,18.738815140881567,0.0849599838256836,10.836793899536133,10.75183391571045,-0.0849599838256836,0.09369407570440784,0.0011702071962367028,1,0
M0_balanced,high,9,1.0,0.2,0,9.485042572021484,18.738815140881567,0.08231735229492188,10.663429260253906,10.581111907958984,-0.08231735229492188,0.09369407570440784,0.0011702071962367028,1,0
M1_margin,high,9,1.0,0.2,0,9.485042572021484,18.738815140881567,0.24125957489013672,12.605880737304688,12.36462116241455,-0.24125957489013672,0.09369407570440784,0.0011702071962367028,1,0
M2_popmass,high,9,1.0,0.2,0,9.485042572021484,18.738815140881567,0.0849599838256836,10.836793899536133,10.75183391571045,-0.0849599838256836,0.09369407570440784,0.0011702071962367028,1,0
M0_balanced,high,9,1.0,0.4,0,9.448486328125,18.71649903827303,0.08248615264892578,10.663429260253906,10.58094310760498,-0.08248615264892578,0.09358249519136516,0.0011688135935105895,1,1
M1_margin,high,9,1.0,0.4,0,9.448486328125,18.71649903827303,0.24158191680908203,12.605880737304688,12.364298820495605,-0.24158191680908203,0.09358249519136516,0.0011688135935105895,1,1
M2_popmass,high,9,1.0,0.4,0,9.448486328125,18.71649903827303,0.08513545989990234,10.836793899536133,10.75165843963623,-0.08513545989990234,0.09358249519136516,0.0011688135935105895,1,1
M0_balanced,high,9,1.0,0.1,1,9.486199378967285,18.73897887059083,0.08231163024902344,10.663429260253906,10.581117630004883,-0.08231163024902344,0.09369489435295415,0.0011702174208791136,1,0
M1_margin,high,9,1.0,0.1,1,9.486199378967285,18.73897887059083,0.2412128448486328,12.605880737304688,12.364667892456055,-0.2412128448486328,0.09369489435295415,0.0011702174208791136,1,0
M2_popmass,high,9,1.0,0.1,1,9.486199378967285,18.73897887059083,0.08495330810546875,10.836793899536133,10.751840591430664,-0.08495330810546875,0.09369489435295415,0.0011702174208791136,1,0
M0_balanced,high,9,1.0,0.2,1,9.486199378967285,18.73897887059083,0.08231163024902344,10.663429260253906,10.581117630004883,-0.08231163024902344,0.09369489435295415,0.0011702174208791136,1,0
M1_margin,high,9,1.0,0.2,1,9.486199378967285,18.73897887059083,0.2412128448486328,12.605880737304688,12.364667892456055,-0.2412128448486328,0.09369489435295415,0.0011702174208791136,1,0
M2_popmass,high,9,1.0,0.2,1,9.486199378967285,18.73897887059083,0.08495330810546875,10.836793899536133,10.751840591430664,-0.08495330810546875,0.09369489435295415,0.0011702174208791136,1,0
M0_balanced,high,9,1.0,0.4,1,9.503641128540039,18.74768991508154,0.08200740814208984,10.663429260253906,10.581421852111816,-0.08200740814208984,0.09373844957540771,0.00117076141082048,1,2
M1_margin,high,9,1.0,0.4,1,9.503641128540039,18.74768991508154,0.24045085906982422,12.605880737304688,12.365429878234863,-0.24045085906982422,0.09373844957540771,0.00117076141082048,1,2
M2_popmass,high,9,1.0,0.4,1,9.503641128540039,18.74768991508154,0.08463478088378906,10.836793899536133,10.752159118652344,-0.08463478088378906,0.09373844957540771,0.00117076141082048,1,2
M0_balanced,high,9,1.0,0.1,2,9.476909637451172,18.7336095278501,0.08219623565673828,10.663429260253906,10.581233024597168,-0.08219623565673828,0.0936680476392505,0.0011698821145394638,1,1
M1_margin,high,9,1.0,0.1,2,9.476909637451172,18.7336095278501,0.2409648895263672,12.605880737304688,12.36491584777832,-0.2409648895263672,0.0936680476392505,0.0011698821145394638,1,1
M2_popmass,high,9,1.0,0.1,2,9.476909637451172,18.7336095278501,0.08483409881591797,10.836793899536133,10.751959800720215,-0.08483409881591797,0.0936680476392505,0.0011698821145394638,1,1
M0_balanced,high,9,1.0,0.2,2,9.502006530761719,18.748750227466665,0.08200263977050781,10.663429260253906,10.581426620483398,-0.08200263977050781,0.09374375113733333,0.001170827625529041,1,2
M1_margin,high,9,1.0,0.2,2,9.502006530761719,18.748750227466665,0.24043560028076172,12.605880737304688,12.365445137023926,-0.24043560028076172,0.09374375113733333,0.001170827625529041,1,2
M2_popmass,high,9,1.0,0.2,2,9.502006530761719,18.748750227466665,0.08462905883789062,10.836793899536133,10.752164840698242,-0.08462905883789062,0.09374375113733333,0.001170827625529041,1,2
M0_balanced,high,9,1.0,0.4,2,9.501230239868164,18.752646027117322,0.08194160461425781,10.663429260253906,10.581487655639648,-0.08194160461425781,0.09376323013558661,0.0011710709116040689,1,3
M1_margin,high,9,1.0,0.4,2,9.501230239868164,18.752646027117322,0.24028778076171875,12.605880737304688,12.365592956542969,-0.24028778076171875,0.09376323013558661,0.0011710709116040689,1,3
M2_popmass,high,9,1.0,0.4,2,9.501230239868164,18.752646027117322,0.0845632553100586,10.836793899536133,10.752230644226074,-0.0845632553100586,0.09376323013558661,0.0011710709116040689,1,3
M0_balanced,high,9,1.0,0.1,3,9.485036849975586,18.739059482143013,0.08231353759765625,10.663429260253906,10.58111572265625,-0.08231353759765625,0.09369529741071507,0.0011702224549337084,1,0
M1_margin,high,9,1.0,0.1,3,9.485036849975586,18.739059482143013,0.24121665954589844,12.605880737304688,12.364664077758789,-0.24121665954589844,0.09369529741071507,0.0011702224549337084,1,0
M2_popmass,high,9,1.0,0.1,3,9.485036849975586,18.739059482143013,0.08495521545410156,10.836793899536133,10.751838684082031,-0.08495521545410156,0.09369529741071507,0.0011702224549337084,1,0
M0_balanced,high,9,1.0,0.2,3,9.485036849975586,18.739059482143013,0.08231353759765625,10.663429260253906,10.58111572265625,-0.08231353759765625,0.09369529741071507,0.0011702224549337084,1,0
M1_margin,high,9,1.0,0.2,3,9.485036849975586,18.739059482143013,0.24121665954589844,12.605880737304688,12.364664077758789,-0.24121665954589844,0.09369529741071507,0.0011702224549337084,1,0
M2_popmass,high,9,1.0,0.2,3,9.485036849975586,18.739059482143013,0.08495521545410156,10.836793899536133,10.751838684082031,-0.08495521545410156,0.09369529741071507,0.0011702224549337084,1,0
M0_balanced,high,9,1.0,0.4,3,9.511852264404297,18.760823668610062,0.0820150375366211,10.663429260253906,10.581414222717285,-0.0820150375366211,0.09380411834305032,0.0011715815914336686,1,2
M1_margin,high,9,1.0,0.4,3,9.511852264404297,18.760823668610062,0.24024486541748047,12.605880737304688,12.365635871887207,-0.24024486541748047,0.09380411834305032,0.0011715815914336686,1,2
M2_popmass,high,9,1.0,0.4,3,9.511852264404297,18.760823668610062,0.08463573455810547,10.836793899536133,10.752158164978027,-0.08463573455810547,0.09380411834305032,0.0011715815914336686,1,2
M0_balanced,high,9,1.0,0.1,4,9.51153564453125,18.71419100317657,0.0820159912109375,10.663429260253906,10.581413269042969,-0.0820159912109375,0.09357095501588285,0.0011686694606367262,1,2
M1_margin,high,9,1.0,0.1,4,9.51153564453125,18.71419100317657,0.2399740219116211,12.605880737304688,12.365906715393066,-0.2399740219116211,0.09357095501588285,0.0011686694606367262,1,2
M2_popmass,high,9,1.0,0.1,4,9.51153564453125,18.71419100317657,0.08463478088378906,10.836793899536133,10.752159118652344,-0.08463478088378906,0.09357095501588285,0.0011686694606367262,1,2
M0_balanced,high,9,1.0,0.2,4,9.502119064331055,18.70878922405889,0.0819854736328125,10.663429260253906,10.581443786621094,-0.0819854736328125,0.09354394612029446,0.0011683321287003971,1,3
M1_margin,high,9,1.0,0.2,4,9.502119064331055,18.70878922405889,0.23992443084716797,12.605880737304688,12.36595630645752,-0.23992443084716797,0.09354394612029446,0.0011683321287003971,1,3
M2_popmass,high,9,1.0,0.2,4,9.502119064331055,18.70878922405889,0.08460140228271484,10.836793899536133,10.752192497253418,-0.08460140228271484,0.09354394612029446,0.0011683321287003971,1,3
M0_balanced,high,9,1.0,0.4,4,9.502119064331055,18.70878922405889,0.0819854736328125,10.663429260253906,10.581443786621094,-0.0819854736328125,0.09354394612029446,0.0011683321287003971,1,3
M1_margin,high,9,1.0,0.4,4,9.502119064331055,18.70878922405889,0.23992443084716797,12.605880737304688,12.36595630645752,-0.23992443084716797,0.09354394612029446,0.0011683321287003971,1,3
M2_popmass,high,9,1.0,0.4,4,9.502119064331055,18.70878922405889,0.08460140228271484,10.836793899536133,10.752192497253418,-0.08460140228271484,0.09354394612029446,0.0011683321287003971,1,3
M0_balanced,high,10,1.0,0.1,0,9.549430847167969,21.128538081715977,-0.13460159301757812,10.663429260253906,10.798030853271484,0.13460159301757812,0.10564269040857989,0.0013194413373151018,1,0
M1_margin,high,10,1.0,0.1,0,9.549430847167969,21.128538081715977,-0.27797889709472656,12.605880737304688,12.883859634399414,0.27797889709472656,0.10564269040857989,0.0013194413373151018,1,0
M2_popmass,high,10,1.0,0.1,0,9.549430847167969,21.128538081715977,-0.131500244140625,10.836793899536133,10.968294143676758,0.131500244140625,0.10564269040857989,0.0013194413373151018,1,0
M0_balanced,high,10,1.0,0.2,0,9.48180866241455,21.113698373726354,-0.135345458984375,10.663429260253906,10.798774719238281,0.135345458984375,0.10556849186863178,0.0013185146227416911,1,1
M1_margin,high,10,1.0,0.2,0,9.48180866241455,21.113698373726354,-0.27960968017578125,12.605880737304688,12.885490417480469,0.27960968017578125,0.10556849186863178,0.0013185146227416911,1,1
M2_popmass,high,10,1.0,0.2,0,9.48180866241455,21.113698373726354,-0.13225650787353516,10.836793899536133,10.969050407409668,0.13225650787353516,0.10556849186863178,0.0013185146227416911,1,1
M0_balanced,high,10,1.0,0.4,0,9.48180866241455,21.113698373726354,-0.135345458984375,10.663429260253906,10.798774719238281,0.135345458984375,0.10556849186863178,0.0013185146227416911,1,1
M1_margin,high,10,1.0,0.4,0,9.48180866241455,21.113698373726354,-0.27960968017578125,12.605880737304688,12.885490417480469,0.27960968017578125,0.10556849186863178,0.0013185146227416911,1,1
M2_popmass,high,10,1.0,0.4,0,9.48180866241455,21.113698373726354,-0.13225650787353516,10.836793899536133,10.969050407409668,0.13225650787353516,0.10556849186863178,0.0013185146227416911,1,1
M0_balanced,high,10,1.0,0.1,1,9.553913116455078,21.128860690015646,-0.1345958709716797,10.663429260253906,10.798025131225586,0.1345958709716797,0.10564430345007823,0.0013194614836557856,1,0
M1_margin,high,10,1.0,0.1,1,9.553913116455078,21.128860690015646,-0.2779674530029297,12.605880737304688,12.883848190307617,0.2779674530029297,0.10564430345007823,0.0013194614836557856,1,0
M2_popmass,high,10,1.0,0.1,1,9.553913116455078,21.128860690015646,-0.13149452209472656,10.836793899536133,10.96828842163086,0.13149452209472656,0.10564430345007823,0.0013194614836557856,1,0
M0_balanced,high,10,1.0,0.2,1,9.428401947021484,21.116108659705098,-0.1364583969116211,10.663429260253906,10.799887657165527,0.1364583969116211,0.1055805432985255,0.0013186651410095809,1,2
M1_margin,high,10,1.0,0.2,1,9.428401947021484,21.116108659705098,-0.2823925018310547,12.605880737304688,12.888273239135742,0.2823925018310547,0.1055805432985255,0.0013186651410095809,1,2
M2_popmass,high,10,1.0,0.2,1,9.428401947021484,21.116108659705098,-0.133392333984375,10.836793899536133,10.970186233520508,0.133392333984375,0.1055805432985255,0.0013186651410095809,1,2
M0_balanced,high,10,1.0,0.4,1,9.428401947021484,21.116108659705098,-0.1364583969116211,10.663429260253906,10.799887657165527,0.1364583969116211,0.1055805432985255,0.0013186651410095809,1,2
M1_margin,high,10,1.0,0.4,1,9.428401947021484,21.116108659705098,-0.2823925018310547,12.605880737304688,12.888273239135742,0.2823925018310547,0.1055805432985255,0.0013186651410095809,1,2
M2_popmass,high,10,1.0,0.4,1,9.428401947021484,21.116108659705098,-0.133392333984375,10.836793899536133,10.970186233520508,0.133392333984375,0.1055805432985255,0.0013186651410095809,1,2
M0_balanced,high,10,1.0,0.1,2,9.381216049194336,21.118384589217712,-0.13553333282470703,10.663429260253906,10.798962593078613,0.13553333282470703,0.10559192294608856,0.0013188072689442323,1,0
M1_margin,high,10,1.0,0.1,2,9.381216049194336,21.118384589217712,-0.28116416931152344,12.605880737304688,12.887044906616211,0.28116416931152344,0.10559192294608856,0.0013188072689442323,1,0
M2_popmass,high,10,1.0,0.1,2,9.381216049194336,21.118384589217712,-0.1324748992919922,10.836793899536133,10.969268798828125,0.1324748992919922,0.10559192294608856,0.0013188072689442323,1,0
M0_balanced,high,10,1.0,0.2,2,9.381216049194336,21.118384589217712,-0.13553333282470703,10.663429260253906,10.798962593078613,0.13553333282470703,0.10559192294608856,0.0013188072689442323,1,0
M1_margin,high,10,1.0,0.2,2,9.381216049194336,21.118384589217712,-0.28116416931152344,12.605880737304688,12.887044906616211,0.28116416931152344,0.10559192294608856,0.0013188072689442323,1,0
M2_popmass,high,10,1.0,0.2,2,9.381216049194336,21.118384589217712,-0.1324748992919922,10.836793899536133,10.969268798828125,0.1324748992919922,0.10559192294608856,0.0013188072689442323,1,0
M0_balanced,high,10,1.0,0.4,2,9.320249557495117,21.110228743170996,-0.13655662536621094,10.663429260253906,10.799985885620117,0.13655662536621094,0.10555114371585499,0.0013182979502032388,1,1
M1_margin,high,10,1.0,0.4,2,9.320249557495117,21.110228743170996,-0.2834358215332031,12.605880737304688,12.88931655883789,0.2834358215332031,0.10555114371585499,0.0013182979502032388,1,1
M2_popmass,high,10,1.0,0.4,2,9.320249557495117,21.110228743170996,-0.13351154327392578,10.836793899536133,10.970305442810059,0.13351154327392578,0.10555114371585499,0.0013182979502032388,1,1
M0_balanced,high,10,1.0,0.1,3,9.549805641174316,21.12887648232784,-0.134613037109375,10.663429260253906,10.798042297363281,0.134613037109375,0.1056443824116392,0.0013194624698588747,1,0
M1_margin,high,10,1.0,0.1,3,9.549805641174316,21.12887648232784,-0.27802085876464844,12.605880737304688,12.883901596069336,0.27802085876464844,0.1056443824116392,0.0013194624698588747,1,0
M2_popmass,high,10,1.0,0.1,3,9.549805641174316,21.12887648232784,-0.13151264190673828,10.836793899536133,10.968306541442871,0.13151264190673828,0.1056443824116392,0.0013194624698588747,1,0
M0_balanced,high,10,1.0,0.2,3,9.549805641174316,21.12887648232784,-0.134613037109375,10.663429260253906,10.798042297363281,0.134613037109375,0.1056443824116392,0.0013194624698588747,1,0
M1_margin,high,10,1.0,0.2,3,9.549805641174316,21.12887648232784,-0.27802085876464844,12.605880737304688,12.883901596069336,0.27802085876464844,0.1056443824116392,0.0013194624698588747,1,0
M2_popmass,high,10,1.0,0.2,3,9.549805641174316,21.12887648232784,-0.13151264190673828,10.836793899536133,10.968306541442871,0.13151264190673828,0.1056443824116392,0.0013194624698588747,1,0
M0_balanced,high,10,1.0,0.4,3,9.549805641174316,21.12887648232784,-0.134613037109375,10.663429260253906,10.798042297363281,0.134613037109375,0.1056443824116392,0.0013194624698588747,1,0
M1_margin,high,10,1.0,0.4,3,9.549805641174316,21.12887648232784,-0.27802085876464844,12.605880737304688,12.883901596069336,0.27802085876464844,0.1056443824116392,0.0013194624698588747,1,0
M2_popmass,high,10,1.0,0.4,3,9.549805641174316,21.12887648232784,-0.13151264190673828,10.836793899536133,10.968306541442871,0.13151264190673828,0.1056443824116392,0.0013194624698588747,1,0
M0_balanced,high,10,1.0,0.1,4,9.552279472351074,21.12797432311813,-0.13460350036621094,10.663429260253906,10.798032760620117,0.13460350036621094,0.10563987161559066,0.0013194061315476519,1,0
M1_margin,high,10,1.0,0.1,4,9.552279472351074,21.12797432311813,-0.2779808044433594,12.605880737304688,12.883861541748047,0.2779808044433594,0.10563987161559066,0.0013194061315476519,1,0
M2_popmass,high,10,1.0,0.1,4,9.552279472351074,21.12797432311813,-0.13150310516357422,10.836793899536133,10.968297004699707,0.13150310516357422,0.10563987161559066,0.0013194061315476519,1,0
M0_balanced,high,10,1.0,0.2,4,9.552279472351074,21.12797432311813,-0.13460350036621094,10.663429260253906,10.798032760620117,0.13460350036621094,0.10563987161559066,0.0013194061315476519,1,0
M1_margin,high,10,1.0,0.2,4,9.552279472351074,21.12797432311813,-0.2779808044433594,12.605880737304688,12.883861541748047,0.2779808044433594,0.10563987161559066,0.0013194061315476519,1,0
M2_popmass,high,10,1.0,0.2,4,9.552279472351074,21.12797432311813,-0.13150310516357422,10.836793899536133,10.968297004699707,0.13150310516357422,0.10563987161559066,0.0013194061315476519,1,0
M0_balanced,high,10,1.0,0.4,4,9.552279472351074,21.12797432311813,-0.13460350036621094,10.663429260253906,10.798032760620117,0.13460350036621094,0.10563987161559066,0.0013194061315476519,1,0
M1_margin,high,10,1.0,0.4,4,9.552279472351074,21.12797432311813,-0.2779808044433594,12.605880737304688,12.883861541748047,0.2779808044433594,0.10563987161559066,0.0013194061315476519,1,0
M2_popmass,high,10,1.0,0.4,4,9.552279472351074,21.12797432311813,-0.13150310516357422,10.836793899536133,10.968297004699707,0.13150310516357422,0.10563987161559066,0.0013194061315476519,1,0
M0_balanced,high,11,0.8,0.1,0,9.52977466583252,17.62558294088079,-0.11903572082519531,10.663429260253906,10.782464981079102,0.11903572082519531,0.08812791470440395,0.0011006877350685704,1,0
M1_margin,high,11,0.8,0.1,0,9.52977466583252,17.62558294088079,-0.16522216796875,12.605880737304688,12.771102905273438,0.16522216796875,0.08812791470440395,0.0011006877350685704,1,0
M2_popmass,high,11,0.8,0.1,0,9.52977466583252,17.62558294088079,-0.11913394927978516,10.836793899536133,10.955927848815918,0.11913394927978516,0.08812791470440395,0.0011006877350685704,1,0
M0_balanced,high,11,0.8,0.2,0,9.52977466583252,17.62558294088079,-0.11903572082519531,10.663429260253906,10.782464981079102,0.11903572082519531,0.08812791470440395,0.0011006877350685704,1,0
M1_margin,high,11,0.8,0.2,0,9.52977466583252,17.62558294088079,-0.16522216796875,12.605880737304688,12.771102905273438,0.16522216796875,0.08812791470440395,0.0011006877350685704,1,0
M2_popmass,high,11,0.8,0.2,0,9.52977466583252,17.62558294088079,-0.11913394927978516,10.836793899536133,10.955927848815918,0.11913394927978516,0.08812791470440395,0.0011006877350685704,1,0
M0_balanced,high,11,0.8,0.4,0,9.52977466583252,17.62558294088079,-0.11903572082519531,10.663429260253906,10.782464981079102,0.11903572082519531,0.08812791470440395,0.0011006877350685704,1,0
M1_margin,high,11,0.8,0.4,0,9.52977466583252,17.62558294088079,-0.16522216796875,12.605880737304688,12.771102905273438,0.16522216796875,0.08812791470440395,0.0011006877350685704,1,0
M2_popmass,high,11,0.8,0.4,0,9.52977466583252,17.62558294088079,-0.11913394927978516,10.836793899536133,10.955927848815918,0.11913394927978516,0.08812791470440395,0.0011006877350685704,1,0
M0_balanced,high,11,0.8,0.1,1,9.523427963256836,17.625667807296477,-0.11908531188964844,10.663429260253906,10.782514572143555,0.11908531188964844,0.08812833903648239,0.0011006930348321684,1,0
M1_margin,high,11,0.8,0.1,1,9.523427963256836,17.625667807296477,-0.16527652740478516,12.605880737304688,12.771157264709473,0.16527652740478516,0.08812833903648239,0.0011006930348321684,1,0
M2_popmass,high,11,0.8,0.1,1,9.523427963256836,17.625667807296477,-0.11918354034423828,10.836793899536133,10.955977439880371,0.11918354034423828,0.08812833903648239,0.0011006930348321684,1,0
M0_balanced,high,11,0.8,0.2,1,9.585782051086426,17.634194080798537,-0.11922550201416016,10.663429260253906,10.782654762268066,0.11922550201416016,0.08817097040399269,0.0011012254861389444,1,1
M1_margin,high,11,0.8,0.2,1,9.585782051086426,17.634194080798537,-0.1659402847290039,12.605880737304688,12.771821022033691,0.1659402847290039,0.08817097040399269,0.0011012254861389444,1,1
M2_popmass,high,11,0.8,0.2,1,9.585782051086426,17.634194080798537,-0.11933326721191406,10.836793899536133,10.956127166748047,0.11933326721191406,0.08817097040399269,0.0011012254861389444,1,1
M0_balanced,high,11,0.8,0.4,1,9.682491302490234,17.606002626611676,-0.11836624145507812,10.663429260253906,10.781795501708984,0.11836624145507812,0.08803001313305839,0.001099464977680228,1,2
M1_margin,high,11,0.8,0.4,1,9.682491302490234,17.606002626611676,-0.1656484603881836,12.605880737304688,12.771529197692871,0.1656484603881836,0.08803001313305839,0.001099464977680228,1,2
M2_popmass,high,11,0.8,0.4,1,9.682491302490234,17.606002626611676,-0.11849498748779297,10.836793899536133,10.955288887023926,0.11849498748779297,0.08803001313305839,0.001099464977680228,1,2
M0_balanced,high,11,0.8,0.1,2,9.529352188110352,17.624429223527653,-0.11904335021972656,10.663429260253906,10.782472610473633,0.11904335021972656,0.08812214611763826,0.0011006156873783128,1,0
M1_margin,high,11,0.8,0.1,2,9.529352188110352,17.624429223527653,-0.1652202606201172,12.605880737304688,12.771100997924805,0.1652202606201172,0.08812214611763826,0.0011006156873783128,1,0
M2_popmass,high,11,0.8,0.1,2,9.529352188110352,17.624429223527653,-0.1191415786743164,10.836793899536133,10.95593547821045,0.1191415786743164,0.08812214611763826,0.0011006156873783128,1,0
M0_balanced,high,11,0.8,0.2,2,9.529352188110352,17.624429223527653,-0.11904335021972656,10.663429260253906,10.782472610473633,0.11904335021972656,0.08812214611763826,0.0011006156873783128,1,0
M1_margin,high,11,0.8,0.2,2,9.529352188110352,17.624429223527653,-0.1652202606201172,12.605880737304688,12.771100997924805,0.1652202606201172,0.08812214611763826,0.0011006156873783128,1,0
M2_popmass,high,11,0.8,0.2,2,9.529352188110352,17.624429223527653,-0.1191415786743164,10.836793899536133,10.95593547821045,0.1191415786743164,0.08812214611763826,0.0011006156873783128,1,0
M0_balanced,high,11,0.8,0.4,2,9.591742515563965,17.633011940152006,-0.11918449401855469,10.663429260253906,10.782613754272461,0.11918449401855469,0.08816505970076004,0.0011011516634622633,1,1
M1_margin,high,11,0.8,0.4,2,9.591742515563965,17.633011940152006,-0.16589069366455078,12.605880737304688,12.771771430969238,0.16589069366455078,0.08816505970076004,0.0011011516634622633,1,1
M2_popmass,high,11,0.8,0.4,2,9.591742515563965,17.633011940152006,-0.1192922592163086,10.836793899536133,10.956086158752441,0.1192922592163086,0.08816505970076004,0.0011011516634622633,1,1
M0_balanced,high,11,0.8,0.1,3,9.488570213317871,17.61760366206235,-0.11906623840332031,10.663429260253906,10.782495498657227,0.11906623840332031,0.08808801831031175,0.0011001894426512582,1,0
M1_margin,high,11,0.8,0.1,3,9.488570213317871,17.61760366206235,-0.16576004028320312,12.605880737304688,12.77164077758789,0.16576004028320312,0.08808801831031175,0.0011001894426512582,1,0
M2_popmass,high,11,0.8,0.1,3,9.488570213317871,17.61760366206235,-0.11917686462402344,10.836793899536133,10.955970764160156,0.11917686462402344,0.08808801831031175,0.0011001894426512582,1,0
M0_balanced,high,11,0.8,0.2,3,9.488570213317871,17.61760366206235,-0.11906623840332031,10.663429260253906,10.782495498657227,0.11906623840332031,0.08808801831031175,0.0011001894426512582,1,0
M1_margin,high,11,0.8,0.2,3,9.488570213317871,17.61760366206235,-0.16576004028320312,12.605880737304688,12.77164077758789,0.16576004028320312,0.08808801831031175,0.0011001894426512582,1,0
M2_popmass,high,11,0.8,0.2,3,9.488570213317871,17.61760366206235,-0.11917686462402344,10.836793899536133,10.955970764160156,0.11917686462402344,0.08808801831031175,0.0011001894426512582,1,0
M0_balanced,high,11,0.8,0.4,3,9.55333137512207,17.638117347899552,-0.11842155456542969,10.663429260253906,10.781850814819336,0.11842155456542969,0.08819058673949776,0.0011014704875096206,1,1
M1_margin,high,11,0.8,0.4,3,9.55333137512207,17.638117347899552,-0.16550731658935547,12.605880737304688,12.771388053894043,0.16550731658935547,0.08819058673949776,0.0011014704875096206,1,1
M2_popmass,high,11,0.8,0.4,3,9.55333137512207,17.638117347899552,-0.1185455322265625,10.836793899536133,10.955339431762695,0.1185455322265625,0.08819058673949776,0.0011014704875096206,1,1
M0_balanced,high,11,0.8,0.1,4,9.529632568359375,17.624799899997313,-0.11904335021972656,10.663429260253906,10.782472610473633,0.11904335021972656,0.08812399949998657,0.0011006388354946166,1,0
M1_margin,high,11,0.8,0.1,4,9.529632568359375,17.624799899997313,-0.1652383804321289,12.605880737304688,12.771119117736816,0.1652383804321289,0.08812399949998657,0.0011006388354946166,1,0
M2_popmass,high,11,0.8,0.1,4,9.529632568359375,17.624799899997313,-0.1191415786743164,10.836793899536133,10.95593547821045,0.1191415786743164,0.08812399949998657,0.0011006388354946166,1,0
M0_balanced,high,11,0.8,0.2,4,9.529632568359375,17.624799899997313,-0.11904335021972656,10.663429260253906,10.782472610473633,0.11904335021972656,0.08812399949998657,0.0011006388354946166,1,0
M1_margin,high,11,0.8,0.2,4,9.529632568359375,17.624799899997313,-0.1652383804321289,12.605880737304688,12.771119117736816,0.1652383804321289,0.08812399949998657,0.0011006388354946166,1,0
M2_popmass,high,11,0.8,0.2,4,9.529632568359375,17.624799899997313,-0.1191415786743164,10.836793899536133,10.95593547821045,0.1191415786743164,0.08812399949998657,0.0011006388354946166,1,0
M0_balanced,high,11,0.8,0.4,4,9.585014343261719,17.624289783331296,-0.11913204193115234,10.663429260253906,10.782561302185059,0.11913204193115234,0.08812144891665648,0.0011006069795747512,1,2
M1_margin,high,11,0.8,0.4,4,9.585014343261719,17.624289783331296,-0.1661510467529297,12.605880737304688,12.772031784057617,0.1661510467529297,0.08812144891665648,0.0011006069795747512,1,2
M2_popmass,high,11,0.8,0.4,4,9.585014343261719,17.624289783331296,-0.11925220489501953,10.836793899536133,10.956046104431152,0.11925220489501953,0.08812144891665648,0.0011006069795747512,1,2
M0_balanced,high,12,1.0,0.1,0,8.5757417678833,23.359123546817905,-0.3205089569091797,10.663429260253906,10.983938217163086,0.3205089569091797,0.11679561773408953,0.0014587376131713389,1,1
M1_margin,high,12,1.0,0.1,0,8.5757417678833,23.359123546817905,-0.6006927490234375,12.605880737304688,13.206573486328125,0.6006927490234375,0.11679561773408953,0.0014587376131713389,1,1
M2_popmass,high,12,1.0,0.1,0,8.5757417678833,23.359123546817905,-0.3177757263183594,10.836793899536133,11.154569625854492,0.3177757263183594,0.11679561773408953,0.0014587376131713389,1,1
M0_balanced,high,12,1.0,0.2,0,8.581762313842773,23.346564043395762,-0.32033252716064453,10.663429260253906,10.98376178741455,0.32033252716064453,0.11673282021697881,0.0014579532935024987,1,2
M1_margin,high,12,1.0,0.2,0,8.581762313842773,23.346564043395762,-0.6002225875854492,12.605880737304688,13.206103324890137,0.6002225875854492,0.11673282021697881,0.0014579532935024987,1,2
M2_popmass,high,12,1.0,0.2,0,8.581762313842773,23.346564043395762,-0.31760406494140625,10.836793899536133,11.154397964477539,0.31760406494140625,0.11673282021697881,0.0014579532935024987,1,2
M0_balanced,high,12,1.0,0.4,0,8.581762313842773,23.346564043395762,-0.32033252716064453,10.663429260253906,10.98376178741455,0.32033252716064453,0.11673282021697881,0.0014579532935024987,1,2
M1_margin,high,12,1.0,0.4,0,8.581762313842773,23.346564043395762,-0.6002225875854492,12.605880737304688,13.206103324890137,0.6002225875854492,0.11673282021697881,0.0014579532935024987,1,2
M2_popmass,high,12,1.0,0.4,0,8.581762313842773,23.346564043395762,-0.31760406494140625,10.836793899536133,11.154397964477539,0.31760406494140625,0.11673282021697881,0.0014579532935024987,1,2
M0_balanced,high,12,1.0,0.1,1,8.56096363067627,23.35025025336264,-0.31953907012939453,10.663429260253906,10.9829683303833,0.31953907012939453,0.1167512512668132,0.001458183491057555,1,0
M1_margin,high,12,1.0,0.1,1,8.56096363067627,23.35025025336264,-0.5986347198486328,12.605880737304688,13.20451545715332,0.5986347198486328,0.1167512512668132,0.001458183491057555,1,0
M2_popmass,high,12,1.0,0.1,1,8.56096363067627,23.35025025336264,-0.3168010711669922,10.836793899536133,11.153594970703125,0.3168010711669922,0.1167512512668132,0.001458183491057555,1,0
M0_balanced,high,12,1.0,0.2,1,8.56096363067627,23.35025025336264,-0.31953907012939453,10.663429260253906,10.9829683303833,0.31953907012939453,0.1167512512668132,0.001458183491057555,1,0
M1_margin,high,12,1.0,0.2,1,8.56096363067627,23.35025025336264,-0.5986347198486328,12.605880737304688,13.20451545715332,0.5986347198486328,0.1167512512668132,0.001458183491057555,1,0
M2_popmass,high,12,1.0,0.2,1,8.56096363067627,23.35025025336264,-0.3168010711669922,10.836793899536133,11.153594970703125,0.3168010711669922,0.1167512512668132,0.001458183491057555,1,0
M0_balanced,high,12,1.0,0.4,1,8.566450119018555,23.346419323795192,-0.3199024200439453,10.663429260253906,10.983331680297852,0.3199024200439453,0.11673209661897596,0.0014579442560091061,1,1
M1_margin,high,12,1.0,0.4,1,8.566450119018555,23.346419323795192,-0.5993165969848633,12.605880737304688,13.20519733428955,0.5993165969848633,0.11673209661897596,0.0014579442560091061,1,1
M2_popmass,high,12,1.0,0.4,1,8.566450119018555,23.346419323795192,-0.317169189453125,10.836793899536133,11.153963088989258,0.317169189453125,0.11673209661897596,0.0014579442560091061,1,1
M0_balanced,high,12,1.0,0.1,2,8.642410278320312,23.32719535767798,-0.3190279006958008,10.663429260253906,10.982457160949707,0.3190279006958008,0.1166359767883899,0.0014567437519579457,1,1
M1_margin,high,12,1.0,0.1,2,8.642410278320312,23.32719535767798,-0.5985593795776367,12.605880737304688,13.204440116882324,0.5985593795776367,0.1166359767883899,0.0014567437519579457,1,1
M2_popmass,high,12,1.0,0.1,2,8.642410278320312,23.32719535767798,-0.31632328033447266,10.836793899536133,11.153117179870605,0.31632328033447266,0.1166359767883899,0.0014567437519579457,1,1
M0_balanced,high,12,1.0,0.2,2,8.64976978302002,23.328436461945465,-0.3194770812988281,10.663429260253906,10.982906341552734,0.3194770812988281,0.11664218230972732,0.0014568212568126643,1,2
M1_margin,high,12,1.0,0.2,2,8.64976978302002,23.328436461945465,-0.5994930267333984,12.605880737304688,13.205373764038086,0.5994930267333984,0.11664218230972732,0.0014568212568126643,1,2
M2_popmass,high,12,1.0,0.2,2,8.64976978302002,23.328436461945465,-0.3167839050292969,10.836793899536133,11.15357780456543,0.3167839050292969,0.11664218230972732,0.0014568212568126643,1,2
M0_balanced,high,12,1.0,0.4,2,8.64976978302002,23.328436461945465,-0.3194770812988281,10.663429260253906,10.982906341552734,0.3194770812988281,0.11664218230972732,0.0014568212568126643,1,2
M1_margin,high,12,1.0,0.4,2,8.64976978302002,23.328436461945465,-0.5994930267333984,12.605880737304688,13.205373764038086,0.5994930267333984,0.11664218230972732,0.0014568212568126643,1,2
M2_popmass,high,12,1.0,0.4,2,8.64976978302002,23.328436461945465,-0.3167839050292969,10.836793899536133,11.15357780456543,0.3167839050292969,0.11664218230972732,0.0014568212568126643,1,2
M0_balanced,high,12,1.0,0.1,3,8.64693832397461,23.341921045290864,-0.31893253326416016,10.663429260253906,10.982361793518066,0.31893253326416016,0.11670960522645432,0.0014576633461523799,1,0
M1_margin,high,12,1.0,0.1,3,8.64693832397461,23.341921045290864,-0.5983734130859375,12.605880737304688,13.204254150390625,0.5983734130859375,0.11670960522645432,0.0014576633461523799,1,0
M2_popmass,high,12,1.0,0.1,3,8.64693832397461,23.341921045290864,-0.3162193298339844,10.836793899536133,11.153013229370117,0.3162193298339844,0.11670960522645432,0.0014576633461523799,1,0
M0_balanced,high,12,1.0,0.2,3,8.64693832397461,23.341921045290864,-0.31893253326416016,10.663429260253906,10.982361793518066,0.31893253326416016,0.11670960522645432,0.0014576633461523799,1,0
M1_margin,high,12,1.0,0.2,3,8.64693832397461,23.341921045290864,-0.5983734130859375,12.605880737304688,13.204254150390625,0.5983734130859375,0.11670960522645432,0.0014576633461523799,1,0
M2_popmass,high,12,1.0,0.2,3,8.64693832397461,23.341921045290864,-0.3162193298339844,10.836793899536133,11.153013229370117,0.3162193298339844,0.11670960522645432,0.0014576633461523799,1,0
M0_balanced,high,12,1.0,0.4,3,8.64693832397461,23.341921045290864,-0.31893253326416016,10.663429260253906,10.982361793518066,0.31893253326416016,0.11670960522645432,0.0014576633461523799,1,0
M1_margin,high,12,1.0,0.4,3,8.64693832397461,23.341921045290864,-0.5983734130859375,12.605880737304688,13.204254150390625,0.5983734130859375,0.11670960522645432,0.0014576633461523799,1,0
M2_popmass,high,12,1.0,0.4,3,8.64693832397461,23.341921045290864,-0.3162193298339844,10.836793899536133,11.153013229370117,0.3162193298339844,0.11670960522645432,0.0014576633461523799,1,0
M0_balanced,high,12,1.0,0.1,4,8.562744140625,23.35066480960631,-0.3195323944091797,10.663429260253906,10.982961654663086,0.3195323944091797,0.11675332404803156,0.001458209379391259,1,0
M1_margin,high,12,1.0,0.1,4,8.562744140625,23.35066480960631,-0.5986223220825195,12.605880737304688,13.204503059387207,0.5986223220825195,0.11675332404803156,0.001458209379391259,1,0
M2_popmass,high,12,1.0,0.1,4,8.562744140625,23.35066480960631,-0.31679439544677734,10.836793899536133,11.15358829498291,0.31679439544677734,0.11675332404803156,0.001458209379391259,1,0
M0_balanced,high,12,1.0,0.2,4,8.57862377166748,23.359417223551993,-0.32051944732666016,10.663429260253906,10.983948707580566,0.32051944732666016,0.11679708611775996,0.0014587559527848635,1,1
M1_margin,high,12,1.0,0.2,4,8.57862377166748,23.359417223551993,-0.6007165908813477,12.605880737304688,13.206597328186035,0.6007165908813477,0.11679708611775996,0.0014587559527848635,1,1
M2_popmass,high,12,1.0,0.2,4,8.57862377166748,23.359417223551993,-0.31778621673583984,10.836793899536133,11.154580116271973,0.31778621673583984,0.11679708611775996,0.0014587559527848635,1,1
M0_balanced,high,12,1.0,0.4,4,8.559760093688965,23.353627030776696,-0.3207435607910156,10.663429260253906,10.984172821044922,0.3207435607910156,0.11676813515388348,0.001458394365074952,1,2
M1_margin,high,12,1.0,0.4,4,8.559760093688965,23.353627030776696,-0.6011581420898438,12.605880737304688,13.207038879394531,0.6011581420898438,0.11676813515388348,0.001458394365074952,1,2
M2_popmass,high,12,1.0,0.4,4,8.559760093688965,23.353627030776696,-0.31801605224609375,10.836793899536133,11.154809951782227,0.31801605224609375,0.11676813515388348,0.001458394365074952,1,2
M0_balanced,high,13,0.8,0.1,0,10.373184204101562,18.63973775434531,-0.010586738586425781,10.663429260253906,10.674015998840332,0.010586738586425781,0.09319868877172656,0.00116401998163229,1,1
M1_margin,high,13,0.8,0.1,0,10.373184204101562,18.63973775434531,0.0842733383178711,12.605880737304688,12.521607398986816,-0.0842733383178711,0.09319868877172656,0.00116401998163229,1,1
M2_popmass,high,13,0.8,0.1,0,10.373184204101562,18.63973775434531,-0.007786750793457031,10.836793899536133,10.84458065032959,0.007786750793457031,0.09319868877172656,0.00116401998163229,1,1
M0_balanced,high,13,0.8,0.2,0,10.373184204101562,18.63973775434531,-0.010586738586425781,10.663429260253906,10.674015998840332,0.010586738586425781,0.09319868877172656,0.00116401998163229,1,1
M1_margin,high,13,0.8,0.2,0,10.373184204101562,18.63973775434531,0.0842733383178711,12.605880737304688,12.521607398986816,-0.0842733383178711,0.09319868877172656,0.00116401998163229,1,1
M2_popmass,high,13,0.8,0.2,0,10.373184204101562,18.63973775434531,-0.007786750793457031,10.836793899536133,10.84458065032959,0.007786750793457031,0.09319868877172656,0.00116401998163229,1,1
M0_balanced,high,13,0.8,0.4,0,10.375659942626953,18.60265485500631,-0.010321617126464844,10.663429260253906,10.673750877380371,0.010321617126464844,0.09301327427503156,0.0011617042175171327,1,2
M1_margin,high,13,0.8,0.4,0,10.375659942626953,18.60265485500631,0.084503173828125,12.605880737304688,12.521377563476562,-0.084503173828125,0.09301327427503156,0.0011617042175171327,1,2
M2_popmass,high,13,0.8,0.4,0,10.375659942626953,18.60265485500631,-0.007538795471191406,10.836793899536133,10.844332695007324,0.007538795471191406,0.09301327427503156,0.0011617042175171327,1,2
M0_balanced,high,13,0.8,0.1,1,10.375577926635742,18.643457873469284,-0.0106048583984375,10.663429260253906,10.674034118652344,0.0106048583984375,0.09321728936734643,0.0011642522967566457,1,1
M1_margin,high,13,0.8,0.1,1,10.375577926635742,18.643457873469284,0.084259033203125,12.605880737304688,12.521621704101562,-0.084259033203125,0.09321728936734643,0.0011642522967566457,1,1
M2_popmass,high,13,0.8,0.1,1,10.375577926635742,18.643457873469284,-0.007803916931152344,10.836793899536133,10.844597816467285,0.007803916931152344,0.09321728936734643,0.0011642522967566457,1,1
M0_balanced,high,13,0.8,0.2,1,10.375577926635742,18.643457873469284,-0.0106048583984375,10.663429260253906,10.674034118652344,0.0106048583984375,0.09321728936734643,0.0011642522967566457,1,1
M1_margin,high,13,0.8,0.2,1,10.375577926635742,18.643457873469284,0.084259033203125,12.605880737304688,12.521621704101562,-0.084259033203125,0.09321728936734643,0.0011642522967566457,1,1
M2_popmass,high,13,0.8,0.2,1,10.375577926635742,18.643457873469284,-0.007803916931152344,10.836793899536133,10.844597816467285,0.007803916931152344,0.09321728936734643,0.0011642522967566457,1,1
M0_balanced,high,13,0.8,0.4,1,10.375577926635742,18.643457873469284,-0.0106048583984375,10.663429260253906,10.674034118652344,0.0106048583984375,0.09321728936734643,0.0011642522967566457,1,1
M1_margin,high,13,0.8,0.4,1,10.375577926635742,18.643457873469284,0.084259033203125,12.605880737304688,12.521621704101562,-0.084259033203125,0.09321728936734643,0.0011642522967566457,1,1
M2_popmass,high,13,0.8,0.4,1,10.375577926635742,18.643457873469284,-0.007803916931152344,10.836793899536133,10.844597816467285,0.007803916931152344,0.09321728936734643,0.0011642522967566457,1,1
M0_balanced,high,13,0.8,0.1,2,10.357721328735352,18.62502302984668,-0.011134147644042969,10.663429260253906,10.67456340789795,0.011134147644042969,0.0931251151492334,0.001163101072065731,1,0
M1_margin,high,13,0.8,0.1,2,10.357721328735352,18.62502302984668,0.08284950256347656,12.605880737304688,12.523031234741211,-0.08284950256347656,0.0931251151492334,0.001163101072065731,1,0
M2_popmass,high,13,0.8,0.1,2,10.357721328735352,18.62502302984668,-0.008358001708984375,10.836793899536133,10.845151901245117,0.008358001708984375,0.0931251151492334,0.001163101072065731,1,0
M0_balanced,high,13,0.8,0.2,2,10.357721328735352,18.62502302984668,-0.011134147644042969,10.663429260253906,10.67456340789795,0.011134147644042969,0.0931251151492334,0.001163101072065731,1,0
M1_margin,high,13,0.8,0.2,2,10.357721328735352,18.62502302984668,0.08284950256347656,12.605880737304688,12.523031234741211,-0.08284950256347656,0.0931251151492334,0.001163101072065731,1,0
M2_popmass,high,13,0.8,0.2,2,10.357721328735352,18.62502302984668,-0.008358001708984375,10.836793899536133,10.845151901245117,0.008358001708984375,0.0931251151492334,0.001163101072065731,1,0
M0_balanced,high,13,0.8,0.4,2,10.357721328735352,18.62502302984668,-0.011134147644042969,10.663429260253906,10.67456340789795,0.011134147644042969,0.0931251151492334,0.001163101072065731,1,0
M1_margin,high,13,0.8,0.4,2,10.357721328735352,18.62502302984668,0.08284950256347656,12.605880737304688,12.523031234741211,-0.08284950256347656,0.0931251151492334,0.001163101072065731,1,0
M2_popmass,high,13,0.8,0.4,2,10.357721328735352,18.62502302984668,-0.008358001708984375,10.836793899536133,10.845151901245117,0.008358001708984375,0.0931251151492334,0.001163101072065731,1,0
M0_balanced,high,13,0.8,0.1,3,10.355016708374023,18.625854851785277,-0.011156082153320312,10.663429260253906,10.674585342407227,0.011156082153320312,0.09312927425892639,0.0011631530179337709,1,0
M1_margin,high,13,0.8,0.1,3,10.355016708374023,18.625854851785277,0.08281421661376953,12.605880737304688,12.523066520690918,-0.08281421661376953,0.09312927425892639,0.0011631530179337709,1,0
M2_popmass,high,13,0.8,0.1,3,10.355016708374023,18.625854851785277,-0.008380889892578125,10.836793899536133,10.845174789428711,0.008380889892578125,0.09312927425892639,0.0011631530179337709,1,0
M0_balanced,high,13,0.8,0.2,3,10.355016708374023,18.625854851785277,-0.011156082153320312,10.663429260253906,10.674585342407227,0.011156082153320312,0.09312927425892639,0.0011631530179337709,1,0
M1_margin,high,13,0.8,0.2,3,10.355016708374023,18.625854851785277,0.08281421661376953,12.605880737304688,12.523066520690918,-0.08281421661376953,0.09312927425892639,0.0011631530179337709,1,0
M2_popmass,high,13,0.8,0.2,3,10.355016708374023,18.625854851785277,-0.008380889892578125,10.836793899536133,10.845174789428711,0.008380889892578125,0.09312927425892639,0.0011631530179337709,1,0
M0_balanced,high,13,0.8,0.4,3,10.319181442260742,18.62011986823575,-0.011343955993652344,10.663429260253906,10.674773216247559,0.011343955993652344,0.09310059934117876,0.0011627948779462903,1,1
M1_margin,high,13,0.8,0.4,3,10.319181442260742,18.62011986823575,0.08236026763916016,12.605880737304688,12.523520469665527,-0.08236026763916016,0.09310059934117876,0.0011627948779462903,1,1
M2_popmass,high,13,0.8,0.4,3,10.319181442260742,18.62011986823575,-0.008584022521972656,10.836793899536133,10.845377922058105,0.008584022521972656,0.09310059934117876,0.0011627948779462903,1,1
M0_balanced,high,13,0.8,0.1,4,10.43503189086914,18.667325121979825,-0.010448455810546875,10.663429260253906,10.673877716064453,0.010448455810546875,0.09333662560989912,0.0011657427659112546,1,0
M1_margin,high,13,0.8,0.1,4,10.43503189086914,18.667325121979825,0.08483600616455078,12.605880737304688,12.521044731140137,-0.08483600616455078,0.09333662560989912,0.0011657427659112546,1,0
M2_popmass,high,13,0.8,0.1,4,10.43503189086914,18.667325121979825,-0.007634162902832031,10.836793899536133,10.844428062438965,0.007634162902832031,0.09333662560989912,0.0011657427659112546,1,0
M0_balanced,high,13,0.8,0.2,4,10.43503189086914,18.667325121979825,-0.010448455810546875,10.663429260253906,10.673877716064453,0.010448455810546875,0.09333662560989912,0.0011657427659112546,1,0
M1_margin,high,13,0.8,0.2,4,10.43503189086914,18.667325121979825,0.08483600616455078,12.605880737304688,12.521044731140137,-0.08483600616455078,0.09333662560989912,0.0011657427659112546,1,0
M2_popmass,high,13,0.8,0.2,4,10.43503189086914,18.667325121979825,-0.007634162902832031,10.836793899536133,10.844428062438965,0.007634162902832031,0.09333662560989912,0.0011657427659112546,1,0
M0_balanced,high,13,0.8,0.4,4,10.43503189086914,18.667325121979825,-0.010448455810546875,10.663429260253906,10.673877716064453,0.010448455810546875,0.09333662560989912,0.0011657427659112546,1,0
M1_margin,high,13,0.8,0.4,4,10.43503189086914,18.667325121979825,0.08483600616455078,12.605880737304688,12.521044731140137,-0.08483600616455078,0.09333662560989912,0.0011657427659112546,1,0
M2_popmass,high,13,0.8,0.4,4,10.43503189086914,18.667325121979825,-0.007634162902832031,10.836793899536133,10.844428062438965,0.007634162902832031,0.09333662560989912,0.0011657427659112546,1,0
M0_balanced,high,14,1.0,0.1,0,10.019256591796875,17.833139035792858,-0.08931922912597656,10.663429260253906,10.752748489379883,0.08931922912597656,0.08916569517896429,0.0011136492608674457,1,0
M1_margin,high,14,1.0,0.1,0,10.019256591796875,17.833139035792858,-0.19481563568115234,12.605880737304688,12.80069637298584,0.19481563568115234,0.08916569517896429,0.0011136492608674457,1,0
M2_popmass,high,14,1.0,0.1,0,10.019256591796875,17.833139035792858,-0.0881643295288086,10.836793899536133,10.924958229064941,0.0881643295288086,0.08916569517896429,0.0011136492608674457,1,0
M0_balanced,high,14,1.0,0.2,0,10.019256591796875,17.833139035792858,-0.08931922912597656,10.663429260253906,10.752748489379883,0.08931922912597656,0.08916569517896429,0.0011136492608674457,1,0
M1_margin,high,14,1.0,0.2,0,10.019256591796875,17.833139035792858,-0.19481563568115234,12.605880737304688,12.80069637298584,0.19481563568115234,0.08916569517896429,0.0011136492608674457,1,0
M2_popmass,high,14,1.0,0.2,0,10.019256591796875,17.833139035792858,-0.0881643295288086,10.836793899536133,10.924958229064941,0.0881643295288086,0.08916569517896429,0.0011136492608674457,1,0
M0_balanced,high,14,1.0,0.4,0,10.019256591796875,17.833139035792858,-0.08931922912597656,10.663429260253906,10.752748489379883,0.08931922912597656,0.08916569517896429,0.0011136492608674457,1,0
M1_margin,high,14,1.0,0.4,0,10.019256591796875,17.833139035792858,-0.19481563568115234,12.605880737304688,12.80069637298584,0.19481563568115234,0.08916569517896429,0.0011136492608674457,1,0
M2_popmass,high,14,1.0,0.4,0,10.019256591796875,17.833139035792858,-0.0881643295288086,10.836793899536133,10.924958229064941,0.0881643295288086,0.08916569517896429,0.0011136492608674457,1,0
M0_balanced,high,14,1.0,0.1,1,10.075233459472656,17.811792947771927,-0.08910179138183594,10.663429260253906,10.752531051635742,0.08910179138183594,0.08905896473885964,0.0011123162339057196,1,1
M1_margin,high,14,1.0,0.1,1,10.075233459472656,17.811792947771927,-0.1941242218017578,12.605880737304688,12.800004959106445,0.1941242218017578,0.08905896473885964,0.0011123162339057196,1,1
M2_popmass,high,14,1.0,0.1,1,10.075233459472656,17.811792947771927,-0.08794403076171875,10.836793899536133,10.924737930297852,0.08794403076171875,0.08905896473885964,0.0011123162339057196,1,1
M0_balanced,high,14,1.0,0.2,1,10.075233459472656,17.811792947771927,-0.08910179138183594,10.663429260253906,10.752531051635742,0.08910179138183594,0.08905896473885964,0.0011123162339057196,1,1
M1_margin,high,14,1.0,0.2,1,10.075233459472656,17.811792947771927,-0.1941242218017578,12.605880737304688,12.800004959106445,0.1941242218017578,0.08905896473885964,0.0011123162339057196,1,1
M2_popmass,high,14,1.0,0.2,1,10.075233459472656,17.811792947771927,-0.08794403076171875,10.836793899536133,10.924737930297852,0.08794403076171875,0.08905896473885964,0.0011123162339057196,1,1
M0_balanced,high,14,1.0,0.4,1,10.075233459472656,17.811792947771927,-0.08910179138183594,10.663429260253906,10.752531051635742,0.08910179138183594,0.08905896473885964,0.0011123162339057196,1,1
M1_margin,high,14,1.0,0.4,1,10.075233459472656,17.811792947771927,-0.1941242218017578,12.605880737304688,12.800004959106445,0.1941242218017578,0.08905896473885964,0.0011123162339057196,1,1
M2_popmass,high,14,1.0,0.4,1,10.075233459472656,17.811792947771927,-0.08794403076171875,10.836793899536133,10.924737930297852,0.08794403076171875,0.08905896473885964,0.0011123162339057196,1,1
M0_balanced,high,14,1.0,0.1,2,10.175973892211914,17.82566849518193,-0.08977222442626953,10.663429260253906,10.753201484680176,0.08977222442626953,0.08912834247590964,0.0011131827382876045,1,2
M1_margin,high,14,1.0,0.1,2,10.175973892211914,17.82566849518193,-0.19585132598876953,12.605880737304688,12.801732063293457,0.19585132598876953,0.08912834247590964,0.0011131827382876045,1,2
M2_popmass,high,14,1.0,0.1,2,10.175973892211914,17.82566849518193,-0.0886373519897461,10.836793899536133,10.925431251525879,0.0886373519897461,0.08912834247590964,0.0011131827382876045,1,2
M0_balanced,high,14,1.0,0.2,2,10.175973892211914,17.82566849518193,-0.08977222442626953,10.663429260253906,10.753201484680176,0.08977222442626953,0.08912834247590964,0.0011131827382876045,1,2
M1_margin,high,14,1.0,0.2,2,10.175973892211914,17.82566849518193,-0.19585132598876953,12.605880737304688,12.801732063293457,0.19585132598876953,0.08912834247590964,0.0011131827382876045,1,2
M2_popmass,high,14,1.0,0.2,2,10.175973892211914,17.82566849518193,-0.0886373519897461,10.836793899536133,10.925431251525879,0.0886373519897461,0.08912834247590964,0.0011131827382876045,1,2
M0_balanced,high,14,1.0,0.4,2,10.175973892211914,17.82566849518193,-0.08977222442626953,10.663429260253906,10.753201484680176,0.08977222442626953,0.08912834247590964,0.0011131827382876045,1,2
M1_margin,high,14,1.0,0.4,2,10.175973892211914,17.82566849518193,-0.19585132598876953,12.605880737304688,12.801732063293457,0.19585132598876953,0.08912834247590964,0.0011131827382876045,1,2
M2_popmass,high,14,1.0,0.4,2,10.175973892211914,17.82566849518193,-0.0886373519897461,10.836793899536133,10.925431251525879,0.0886373519897461,0.08912834247590964,0.0011131827382876045,1,2
M0_balanced,high,14,1.0,0.1,3,10.07431411743164,17.81149646985881,-0.08909416198730469,10.663429260253906,10.752523422241211,0.08909416198730469,0.08905748234929405,0.0011122977193633193,1,1
M1_margin,high,14,1.0,0.1,3,10.07431411743164,17.81149646985881,-0.1941051483154297,12.605880737304688,12.799985885620117,0.1941051483154297,0.08905748234929405,0.0011122977193633193,1,1
M2_popmass,high,14,1.0,0.1,3,10.07431411743164,17.81149646985881,-0.0879364013671875,10.836793899536133,10.92473030090332,0.0879364013671875,0.08905748234929405,0.0011122977193633193,1,1
M0_balanced,high,14,1.0,0.2,3,10.07431411743164,17.81149646985881,-0.08909416198730469,10.663429260253906,10.752523422241211,0.08909416198730469,0.08905748234929405,0.0011122977193633193,1,1
M1_margin,high,14,1.0,0.2,3,10.07431411743164,17.81149646985881,-0.1941051483154297,12.605880737304688,12.799985885620117,0.1941051483154297,0.08905748234929405,0.0011122977193633193,1,1
M2_popmass,high,14,1.0,0.2,3,10.07431411743164,17.81149646985881,-0.0879364013671875,10.836793899536133,10.92473030090332,0.0879364013671875,0.08905748234929405,0.0011122977193633193,1,1
M0_balanced,high,14,1.0,0.4,3,10.07431411743164,17.81149646985881,-0.08909416198730469,10.663429260253906,10.752523422241211,0.08909416198730469,0.08905748234929405,0.0011122977193633193,1,1
M1_margin,high,14,1.0,0.4,3,10.07431411743164,17.81149646985881,-0.1941051483154297,12.605880737304688,12.799985885620117,0.1941051483154297,0.08905748234929405,0.0011122977193633193,1,1
M2_popmass,high,14,1.0,0.4,3,10.07431411743164,17.81149646985881,-0.0879364013671875,10.836793899536133,10.92473030090332,0.0879364013671875,0.08905748234929405,0.0011122977193633193,1,1
M0_balanced,high,14,1.0,0.1,4,10.171923637390137,17.882974273468133,-0.08809280395507812,10.663429260253906,10.751522064208984,0.08809280395507812,0.08941487136734066,0.0011167613868644914,1,1
M1_margin,high,14,1.0,0.1,4,10.171923637390137,17.882974273468133,-0.1926097869873047,12.605880737304688,12.798490524291992,0.1926097869873047,0.08941487136734066,0.0011167613868644914,1,1
M2_popmass,high,14,1.0,0.1,4,10.171923637390137,17.882974273468133,-0.08693408966064453,10.836793899536133,10.923727989196777,0.08693408966064453,0.08941487136734066,0.0011167613868644914,1,1
M0_balanced,high,14,1.0,0.2,4,10.171923637390137,17.882974273468133,-0.08809280395507812,10.663429260253906,10.751522064208984,0.08809280395507812,0.08941487136734066,0.0011167613868644914,1,1
M1_margin,high,14,1.0,0.2,4,10.171923637390137,17.882974273468133,-0.1926097869873047,12.605880737304688,12.798490524291992,0.1926097869873047,0.08941487136734066,0.0011167613868644914,1,1
M2_popmass,high,14,1.0,0.2,4,10.171923637390137,17.882974273468133,-0.08693408966064453,10.836793899536133,10.923727989196777,0.08693408966064453,0.08941487136734066,0.0011167613868644914,1,1
M0_balanced,high,14,1.0,0.4,4,10.259521484375,17.852288895822028,-0.08824348449707031,10.663429260253906,10.751672744750977,0.08824348449707031,0.08926144447911014,0.0011148451371192033,1,2
M1_margin,high,14,1.0,0.4,4,10.259521484375,17.852288895822028,-0.19301700592041016,12.605880737304688,12.798897743225098,0.19301700592041016,0.08926144447911014,0.0011148451371192033,1,2
M2_popmass,high,14,1.0,0.4,4,10.259521484375,17.852288895822028,-0.08708667755126953,10.836793899536133,10.923880577087402,0.08708667755126953,0.08926144447911014,0.0011148451371192033,1,2
M0_balanced,high,15,1.0,0.1,0,7.551774024963379,18.15294570463738,-0.12210273742675781,10.663429260253906,10.785531997680664,0.12210273742675781,0.0907647285231869,0.001133620644462019,1,2
M1_margin,high,15,1.0,0.1,0,7.551774024963379,18.15294570463738,-0.17321014404296875,12.605880737304688,12.779090881347656,0.17321014404296875,0.0907647285231869,0.001133620644462019,1,2
M2_popmass,high,15,1.0,0.1,0,7.551774024963379,18.15294570463738,-0.12164020538330078,10.836793899536133,10.958434104919434,0.12164020538330078,0.0907647285231869,0.001133620644462019,1,2
M0_balanced,high,15,1.0,0.2,0,7.551774024963379,18.15294570463738,-0.12210273742675781,10.663429260253906,10.785531997680664,0.12210273742675781,0.0907647285231869,0.001133620644462019,1,2
M1_margin,high,15,1.0,0.2,0,7.551774024963379,18.15294570463738,-0.17321014404296875,12.605880737304688,12.779090881347656,0.17321014404296875,0.0907647285231869,0.001133620644462019,1,2
M2_popmass,high,15,1.0,0.2,0,7.551774024963379,18.15294570463738,-0.12164020538330078,10.836793899536133,10.958434104919434,0.12164020538330078,0.0907647285231869,0.001133620644462019,1,2
M0_balanced,high,15,1.0,0.4,0,7.652617454528809,18.170821008669648,-0.12279033660888672,10.663429260253906,10.786219596862793,0.12279033660888672,0.09085410504334825,0.001134736926855341,1,4
M1_margin,high,15,1.0,0.4,0,7.652617454528809,18.170821008669648,-0.17533493041992188,12.605880737304688,12.78121566772461,0.17533493041992188,0.09085410504334825,0.001134736926855341,1,4
M2_popmass,high,15,1.0,0.4,0,7.652617454528809,18.170821008669648,-0.12237930297851562,10.836793899536133,10.959173202514648,0.12237930297851562,0.09085410504334825,0.001134736926855341,1,4
M0_balanced,high,15,1.0,0.1,1,7.494789123535156,18.15188044993384,-0.12232780456542969,10.663429260253906,10.785757064819336,0.12232780456542969,0.0907594022496692,0.0011335541211140627,1,1
M1_margin,high,15,1.0,0.1,1,7.494789123535156,18.15188044993384,-0.17302227020263672,12.605880737304688,12.778903007507324,0.17302227020263672,0.0907594022496692,0.0011335541211140627,1,1
M2_popmass,high,15,1.0,0.1,1,7.494789123535156,18.15188044993384,-0.12185192108154297,10.836793899536133,10.958645820617676,0.12185192108154297,0.0907594022496692,0.0011335541211140627,1,1
M0_balanced,high,15,1.0,0.2,1,7.494789123535156,18.15188044993384,-0.12232780456542969,10.663429260253906,10.785757064819336,0.12232780456542969,0.0907594022496692,0.0011335541211140627,1,1
M1_margin,high,15,1.0,0.2,1,7.494789123535156,18.15188044993384,-0.17302227020263672,12.605880737304688,12.778903007507324,0.17302227020263672,0.0907594022496692,0.0011335541211140627,1,1
M2_popmass,high,15,1.0,0.2,1,7.494789123535156,18.15188044993384,-0.12185192108154297,10.836793899536133,10.958645820617676,0.12185192108154297,0.0907594022496692,0.0011335541211140627,1,1
M0_balanced,high,15,1.0,0.4,1,7.494789123535156,18.15188044993384,-0.12232780456542969,10.663429260253906,10.785757064819336,0.12232780456542969,0.0907594022496692,0.0011335541211140627,1,1
M1_margin,high,15,1.0,0.4,1,7.494789123535156,18.15188044993384,-0.17302227020263672,12.605880737304688,12.778903007507324,0.17302227020263672,0.0907594022496692,0.0011335541211140627,1,1
M2_popmass,high,15,1.0,0.4,1,7.494789123535156,18.15188044993384,-0.12185192108154297,10.836793899536133,10.958645820617676,0.12185192108154297,0.0907594022496692,0.0011335541211140627,1,1
M0_balanced,high,15,1.0,0.1,2,7.56019926071167,18.1561862817769,-0.12238693237304688,10.663429260253906,10.785816192626953,0.12238693237304688,0.0907809314088845,0.0011338230130034726,1,2
M1_margin,high,15,1.0,0.1,2,7.56019926071167,18.1561862817769,-0.17370128631591797,12.605880737304688,12.779582023620605,0.17370128631591797,0.0907809314088845,0.0011338230130034726,1,2
M2_popmass,high,15,1.0,0.1,2,7.56019926071167,18.1561862817769,-0.1219339370727539,10.836793899536133,10.958727836608887,0.1219339370727539,0.0907809314088845,0.0011338230130034726,1,2
M0_balanced,high,15,1.0,0.2,2,7.56019926071167,18.1561862817769,-0.12238693237304688,10.663429260253906,10.785816192626953,0.12238693237304688,0.0907809314088845,0.0011338230130034726,1,2
M1_margin,high,15,1.0,0.2,2,7.56019926071167,18.1561862817769,-0.17370128631591797,12.605880737304688,12.779582023620605,0.17370128631591797,0.0907809314088845,0.0011338230130034726,1,2
M2_popmass,high,15,1.0,0.2,2,7.56019926071167,18.1561862817769,-0.1219339370727539,10.836793899536133,10.958727836608887,0.1219339370727539,0.0907809314088845,0.0011338230130034726,1,2
M0_balanced,high,15,1.0,0.4,2,7.606738090515137,18.161582888378586,-0.12276649475097656,10.663429260253906,10.786195755004883,0.12276649475097656,0.09080791444189293,0.0011341600219249583,1,3
M1_margin,high,15,1.0,0.4,2,7.606738090515137,18.161582888378586,-0.17489051818847656,12.605880737304688,12.780771255493164,0.17489051818847656,0.09080791444189293,0.0011341600219249583,1,3
M2_popmass,high,15,1.0,0.4,2,7.606738090515137,18.161582888378586,-0.12233829498291016,10.836793899536133,10.959132194519043,0.12233829498291016,0.09080791444189293,0.0011341600219249583,1,3
M0_balanced,high,15,1.0,0.1,3,7.258999824523926,18.19452094933457,-0.12182807922363281,10.663429260253906,10.785257339477539,0.12182807922363281,0.09097260474667286,0.0011362169479189979,1,0
M1_margin,high,15,1.0,0.1,3,7.258999824523926,18.19452094933457,-0.17203903198242188,12.605880737304688,12.77791976928711,0.17203903198242188,0.09097260474667286,0.0011362169479189979,1,0
M2_popmass,high,15,1.0,0.1,3,7.258999824523926,18.19452094933457,-0.12132453918457031,10.836793899536133,10.958118438720703,0.12132453918457031,0.09097260474667286,0.0011362169479189979,1,0
M0_balanced,high,15,1.0,0.2,3,7.371715545654297,18.156854808830797,-0.1221923828125,10.663429260253906,10.785621643066406,0.1221923828125,0.09078427404415398,0.0011338647613831575,1,1
M1_margin,high,15,1.0,0.2,3,7.371715545654297,18.156854808830797,-0.17380714416503906,12.605880737304688,12.779687881469727,0.17380714416503906,0.09078427404415398,0.0011338647613831575,1,1
M2_popmass,high,15,1.0,0.2,3,7.371715545654297,18.156854808830797,-0.12173652648925781,10.836793899536133,10.95853042602539,0.12173652648925781,0.09078427404415398,0.0011338647613831575,1,1
M0_balanced,high,15,1.0,0.4,3,7.509615898132324,18.152574649968894,-0.122589111328125,10.663429260253906,10.786018371582031,0.122589111328125,0.09076287324984447,0.0011335974727278409,1,3
M1_margin,high,15,1.0,0.4,3,7.509615898132324,18.152574649968894,-0.1753072738647461,12.605880737304688,12.781188011169434,0.1753072738647461,0.09076287324984447,0.0011335974727278409,1,3
M2_popmass,high,15,1.0,0.4,3,7.509615898132324,18.152574649968894,-0.12217235565185547,10.836793899536133,10.958966255187988,0.12217235565185547,0.09076287324984447,0.0011335974727278409,1,3
M0_balanced,high,15,1.0,0.1,4,7.442812919616699,18.16397483729044,-0.12223434448242188,10.663429260253906,10.785663604736328,0.12223434448242188,0.0908198741864522,0.0011343093950741483,1,2
M1_margin,high,15,1.0,0.1,4,7.442812919616699,18.16397483729044,-0.17442703247070312,12.605880737304688,12.78030776977539,0.17442703247070312,0.0908198741864522,0.0011343093950741483,1,2
M2_popmass,high,15,1.0,0.1,4,7.442812919616699,18.16397483729044,-0.12179756164550781,10.836793899536133,10.95859146118164,0.12179756164550781,0.0908198741864522,0.0011343093950741483,1,2
M0_balanced,high,15,1.0,0.2,4,7.442812919616699,18.16397483729044,-0.12223434448242188,10.663429260253906,10.785663604736328,0.12223434448242188,0.0908198741864522,0.0011343093950741483,1,2
M1_margin,high,15,1.0,0.2,4,7.442812919616699,18.16397483729044,-0.17442703247070312,12.605880737304688,12.78030776977539,0.17442703247070312,0.0908198741864522,0.0011343093950741483,1,2
M2_popmass,high,15,1.0,0.2,4,7.442812919616699,18.16397483729044,-0.12179756164550781,10.836793899536133,10.95859146118164,0.12179756164550781,0.0908198741864522,0.0011343093950741483,1,2
M0_balanced,high,15,1.0,0.4,4,7.494231700897217,18.166261367014375,-0.12281990051269531,10.663429260253906,10.786249160766602,0.12281990051269531,0.09083130683507187,0.001134452184974003,1,3
M1_margin,high,15,1.0,0.4,4,7.494231700897217,18.166261367014375,-0.17564964294433594,12.605880737304688,12.781530380249023,0.17564964294433594,0.09083130683507187,0.001134452184974003,1,3
M2_popmass,high,15,1.0,0.4,4,7.494231700897217,18.166261367014375,-0.12240791320800781,10.836793899536133,10.95920181274414,0.12240791320800781,0.09083130683507187,0.001134452184974003,1,3
M0_balanced,high,16,0.875,0.1,0,10.368399620056152,16.55169656525248,0.05324268341064453,10.663429260253906,10.610186576843262,-0.05324268341064453,0.0827584828262624,0.0010336253538425994,1,0
M1_margin,high,16,0.875,0.1,0,10.368399620056152,16.55169656525248,0.1118621826171875,12.605880737304688,12.4940185546875,-0.1118621826171875,0.0827584828262624,0.0010336253538425994,1,0
M2_popmass,high,16,0.875,0.1,0,10.368399620056152,16.55169656525248,0.055225372314453125,10.836793899536133,10.78156852722168,-0.055225372314453125,0.0827584828262624,0.0010336253538425994,1,0
M0_balanced,high,16,0.875,0.2,0,10.333288192749023,16.49388922033206,0.0529937744140625,10.663429260253906,10.610435485839844,-0.0529937744140625,0.08246944610166031,0.0010300153832808196,1,1
M1_margin,high,16,0.875,0.2,0,10.333288192749023,16.49388922033206,0.11104583740234375,12.605880737304688,12.494834899902344,-0.11104583740234375,0.08246944610166031,0.0010300153832808196,1,1
M2_popmass,high,16,0.875,0.2,0,10.333288192749023,16.49388922033206,0.054955482482910156,10.836793899536133,10.781838417053223,-0.054955482482910156,0.08246944610166031,0.0010300153832808196,1,1
M0_balanced,high,16,0.875,0.4,0,10.358650207519531,16.443823650430584,0.052799224853515625,10.663429260253906,10.61063003540039,-0.052799224853515625,0.08221911825215292,0.0010268888734272386,1,3
M1_margin,high,16,0.875,0.4,0,10.358650207519531,16.443823650430584,0.11066150665283203,12.605880737304688,12.495219230651855,-0.11066150665283203,0.08221911825215292,0.0010268888734272386,1,3
M2_popmass,high,16,0.875,0.4,0,10.358650207519531,16.443823650430584,0.05474853515625,10.836793899536133,10.782045364379883,-0.05474853515625,0.08221911825215292,0.0010268888734272386,1,3
M0_balanced,high,16,0.875,0.1,1,10.357124328613281,16.54948441361897,0.05321693420410156,10.663429260253906,10.610212326049805,-0.05321693420410156,0.08274742206809485,0.0010334872087282344,1,0
M1_margin,high,16,0.875,0.1,1,10.357124328613281,16.54948441361897,0.11180400848388672,12.605880737304688,12.4940767288208,-0.11180400848388672,0.08274742206809485,0.0010334872087282344,1,0
M2_popmass,high,16,0.875,0.1,1,10.357124328613281,16.54948441361897,0.055197715759277344,10.836793899536133,10.781596183776855,-0.055197715759277344,0.08274742206809485,0.0010334872087282344,1,0
M0_balanced,high,16,0.875,0.2,1,10.332469940185547,16.49065887876539,0.05309295654296875,10.663429260253906,10.610336303710938,-0.05309295654296875,0.08245329439382695,0.0010298136539335157,1,1
M1_margin,high,16,0.875,0.2,1,10.332469940185547,16.49065887876539,0.11151885986328125,12.605880737304688,12.494361877441406,-0.11151885986328125,0.08245329439382695,0.0010298136539335157,1,1
M2_popmass,high,16,0.875,0.2,1,10.332469940185547,16.49065887876539,0.05506610870361328,10.836793899536133,10.78172779083252,-0.05506610870361328,0.08245329439382695,0.0010298136539335157,1,1
M0_balanced,high,16,0.875,0.4,1,10.332469940185547,16.49065887876539,0.05309295654296875,10.663429260253906,10.610336303710938,-0.05309295654296875,0.08245329439382695,0.0010298136539335157,1,1
M1_margin,high,16,0.875,0.4,1,10.332469940185547,16.49065887876539,0.11151885986328125,12.605880737304688,12.494361877441406,-0.11151885986328125,0.08245329439382695,0.0010298136539335157,1,1
M2_popmass,high,16,0.875,0.4,1,10.332469940185547,16.49065887876539,0.05506610870361328,10.836793899536133,10.78172779083252,-0.05506610870361328,0.08245329439382695,0.0010298136539335157,1,1
M0_balanced,high,16,0.875,0.1,2,10.244543075561523,16.568095185531885,0.05254077911376953,10.663429260253906,10.610888481140137,-0.05254077911376953,0.08284047592765942,0.001034649419842239,1,0
M1_margin,high,16,0.875,0.1,2,10.244543075561523,16.568095185531885,0.1097421646118164,12.605880737304688,12.496138572692871,-0.1097421646118164,0.08284047592765942,0.001034649419842239,1,0
M2_popmass,high,16,0.875,0.1,2,10.244543075561523,16.568095185531885,0.054470062255859375,10.836793899536133,10.782323837280273,-0.054470062255859375,0.08284047592765942,0.001034649419842239,1,0
M0_balanced,high,16,0.875,0.2,2,10.161947250366211,16.510068721968214,0.052455902099609375,10.663429260253906,10.610973358154297,-0.052455902099609375,0.08255034360984106,0.0010310257656931444,1,1
M1_margin,high,16,0.875,0.2,2,10.161947250366211,16.510068721968214,0.10966300964355469,12.605880737304688,12.496217727661133,-0.10966300964355469,0.08255034360984106,0.0010310257656931444,1,1
M2_popmass,high,16,0.875,0.2,2,10.161947250366211,16.510068721968214,0.05438041687011719,10.836793899536133,10.782413482666016,-0.05438041687011719,0.08255034360984106,0.0010310257656931444,1,1
M0_balanced,high,16,0.875,0.4,2,10.196547508239746,16.43627401383714,0.05187797546386719,10.663429260253906,10.611551284790039,-0.05187797546386719,0.08218137006918569,0.0010264174114375556,1,4
M1_margin,high,16,0.875,0.4,2,10.196547508239746,16.43627401383714,0.1082925796508789,12.605880737304688,12.497588157653809,-0.1082925796508789,0.08218137006918569,0.0010264174114375556,1,4
M2_popmass,high,16,0.875,0.4,2,10.196547508239746,16.43627401383714,0.05376434326171875,10.836793899536133,10.783029556274414,-0.05376434326171875,0.08218137006918569,0.0010264174114375556,1,4
M0_balanced,high,16,0.875,0.1,3,10.329116821289062,16.502494804870707,0.053259849548339844,10.663429260253906,10.610169410705566,-0.053259849548339844,0.08251247402435354,0.001030552787427199,1,1
M1_margin,high,16,0.875,0.1,3,10.329116821289062,16.502494804870707,0.11216545104980469,12.605880737304688,12.493715286254883,-0.11216545104980469,0.08251247402435354,0.001030552787427199,1,1
M2_popmass,high,16,0.875,0.1,3,10.329116821289062,16.502494804870707,0.055243492126464844,10.836793899536133,10.781550407409668,-0.055243492126464844,0.08251247402435354,0.001030552787427199,1,1
M0_balanced,high,16,0.875,0.2,3,10.29427719116211,16.480404122453095,0.05314826965332031,10.663429260253906,10.610280990600586,-0.05314826965332031,0.08240202061226548,0.0010291732618093563,1,2
M1_margin,high,16,0.875,0.2,3,10.29427719116211,16.480404122453095,0.11204814910888672,12.605880737304688,12.4938325881958,-0.11204814910888672,0.08240202061226548,0.0010291732618093563,1,2
M2_popmass,high,16,0.875,0.2,3,10.29427719116211,16.480404122453095,0.055126190185546875,10.836793899536133,10.781667709350586,-0.055126190185546875,0.08240202061226548,0.0010291732618093563,1,2
M0_balanced,high,16,0.875,0.4,3,10.288898468017578,16.459905741621032,0.052822113037109375,10.663429260253906,10.610607147216797,-0.052822113037109375,0.08229952870810517,0.0010278931727225843,1,4
M1_margin,high,16,0.875,0.4,3,10.288898468017578,16.459905741621032,0.11121368408203125,12.605880737304688,12.494667053222656,-0.11121368408203125,0.08229952870810517,0.0010278931727225843,1,4
M2_popmass,high,16,0.875,0.4,3,10.288898468017578,16.459905741621032,0.05478382110595703,10.836793899536133,10.782010078430176,-0.05478382110595703,0.08229952870810517,0.0010278931727225843,1,4
M0_balanced,high,16,0.875,0.1,4,10.364559173583984,16.549909723865277,0.05323982238769531,10.663429260253906,10.610189437866211,-0.05323982238769531,0.08274954861932639,0.001033513768631148,1,0
M1_margin,high,16,0.875,0.1,4,10.364559173583984,16.549909723865277,0.11185836791992188,12.605880737304688,12.494022369384766,-0.11185836791992188,0.08274954861932639,0.001033513768631148,1,0
M2_popmass,high,16,0.875,0.1,4,10.364559173583984,16.549909723865277,0.0552215576171875,10.836793899536133,10.781572341918945,-0.0552215576171875,0.08274954861932639,0.001033513768631148,1,0
M0_balanced,high,16,0.875,0.2,4,10.364559173583984,16.549909723865277,0.05323982238769531,10.663429260253906,10.610189437866211,-0.05323982238769531,0.08274954861932639,0.001033513768631148,1,0
M1_margin,high,16,0.875,0.2,4,10.364559173583984,16.549909723865277,0.11185836791992188,12.605880737304688,12.494022369384766,-0.11185836791992188,0.08274954861932639,0.001033513768631148,1,0
M2_popmass,high,16,0.875,0.2,4,10.364559173583984,16.549909723865277,0.0552215576171875,10.836793899536133,10.781572341918945,-0.0552215576171875,0.08274954861932639,0.001033513768631148,1,0
M0_balanced,high,16,0.875,0.4,4,10.321464538574219,16.524038753438816,0.05331134796142578,10.663429260253906,10.61011791229248,-0.05331134796142578,0.08262019376719408,0.0010318981704442263,1,1
M1_margin,high,16,0.875,0.4,4,10.321464538574219,16.524038753438816,0.11217308044433594,12.605880737304688,12.493707656860352,-0.11217308044433594,0.08262019376719408,0.0010318981704442263,1,1
M2_popmass,high,16,0.875,0.4,4,10.321464538574219,16.524038753438816,0.055298805236816406,10.836793899536133,10.781495094299316,-0.055298805236816406,0.08262019376719408,0.0010318981704442263,1,1
M0_balanced,high,17,1.0,0.1,0,8.50436019897461,19.14046033255052,-0.19579505920410156,10.663429260253906,10.859224319458008,0.19579505920410156,0.0957023016627526,0.0011952892566600155,1,0
M1_margin,high,17,1.0,0.1,0,8.50436019897461,19.14046033255052,-0.2858314514160156,12.605880737304688,12.891712188720703,0.2858314514160156,0.0957023016627526,0.0011952892566600155,1,0
M2_popmass,high,17,1.0,0.1,0,8.50436019897461,19.14046033255052,-0.19557857513427734,10.836793899536133,11.03237247467041,0.19557857513427734,0.0957023016627526,0.0011952892566600155,1,0
M0_balanced,high,17,1.0,0.2,0,8.50436019897461,19.14046033255052,-0.19579505920410156,10.663429260253906,10.859224319458008,0.19579505920410156,0.0957023016627526,0.0011952892566600155,1,0
M1_margin,high,17,1.0,0.2,0,8.50436019897461,19.14046033255052,-0.2858314514160156,12.605880737304688,12.891712188720703,0.2858314514160156,0.0957023016627526,0.0011952892566600155,1,0
M2_popmass,high,17,1.0,0.2,0,8.50436019897461,19.14046033255052,-0.19557857513427734,10.836793899536133,11.03237247467041,0.19557857513427734,0.0957023016627526,0.0011952892566600155,1,0
M0_balanced,high,17,1.0,0.4,0,8.486379623413086,19.124686790183322,-0.19585418701171875,10.663429260253906,10.859283447265625,0.19585418701171875,0.09562343395091662,0.0011943042257149174,1,1
M1_margin,high,17,1.0,0.4,0,8.486379623413086,19.124686790183322,-0.28627777099609375,12.605880737304688,12.892158508300781,0.28627777099609375,0.09562343395091662,0.0011943042257149174,1,1
M2_popmass,high,17,1.0,0.4,0,8.486379623413086,19.124686790183322,-0.1956624984741211,10.836793899536133,11.032456398010254,0.1956624984741211,0.09562343395091662,0.0011943042257149174,1,1
M0_balanced,high,17,1.0,0.1,1,8.50297737121582,19.139654329579432,-0.19579505920410156,10.663429260253906,10.859224319458008,0.19579505920410156,0.09569827164789717,0.0011952389231426686,1,0
M1_margin,high,17,1.0,0.1,1,8.50297737121582,19.139654329579432,-0.2858467102050781,12.605880737304688,12.891727447509766,0.2858467102050781,0.09569827164789717,0.0011952389231426686,1,0
M2_popmass,high,17,1.0,0.1,1,8.50297737121582,19.139654329579432,-0.19558048248291016,10.836793899536133,11.032374382019043,0.19558048248291016,0.09569827164789717,0.0011952389231426686,1,0
M0_balanced,high,17,1.0,0.2,1,8.48597526550293,19.124388208706694,-0.19585609436035156,10.663429260253906,10.859285354614258,0.19585609436035156,0.09562194104353347,0.0011942855798085467,1,1
M1_margin,high,17,1.0,0.2,1,8.48597526550293,19.124388208706694,-0.2862968444824219,12.605880737304688,12.89217758178711,0.2862968444824219,0.09562194104353347,0.0011942855798085467,1,1
M2_popmass,high,17,1.0,0.2,1,8.48597526550293,19.124388208706694,-0.19566631317138672,10.836793899536133,11.03246021270752,0.19566631317138672,0.09562194104353347,0.0011942855798085467,1,1
M0_balanced,high,17,1.0,0.4,1,8.48597526550293,19.124388208706694,-0.19585609436035156,10.663429260253906,10.859285354614258,0.19585609436035156,0.09562194104353347,0.0011942855798085467,1,1
M1_margin,high,17,1.0,0.4,1,8.48597526550293,19.124388208706694,-0.2862968444824219,12.605880737304688,12.89217758178711,0.2862968444824219,0.09562194104353347,0.0011942855798085467,1,1
M2_popmass,high,17,1.0,0.4,1,8.48597526550293,19.124388208706694,-0.19566631317138672,10.836793899536133,11.03246021270752,0.19566631317138672,0.09562194104353347,0.0011942855798085467,1,1
M0_balanced,high,17,1.0,0.1,2,8.503697395324707,19.140624534906813,-0.1958150863647461,10.663429260253906,10.859244346618652,0.1958150863647461,0.09570312267453407,0.0011952995108184309,1,0
M1_margin,high,17,1.0,0.1,2,8.503697395324707,19.140624534906813,-0.28587913513183594,12.605880737304688,12.891759872436523,0.28587913513183594,0.09570312267453407,0.0011952995108184309,1,0
M2_popmass,high,17,1.0,0.1,2,8.503697395324707,19.140624534906813,-0.1956005096435547,10.836793899536133,11.032394409179688,0.1956005096435547,0.09570312267453407,0.0011952995108184309,1,0
M0_balanced,high,17,1.0,0.2,2,8.489018440246582,19.100236913855756,-0.19536399841308594,10.663429260253906,10.858793258666992,0.19536399841308594,0.09550118456927878,0.0011927773724421512,1,1
M1_margin,high,17,1.0,0.2,2,8.489018440246582,19.100236913855756,-0.2855501174926758,12.605880737304688,12.891430854797363,0.2855501174926758,0.09550118456927878,0.0011927773724421512,1,1
M2_popmass,high,17,1.0,0.2,2,8.489018440246582,19.100236913855756,-0.19516468048095703,10.836793899536133,11.03195858001709,0.19516468048095703,0.09550118456927878,0.0011927773724421512,1,1
M0_balanced,high,17,1.0,0.4,2,8.489018440246582,19.100236913855756,-0.19536399841308594,10.663429260253906,10.858793258666992,0.19536399841308594,0.09550118456927878,0.0011927773724421512,1,1
M1_margin,high,17,1.0,0.4,2,8.489018440246582,19.100236913855756,-0.2855501174926758,12.605880737304688,12.891430854797363,0.2855501174926758,0.09550118456927878,0.0011927773724421512,1,1
M2_popmass,high,17,1.0,0.4,2,8.489018440246582,19.100236913855756,-0.19516468048095703,10.836793899536133,11.03195858001709,0.19516468048095703,0.09550118456927878,0.0011927773724421512,1,1
M0_balanced,high,17,1.0,0.1,3,8.50251293182373,19.139394245202578,-0.19578933715820312,10.663429260253906,10.85921859741211,0.19578933715820312,0.0956969712260129,0.0011952226813148295,1,0
M1_margin,high,17,1.0,0.1,3,8.50251293182373,19.139394245202578,-0.2858295440673828,12.605880737304688,12.89171028137207,0.2858295440673828,0.0956969712260129,0.0011952226813148295,1,0
M2_popmass,high,17,1.0,0.1,3,8.50251293182373,19.139394245202578,-0.1955738067626953,10.836793899536133,11.032367706298828,0.1955738067626953,0.0956969712260129,0.0011952226813148295,1,0
M0_balanced,high,17,1.0,0.2,3,8.50251293182373,19.139394245202578,-0.19578933715820312,10.663429260253906,10.85921859741211,0.19578933715820312,0.0956969712260129,0.0011952226813148295,1,0
M1_margin,high,17,1.0,0.2,3,8.50251293182373,19.139394245202578,-0.2858295440673828,12.605880737304688,12.89171028137207,0.2858295440673828,0.0956969712260129,0.0011952226813148295,1,0
M2_popmass,high,17,1.0,0.2,3,8.50251293182373,19.139394245202578,-0.1955738067626953,10.836793899536133,11.032367706298828,0.1955738067626953,0.0956969712260129,0.0011952226813148295,1,0
M0_balanced,high,17,1.0,0.4,3,8.50251293182373,19.139394245202578,-0.19578933715820312,10.663429260253906,10.85921859741211,0.19578933715820312,0.0956969712260129,0.0011952226813148295,1,0
M1_margin,high,17,1.0,0.4,3,8.50251293182373,19.139394245202578,-0.2858295440673828,12.605880737304688,12.89171028137207,0.2858295440673828,0.0956969712260129,0.0011952226813148295,1,0
M2_popmass,high,17,1.0,0.4,3,8.50251293182373,19.139394245202578,-0.1955738067626953,10.836793899536133,11.032367706298828,0.1955738067626953,0.0956969712260129,0.0011952226813148295,1,0
M0_balanced,high,17,1.0,0.1,4,8.394275665283203,19.10730883318888,-0.19667911529541016,10.663429260253906,10.860108375549316,0.19667911529541016,0.09553654416594441,0.0011932190017998566,1,0
M1_margin,high,17,1.0,0.1,4,8.394275665283203,19.10730883318888,-0.2882652282714844,12.605880737304688,12.894145965576172,0.2882652282714844,0.09553654416594441,0.0011932190017998566,1,0
M2_popmass,high,17,1.0,0.1,4,8.394275665283203,19.10730883318888,-0.19652557373046875,10.836793899536133,11.033319473266602,0.19652557373046875,0.09553654416594441,0.0011932190017998566,1,0
M0_balanced,high,17,1.0,0.2,4,8.394275665283203,19.10730883318888,-0.19667911529541016,10.663429260253906,10.860108375549316,0.19667911529541016,0.09553654416594441,0.0011932190017998566,1,0
M1_margin,high,17,1.0,0.2,4,8.394275665283203,19.10730883318888,-0.2882652282714844,12.605880737304688,12.894145965576172,0.2882652282714844,0.09553654416594441,0.0011932190017998566,1,0
M2_popmass,high,17,1.0,0.2,4,8.394275665283203,19.10730883318888,-0.19652557373046875,10.836793899536133,11.033319473266602,0.19652557373046875,0.09553654416594441,0.0011932190017998566,1,0
M0_balanced,high,17,1.0,0.4,4,8.394275665283203,19.10730883318888,-0.19667911529541016,10.663429260253906,10.860108375549316,0.19667911529541016,0.09553654416594441,0.0011932190017998566,1,0
M1_margin,high,17,1.0,0.4,4,8.394275665283203,19.10730883318888,-0.2882652282714844,12.605880737304688,12.894145965576172,0.2882652282714844,0.09553654416594441,0.0011932190017998566,1,0
M2_popmass,high,17,1.0,0.4,4,8.394275665283203,19.10730883318888,-0.19652557373046875,10.836793899536133,11.033319473266602,0.19652557373046875,0.09553654416594441,0.0011932190017998566,1,0
M0_balanced,high,18,1.0,0.1,0,11.954540252685547,26.950096170926567,-0.0059833526611328125,10.663429260253906,10.669412612915039,0.0059833526611328125,0.13475048085463284,0.00168298775783781,1,0
M1_margin,high,18,1.0,0.1,0,11.954540252685547,26.950096170926567,0.08165168762207031,12.605880737304688,12.524229049682617,-0.08165168762207031,0.13475048085463284,0.00168298775783781,1,0
M2_popmass,high,18,1.0,0.1,0,11.954540252685547,26.950096170926567,0.0008726119995117188,10.836793899536133,10.835921287536621,-0.0008726119995117188,0.13475048085463284,0.00168298775783781,1,0
M0_balanced,high,18,1.0,0.2,0,11.954540252685547,26.950096170926567,-0.0059833526611328125,10.663429260253906,10.669412612915039,0.0059833526611328125,0.13475048085463284,0.00168298775783781,1,0
M1_margin,high,18,1.0,0.2,0,11.954540252685547,26.950096170926567,0.08165168762207031,12.605880737304688,12.524229049682617,-0.08165168762207031,0.13475048085463284,0.00168298775783781,1,0
M2_popmass,high,18,1.0,0.2,0,11.954540252685547,26.950096170926567,0.0008726119995117188,10.836793899536133,10.835921287536621,-0.0008726119995117188,0.13475048085463284,0.00168298775783781,1,0
M0_balanced,high,18,1.0,0.4,0,11.958391189575195,26.948050090044397,-0.00604248046875,10.663429260253906,10.669471740722656,0.00604248046875,0.13474025045022198,0.0016828599835599595,1,1
M1_margin,high,18,1.0,0.4,0,11.958391189575195,26.948050090044397,0.08156681060791016,12.605880737304688,12.524313926696777,-0.08156681060791016,0.13474025045022198,0.0016828599835599595,1,1
M2_popmass,high,18,1.0,0.4,0,11.958391189575195,26.948050090044397,0.0008115768432617188,10.836793899536133,10.835982322692871,-0.0008115768432617188,0.13474025045022198,0.0016828599835599595,1,1
M0_balanced,high,18,1.0,0.1,1,11.953360557556152,26.950462156032387,-0.0059814453125,10.663429260253906,10.669410705566406,0.0059814453125,0.13475231078016195,0.0016830106129864055,1,0
M1_margin,high,18,1.0,0.1,1,11.953360557556152,26.950462156032387,0.08165740966796875,12.605880737304688,12.524223327636719,-0.08165740966796875,0.13475231078016195,0.0016830106129864055,1,0
M2_popmass,high,18,1.0,0.1,1,11.953360557556152,26.950462156032387,0.0008745193481445312,10.836793899536133,10.835919380187988,-0.0008745193481445312,0.13475231078016195,0.0016830106129864055,1,0
M0_balanced,high,18,1.0,0.2,1,11.953360557556152,26.950462156032387,-0.0059814453125,10.663429260253906,10.669410705566406,0.0059814453125,0.13475231078016195,0.0016830106129864055,1,0
M1_margin,high,18,1.0,0.2,1,11.953360557556152,26.950462156032387,0.08165740966796875,12.605880737304688,12.524223327636719,-0.08165740966796875,0.13475231078016195,0.0016830106129864055,1,0
M2_popmass,high,18,1.0,0.2,1,11.953360557556152,26.950462156032387,0.0008745193481445312,10.836793899536133,10.835919380187988,-0.0008745193481445312,0.13475231078016195,0.0016830106129864055,1,0
M0_balanced,high,18,1.0,0.4,1,11.956727027893066,26.948240053655606,-0.006038665771484375,10.663429260253906,10.66946792602539,0.006038665771484375,0.13474120026827804,0.001682871846465015,1,1
M1_margin,high,18,1.0,0.4,1,11.956727027893066,26.948240053655606,0.08157539367675781,12.605880737304688,12.52430534362793,-0.08157539367675781,0.13474120026827804,0.001682871846465015,1,1
M2_popmass,high,18,1.0,0.4,1,11.956727027893066,26.948240053655606,0.0008153915405273438,10.836793899536133,10.835978507995605,-0.0008153915405273438,0.13474120026827804,0.001682871846465015,1,1
M0_balanced,high,18,1.0,0.1,2,11.884014129638672,26.93695553709242,-0.004883766174316406,10.663429260253906,10.668313026428223,0.004883766174316406,0.1346847776854621,0.0016821671475612146,1,0
M1_margin,high,18,1.0,0.1,2,11.884014129638672,26.93695553709242,0.08391857147216797,12.605880737304688,12.52196216583252,-0.08391857147216797,0.1346847776854621,0.0016821671475612146,1,0
M2_popmass,high,18,1.0,0.1,2,11.884014129638672,26.93695553709242,0.0020189285278320312,10.836793899536133,10.8347749710083,-0.0020189285278320312,0.1346847776854621,0.0016821671475612146,1,0
M0_balanced,high,18,1.0,0.2,2,11.909086227416992,26.93235435428509,-0.004971504211425781,10.663429260253906,10.668400764465332,0.004971504211425781,0.13466177177142544,0.0016818798115054469,1,1
M1_margin,high,18,1.0,0.2,2,11.909086227416992,26.93235435428509,0.08374691009521484,12.605880737304688,12.522133827209473,-0.08374691009521484,0.13466177177142544,0.0016818798115054469,1,1
M2_popmass,high,18,1.0,0.2,2,11.909086227416992,26.93235435428509,0.001926422119140625,10.836793899536133,10.834867477416992,-0.001926422119140625,0.13466177177142544,0.0016818798115054469,1,1
M0_balanced,high,18,1.0,0.4,2,11.919240951538086,26.910863141603368,-0.004868507385253906,10.663429260253906,10.66829776763916,0.004868507385253906,0.13455431570801685,0.0016805377217550051,1,2
M1_margin,high,18,1.0,0.4,2,11.919240951538086,26.910863141603368,0.08393287658691406,12.605880737304688,12.521947860717773,-0.08393287658691406,0.13455431570801685,0.0016805377217550051,1,2
M2_popmass,high,18,1.0,0.4,2,11.919240951538086,26.910863141603368,0.0020189285278320312,10.836793899536133,10.8347749710083,-0.0020189285278320312,0.13455431570801685,0.0016805377217550051,1,2
M0_balanced,high,18,1.0,0.1,3,11.883139610290527,26.935409874609395,-0.004878044128417969,10.663429260253906,10.668307304382324,0.004878044128417969,0.13467704937304698,0.0016820706235629258,1,0
M1_margin,high,18,1.0,0.1,3,11.883139610290527,26.935409874609395,0.08392047882080078,12.605880737304688,12.521960258483887,-0.08392047882080078,0.13467704937304698,0.0016820706235629258,1,0
M2_popmass,high,18,1.0,0.1,3,11.883139610290527,26.935409874609395,0.0020236968994140625,10.836793899536133,10.834770202636719,-0.0020236968994140625,0.13467704937304698,0.0016820706235629258,1,0
M0_balanced,high,18,1.0,0.2,3,11.883139610290527,26.935409874609395,-0.004878044128417969,10.663429260253906,10.668307304382324,0.004878044128417969,0.13467704937304698,0.0016820706235629258,1,0
M1_margin,high,18,1.0,0.2,3,11.883139610290527,26.935409874609395,0.08392047882080078,12.605880737304688,12.521960258483887,-0.08392047882080078,0.13467704937304698,0.0016820706235629258,1,0
M2_popmass,high,18,1.0,0.2,3,11.883139610290527,26.935409874609395,0.0020236968994140625,10.836793899536133,10.834770202636719,-0.0020236968994140625,0.13467704937304698,0.0016820706235629258,1,0
M0_balanced,high,18,1.0,0.4,3,11.883139610290527,26.935409874609395,-0.004878044128417969,10.663429260253906,10.668307304382324,0.004878044128417969,0.13467704937304698,0.0016820706235629258,1,0
M1_margin,high,18,1.0,0.4,3,11.883139610290527,26.935409874609395,0.08392047882080078,12.605880737304688,12.521960258483887,-0.08392047882080078,0.13467704937304698,0.0016820706235629258,1,0
M2_popmass,high,18,1.0,0.4,3,11.883139610290527,26.935409874609395,0.0020236968994140625,10.836793899536133,10.834770202636719,-0.0020236968994140625,0.13467704937304698,0.0016820706235629258,1,0
M0_balanced,high,18,1.0,0.1,4,11.884313583374023,26.93615036414252,-0.0048828125,10.663429260253906,10.668312072753906,0.0048828125,0.1346807518207126,0.0016821168658772818,1,0
M1_margin,high,18,1.0,0.1,4,11.884313583374023,26.93615036414252,0.08391380310058594,12.605880737304688,12.521966934204102,-0.08391380310058594,0.1346807518207126,0.0016821168658772818,1,0
M2_popmass,high,18,1.0,0.1,4,11.884313583374023,26.93615036414252,0.0020189285278320312,10.836793899536133,10.8347749710083,-0.0020189285278320312,0.1346807518207126,0.0016821168658772818,1,0
M0_balanced,high,18,1.0,0.2,4,11.884313583374023,26.93615036414252,-0.0048828125,10.663429260253906,10.668312072753906,0.0048828125,0.1346807518207126,0.0016821168658772818,1,0
M1_margin,high,18,1.0,0.2,4,11.884313583374023,26.93615036414252,0.08391380310058594,12.605880737304688,12.521966934204102,-0.08391380310058594,0.1346807518207126,0.0016821168658772818,1,0
M2_popmass,high,18,1.0,0.2,4,11.884313583374023,26.93615036414252,0.0020189285278320312,10.836793899536133,10.8347749710083,-0.0020189285278320312,0.1346807518207126,0.0016821168658772818,1,0
M0_balanced,high,18,1.0,0.4,4,11.909289360046387,26.93160772376495,-0.004969596862792969,10.663429260253906,10.6683988571167,0.004969596862792969,0.13465803861882475,0.0016818331856968765,1,1
M1_margin,high,18,1.0,0.4,4,11.909289360046387,26.93160772376495,0.08374404907226562,12.605880737304688,12.522136688232422,-0.08374404907226562,0.13465803861882475,0.0016818331856968765,1,1
M2_popmass,high,18,1.0,0.4,4,11.909289360046387,26.93160772376495,0.0019273757934570312,10.836793899536133,10.834866523742676,-0.0019273757934570312,0.13465803861882475,0.0016818331856968765,1,1
M0_balanced,high,19,0.75,0.1,0,11.772823333740234,19.465094066676738,-0.2131175994873047,10.663429260253906,10.876546859741211,0.2131175994873047,0.09732547033338369,0.001215562082287443,1,0
M1_margin,high,19,0.75,0.1,0,11.772823333740234,19.465094066676738,-0.3939495086669922,12.605880737304688,12.99983024597168,0.3939495086669922,0.09732547033338369,0.001215562082287443,1,0
M2_popmass,high,19,0.75,0.1,0,11.772823333740234,19.465094066676738,-0.21225833892822266,10.836793899536133,11.049052238464355,0.21225833892822266,0.09732547033338369,0.001215562082287443,1,0
M0_balanced,high,19,0.75,0.2,0,11.772823333740234,19.465094066676738,-0.2131175994873047,10.663429260253906,10.876546859741211,0.2131175994873047,0.09732547033338369,0.001215562082287443,1,0
M1_margin,high,19,0.75,0.2,0,11.772823333740234,19.465094066676738,-0.3939495086669922,12.605880737304688,12.99983024597168,0.3939495086669922,0.09732547033338369,0.001215562082287443,1,0
M2_popmass,high,19,0.75,0.2,0,11.772823333740234,19.465094066676738,-0.21225833892822266,10.836793899536133,11.049052238464355,0.21225833892822266,0.09732547033338369,0.001215562082287443,1,0
M0_balanced,high,19,0.75,0.4,0,11.760429382324219,19.450997003064437,-0.21294593811035156,10.663429260253906,10.876375198364258,0.21294593811035156,0.09725498501532219,0.0012146817445947502,1,1
M1_margin,high,19,0.75,0.4,0,11.760429382324219,19.450997003064437,-0.3938465118408203,12.605880737304688,12.999727249145508,0.3938465118408203,0.09725498501532219,0.0012146817445947502,1,1
M2_popmass,high,19,0.75,0.4,0,11.760429382324219,19.450997003064437,-0.21208763122558594,10.836793899536133,11.048881530761719,0.21208763122558594,0.09725498501532219,0.0012146817445947502,1,1
M0_balanced,high,19,0.75,0.1,1,11.773039817810059,19.464686603127177,-0.21309280395507812,10.663429260253906,10.876522064208984,0.21309280395507812,0.09732343301563588,0.001215536636880446,1,0
M1_margin,high,19,0.75,0.1,1,11.773039817810059,19.464686603127177,-0.39389896392822266,12.605880737304688,12.99977970123291,0.39389896392822266,0.09732343301563588,0.001215536636880446,1,0
M2_popmass,high,19,0.75,0.1,1,11.773039817810059,19.464686603127177,-0.2122325897216797,10.836793899536133,11.049026489257812,0.2122325897216797,0.09732343301563588,0.001215536636880446,1,0
M0_balanced,high,19,0.75,0.2,1,11.760648727416992,19.450534363651382,-0.2129192352294922,10.663429260253906,10.876348495483398,0.2129192352294922,0.09725267181825692,0.0012146528535487396,1,1
M1_margin,high,19,0.75,0.2,1,11.760648727416992,19.450534363651382,-0.3937950134277344,12.605880737304688,12.999675750732422,0.3937950134277344,0.09725267181825692,0.0012146528535487396,1,1
M2_popmass,high,19,0.75,0.2,1,11.760648727416992,19.450534363651382,-0.21206092834472656,10.836793899536133,11.04885482788086,0.21206092834472656,0.09725267181825692,0.0012146528535487396,1,1
M0_balanced,high,19,0.75,0.4,1,11.697461128234863,19.39383913874887,-0.2127084732055664,10.663429260253906,10.876137733459473,0.2127084732055664,0.09696919569374435,0.0012111123329942442,1,2
M1_margin,high,19,0.75,0.4,1,11.697461128234863,19.39383913874887,-0.39395999908447266,12.605880737304688,12.99984073638916,0.39395999908447266,0.09696919569374435,0.0012111123329942442,1,2
M2_popmass,high,19,0.75,0.4,1,11.697461128234863,19.39383913874887,-0.2118692398071289,10.836793899536133,11.048663139343262,0.2118692398071289,0.09696919569374435,0.0012111123329942442,1,2
M0_balanced,high,19,0.75,0.1,2,11.76254653930664,19.451520305889947,-0.21295547485351562,10.663429260253906,10.876384735107422,0.21295547485351562,0.09725760152944973,0.0012147144239678918,1,1
M1_margin,high,19,0.75,0.1,2,11.76254653930664,19.451520305889947,-0.3938570022583008,12.605880737304688,12.999737739562988,0.3938570022583008,0.09725760152944973,0.0012147144239678918,1,1
M2_popmass,high,19,0.75,0.1,2,11.76254653930664,19.451520305889947,-0.2120981216430664,10.836793899536133,11.0488920211792,0.2120981216430664,0.09725760152944973,0.0012147144239678918,1,1
M0_balanced,high,19,0.75,0.2,2,11.76254653930664,19.451520305889947,-0.21295547485351562,10.663429260253906,10.876384735107422,0.21295547485351562,0.09725760152944973,0.0012147144239678918,1,1
M1_margin,high,19,0.75,0.2,2,11.76254653930664,19.451520305889947,-0.3938570022583008,12.605880737304688,12.999737739562988,0.3938570022583008,0.09725760152944973,0.0012147144239678918,1,1
M2_popmass,high,19,0.75,0.2,2,11.76254653930664,19.451520305889947,-0.2120981216430664,10.836793899536133,11.0488920211792,0.2120981216430664,0.09725760152944973,0.0012147144239678918,1,1
M0_balanced,high,19,0.75,0.4,2,11.76254653930664,19.451520305889947,-0.21295547485351562,10.663429260253906,10.876384735107422,0.21295547485351562,0.09725760152944973,0.0012147144239678918,1,1
M1_margin,high,19,0.75,0.4,2,11.76254653930664,19.451520305889947,-0.3938570022583008,12.605880737304688,12.999737739562988,0.3938570022583008,0.09725760152944973,0.0012147144239678918,1,1
M2_popmass,high,19,0.75,0.4,2,11.76254653930664,19.451520305889947,-0.2120981216430664,10.836793899536133,11.0488920211792,0.2120981216430664,0.09725760152944973,0.0012147144239678918,1,1
M0_balanced,high,19,0.75,0.1,3,11.665512084960938,19.427750583311532,-0.21341228485107422,10.663429260253906,10.87684154510498,0.21341228485107422,0.09713875291655766,0.001213230045142193,1,0
M1_margin,high,19,0.75,0.1,3,11.665512084960938,19.427750583311532,-0.3953742980957031,12.605880737304688,13.00125503540039,0.3953742980957031,0.09713875291655766,0.001213230045142193,1,0
M2_popmass,high,19,0.75,0.1,3,11.665512084960938,19.427750583311532,-0.2125835418701172,10.836793899536133,11.04937744140625,0.2125835418701172,0.09713875291655766,0.001213230045142193,1,0
M0_balanced,high,19,0.75,0.2,3,11.665512084960938,19.427750583311532,-0.21341228485107422,10.663429260253906,10.87684154510498,0.21341228485107422,0.09713875291655766,0.001213230045142193,1,0
M1_margin,high,19,0.75,0.2,3,11.665512084960938,19.427750583311532,-0.3953742980957031,12.605880737304688,13.00125503540039,0.3953742980957031,0.09713875291655766,0.001213230045142193,1,0
M2_popmass,high,19,0.75,0.2,3,11.665512084960938,19.427750583311532,-0.2125835418701172,10.836793899536133,11.04937744140625,0.2125835418701172,0.09713875291655766,0.001213230045142193,1,0
M0_balanced,high,19,0.75,0.4,3,11.665512084960938,19.427750583311532,-0.21341228485107422,10.663429260253906,10.87684154510498,0.21341228485107422,0.09713875291655766,0.001213230045142193,1,0
M1_margin,high,19,0.75,0.4,3,11.665512084960938,19.427750583311532,-0.3953742980957031,12.605880737304688,13.00125503540039,0.3953742980957031,0.09713875291655766,0.001213230045142193,1,0
M2_popmass,high,19,0.75,0.4,3,11.665512084960938,19.427750583311532,-0.2125835418701172,10.836793899536133,11.04937744140625,0.2125835418701172,0.09713875291655766,0.001213230045142193,1,0
M0_balanced,high,19,0.75,0.1,4,11.665348052978516,19.427678687303853,-0.21338462829589844,10.663429260253906,10.876813888549805,0.21338462829589844,0.09713839343651927,0.0012132255553585576,1,0
M1_margin,high,19,0.75,0.1,4,11.665348052978516,19.427678687303853,-0.39531517028808594,12.605880737304688,13.001195907592773,0.39531517028808594,0.09713839343651927,0.0012132255553585576,1,0
M2_popmass,high,19,0.75,0.1,4,11.665348052978516,19.427678687303853,-0.212554931640625,10.836793899536133,11.049348831176758,0.212554931640625,0.09713839343651927,0.0012132255553585576,1,0
M0_balanced,high,19,0.75,0.2,4,11.627530097961426,19.39985235650249,-0.2129659652709961,10.663429260253906,10.876395225524902,0.2129659652709961,0.09699926178251245,0.0012114878482354654,1,1
M1_margin,high,19,0.75,0.2,4,11.627530097961426,19.39985235650249,-0.39465904235839844,12.605880737304688,13.000539779663086,0.39465904235839844,0.09699926178251245,0.0012114878482354654,1,1
M2_popmass,high,19,0.75,0.2,4,11.627530097961426,19.39985235650249,-0.21213817596435547,10.836793899536133,11.048932075500488,0.21213817596435547,0.09699926178251245,0.0012114878482354654,1,1
M0_balanced,high,19,0.75,0.4,4,11.592525482177734,19.37631322974926,-0.2130880355834961,10.663429260253906,10.876517295837402,0.2130880355834961,0.09688156614874631,0.0012100178697276108,1,2
M1_margin,high,19,0.75,0.4,4,11.592525482177734,19.37631322974926,-0.39542675018310547,12.605880737304688,13.001307487487793,0.39542675018310547,0.09688156614874631,0.0012100178697276108,1,2
M2_popmass,high,19,0.75,0.4,4,11.592525482177734,19.37631322974926,-0.2122821807861328,10.836793899536133,11.049076080322266,0.2122821807861328,0.09688156614874631,0.0012100178697276108,1,2
M0_balanced,high,20,0.75,0.1,0,9.077531814575195,15.367664946301616,-0.05168914794921875,10.663429260253906,10.715118408203125,0.05168914794921875,0.07683832473150808,0.0009596845891437,1,0
M1_margin,high,20,0.75,0.1,0,9.077531814575195,15.367664946301616,-0.051326751708984375,12.605880737304688,12.657207489013672,0.051326751708984375,0.07683832473150808,0.0009596845891437,1,0
M2_popmass,high,20,0.75,0.1,0,9.077531814575195,15.367664946301616,-0.051062583923339844,10.836793899536133,10.887856483459473,0.051062583923339844,0.07683832473150808,0.0009596845891437,1,0
M0_balanced,high,20,0.75,0.2,0,9.041051864624023,15.352085868244831,-0.05208778381347656,10.663429260253906,10.715517044067383,0.05208778381347656,0.07676042934122417,0.0009587117021646824,1,2
M1_margin,high,20,0.75,0.2,0,9.041051864624023,15.352085868244831,-0.05192279815673828,12.605880737304688,12.657803535461426,0.05192279815673828,0.07676042934122417,0.0009587117021646824,1,2
M2_popmass,high,20,0.75,0.2,0,9.041051864624023,15.352085868244831,-0.05147743225097656,10.836793899536133,10.88827133178711,0.05147743225097656,0.07676042934122417,0.0009587117021646824,1,2
M0_balanced,high,20,0.75,0.4,0,9.002674102783203,15.35429266428555,-0.05225944519042969,10.663429260253906,10.715688705444336,0.05225944519042969,0.07677146332142776,0.0009588495128313687,1,3
M1_margin,high,20,0.75,0.4,0,9.002674102783203,15.35429266428555,-0.05227088928222656,12.605880737304688,12.658151626586914,0.05227088928222656,0.07677146332142776,0.0009588495128313687,1,3
M2_popmass,high,20,0.75,0.4,0,9.002674102783203,15.35429266428555,-0.051651954650878906,10.836793899536133,10.888445854187012,0.051651954650878906,0.07677146332142776,0.0009588495128313687,1,3
M0_balanced,high,20,0.75,0.1,1,9.037054061889648,15.36188811662939,-0.05185508728027344,10.663429260253906,10.71528434753418,0.05185508728027344,0.07680944058314695,0.0009593238359368912,1,1
M1_margin,high,20,0.75,0.1,1,9.037054061889648,15.36188811662939,-0.051525115966796875,12.605880737304688,12.657405853271484,0.051525115966796875,0.07680944058314695,0.0009593238359368912,1,1
M2_popmass,high,20,0.75,0.1,1,9.037054061889648,15.36188811662939,-0.05123329162597656,10.836793899536133,10.88802719116211,0.05123329162597656,0.07680944058314695,0.0009593238359368912,1,1
M0_balanced,high,20,0.75,0.2,1,9.037054061889648,15.36188811662939,-0.05185508728027344,10.663429260253906,10.71528434753418,0.05185508728027344,0.07680944058314695,0.0009593238359368912,1,1
M1_margin,high,20,0.75,0.2,1,9.037054061889648,15.36188811662939,-0.051525115966796875,12.605880737304688,12.657405853271484,0.051525115966796875,0.07680944058314695,0.0009593238359368912,1,1
M2_popmass,high,20,0.75,0.2,1,9.037054061889648,15.36188811662939,-0.05123329162597656,10.836793899536133,10.88802719116211,0.05123329162597656,0.07680944058314695,0.0009593238359368912,1,1
M0_balanced,high,20,0.75,0.4,1,9.037054061889648,15.36188811662939,-0.05185508728027344,10.663429260253906,10.71528434753418,0.05185508728027344,0.07680944058314695,0.0009593238359368912,1,1
M1_margin,high,20,0.75,0.4,1,9.037054061889648,15.36188811662939,-0.051525115966796875,12.605880737304688,12.657405853271484,0.051525115966796875,0.07680944058314695,0.0009593238359368912,1,1
M2_popmass,high,20,0.75,0.4,1,9.037054061889648,15.36188811662939,-0.05123329162597656,10.836793899536133,10.88802719116211,0.05123329162597656,0.07680944058314695,0.0009593238359368912,1,1
M0_balanced,high,20,0.75,0.1,2,9.075178146362305,15.367062349204819,-0.051672935485839844,10.663429260253906,10.715102195739746,0.051672935485839844,0.0768353117460241,0.0009596469579779192,1,0
M1_margin,high,20,0.75,0.1,2,9.075178146362305,15.367062349204819,-0.05132579803466797,12.605880737304688,12.657206535339355,0.05132579803466797,0.0768353117460241,0.0009596469579779192,1,0
M2_popmass,high,20,0.75,0.1,2,9.075178146362305,15.367062349204819,-0.05104637145996094,10.836793899536133,10.887840270996094,0.05104637145996094,0.0768353117460241,0.0009596469579779192,1,0
M0_balanced,high,20,0.75,0.2,2,9.052639961242676,15.343555719125241,-0.051967620849609375,10.663429260253906,10.715396881103516,0.051967620849609375,0.07671777859562622,0.0009581790088321708,1,2
M1_margin,high,20,0.75,0.2,2,9.052639961242676,15.343555719125241,-0.05191326141357422,12.605880737304688,12.657793998718262,0.05191326141357422,0.07671777859562622,0.0009581790088321708,1,2
M2_popmass,high,20,0.75,0.2,2,9.052639961242676,15.343555719125241,-0.05135536193847656,10.836793899536133,10.88814926147461,0.05135536193847656,0.07671777859562622,0.0009581790088321708,1,2
M0_balanced,high,20,0.75,0.4,2,9.017500877380371,15.339683606895086,-0.0521240234375,10.663429260253906,10.715553283691406,0.0521240234375,0.07669841803447543,0.0009579372019963437,1,3
M1_margin,high,20,0.75,0.4,2,9.017500877380371,15.339683606895086,-0.05229377746582031,12.605880737304688,12.658174514770508,0.05229377746582031,0.07669841803447543,0.0009579372019963437,1,3
M2_popmass,high,20,0.75,0.4,2,9.017500877380371,15.339683606895086,-0.05151653289794922,10.836793899536133,10.888310432434082,0.05151653289794922,0.07669841803447543,0.0009579372019963437,1,3
M0_balanced,high,20,0.75,0.1,3,9.055147171020508,15.35202561882517,-0.05173492431640625,10.663429260253906,10.715164184570312,0.05173492431640625,0.07676012809412586,0.0009587079396906986,1,1
M1_margin,high,20,0.75,0.1,3,9.055147171020508,15.35202561882517,-0.05148506164550781,12.605880737304688,12.657365798950195,0.05148506164550781,0.07676012809412586,0.0009587079396906986,1,1
M2_popmass,high,20,0.75,0.1,3,9.055147171020508,15.35202561882517,-0.05111217498779297,10.836793899536133,10.887906074523926,0.05111217498779297,0.07676012809412586,0.0009587079396906986,1,1
M0_balanced,high,20,0.75,0.2,3,9.055147171020508,15.35202561882517,-0.05173492431640625,10.663429260253906,10.715164184570312,0.05173492431640625,0.07676012809412586,0.0009587079396906986,1,1
M1_margin,high,20,0.75,0.2,3,9.055147171020508,15.35202561882517,-0.05148506164550781,12.605880737304688,12.657365798950195,0.05148506164550781,0.07676012809412586,0.0009587079396906986,1,1
M2_popmass,high,20,0.75,0.2,3,9.055147171020508,15.35202561882517,-0.05111217498779297,10.836793899536133,10.887906074523926,0.05111217498779297,0.07676012809412586,0.0009587079396906986,1,1
M0_balanced,high,20,0.75,0.4,3,9.034921646118164,15.351785379562234,-0.052074432373046875,10.663429260253906,10.715503692626953,0.052074432373046875,0.07675892689781116,0.0009586929371565364,1,2
M1_margin,high,20,0.75,0.4,3,9.034921646118164,15.351785379562234,-0.051939964294433594,12.605880737304688,12.657820701599121,0.051939964294433594,0.07675892689781116,0.0009586929371565364,1,2
M2_popmass,high,20,0.75,0.4,3,9.034921646118164,15.351785379562234,-0.051464080810546875,10.836793899536133,10.88825798034668,0.051464080810546875,0.07675892689781116,0.0009586929371565364,1,2
M0_balanced,high,20,0.75,0.1,4,9.040542602539062,15.337521885336619,-0.0513916015625,10.663429260253906,10.714820861816406,0.0513916015625,0.0766876094266831,0.0009578022061545597,1,1
M1_margin,high,20,0.75,0.1,4,9.040542602539062,15.337521885336619,-0.050805091857910156,12.605880737304688,12.656685829162598,0.050805091857910156,0.0766876094266831,0.0009578022061545597,1,1
M2_popmass,high,20,0.75,0.1,4,9.040542602539062,15.337521885336619,-0.050762176513671875,10.836793899536133,10.887556076049805,0.050762176513671875,0.0766876094266831,0.0009578022061545597,1,1
M0_balanced,high,20,0.75,0.2,4,9.040542602539062,15.337521885336619,-0.0513916015625,10.663429260253906,10.714820861816406,0.0513916015625,0.0766876094266831,0.0009578022061545597,1,1
M1_margin,high,20,0.75,0.2,4,9.040542602539062,15.337521885336619,-0.050805091857910156,12.605880737304688,12.656685829162598,0.050805091857910156,0.0766876094266831,0.0009578022061545597,1,1
M2_popmass,high,20,0.75,0.2,4,9.040542602539062,15.337521885336619,-0.050762176513671875,10.836793899536133,10.887556076049805,0.050762176513671875,0.0766876094266831,0.0009578022061545597,1,1
M0_balanced,high,20,0.75,0.4,4,9.00373649597168,15.353611144170271,-0.05218315124511719,10.663429260253906,10.715612411499023,0.05218315124511719,0.07676805572085135,0.0009588069530570561,1,4
M1_margin,high,20,0.75,0.4,4,9.00373649597168,15.353611144170271,-0.05227947235107422,12.605880737304688,12.658160209655762,0.05227947235107422,0.07676805572085135,0.0009588069530570561,1,4
M2_popmass,high,20,0.75,0.4,4,9.00373649597168,15.353611144170271,-0.051570892333984375,10.836793899536133,10.888364791870117,0.051570892333984375,0.07676805572085135,0.0009588069530570561,1,4
M0_balanced,high,21,1.0,0.1,0,9.367666244506836,15.693062581914988,-0.011323928833007812,10.663429260253906,10.674753189086914,0.011323928833007812,0.07846531290957494,0.0009800051191222706,1,0
M1_margin,high,21,1.0,0.1,0,9.367666244506836,15.693062581914988,0.03252887725830078,12.605880737304688,12.573351860046387,-0.03252887725830078,0.07846531290957494,0.0009800051191222706,1,0
M2_popmass,high,21,1.0,0.1,0,9.367666244506836,15.693062581914988,-0.010725975036621094,10.836793899536133,10.847519874572754,0.010725975036621094,0.07846531290957494,0.0009800051191222706,1,0
M0_balanced,high,21,1.0,0.2,0,9.367666244506836,15.693062581914988,-0.011323928833007812,10.663429260253906,10.674753189086914,0.011323928833007812,0.07846531290957494,0.0009800051191222706,1,0
M1_margin,high,21,1.0,0.2,0,9.367666244506836,15.693062581914988,0.03252887725830078,12.605880737304688,12.573351860046387,-0.03252887725830078,0.07846531290957494,0.0009800051191222706,1,0
M2_popmass,high,21,1.0,0.2,0,9.367666244506836,15.693062581914988,-0.010725975036621094,10.836793899536133,10.847519874572754,0.010725975036621094,0.07846531290957494,0.0009800051191222706,1,0
M0_balanced,high,21,1.0,0.4,0,9.367666244506836,15.693062581914988,-0.011323928833007812,10.663429260253906,10.674753189086914,0.011323928833007812,0.07846531290957494,0.0009800051191222706,1,0
M1_margin,high,21,1.0,0.4,0,9.367666244506836,15.693062581914988,0.03252887725830078,12.605880737304688,12.573351860046387,-0.03252887725830078,0.07846531290957494,0.0009800051191222706,1,0
M2_popmass,high,21,1.0,0.4,0,9.367666244506836,15.693062581914988,-0.010725975036621094,10.836793899536133,10.847519874572754,0.010725975036621094,0.07846531290957494,0.0009800051191222706,1,0
M0_balanced,high,21,1.0,0.1,1,9.367562294006348,15.693505436817256,-0.011327743530273438,10.663429260253906,10.67475700378418,0.011327743530273438,0.07846752718408628,0.000980032774659167,1,0
M1_margin,high,21,1.0,0.1,1,9.367562294006348,15.693505436817256,0.03251075744628906,12.605880737304688,12.573369979858398,-0.03251075744628906,0.07846752718408628,0.000980032774659167,1,0
M2_popmass,high,21,1.0,0.1,1,9.367562294006348,15.693505436817256,-0.010730743408203125,10.836793899536133,10.847524642944336,0.010730743408203125,0.07846752718408628,0.000980032774659167,1,0
M0_balanced,high,21,1.0,0.2,1,9.418214797973633,15.706784283411043,-0.011724472045898438,10.663429260253906,10.675153732299805,0.011724472045898438,0.07853392141705522,0.0009808620160879846,1,1
M1_margin,high,21,1.0,0.2,1,9.418214797973633,15.706784283411043,0.03168487548828125,12.605880737304688,12.574195861816406,-0.03168487548828125,0.07853392141705522,0.0009808620160879846,1,1
M2_popmass,high,21,1.0,0.2,1,9.418214797973633,15.706784283411043,-0.011142730712890625,10.836793899536133,10.847936630249023,0.011142730712890625,0.07853392141705522,0.0009808620160879846,1,1
M0_balanced,high,21,1.0,0.4,1,9.418214797973633,15.706784283411043,-0.011724472045898438,10.663429260253906,10.675153732299805,0.011724472045898438,0.07853392141705522,0.0009808620160879846,1,1
M1_margin,high,21,1.0,0.4,1,9.418214797973633,15.706784283411043,0.03168487548828125,12.605880737304688,12.574195861816406,-0.03168487548828125,0.07853392141705522,0.0009808620160879846,1,1
M2_popmass,high,21,1.0,0.4,1,9.418214797973633,15.706784283411043,-0.011142730712890625,10.836793899536133,10.847936630249023,0.011142730712890625,0.07853392141705522,0.0009808620160879846,1,1
M0_balanced,high,21,1.0,0.1,2,9.221007347106934,15.669078410416118,-0.010549545288085938,10.663429260253906,10.673978805541992,0.010549545288085938,0.07834539205208059,0.0009785073483255184,1,0
M1_margin,high,21,1.0,0.1,2,9.221007347106934,15.669078410416118,0.034461021423339844,12.605880737304688,12.571419715881348,-0.034461021423339844,0.07834539205208059,0.0009785073483255184,1,0
M2_popmass,high,21,1.0,0.1,2,9.221007347106934,15.669078410416118,-0.009914398193359375,10.836793899536133,10.846708297729492,0.009914398193359375,0.07834539205208059,0.0009785073483255184,1,0
M0_balanced,high,21,1.0,0.2,2,9.221007347106934,15.669078410416118,-0.010549545288085938,10.663429260253906,10.673978805541992,0.010549545288085938,0.07834539205208059,0.0009785073483255184,1,0
M1_margin,high,21,1.0,0.2,2,9.221007347106934,15.669078410416118,0.034461021423339844,12.605880737304688,12.571419715881348,-0.034461021423339844,0.07834539205208059,0.0009785073483255184,1,0
M2_popmass,high,21,1.0,0.2,2,9.221007347106934,15.669078410416118,-0.009914398193359375,10.836793899536133,10.846708297729492,0.009914398193359375,0.07834539205208059,0.0009785073483255184,1,0
M0_balanced,high,21,1.0,0.4,2,9.265498161315918,15.668696397992305,-0.010786056518554688,10.663429260253906,10.674215316772461,0.010786056518554688,0.07834348198996152,0.0009784834922981207,1,1
M1_margin,high,21,1.0,0.4,2,9.265498161315918,15.668696397992305,0.033835411071777344,12.605880737304688,12.57204532623291,-0.033835411071777344,0.07834348198996152,0.0009784834922981207,1,1
M2_popmass,high,21,1.0,0.4,2,9.265498161315918,15.668696397992305,-0.010165214538574219,10.836793899536133,10.846959114074707,0.010165214538574219,0.07834348198996152,0.0009784834922981207,1,1
M0_balanced,high,21,1.0,0.1,3,9.366029739379883,15.69538520693653,-0.011363983154296875,10.663429260253906,10.674793243408203,0.011363983154296875,0.07847692603468265,0.0009801501631121884,1,0
M1_margin,high,21,1.0,0.1,3,9.366029739379883,15.69538520693653,0.03244495391845703,12.605880737304688,12.57343578338623,-0.03244495391845703,0.07847692603468265,0.0009801501631121884,1,0
M2_popmass,high,21,1.0,0.1,3,9.366029739379883,15.69538520693653,-0.010767936706542969,10.836793899536133,10.847561836242676,0.010767936706542969,0.07847692603468265,0.0009801501631121884,1,0
M0_balanced,high,21,1.0,0.2,3,9.453550338745117,15.675815151609289,-0.011705398559570312,10.663429260253906,10.675134658813477,0.011705398559570312,0.07837907575804645,0.0009789280463773516,1,1
M1_margin,high,21,1.0,0.2,3,9.453550338745117,15.675815151609289,0.031711578369140625,12.605880737304688,12.574169158935547,-0.031711578369140625,0.07837907575804645,0.0009789280463773516,1,1
M2_popmass,high,21,1.0,0.2,3,9.453550338745117,15.675815151609289,-0.011120796203613281,10.836793899536133,10.847914695739746,0.011120796203613281,0.07837907575804645,0.0009789280463773516,1,1
M0_balanced,high,21,1.0,0.4,3,9.453550338745117,15.675815151609289,-0.011705398559570312,10.663429260253906,10.675134658813477,0.011705398559570312,0.07837907575804645,0.0009789280463773516,1,1
M1_margin,high,21,1.0,0.4,3,9.453550338745117,15.675815151609289,0.031711578369140625,12.605880737304688,12.574169158935547,-0.031711578369140625,0.07837907575804645,0.0009789280463773516,1,1
M2_popmass,high,21,1.0,0.4,3,9.453550338745117,15.675815151609289,-0.011120796203613281,10.836793899536133,10.847914695739746,0.011120796203613281,0.07837907575804645,0.0009789280463773516,1,1
M0_balanced,high,21,1.0,0.1,4,9.221668243408203,15.668454599734424,-0.010557174682617188,10.663429260253906,10.673986434936523,0.010557174682617188,0.07834227299867212,0.0009784683924073708,1,0
M1_margin,high,21,1.0,0.1,4,9.221668243408203,15.668454599734424,0.03444862365722656,12.605880737304688,12.571432113647461,-0.03444862365722656,0.07834227299867212,0.0009784683924073708,1,0
M2_popmass,high,21,1.0,0.1,4,9.221668243408203,15.668454599734424,-0.009922981262207031,10.836793899536133,10.84671688079834,0.009922981262207031,0.07834227299867212,0.0009784683924073708,1,0
M0_balanced,high,21,1.0,0.2,4,9.243339538574219,15.666487419378909,-0.01055908203125,10.663429260253906,10.673988342285156,0.01055908203125,0.07833243709689454,0.0009783455453334757,1,1
M1_margin,high,21,1.0,0.2,4,9.243339538574219,15.666487419378909,0.03429222106933594,12.605880737304688,12.571588516235352,-0.03429222106933594,0.07833243709689454,0.0009783455453334757,1,1
M2_popmass,high,21,1.0,0.2,4,9.243339538574219,15.666487419378909,-0.0099334716796875,10.836793899536133,10.84672737121582,0.0099334716796875,0.07833243709689454,0.0009783455453334757,1,1
M0_balanced,high,21,1.0,0.4,4,9.243339538574219,15.666487419378909,-0.01055908203125,10.663429260253906,10.673988342285156,0.01055908203125,0.07833243709689454,0.0009783455453334757,1,1
M1_margin,high,21,1.0,0.4,4,9.243339538574219,15.666487419378909,0.03429222106933594,12.605880737304688,12.571588516235352,-0.03429222106933594,0.07833243709689454,0.0009783455453334757,1,1
M2_popmass,high,21,1.0,0.4,4,9.243339538574219,15.666487419378909,-0.0099334716796875,10.836793899536133,10.84672737121582,0.0099334716796875,0.07833243709689454,0.0009783455453334757,1,1
M0_balanced,high,22,1.0,0.1,0,8.18690299987793,15.560530764642488,0.018907546997070312,10.663429260253906,10.644521713256836,-0.018907546997070312,0.07780265382321244,0.0009717287321075839,1,0
M1_margin,high,22,1.0,0.1,0,8.18690299987793,15.560530764642488,0.038761138916015625,12.605880737304688,12.567119598388672,-0.038761138916015625,0.07780265382321244,0.0009717287321075839,1,0
M2_popmass,high,22,1.0,0.1,0,8.18690299987793,15.560530764642488,0.020093917846679688,10.836793899536133,10.816699981689453,-0.020093917846679688,0.07780265382321244,0.0009717287321075839,1,0
M0_balanced,high,22,1.0,0.2,0,8.18690299987793,15.560530764642488,0.018907546997070312,10.663429260253906,10.644521713256836,-0.018907546997070312,0.07780265382321244,0.0009717287321075839,1,0
M1_margin,high,22,1.0,0.2,0,8.18690299987793,15.560530764642488,0.038761138916015625,12.605880737304688,12.567119598388672,-0.038761138916015625,0.07780265382321244,0.0009717287321075839,1,0
M2_popmass,high,22,1.0,0.2,0,8.18690299987793,15.560530764642488,0.020093917846679688,10.836793899536133,10.816699981689453,-0.020093917846679688,0.07780265382321244,0.0009717287321075839,1,0
M0_balanced,high,22,1.0,0.4,0,8.18690299987793,15.560530764642488,0.018907546997070312,10.663429260253906,10.644521713256836,-0.018907546997070312,0.07780265382321244,0.0009717287321075839,1,0
M1_margin,high,22,1.0,0.4,0,8.18690299987793,15.560530764642488,0.038761138916015625,12.605880737304688,12.567119598388672,-0.038761138916015625,0.07780265382321244,0.0009717287321075839,1,0
M2_popmass,high,22,1.0,0.4,0,8.18690299987793,15.560530764642488,0.020093917846679688,10.836793899536133,10.816699981689453,-0.020093917846679688,0.07780265382321244,0.0009717287321075839,1,0
M0_balanced,high,22,1.0,0.1,1,8.300912857055664,15.569193490872868,0.018972396850585938,10.663429260253906,10.64445686340332,-0.018972396850585938,0.07784596745436434,0.0009722697046556135,1,1
M1_margin,high,22,1.0,0.1,1,8.300912857055664,15.569193490872868,0.03861522674560547,12.605880737304688,12.567265510559082,-0.03861522674560547,0.07784596745436434,0.0009722697046556135,1,1
M2_popmass,high,22,1.0,0.1,1,8.300912857055664,15.569193490872868,0.020165443420410156,10.836793899536133,10.816628456115723,-0.020165443420410156,0.07784596745436434,0.0009722697046556135,1,1
M0_balanced,high,22,1.0,0.2,1,8.300912857055664,15.569193490872868,0.018972396850585938,10.663429260253906,10.64445686340332,-0.018972396850585938,0.07784596745436434,0.0009722697046556135,1,1
M1_margin,high,22,1.0,0.2,1,8.300912857055664,15.569193490872868,0.03861522674560547,12.605880737304688,12.567265510559082,-0.03861522674560547,0.07784596745436434,0.0009722697046556135,1,1
M2_popmass,high,22,1.0,0.2,1,8.300912857055664,15.569193490872868,0.020165443420410156,10.836793899536133,10.816628456115723,-0.020165443420410156,0.07784596745436434,0.0009722697046556135,1,1
M0_balanced,high,22,1.0,0.4,1,8.495010375976562,15.521407850642976,0.018827438354492188,10.663429260253906,10.644601821899414,-0.018827438354492188,0.07760703925321488,0.0009692855725398214,1,2
M1_margin,high,22,1.0,0.4,1,8.495010375976562,15.521407850642976,0.03704261779785156,12.605880737304688,12.568838119506836,-0.03704261779785156,0.07760703925321488,0.0009692855725398214,1,2
M2_popmass,high,22,1.0,0.4,1,8.495010375976562,15.521407850642976,0.019971847534179688,10.836793899536133,10.816822052001953,-0.019971847534179688,0.07760703925321488,0.0009692855725398214,1,2
M0_balanced,high,22,1.0,0.1,2,8.302501678466797,15.569116717635335,0.018962860107421875,10.663429260253906,10.644466400146484,-0.018962860107421875,0.07784558358817668,0.000972264910297253,1,1
M1_margin,high,22,1.0,0.1,2,8.302501678466797,15.569116717635335,0.03857994079589844,12.605880737304688,12.567300796508789,-0.03857994079589844,0.07784558358817668,0.000972264910297253,1,1
M2_popmass,high,22,1.0,0.1,2,8.302501678466797,15.569116717635335,0.020155906677246094,10.836793899536133,10.816637992858887,-0.020155906677246094,0.07784558358817668,0.000972264910297253,1,1
M0_balanced,high,22,1.0,0.2,2,8.302501678466797,15.569116717635335,0.018962860107421875,10.663429260253906,10.644466400146484,-0.018962860107421875,0.07784558358817668,0.000972264910297253,1,1
M1_margin,high,22,1.0,0.2,2,8.302501678466797,15.569116717635335,0.03857994079589844,12.605880737304688,12.567300796508789,-0.03857994079589844,0.07784558358817668,0.000972264910297253,1,1
M2_popmass,high,22,1.0,0.2,2,8.302501678466797,15.569116717635335,0.020155906677246094,10.836793899536133,10.816637992858887,-0.020155906677246094,0.07784558358817668,0.000972264910297253,1,1
M0_balanced,high,22,1.0,0.4,2,8.496779441833496,15.52128191384061,0.018819808959960938,10.663429260253906,10.644609451293945,-0.018819808959960938,0.07760640956920305,0.0009692777080002925,1,2
M1_margin,high,22,1.0,0.4,2,8.496779441833496,15.52128191384061,0.03701591491699219,12.605880737304688,12.568864822387695,-0.03701591491699219,0.07760640956920305,0.0009692777080002925,1,2
M2_popmass,high,22,1.0,0.4,2,8.496779441833496,15.52128191384061,0.019964218139648438,10.836793899536133,10.816829681396484,-0.019964218139648438,0.07760640956920305,0.0009692777080002925,1,2
M0_balanced,high,22,1.0,0.1,3,8.255817413330078,15.567691904573827,0.019311904907226562,10.663429260253906,10.64411735534668,-0.019311904907226562,0.07783845952286914,0.000972175933140195,1,0
M1_margin,high,22,1.0,0.1,3,8.255817413330078,15.567691904573827,0.039974212646484375,12.605880737304688,12.565906524658203,-0.039974212646484375,0.07783845952286914,0.000972175933140195,1,0
M2_popmass,high,22,1.0,0.1,3,8.255817413330078,15.567691904573827,0.020531654357910156,10.836793899536133,10.816262245178223,-0.020531654357910156,0.07783845952286914,0.000972175933140195,1,0
M0_balanced,high,22,1.0,0.2,3,8.255817413330078,15.567691904573827,0.019311904907226562,10.663429260253906,10.64411735534668,-0.019311904907226562,0.07783845952286914,0.000972175933140195,1,0
M1_margin,high,22,1.0,0.2,3,8.255817413330078,15.567691904573827,0.039974212646484375,12.605880737304688,12.565906524658203,-0.039974212646484375,0.07783845952286914,0.000972175933140195,1,0
M2_popmass,high,22,1.0,0.2,3,8.255817413330078,15.567691904573827,0.020531654357910156,10.836793899536133,10.816262245178223,-0.020531654357910156,0.07783845952286914,0.000972175933140195,1,0
M0_balanced,high,22,1.0,0.4,3,8.360422134399414,15.559637698733448,0.0189056396484375,10.663429260253906,10.644523620605469,-0.0189056396484375,0.07779818849366725,0.0009716729616575521,1,1
M1_margin,high,22,1.0,0.4,3,8.360422134399414,15.559637698733448,0.03824043273925781,12.605880737304688,12.56764030456543,-0.03824043273925781,0.07779818849366725,0.0009716729616575521,1,1
M2_popmass,high,22,1.0,0.4,3,8.360422134399414,15.559637698733448,0.02008342742919922,10.836793899536133,10.816710472106934,-0.02008342742919922,0.07779818849366725,0.0009716729616575521,1,1
M0_balanced,high,22,1.0,0.1,4,8.254557609558105,15.568530958574918,0.01931476593017578,10.663429260253906,10.64411449432373,-0.01931476593017578,0.0778426547928746,0.0009722283306382613,1,0
M1_margin,high,22,1.0,0.1,4,8.254557609558105,15.568530958574918,0.039989471435546875,12.605880737304688,12.56589126586914,-0.039989471435546875,0.0778426547928746,0.0009722283306382613,1,0
M2_popmass,high,22,1.0,0.1,4,8.254557609558105,15.568530958574918,0.020534515380859375,10.836793899536133,10.816259384155273,-0.020534515380859375,0.0778426547928746,0.0009722283306382613,1,0
M0_balanced,high,22,1.0,0.2,4,8.254557609558105,15.568530958574918,0.01931476593017578,10.663429260253906,10.64411449432373,-0.01931476593017578,0.0778426547928746,0.0009722283306382613,1,0
M1_margin,high,22,1.0,0.2,4,8.254557609558105,15.568530958574918,0.039989471435546875,12.605880737304688,12.56589126586914,-0.039989471435546875,0.0778426547928746,0.0009722283306382613,1,0
M2_popmass,high,22,1.0,0.2,4,8.254557609558105,15.568530958574918,0.020534515380859375,10.836793899536133,10.816259384155273,-0.020534515380859375,0.0778426547928746,0.0009722283306382613,1,0
M0_balanced,high,22,1.0,0.4,4,8.254557609558105,15.568530958574918,0.01931476593017578,10.663429260253906,10.64411449432373,-0.01931476593017578,0.0778426547928746,0.0009722283306382613,1,0
M1_margin,high,22,1.0,0.4,4,8.254557609558105,15.568530958574918,0.039989471435546875,12.605880737304688,12.56589126586914,-0.039989471435546875,0.0778426547928746,0.0009722283306382613,1,0
M2_popmass,high,22,1.0,0.4,4,8.254557609558105,15.568530958574918,0.020534515380859375,10.836793899536133,10.816259384155273,-0.020534515380859375,0.0778426547928746,0.0009722283306382613,1,0
M0_balanced,high,23,0.75,0.1,0,8.783415794372559,21.077828378065906,-0.20020294189453125,10.663429260253906,10.863632202148438,0.20020294189453125,0.10538914189032954,0.0013162746024023442,1,0
M1_margin,high,23,0.75,0.1,0,8.783415794372559,21.077828378065906,-0.3209400177001953,12.605880737304688,12.926820755004883,0.3209400177001953,0.10538914189032954,0.0013162746024023442,1,0
M2_popmass,high,23,0.75,0.1,0,8.783415794372559,21.077828378065906,-0.19875144958496094,10.836793899536133,11.035545349121094,0.19875144958496094,0.10538914189032954,0.0013162746024023442,1,0
M0_balanced,high,23,0.75,0.2,0,8.783415794372559,21.077828378065906,-0.20020294189453125,10.663429260253906,10.863632202148438,0.20020294189453125,0.10538914189032954,0.0013162746024023442,1,0
M1_margin,high,23,0.75,0.2,0,8.783415794372559,21.077828378065906,-0.3209400177001953,12.605880737304688,12.926820755004883,0.3209400177001953,0.10538914189032954,0.0013162746024023442,1,0
M2_popmass,high,23,0.75,0.2,0,8.783415794372559,21.077828378065906,-0.19875144958496094,10.836793899536133,11.035545349121094,0.19875144958496094,0.10538914189032954,0.0013162746024023442,1,0
M0_balanced,high,23,0.75,0.4,0,8.734941482543945,21.05086521721646,-0.20040512084960938,10.663429260253906,10.863834381103516,0.20040512084960938,0.10525432608608232,0.0013145907987775103,1,1
M1_margin,high,23,0.75,0.4,0,8.734941482543945,21.05086521721646,-0.3217620849609375,12.605880737304688,12.927642822265625,0.3217620849609375,0.10525432608608232,0.0013145907987775103,1,1
M2_popmass,high,23,0.75,0.4,0,8.734941482543945,21.05086521721646,-0.19896411895751953,10.836793899536133,11.035758018493652,0.19896411895751953,0.10525432608608232,0.0013145907987775103,1,1
M0_balanced,high,23,0.75,0.1,1,8.865832328796387,21.071785963645993,-0.20016860961914062,10.663429260253906,10.863597869873047,0.20016860961914062,0.10535892981822997,0.0013158972638788748,1,0
M1_margin,high,23,0.75,0.1,1,8.865832328796387,21.071785963645993,-0.3212852478027344,12.605880737304688,12.927165985107422,0.3212852478027344,0.10535892981822997,0.0013158972638788748,1,0
M2_popmass,high,23,0.75,0.1,1,8.865832328796387,21.071785963645993,-0.19873809814453125,10.836793899536133,11.035531997680664,0.19873809814453125,0.10535892981822997,0.0013158972638788748,1,0
M0_balanced,high,23,0.75,0.2,1,8.80611801147461,21.056039070620884,-0.20044898986816406,10.663429260253906,10.86387825012207,0.20044898986816406,0.10528019535310441,0.0013149138971399526,1,1
M1_margin,high,23,0.75,0.2,1,8.80611801147461,21.056039070620884,-0.3222637176513672,12.605880737304688,12.928144454956055,0.3222637176513672,0.10528019535310441,0.0013149138971399526,1,1
M2_popmass,high,23,0.75,0.2,1,8.80611801147461,21.056039070620884,-0.19903182983398438,10.836793899536133,11.035825729370117,0.19903182983398438,0.10528019535310441,0.0013149138971399526,1,1
M0_balanced,high,23,0.75,0.4,1,8.80611801147461,21.056039070620884,-0.20044898986816406,10.663429260253906,10.86387825012207,0.20044898986816406,0.10528019535310441,0.0013149138971399526,1,1
M1_margin,high,23,0.75,0.4,1,8.80611801147461,21.056039070620884,-0.3222637176513672,12.605880737304688,12.928144454956055,0.3222637176513672,0.10528019535310441,0.0013149138971399526,1,1
M2_popmass,high,23,0.75,0.4,1,8.80611801147461,21.056039070620884,-0.19903182983398438,10.836793899536133,11.035825729370117,0.19903182983398438,0.10528019535310441,0.0013149138971399526,1,1
M0_balanced,high,23,0.75,0.1,2,8.784452438354492,21.07860806226163,-0.2002096176147461,10.663429260253906,10.863638877868652,0.2002096176147461,0.10539304031130815,0.001316323292356846,1,0
M1_margin,high,23,0.75,0.1,2,8.784452438354492,21.07860806226163,-0.32094764709472656,12.605880737304688,12.926828384399414,0.32094764709472656,0.10539304031130815,0.001316323292356846,1,0
M2_popmass,high,23,0.75,0.1,2,8.784452438354492,21.07860806226163,-0.19875812530517578,10.836793899536133,11.035552024841309,0.19875812530517578,0.10539304031130815,0.001316323292356846,1,0
M0_balanced,high,23,0.75,0.2,2,8.784452438354492,21.07860806226163,-0.2002096176147461,10.663429260253906,10.863638877868652,0.2002096176147461,0.10539304031130815,0.001316323292356846,1,0
M1_margin,high,23,0.75,0.2,2,8.784452438354492,21.07860806226163,-0.32094764709472656,12.605880737304688,12.926828384399414,0.32094764709472656,0.10539304031130815,0.001316323292356846,1,0
M2_popmass,high,23,0.75,0.2,2,8.784452438354492,21.07860806226163,-0.19875812530517578,10.836793899536133,11.035552024841309,0.19875812530517578,0.10539304031130815,0.001316323292356846,1,0
M0_balanced,high,23,0.75,0.4,2,8.784452438354492,21.07860806226163,-0.2002096176147461,10.663429260253906,10.863638877868652,0.2002096176147461,0.10539304031130815,0.001316323292356846,1,0
M1_margin,high,23,0.75,0.4,2,8.784452438354492,21.07860806226163,-0.32094764709472656,12.605880737304688,12.926828384399414,0.32094764709472656,0.10539304031130815,0.001316323292356846,1,0
M2_popmass,high,23,0.75,0.4,2,8.784452438354492,21.07860806226163,-0.19875812530517578,10.836793899536133,11.035552024841309,0.19875812530517578,0.10539304031130815,0.001316323292356846,1,0
M0_balanced,high,23,0.75,0.1,3,8.736671447753906,21.051675559234784,-0.2004108428955078,10.663429260253906,10.863840103149414,0.2004108428955078,0.10525837779617392,0.0013146414032609915,1,1
M1_margin,high,23,0.75,0.1,3,8.736671447753906,21.051675559234784,-0.32177162170410156,12.605880737304688,12.927652359008789,0.32177162170410156,0.10525837779617392,0.0013146414032609915,1,1
M2_popmass,high,23,0.75,0.1,3,8.736671447753906,21.051675559234784,-0.19896984100341797,10.836793899536133,11.03576374053955,0.19896984100341797,0.10525837779617392,0.0013146414032609915,1,1
M0_balanced,high,23,0.75,0.2,3,8.736671447753906,21.051675559234784,-0.2004108428955078,10.663429260253906,10.863840103149414,0.2004108428955078,0.10525837779617392,0.0013146414032609915,1,1
M1_margin,high,23,0.75,0.2,3,8.736671447753906,21.051675559234784,-0.32177162170410156,12.605880737304688,12.927652359008789,0.32177162170410156,0.10525837779617392,0.0013146414032609915,1,1
M2_popmass,high,23,0.75,0.2,3,8.736671447753906,21.051675559234784,-0.19896984100341797,10.836793899536133,11.03576374053955,0.19896984100341797,0.10525837779617392,0.0013146414032609915,1,1
M0_balanced,high,23,0.75,0.4,3,8.728591918945312,21.058242068318016,-0.20071029663085938,10.663429260253906,10.864139556884766,0.20071029663085938,0.10529121034159009,0.0013150514706065297,1,2
M1_margin,high,23,0.75,0.4,3,8.728591918945312,21.058242068318016,-0.32254600524902344,12.605880737304688,12.928426742553711,0.32254600524902344,0.10529121034159009,0.0013150514706065297,1,2
M2_popmass,high,23,0.75,0.4,3,8.728591918945312,21.058242068318016,-0.1992807388305664,10.836793899536133,11.0360746383667,0.1992807388305664,0.10529121034159009,0.0013150514706065297,1,2
M0_balanced,high,23,0.75,0.1,4,8.782767295837402,21.078345887996413,-0.20021343231201172,10.663429260253906,10.863642692565918,0.20021343231201172,0.10539172943998207,0.0013163069200190264,1,0
M1_margin,high,23,0.75,0.1,4,8.782767295837402,21.078345887996413,-0.3209552764892578,12.605880737304688,12.926836013793945,0.3209552764892578,0.10539172943998207,0.0013163069200190264,1,0
M2_popmass,high,23,0.75,0.1,4,8.782767295837402,21.078345887996413,-0.1987619400024414,10.836793899536133,11.035555839538574,0.1987619400024414,0.10539172943998207,0.0013163069200190264,1,0
M0_balanced,high,23,0.75,0.2,4,8.782767295837402,21.078345887996413,-0.20021343231201172,10.663429260253906,10.863642692565918,0.20021343231201172,0.10539172943998207,0.0013163069200190264,1,0
M1_margin,high,23,0.75,0.2,4,8.782767295837402,21.078345887996413,-0.3209552764892578,12.605880737304688,12.926836013793945,0.3209552764892578,0.10539172943998207,0.0013163069200190264,1,0
M2_popmass,high,23,0.75,0.2,4,8.782767295837402,21.078345887996413,-0.1987619400024414,10.836793899536133,11.035555839538574,0.1987619400024414,0.10539172943998207,0.0013163069200190264,1,0
M0_balanced,high,23,0.75,0.4,4,8.782767295837402,21.078345887996413,-0.20021343231201172,10.663429260253906,10.863642692565918,0.20021343231201172,0.10539172943998207,0.0013163069200190264,1,0
M1_margin,high,23,0.75,0.4,4,8.782767295837402,21.078345887996413,-0.3209552764892578,12.605880737304688,12.926836013793945,0.3209552764892578,0.10539172943998207,0.0013163069200190264,1,0
M2_popmass,high,23,0.75,0.4,4,8.782767295837402,21.078345887996413,-0.1987619400024414,10.836793899536133,11.035555839538574,0.1987619400024414,0.10539172943998207,0.0013163069200190264,1,0
M0_balanced,high,24,0.875,0.1,0,10.361045837402344,15.208746619887773,0.020137786865234375,10.663429260253906,10.643291473388672,-0.020137786865234375,0.07604373309943886,0.0009497604094244788,1,0
M1_margin,high,24,0.875,0.1,0,10.361045837402344,15.208746619887773,0.07462215423583984,12.605880737304688,12.531258583068848,-0.07462215423583984,0.07604373309943886,0.0009497604094244788,1,0
M2_popmass,high,24,0.875,0.1,0,10.361045837402344,15.208746619887773,0.021615028381347656,10.836793899536133,10.815178871154785,-0.021615028381347656,0.07604373309943886,0.0009497604094244788,1,0
M0_balanced,high,24,0.875,0.2,0,10.361045837402344,15.208746619887773,0.020137786865234375,10.663429260253906,10.643291473388672,-0.020137786865234375,0.07604373309943886,0.0009497604094244788,1,0
M1_margin,high,24,0.875,0.2,0,10.361045837402344,15.208746619887773,0.07462215423583984,12.605880737304688,12.531258583068848,-0.07462215423583984,0.07604373309943886,0.0009497604094244788,1,0
M2_popmass,high,24,0.875,0.2,0,10.361045837402344,15.208746619887773,0.021615028381347656,10.836793899536133,10.815178871154785,-0.021615028381347656,0.07604373309943886,0.0009497604094244788,1,0
M0_balanced,high,24,0.875,0.4,0,10.361045837402344,15.208746619887773,0.020137786865234375,10.663429260253906,10.643291473388672,-0.020137786865234375,0.07604373309943886,0.0009497604094244788,1,0
M1_margin,high,24,0.875,0.4,0,10.361045837402344,15.208746619887773,0.07462215423583984,12.605880737304688,12.531258583068848,-0.07462215423583984,0.07604373309943886,0.0009497604094244788,1,0
M2_popmass,high,24,0.875,0.4,0,10.361045837402344,15.208746619887773,0.021615028381347656,10.836793899536133,10.815178871154785,-0.021615028381347656,0.07604373309943886,0.0009497604094244788,1,0
M0_balanced,high,24,0.875,0.1,1,10.363945007324219,15.20859051195195,0.0201416015625,10.663429260253906,10.643287658691406,-0.0201416015625,0.07604295255975975,0.0009497506607488814,1,0
M1_margin,high,24,0.875,0.1,1,10.363945007324219,15.20859051195195,0.07463264465332031,12.605880737304688,12.531248092651367,-0.07463264465332031,0.07604295255975975,0.0009497506607488814,1,0
M2_popmass,high,24,0.875,0.1,1,10.363945007324219,15.20859051195195,0.02161884307861328,10.836793899536133,10.81517505645752,-0.02161884307861328,0.07604295255975975,0.0009497506607488814,1,0
M0_balanced,high,24,0.875,0.2,1,10.363945007324219,15.20859051195195,0.0201416015625,10.663429260253906,10.643287658691406,-0.0201416015625,0.07604295255975975,0.0009497506607488814,1,0
M1_margin,high,24,0.875,0.2,1,10.363945007324219,15.20859051195195,0.07463264465332031,12.605880737304688,12.531248092651367,-0.07463264465332031,0.07604295255975975,0.0009497506607488814,1,0
M2_popmass,high,24,0.875,0.2,1,10.363945007324219,15.20859051195195,0.02161884307861328,10.836793899536133,10.81517505645752,-0.02161884307861328,0.07604295255975975,0.0009497506607488814,1,0
M0_balanced,high,24,0.875,0.4,1,10.331506729125977,15.19821874269761,0.020158767700195312,10.663429260253906,10.643270492553711,-0.020158767700195312,0.07599109371348806,0.0009491029613651217,1,1
M1_margin,high,24,0.875,0.4,1,10.331506729125977,15.19821874269761,0.07465744018554688,12.605880737304688,12.53122329711914,-0.07465744018554688,0.07599109371348806,0.0009491029613651217,1,1
M2_popmass,high,24,0.875,0.4,1,10.331506729125977,15.19821874269761,0.021636009216308594,10.836793899536133,10.815157890319824,-0.021636009216308594,0.07599109371348806,0.0009491029613651217,1,1
M0_balanced,high,24,0.875,0.1,2,10.306385040283203,15.237227806118353,0.02042102813720703,10.663429260253906,10.6430082321167,-0.02042102813720703,0.07618613903059177,0.0009515390111575025,1,1
M1_margin,high,24,0.875,0.1,2,10.306385040283203,15.237227806118353,0.07535076141357422,12.605880737304688,12.530529975891113,-0.07535076141357422,0.07618613903059177,0.0009515390111575025,1,1
M2_popmass,high,24,0.875,0.1,2,10.306385040283203,15.237227806118353,0.02191162109375,10.836793899536133,10.814882278442383,-0.02191162109375,0.07618613903059177,0.0009515390111575025,1,1
M0_balanced,high,24,0.875,0.2,2,10.306385040283203,15.237227806118353,0.02042102813720703,10.663429260253906,10.6430082321167,-0.02042102813720703,0.07618613903059177,0.0009515390111575025,1,1
M1_margin,high,24,0.875,0.2,2,10.306385040283203,15.237227806118353,0.07535076141357422,12.605880737304688,12.530529975891113,-0.07535076141357422,0.07618613903059177,0.0009515390111575025,1,1
M2_popmass,high,24,0.875,0.2,2,10.306385040283203,15.237227806118353,0.02191162109375,10.836793899536133,10.814882278442383,-0.02191162109375,0.07618613903059177,0.0009515390111575025,1,1
M0_balanced,high,24,0.875,0.4,2,10.139967918395996,15.218318273069029,0.02006816864013672,10.663429260253906,10.64336109161377,-0.02006816864013672,0.07609159136534514,0.0009503581429176788,1,3
M1_margin,high,24,0.875,0.4,2,10.139967918395996,15.218318273069029,0.07439517974853516,12.605880737304688,12.531485557556152,-0.07439517974853516,0.07609159136534514,0.0009503581429176788,1,3
M2_popmass,high,24,0.875,0.4,2,10.139967918395996,15.218318273069029,0.021535873413085938,10.836793899536133,10.815258026123047,-0.021535873413085938,0.07609159136534514,0.0009503581429176788,1,3
M0_balanced,high,24,0.875,0.1,3,10.260391235351562,15.233106735442425,0.019639968872070312,10.663429260253906,10.643789291381836,-0.019639968872070312,0.07616553367721213,0.0009512816572893462,1,0
M1_margin,high,24,0.875,0.1,3,10.260391235351562,15.233106735442425,0.07277774810791016,12.605880737304688,12.533102989196777,-0.07277774810791016,0.07616553367721213,0.0009512816572893462,1,0
M2_popmass,high,24,0.875,0.1,3,10.260391235351562,15.233106735442425,0.021085739135742188,10.836793899536133,10.81570816040039,-0.021085739135742188,0.07616553367721213,0.0009512816572893462,1,0
M0_balanced,high,24,0.875,0.2,3,10.260391235351562,15.233106735442425,0.019639968872070312,10.663429260253906,10.643789291381836,-0.019639968872070312,0.07616553367721213,0.0009512816572893462,1,0
M1_margin,high,24,0.875,0.2,3,10.260391235351562,15.233106735442425,0.07277774810791016,12.605880737304688,12.533102989196777,-0.07277774810791016,0.07616553367721213,0.0009512816572893462,1,0
M2_popmass,high,24,0.875,0.2,3,10.260391235351562,15.233106735442425,0.021085739135742188,10.836793899536133,10.81570816040039,-0.021085739135742188,0.07616553367721213,0.0009512816572893462,1,0
M0_balanced,high,24,0.875,0.4,3,10.176071166992188,15.201811476253084,0.01938152313232422,10.663429260253906,10.644047737121582,-0.01938152313232422,0.07600905738126543,0.0009493273214769628,1,2
M1_margin,high,24,0.875,0.4,3,10.176071166992188,15.201811476253084,0.07211017608642578,12.605880737304688,12.533770561218262,-0.07211017608642578,0.07600905738126543,0.0009493273214769628,1,2
M2_popmass,high,24,0.875,0.4,3,10.176071166992188,15.201811476253084,0.020814895629882812,10.836793899536133,10.81597900390625,-0.020814895629882812,0.07600905738126543,0.0009493273214769628,1,2
M0_balanced,high,24,0.875,0.1,4,10.259441375732422,15.210254519782776,0.020265579223632812,10.663429260253906,10.643163681030273,-0.020265579223632812,0.07605127259891388,0.0009498545752132478,1,1
M1_margin,high,24,0.875,0.1,4,10.259441375732422,15.210254519782776,0.07481002807617188,12.605880737304688,12.531070709228516,-0.07481002807617188,0.07605127259891388,0.0009498545752132478,1,1
M2_popmass,high,24,0.875,0.1,4,10.259441375732422,15.210254519782776,0.021747589111328125,10.836793899536133,10.815046310424805,-0.021747589111328125,0.07605127259891388,0.0009498545752132478,1,1
M0_balanced,high,24,0.875,0.2,4,10.259441375732422,15.210254519782776,0.020265579223632812,10.663429260253906,10.643163681030273,-0.020265579223632812,0.07605127259891388,0.0009498545752132478,1,1
M1_margin,high,24,0.875,0.2,4,10.259441375732422,15.210254519782776,0.07481002807617188,12.605880737304688,12.531070709228516,-0.07481002807617188,0.07605127259891388,0.0009498545752132478,1,1
M2_popmass,high,24,0.875,0.2,4,10.259441375732422,15.210254519782776,0.021747589111328125,10.836793899536133,10.815046310424805,-0.021747589111328125,0.07605127259891388,0.0009498545752132478,1,1
M0_balanced,high,24,0.875,0.4,4,10.267231941223145,15.212045642696696,0.020272254943847656,10.663429260253906,10.643157005310059,-0.020272254943847656,0.07606022821348347,0.0009499664277987744,1,2
M1_margin,high,24,0.875,0.4,4,10.267231941223145,15.212045642696696,0.07485198974609375,12.605880737304688,12.531028747558594,-0.07485198974609375,0.07606022821348347,0.0009499664277987744,1,2
M2_popmass,high,24,0.875,0.4,4,10.267231941223145,15.212045642696696,0.021752357482910156,10.836793899536133,10.815041542053223,-0.021752357482910156,0.07606022821348347,0.0009499664277987744,1,2
M0_balanced,high,25,0.75,0.1,0,9.15868854522705,15.801604571712124,0.051941871643066406,10.663429260253906,10.61148738861084,-0.051941871643066406,0.07900802285856062,0.0009867833821340741,1,0
M1_margin,high,25,0.75,0.1,0,9.15868854522705,15.801604571712124,0.10017681121826172,12.605880737304688,12.505703926086426,-0.10017681121826172,0.07900802285856062,0.0009867833821340741,1,0
M2_popmass,high,25,0.75,0.1,0,9.15868854522705,15.801604571712124,0.053132057189941406,10.836793899536133,10.783661842346191,-0.053132057189941406,0.07900802285856062,0.0009867833821340741,1,0
M0_balanced,high,25,0.75,0.2,0,9.242191314697266,15.885614758709089,0.051636695861816406,10.663429260253906,10.61179256439209,-0.051636695861816406,0.07942807379354544,0.000992029675703968,1,1
M1_margin,high,25,0.75,0.2,0,9.242191314697266,15.885614758709089,0.09891128540039062,12.605880737304688,12.506969451904297,-0.09891128540039062,0.07942807379354544,0.000992029675703968,1,1
M2_popmass,high,25,0.75,0.2,0,9.242191314697266,15.885614758709089,0.05279731750488281,10.836793899536133,10.78399658203125,-0.05279731750488281,0.07942807379354544,0.000992029675703968,1,1
M0_balanced,high,25,0.75,0.4,0,9.250444412231445,15.820204620664065,0.05167961120605469,10.663429260253906,10.611749649047852,-0.05167961120605469,0.07910102310332033,0.0009879449236173683,1,2
M1_margin,high,25,0.75,0.4,0,9.250444412231445,15.820204620664065,0.09893989562988281,12.605880737304688,12.506940841674805,-0.09893989562988281,0.07910102310332033,0.0009879449236173683,1,2
M2_popmass,high,25,0.75,0.4,0,9.250444412231445,15.820204620664065,0.05283832550048828,10.836793899536133,10.783955574035645,-0.05283832550048828,0.07910102310332033,0.0009879449236173683,1,2
M0_balanced,high,25,0.75,0.1,1,9.320244789123535,15.777965717017874,0.05160331726074219,10.663429260253906,10.611825942993164,-0.05160331726074219,0.07888982858508937,0.0009853071757855917,1,0
M1_margin,high,25,0.75,0.1,1,9.320244789123535,15.777965717017874,0.09877681732177734,12.605880737304688,12.50710391998291,-0.09877681732177734,0.07888982858508937,0.0009853071757855917,1,0
M2_popmass,high,25,0.75,0.1,1,9.320244789123535,15.777965717017874,0.05276775360107422,10.836793899536133,10.784026145935059,-0.05276775360107422,0.07888982858508937,0.0009853071757855917,1,0
M0_balanced,high,25,0.75,0.2,1,9.435394287109375,15.746631877011627,0.05104827880859375,10.663429260253906,10.612380981445312,-0.05104827880859375,0.07873315938505814,0.0009833504306666838,1,2
M1_margin,high,25,0.75,0.2,1,9.435394287109375,15.746631877011627,0.09675216674804688,12.605880737304688,12.50912857055664,-0.09675216674804688,0.07873315938505814,0.0009833504306666838,1,2
M2_popmass,high,25,0.75,0.2,1,9.435394287109375,15.746631877011627,0.05216407775878906,10.836793899536133,10.784629821777344,-0.05216407775878906,0.07873315938505814,0.0009833504306666838,1,2
M0_balanced,high,25,0.75,0.4,1,9.508609771728516,15.758194216851518,0.050968170166015625,10.663429260253906,10.61246109008789,-0.050968170166015625,0.07879097108425759,0.0009840724791625064,1,3
M1_margin,high,25,0.75,0.4,1,9.508609771728516,15.758194216851518,0.09646415710449219,12.605880737304688,12.509416580200195,-0.09646415710449219,0.07879097108425759,0.0009840724791625064,1,3
M2_popmass,high,25,0.75,0.4,1,9.508609771728516,15.758194216851518,0.05208110809326172,10.836793899536133,10.784712791442871,-0.05208110809326172,0.07879097108425759,0.0009840724791625064,1,3
M0_balanced,high,25,0.75,0.1,2,9.516016006469727,15.81987621946373,0.051090240478515625,10.663429260253906,10.61233901977539,-0.051090240478515625,0.07909938109731865,0.0009879244155198714,1,3
M1_margin,high,25,0.75,0.1,2,9.516016006469727,15.81987621946373,0.09674930572509766,12.605880737304688,12.50913143157959,-0.09674930572509766,0.07909938109731865,0.0009879244155198714,1,3
M2_popmass,high,25,0.75,0.1,2,9.516016006469727,15.81987621946373,0.052206993103027344,10.836793899536133,10.784586906433105,-0.052206993103027344,0.07909938109731865,0.0009879244155198714,1,3
M0_balanced,high,25,0.75,0.2,2,9.516016006469727,15.81987621946373,0.051090240478515625,10.663429260253906,10.61233901977539,-0.051090240478515625,0.07909938109731865,0.0009879244155198714,1,3
M1_margin,high,25,0.75,0.2,2,9.516016006469727,15.81987621946373,0.09674930572509766,12.605880737304688,12.50913143157959,-0.09674930572509766,0.07909938109731865,0.0009879244155198714,1,3
M2_popmass,high,25,0.75,0.2,2,9.516016006469727,15.81987621946373,0.052206993103027344,10.836793899536133,10.784586906433105,-0.052206993103027344,0.07909938109731865,0.0009879244155198714,1,3
M0_balanced,high,25,0.75,0.4,2,9.516016006469727,15.81987621946373,0.051090240478515625,10.663429260253906,10.61233901977539,-0.051090240478515625,0.07909938109731865,0.0009879244155198714,1,3
M1_margin,high,25,0.75,0.4,2,9.516016006469727,15.81987621946373,0.09674930572509766,12.605880737304688,12.50913143157959,-0.09674930572509766,0.07909938109731865,0.0009879244155198714,1,3
M2_popmass,high,25,0.75,0.4,2,9.516016006469727,15.81987621946373,0.052206993103027344,10.836793899536133,10.784586906433105,-0.052206993103027344,0.07909938109731865,0.0009879244155198714,1,3
M0_balanced,high,25,0.75,0.1,3,9.157958984375,15.80149543539687,0.05193805694580078,10.663429260253906,10.611491203308105,-0.05193805694580078,0.07900747717698435,0.0009867765667564462,1,0
M1_margin,high,25,0.75,0.1,3,9.157958984375,15.80149543539687,0.10014724731445312,12.605880737304688,12.505733489990234,-0.10014724731445312,0.07900747717698435,0.0009867765667564462,1,0
M2_popmass,high,25,0.75,0.1,3,9.157958984375,15.80149543539687,0.053127288818359375,10.836793899536133,10.783666610717773,-0.053127288818359375,0.07900747717698435,0.0009867765667564462,1,0
M0_balanced,high,25,0.75,0.2,3,9.241825103759766,15.876270250040125,0.0516357421875,10.663429260253906,10.611793518066406,-0.0516357421875,0.07938135125020063,0.0009914461269999808,1,1
M1_margin,high,25,0.75,0.2,3,9.241825103759766,15.876270250040125,0.09893417358398438,12.605880737304688,12.506946563720703,-0.09893417358398438,0.07938135125020063,0.0009914461269999808,1,1
M2_popmass,high,25,0.75,0.2,3,9.241825103759766,15.876270250040125,0.05279827117919922,10.836793899536133,10.783995628356934,-0.05279827117919922,0.07938135125020063,0.0009914461269999808,1,1
M0_balanced,high,25,0.75,0.4,3,9.241825103759766,15.876270250040125,0.0516357421875,10.663429260253906,10.611793518066406,-0.0516357421875,0.07938135125020063,0.0009914461269999808,1,1
M1_margin,high,25,0.75,0.4,3,9.241825103759766,15.876270250040125,0.09893417358398438,12.605880737304688,12.506946563720703,-0.09893417358398438,0.07938135125020063,0.0009914461269999808,1,1
M2_popmass,high,25,0.75,0.4,3,9.241825103759766,15.876270250040125,0.05279827117919922,10.836793899536133,10.783995628356934,-0.05279827117919922,0.07938135125020063,0.0009914461269999808,1,1
M0_balanced,high,25,0.75,0.1,4,9.211069107055664,15.819056951232653,0.0515899658203125,10.663429260253906,10.611839294433594,-0.0515899658203125,0.07909528475616327,0.000987873253609556,1,1
M1_margin,high,25,0.75,0.1,4,9.211069107055664,15.819056951232653,0.09877586364746094,12.605880737304688,12.507104873657227,-0.09877586364746094,0.07909528475616327,0.000987873253609556,1,1
M2_popmass,high,25,0.75,0.1,4,9.211069107055664,15.819056951232653,0.052750587463378906,10.836793899536133,10.784043312072754,-0.052750587463378906,0.07909528475616327,0.000987873253609556,1,1
M0_balanced,high,25,0.75,0.2,4,9.211069107055664,15.819056951232653,0.0515899658203125,10.663429260253906,10.611839294433594,-0.0515899658203125,0.07909528475616327,0.000987873253609556,1,1
M1_margin,high,25,0.75,0.2,4,9.211069107055664,15.819056951232653,0.09877586364746094,12.605880737304688,12.507104873657227,-0.09877586364746094,0.07909528475616327,0.000987873253609556,1,1
M2_popmass,high,25,0.75,0.2,4,9.211069107055664,15.819056951232653,0.052750587463378906,10.836793899536133,10.784043312072754,-0.052750587463378906,0.07909528475616327,0.000987873253609556,1,1
M0_balanced,high,25,0.75,0.4,4,9.345333099365234,15.833984651294585,0.051116943359375,10.663429260253906,10.612312316894531,-0.051116943359375,0.07916992325647293,0.0009888054631385153,1,4
M1_margin,high,25,0.75,0.4,4,9.345333099365234,15.833984651294585,0.09696292877197266,12.605880737304688,12.508917808532715,-0.09696292877197266,0.07916992325647293,0.0009888054631385153,1,4
M2_popmass,high,25,0.75,0.4,4,9.345333099365234,15.833984651294585,0.05223846435546875,10.836793899536133,10.784555435180664,-0.05223846435546875,0.07916992325647293,0.0009888054631385153,1,4
M0_balanced,high,26,0.75,0.1,0,9.01871109008789,16.485407564895663,-0.13054466247558594,10.663429260253906,10.793973922729492,0.13054466247558594,0.08242703782447831,0.0010294857182965049,1,0
M1_margin,high,26,0.75,0.1,0,9.01871109008789,16.485407564895663,-0.23081016540527344,12.605880737304688,12.836690902709961,0.23081016540527344,0.08242703782447831,0.0010294857182965049,1,0
M2_popmass,high,26,0.75,0.1,0,9.01871109008789,16.485407564895663,-0.13033580780029297,10.836793899536133,10.967129707336426,0.13033580780029297,0.08242703782447831,0.0010294857182965049,1,0
M0_balanced,high,26,0.75,0.2,0,9.01871109008789,16.485407564895663,-0.13054466247558594,10.663429260253906,10.793973922729492,0.13054466247558594,0.08242703782447831,0.0010294857182965049,1,0
M1_margin,high,26,0.75,0.2,0,9.01871109008789,16.485407564895663,-0.23081016540527344,12.605880737304688,12.836690902709961,0.23081016540527344,0.08242703782447831,0.0010294857182965049,1,0
M2_popmass,high,26,0.75,0.2,0,9.01871109008789,16.485407564895663,-0.13033580780029297,10.836793899536133,10.967129707336426,0.13033580780029297,0.08242703782447831,0.0010294857182965049,1,0
M0_balanced,high,26,0.75,0.4,0,9.01871109008789,16.485407564895663,-0.13054466247558594,10.663429260253906,10.793973922729492,0.13054466247558594,0.08242703782447831,0.0010294857182965049,1,0
M1_margin,high,26,0.75,0.4,0,9.01871109008789,16.485407564895663,-0.23081016540527344,12.605880737304688,12.836690902709961,0.23081016540527344,0.08242703782447831,0.0010294857182965049,1,0
M2_popmass,high,26,0.75,0.4,0,9.01871109008789,16.485407564895663,-0.13033580780029297,10.836793899536133,10.967129707336426,0.13033580780029297,0.08242703782447831,0.0010294857182965049,1,0
M0_balanced,high,26,0.75,0.1,1,8.704930305480957,16.40266483253632,-0.13122940063476562,10.663429260253906,10.794658660888672,0.13122940063476562,0.0820133241626816,0.0010243185751172145,1,2
M1_margin,high,26,0.75,0.1,1,8.704930305480957,16.40266483253632,-0.23394393920898438,12.605880737304688,12.839824676513672,0.23394393920898438,0.0820133241626816,0.0010243185751172145,1,2
M2_popmass,high,26,0.75,0.1,1,8.704930305480957,16.40266483253632,-0.1311054229736328,10.836793899536133,10.967899322509766,0.1311054229736328,0.0820133241626816,0.0010243185751172145,1,2
M0_balanced,high,26,0.75,0.2,1,8.704930305480957,16.40266483253632,-0.13122940063476562,10.663429260253906,10.794658660888672,0.13122940063476562,0.0820133241626816,0.0010243185751172145,1,2
M1_margin,high,26,0.75,0.2,1,8.704930305480957,16.40266483253632,-0.23394393920898438,12.605880737304688,12.839824676513672,0.23394393920898438,0.0820133241626816,0.0010243185751172145,1,2
M2_popmass,high,26,0.75,0.2,1,8.704930305480957,16.40266483253632,-0.1311054229736328,10.836793899536133,10.967899322509766,0.1311054229736328,0.0820133241626816,0.0010243185751172145,1,2
M0_balanced,high,26,0.75,0.4,1,8.704930305480957,16.40266483253632,-0.13122940063476562,10.663429260253906,10.794658660888672,0.13122940063476562,0.0820133241626816,0.0010243185751172145,1,2
M1_margin,high,26,0.75,0.4,1,8.704930305480957,16.40266483253632,-0.23394393920898438,12.605880737304688,12.839824676513672,0.23394393920898438,0.0820133241626816,0.0010243185751172145,1,2
M2_popmass,high,26,0.75,0.4,1,8.704930305480957,16.40266483253632,-0.1311054229736328,10.836793899536133,10.967899322509766,0.1311054229736328,0.0820133241626816,0.0010243185751172145,1,2
M0_balanced,high,26,0.75,0.1,2,9.02090835571289,16.487918500192265,-0.13056182861328125,10.663429260253906,10.793991088867188,0.13056182861328125,0.08243959250096132,0.001029642521943442,1,0
M1_margin,high,26,0.75,0.1,2,9.02090835571289,16.487918500192265,-0.23081684112548828,12.605880737304688,12.836697578430176,0.23081684112548828,0.08243959250096132,0.001029642521943442,1,0
M2_popmass,high,26,0.75,0.1,2,9.02090835571289,16.487918500192265,-0.13035297393798828,10.836793899536133,10.967146873474121,0.13035297393798828,0.08243959250096132,0.001029642521943442,1,0
M0_balanced,high,26,0.75,0.2,2,9.02090835571289,16.487918500192265,-0.13056182861328125,10.663429260253906,10.793991088867188,0.13056182861328125,0.08243959250096132,0.001029642521943442,1,0
M1_margin,high,26,0.75,0.2,2,9.02090835571289,16.487918500192265,-0.23081684112548828,12.605880737304688,12.836697578430176,0.23081684112548828,0.08243959250096132,0.001029642521943442,1,0
M2_popmass,high,26,0.75,0.2,2,9.02090835571289,16.487918500192265,-0.13035297393798828,10.836793899536133,10.967146873474121,0.13035297393798828,0.08243959250096132,0.001029642521943442,1,0
M0_balanced,high,26,0.75,0.4,2,8.855548858642578,16.477621476263465,-0.13071155548095703,10.663429260253906,10.794140815734863,0.13071155548095703,0.08238810738131733,0.0010289994902783813,1,1
M1_margin,high,26,0.75,0.4,2,8.855548858642578,16.477621476263465,-0.2316303253173828,12.605880737304688,12.83751106262207,0.2316303253173828,0.08238810738131733,0.0010289994902783813,1,1
M2_popmass,high,26,0.75,0.4,2,8.855548858642578,16.477621476263465,-0.1305255889892578,10.836793899536133,10.96731948852539,0.1305255889892578,0.08238810738131733,0.0010289994902783813,1,1
M0_balanced,high,26,0.75,0.1,3,9.021039962768555,16.486792491420918,-0.13055801391601562,10.663429260253906,10.793987274169922,0.13055801391601562,0.08243396245710459,0.0010295722046070816,1,0
M1_margin,high,26,0.75,0.1,3,9.021039962768555,16.486792491420918,-0.23082923889160156,12.605880737304688,12.836709976196289,0.23082923889160156,0.08243396245710459,0.0010295722046070816,1,0
M2_popmass,high,26,0.75,0.1,3,9.021039962768555,16.486792491420918,-0.13034915924072266,10.836793899536133,10.967143058776855,0.13034915924072266,0.08243396245710459,0.0010295722046070816,1,0
M0_balanced,high,26,0.75,0.2,3,9.021039962768555,16.486792491420918,-0.13055801391601562,10.663429260253906,10.793987274169922,0.13055801391601562,0.08243396245710459,0.0010295722046070816,1,0
M1_margin,high,26,0.75,0.2,3,9.021039962768555,16.486792491420918,-0.23082923889160156,12.605880737304688,12.836709976196289,0.23082923889160156,0.08243396245710459,0.0010295722046070816,1,0
M2_popmass,high,26,0.75,0.2,3,9.021039962768555,16.486792491420918,-0.13034915924072266,10.836793899536133,10.967143058776855,0.13034915924072266,0.08243396245710459,0.0010295722046070816,1,0
M0_balanced,high,26,0.75,0.4,3,9.021039962768555,16.486792491420918,-0.13055801391601562,10.663429260253906,10.793987274169922,0.13055801391601562,0.08243396245710459,0.0010295722046070816,1,0
M1_margin,high,26,0.75,0.4,3,9.021039962768555,16.486792491420918,-0.23082923889160156,12.605880737304688,12.836709976196289,0.23082923889160156,0.08243396245710459,0.0010295722046070816,1,0
M2_popmass,high,26,0.75,0.4,3,9.021039962768555,16.486792491420918,-0.13034915924072266,10.836793899536133,10.967143058776855,0.13034915924072266,0.08243396245710459,0.0010295722046070816,1,0
M0_balanced,high,26,0.75,0.1,4,8.967881202697754,16.454380684868628,-0.13090896606445312,10.663429260253906,10.79433822631836,0.13090896606445312,0.08227190342434314,0.0010275481423072312,1,0
M1_margin,high,26,0.75,0.1,4,8.967881202697754,16.454380684868628,-0.23250770568847656,12.605880737304688,12.838388442993164,0.23250770568847656,0.08227190342434314,0.0010275481423072312,1,0
M2_popmass,high,26,0.75,0.1,4,8.967881202697754,16.454380684868628,-0.13074398040771484,10.836793899536133,10.967537879943848,0.13074398040771484,0.08227190342434314,0.0010275481423072312,1,0
M0_balanced,high,26,0.75,0.2,4,8.967881202697754,16.454380684868628,-0.13090896606445312,10.663429260253906,10.79433822631836,0.13090896606445312,0.08227190342434314,0.0010275481423072312,1,0
M1_margin,high,26,0.75,0.2,4,8.967881202697754,16.454380684868628,-0.23250770568847656,12.605880737304688,12.838388442993164,0.23250770568847656,0.08227190342434314,0.0010275481423072312,1,0
M2_popmass,high,26,0.75,0.2,4,8.967881202697754,16.454380684868628,-0.13074398040771484,10.836793899536133,10.967537879943848,0.13074398040771484,0.08227190342434314,0.0010275481423072312,1,0
M0_balanced,high,26,0.75,0.4,4,8.967881202697754,16.454380684868628,-0.13090896606445312,10.663429260253906,10.79433822631836,0.13090896606445312,0.08227190342434314,0.0010275481423072312,1,0
M1_margin,high,26,0.75,0.4,4,8.967881202697754,16.454380684868628,-0.23250770568847656,12.605880737304688,12.838388442993164,0.23250770568847656,0.08227190342434314,0.0010275481423072312,1,0
M2_popmass,high,26,0.75,0.4,4,8.967881202697754,16.454380684868628,-0.13074398040771484,10.836793899536133,10.967537879943848,0.13074398040771484,0.08227190342434314,0.0010275481423072312,1,0
M0_balanced,high,27,0.75,0.1,0,9.047325134277344,16.615947851576376,-0.010283470153808594,10.663429260253906,10.673712730407715,0.010283470153808594,0.08307973925788188,0.001037637737606376,1,0
M1_margin,high,27,0.75,0.1,0,9.047325134277344,16.615947851576376,-0.015720367431640625,12.605880737304688,12.621601104736328,0.015720367431640625,0.08307973925788188,0.001037637737606376,1,0
M2_popmass,high,27,0.75,0.1,0,9.047325134277344,16.615947851576376,-0.009354591369628906,10.836793899536133,10.846148490905762,0.009354591369628906,0.08307973925788188,0.001037637737606376,1,0
M0_balanced,high,27,0.75,0.2,0,9.047325134277344,16.615947851576376,-0.010283470153808594,10.663429260253906,10.673712730407715,0.010283470153808594,0.08307973925788188,0.001037637737606376,1,0
M1_margin,high,27,0.75,0.2,0,9.047325134277344,16.615947851576376,-0.015720367431640625,12.605880737304688,12.621601104736328,0.015720367431640625,0.08307973925788188,0.001037637737606376,1,0
M2_popmass,high,27,0.75,0.2,0,9.047325134277344,16.615947851576376,-0.009354591369628906,10.836793899536133,10.846148490905762,0.009354591369628906,0.08307973925788188,0.001037637737606376,1,0
M0_balanced,high,27,0.75,0.4,0,9.048770904541016,16.625411353885486,-0.010470390319824219,10.663429260253906,10.67389965057373,0.010470390319824219,0.08312705676942743,0.0010382287172611977,1,1
M1_margin,high,27,0.75,0.4,0,9.048770904541016,16.625411353885486,-0.016023635864257812,12.605880737304688,12.621904373168945,0.016023635864257812,0.08312705676942743,0.0010382287172611977,1,1
M2_popmass,high,27,0.75,0.4,0,9.048770904541016,16.625411353885486,-0.009545326232910156,10.836793899536133,10.846339225769043,0.009545326232910156,0.08312705676942743,0.0010382287172611977,1,1
M0_balanced,high,27,0.75,0.1,1,9.241267204284668,16.70321932679428,-0.011289596557617188,10.663429260253906,10.674718856811523,0.011289596557617188,0.0835160966339714,0.001043087693089601,1,0
M1_margin,high,27,0.75,0.1,1,9.241267204284668,16.70321932679428,-0.017421722412109375,12.605880737304688,12.623302459716797,0.017421722412109375,0.0835160966339714,0.001043087693089601,1,0
M2_popmass,high,27,0.75,0.1,1,9.241267204284668,16.70321932679428,-0.010373115539550781,10.836793899536133,10.847167015075684,0.010373115539550781,0.0835160966339714,0.001043087693089601,1,0
M0_balanced,high,27,0.75,0.2,1,9.224884033203125,16.703215931839544,-0.011404037475585938,10.663429260253906,10.674833297729492,0.011404037475585938,0.08351607965919772,0.0010430874810804405,1,1
M1_margin,high,27,0.75,0.2,1,9.224884033203125,16.703215931839544,-0.017577171325683594,12.605880737304688,12.623457908630371,0.017577171325683594,0.08351607965919772,0.0010430874810804405,1,1
M2_popmass,high,27,0.75,0.2,1,9.224884033203125,16.703215931839544,-0.010489463806152344,10.836793899536133,10.847283363342285,0.010489463806152344,0.08351607965919772,0.0010430874810804405,1,1
M0_balanced,high,27,0.75,0.4,1,9.177240371704102,16.682027642971768,-0.011358261108398438,10.663429260253906,10.674787521362305,0.011358261108398438,0.08341013821485885,0.0010417643084079636,1,2
M1_margin,high,27,0.75,0.4,1,9.177240371704102,16.682027642971768,-0.017708778381347656,12.605880737304688,12.623589515686035,0.017708778381347656,0.08341013821485885,0.0010417643084079636,1,2
M2_popmass,high,27,0.75,0.4,1,9.177240371704102,16.682027642971768,-0.0104522705078125,10.836793899536133,10.847246170043945,0.0104522705078125,0.08341013821485885,0.0010417643084079636,1,2
M0_balanced,high,27,0.75,0.1,2,9.240751266479492,16.70300072140854,-0.011297225952148438,10.663429260253906,10.674726486206055,0.011297225952148438,0.0835150036070427,0.001043074041554346,1,0
M1_margin,high,27,0.75,0.1,2,9.240751266479492,16.70300072140854,-0.017426490783691406,12.605880737304688,12.623307228088379,0.017426490783691406,0.0835150036070427,0.001043074041554346,1,0
M2_popmass,high,27,0.75,0.1,2,9.240751266479492,16.70300072140854,-0.010380744934082031,10.836793899536133,10.847174644470215,0.010380744934082031,0.0835150036070427,0.001043074041554346,1,0
M0_balanced,high,27,0.75,0.2,2,9.240751266479492,16.70300072140854,-0.011297225952148438,10.663429260253906,10.674726486206055,0.011297225952148438,0.0835150036070427,0.001043074041554346,1,0
M1_margin,high,27,0.75,0.2,2,9.240751266479492,16.70300072140854,-0.017426490783691406,12.605880737304688,12.623307228088379,0.017426490783691406,0.0835150036070427,0.001043074041554346,1,0
M2_popmass,high,27,0.75,0.2,2,9.240751266479492,16.70300072140854,-0.010380744934082031,10.836793899536133,10.847174644470215,0.010380744934082031,0.0835150036070427,0.001043074041554346,1,0
M0_balanced,high,27,0.75,0.4,2,9.240751266479492,16.70300072140854,-0.011297225952148438,10.663429260253906,10.674726486206055,0.011297225952148438,0.0835150036070427,0.001043074041554346,1,0
M1_margin,high,27,0.75,0.4,2,9.240751266479492,16.70300072140854,-0.017426490783691406,12.605880737304688,12.623307228088379,0.017426490783691406,0.0835150036070427,0.001043074041554346,1,0
M2_popmass,high,27,0.75,0.4,2,9.240751266479492,16.70300072140854,-0.010380744934082031,10.836793899536133,10.847174644470215,0.010380744934082031,0.0835150036070427,0.001043074041554346,1,0
M0_balanced,high,27,0.75,0.1,3,9.241626739501953,16.704942729859095,-0.011296272277832031,10.663429260253906,10.674725532531738,0.011296272277832031,0.08352471364929548,0.0010431953166855062,1,0
M1_margin,high,27,0.75,0.1,3,9.241626739501953,16.704942729859095,-0.017423629760742188,12.605880737304688,12.62330436706543,0.017423629760742188,0.08352471364929548,0.0010431953166855062,1,0
M2_popmass,high,27,0.75,0.1,3,9.241626739501953,16.704942729859095,-0.010379791259765625,10.836793899536133,10.847173690795898,0.010379791259765625,0.08352471364929548,0.0010431953166855062,1,0
M0_balanced,high,27,0.75,0.2,3,9.241626739501953,16.704942729859095,-0.011296272277832031,10.663429260253906,10.674725532531738,0.011296272277832031,0.08352471364929548,0.0010431953166855062,1,0
M1_margin,high,27,0.75,0.2,3,9.241626739501953,16.704942729859095,-0.017423629760742188,12.605880737304688,12.62330436706543,0.017423629760742188,0.08352471364929548,0.0010431953166855062,1,0
M2_popmass,high,27,0.75,0.2,3,9.241626739501953,16.704942729859095,-0.010379791259765625,10.836793899536133,10.847173690795898,0.010379791259765625,0.08352471364929548,0.0010431953166855062,1,0
M0_balanced,high,27,0.75,0.4,3,9.225173950195312,16.704880768587227,-0.011409759521484375,10.663429260253906,10.67483901977539,0.011409759521484375,0.08352440384293613,0.0010431914473092577,1,1
M1_margin,high,27,0.75,0.4,3,9.225173950195312,16.704880768587227,-0.017577171325683594,12.605880737304688,12.623457908630371,0.017577171325683594,0.08352440384293613,0.0010431914473092577,1,1
M2_popmass,high,27,0.75,0.4,3,9.225173950195312,16.704880768587227,-0.010495185852050781,10.836793899536133,10.847289085388184,0.010495185852050781,0.08352440384293613,0.0010431914473092577,1,1
M0_balanced,high,27,0.75,0.1,4,9.245615005493164,16.704909597420492,-0.011302947998046875,10.663429260253906,10.674732208251953,0.011302947998046875,0.08352454798710246,0.0010431932476209578,1,0
M1_margin,high,27,0.75,0.1,4,9.245615005493164,16.704909597420492,-0.017436981201171875,12.605880737304688,12.62331771850586,0.017436981201171875,0.08352454798710246,0.0010431932476209578,1,0
M2_popmass,high,27,0.75,0.1,4,9.245615005493164,16.704909597420492,-0.010386466979980469,10.836793899536133,10.847180366516113,0.010386466979980469,0.08352454798710246,0.0010431932476209578,1,0
M0_balanced,high,27,0.75,0.2,4,9.245615005493164,16.704909597420492,-0.011302947998046875,10.663429260253906,10.674732208251953,0.011302947998046875,0.08352454798710246,0.0010431932476209578,1,0
M1_margin,high,27,0.75,0.2,4,9.245615005493164,16.704909597420492,-0.017436981201171875,12.605880737304688,12.62331771850586,0.017436981201171875,0.08352454798710246,0.0010431932476209578,1,0
M2_popmass,high,27,0.75,0.2,4,9.245615005493164,16.704909597420492,-0.010386466979980469,10.836793899536133,10.847180366516113,0.010386466979980469,0.08352454798710246,0.0010431932476209578,1,0
M0_balanced,high,27,0.75,0.4,4,9.180792808532715,16.683394700458987,-0.011369705200195312,10.663429260253906,10.674798965454102,0.011369705200195312,0.08341697350229493,0.0010418496788274477,1,2
M1_margin,high,27,0.75,0.4,4,9.180792808532715,16.683394700458987,-0.017722129821777344,12.605880737304688,12.623602867126465,0.017722129821777344,0.08341697350229493,0.0010418496788274477,1,2
M2_popmass,high,27,0.75,0.4,4,9.180792808532715,16.683394700458987,-0.010462760925292969,10.836793899536133,10.847256660461426,0.010462760925292969,0.08341697350229493,0.0010418496788274477,1,2
M0_balanced,high,28,1.0,0.1,0,9.189165115356445,17.64740283783823,0.054070472717285156,10.663429260253906,10.609358787536621,-0.054070472717285156,0.08823701418919115,0.0011020503505940863,1,1
M1_margin,high,28,1.0,0.1,0,9.189165115356445,17.64740283783823,0.16959381103515625,12.605880737304688,12.436286926269531,-0.16959381103515625,0.08823701418919115,0.0011020503505940863,1,1
M2_popmass,high,28,1.0,0.1,0,9.189165115356445,17.64740283783823,0.056003570556640625,10.836793899536133,10.780790328979492,-0.056003570556640625,0.08823701418919115,0.0011020503505940863,1,1
M0_balanced,high,28,1.0,0.2,0,9.189165115356445,17.64740283783823,0.054070472717285156,10.663429260253906,10.609358787536621,-0.054070472717285156,0.08823701418919115,0.0011020503505940863,1,1
M1_margin,high,28,1.0,0.2,0,9.189165115356445,17.64740283783823,0.16959381103515625,12.605880737304688,12.436286926269531,-0.16959381103515625,0.08823701418919115,0.0011020503505940863,1,1
M2_popmass,high,28,1.0,0.2,0,9.189165115356445,17.64740283783823,0.056003570556640625,10.836793899536133,10.780790328979492,-0.056003570556640625,0.08823701418919115,0.0011020503505940863,1,1
M0_balanced,high,28,1.0,0.4,0,9.178045272827148,17.63523079551756,0.05402183532714844,10.663429260253906,10.609407424926758,-0.05402183532714844,0.08817615397758781,0.0011012902272133146,1,2
M1_margin,high,28,1.0,0.4,0,9.178045272827148,17.63523079551756,0.16944122314453125,12.605880737304688,12.436439514160156,-0.16944122314453125,0.08817615397758781,0.0011012902272133146,1,2
M2_popmass,high,28,1.0,0.4,0,9.178045272827148,17.63523079551756,0.05594825744628906,10.836793899536133,10.780845642089844,-0.05594825744628906,0.08817615397758781,0.0011012902272133146,1,2
M0_balanced,high,28,1.0,0.1,1,9.18494987487793,17.676406504982957,0.05393218994140625,10.663429260253906,10.6094970703125,-0.05393218994140625,0.08838203252491479,0.0011038615803732825,1,0
M1_margin,high,28,1.0,0.1,1,9.18494987487793,17.676406504982957,0.16931819915771484,12.605880737304688,12.436562538146973,-0.16931819915771484,0.08838203252491479,0.0011038615803732825,1,0
M2_popmass,high,28,1.0,0.1,1,9.18494987487793,17.676406504982957,0.05586051940917969,10.836793899536133,10.780933380126953,-0.05586051940917969,0.08838203252491479,0.0011038615803732825,1,0
M0_balanced,high,28,1.0,0.2,1,9.18494987487793,17.676406504982957,0.05393218994140625,10.663429260253906,10.6094970703125,-0.05393218994140625,0.08838203252491479,0.0011038615803732825,1,0
M1_margin,high,28,1.0,0.2,1,9.18494987487793,17.676406504982957,0.16931819915771484,12.605880737304688,12.436562538146973,-0.16931819915771484,0.08838203252491479,0.0011038615803732825,1,0
M2_popmass,high,28,1.0,0.2,1,9.18494987487793,17.676406504982957,0.05586051940917969,10.836793899536133,10.780933380126953,-0.05586051940917969,0.08838203252491479,0.0011038615803732825,1,0
M0_balanced,high,28,1.0,0.4,1,9.182441711425781,17.63833517236254,0.05356407165527344,10.663429260253906,10.609865188598633,-0.05356407165527344,0.08819167586181272,0.0011014840902775754,1,2
M1_margin,high,28,1.0,0.4,1,9.182441711425781,17.63833517236254,0.16841411590576172,12.605880737304688,12.437466621398926,-0.16841411590576172,0.08819167586181272,0.0011014840902775754,1,2
M2_popmass,high,28,1.0,0.4,1,9.182441711425781,17.63833517236254,0.055461883544921875,10.836793899536133,10.781332015991211,-0.055461883544921875,0.08819167586181272,0.0011014840902775754,1,2
M0_balanced,high,28,1.0,0.1,2,9.184490203857422,17.67741930158507,0.05392646789550781,10.663429260253906,10.609502792358398,-0.05392646789550781,0.08838709650792534,0.0011039248278018527,1,0
M1_margin,high,28,1.0,0.1,2,9.184490203857422,17.67741930158507,0.16929912567138672,12.605880737304688,12.4365816116333,-0.16929912567138672,0.08838709650792534,0.0011039248278018527,1,0
M2_popmass,high,28,1.0,0.1,2,9.184490203857422,17.67741930158507,0.05585479736328125,10.836793899536133,10.780939102172852,-0.05585479736328125,0.08838709650792534,0.0011039248278018527,1,0
M0_balanced,high,28,1.0,0.2,2,9.184490203857422,17.67741930158507,0.05392646789550781,10.663429260253906,10.609502792358398,-0.05392646789550781,0.08838709650792534,0.0011039248278018527,1,0
M1_margin,high,28,1.0,0.2,2,9.184490203857422,17.67741930158507,0.16929912567138672,12.605880737304688,12.4365816116333,-0.16929912567138672,0.08838709650792534,0.0011039248278018527,1,0
M2_popmass,high,28,1.0,0.2,2,9.184490203857422,17.67741930158507,0.05585479736328125,10.836793899536133,10.780939102172852,-0.05585479736328125,0.08838709650792534,0.0011039248278018527,1,0
M0_balanced,high,28,1.0,0.4,2,9.23147201538086,17.665392708968287,0.053292274475097656,10.663429260253906,10.610136985778809,-0.053292274475097656,0.08832696354484144,0.0011031737875081865,1,1
M1_margin,high,28,1.0,0.4,2,9.23147201538086,17.665392708968287,0.1679096221923828,12.605880737304688,12.437971115112305,-0.1679096221923828,0.08832696354484144,0.0011031737875081865,1,1
M2_popmass,high,28,1.0,0.4,2,9.23147201538086,17.665392708968287,0.055182456970214844,10.836793899536133,10.781611442565918,-0.055182456970214844,0.08832696354484144,0.0011031737875081865,1,1
M0_balanced,high,28,1.0,0.1,3,9.178838729858398,17.64941124943582,0.05376434326171875,10.663429260253906,10.609664916992188,-0.05376434326171875,0.08824705624717909,0.0011021757724890586,1,1
M1_margin,high,28,1.0,0.1,3,9.178838729858398,17.64941124943582,0.16887283325195312,12.605880737304688,12.437007904052734,-0.16887283325195312,0.08824705624717909,0.0011021757724890586,1,1
M2_popmass,high,28,1.0,0.1,3,9.178838729858398,17.64941124943582,0.05567741394042969,10.836793899536133,10.781116485595703,-0.05567741394042969,0.08824705624717909,0.0011021757724890586,1,1
M0_balanced,high,28,1.0,0.2,3,9.178838729858398,17.64941124943582,0.05376434326171875,10.663429260253906,10.609664916992188,-0.05376434326171875,0.08824705624717909,0.0011021757724890586,1,1
M1_margin,high,28,1.0,0.2,3,9.178838729858398,17.64941124943582,0.16887283325195312,12.605880737304688,12.437007904052734,-0.16887283325195312,0.08824705624717909,0.0011021757724890586,1,1
M2_popmass,high,28,1.0,0.2,3,9.178838729858398,17.64941124943582,0.05567741394042969,10.836793899536133,10.781116485595703,-0.05567741394042969,0.08824705624717909,0.0011021757724890586,1,1
M0_balanced,high,28,1.0,0.4,3,9.177732467651367,17.660072556902353,0.05327796936035156,10.663429260253906,10.610151290893555,-0.05327796936035156,0.08830036278451177,0.0011028415530426761,1,2
M1_margin,high,28,1.0,0.4,3,9.177732467651367,17.660072556902353,0.16767501831054688,12.605880737304688,12.43820571899414,-0.16767501831054688,0.08830036278451177,0.0011028415530426761,1,2
M2_popmass,high,28,1.0,0.4,3,9.177732467651367,17.660072556902353,0.05516338348388672,10.836793899536133,10.781630516052246,-0.05516338348388672,0.08830036278451177,0.0011028415530426761,1,2
M0_balanced,high,28,1.0,0.1,4,9.171562194824219,17.663428786636086,0.05431652069091797,10.663429260253906,10.609112739562988,-0.05431652069091797,0.08831714393318044,0.0011030511438923168,1,0
M1_margin,high,28,1.0,0.1,4,9.171562194824219,17.663428786636086,0.1702880859375,12.605880737304688,12.435592651367188,-0.1702880859375,0.08831714393318044,0.0011030511438923168,1,0
M2_popmass,high,28,1.0,0.1,4,9.171562194824219,17.663428786636086,0.05627632141113281,10.836793899536133,10.780517578125,-0.05627632141113281,0.08831714393318044,0.0011030511438923168,1,0
M0_balanced,high,28,1.0,0.2,4,9.216047286987305,17.622303047090544,0.05399894714355469,10.663429260253906,10.609430313110352,-0.05399894714355469,0.08811151523545271,0.0011004829112690193,1,2
M1_margin,high,28,1.0,0.2,4,9.216047286987305,17.622303047090544,0.1694784164428711,12.605880737304688,12.436402320861816,-0.1694784164428711,0.08811151523545271,0.0011004829112690193,1,2
M2_popmass,high,28,1.0,0.2,4,9.216047286987305,17.622303047090544,0.055930137634277344,10.836793899536133,10.780863761901855,-0.055930137634277344,0.08811151523545271,0.0011004829112690193,1,2
M0_balanced,high,28,1.0,0.4,4,9.216047286987305,17.622303047090544,0.05399894714355469,10.663429260253906,10.609430313110352,-0.05399894714355469,0.08811151523545271,0.0011004829112690193,1,2
M1_margin,high,28,1.0,0.4,4,9.216047286987305,17.622303047090544,0.1694784164428711,12.605880737304688,12.436402320861816,-0.1694784164428711,0.08811151523545271,0.0011004829112690193,1,2
M2_popmass,high,28,1.0,0.4,4,9.216047286987305,17.622303047090544,0.055930137634277344,10.836793899536133,10.780863761901855,-0.055930137634277344,0.08811151523545271,0.0011004829112690193,1,2
M0_balanced,high,29,0.75,0.1,0,9.681678771972656,16.628921900267677,-0.0029888153076171875,10.663429260253906,10.666418075561523,0.0029888153076171875,0.08314460950133838,0.0010384479449235806,1,0
M1_margin,high,29,0.75,0.1,0,9.681678771972656,16.628921900267677,0.09192085266113281,12.605880737304688,12.513959884643555,-0.09192085266113281,0.08314460950133838,0.0010384479449235806,1,0
M2_popmass,high,29,0.75,0.1,0,9.681678771972656,16.628921900267677,-0.002079010009765625,10.836793899536133,10.838872909545898,0.002079010009765625,0.08314460950133838,0.0010384479449235806,1,0
M0_balanced,high,29,0.75,0.2,0,9.681678771972656,16.628921900267677,-0.0029888153076171875,10.663429260253906,10.666418075561523,0.0029888153076171875,0.08314460950133838,0.0010384479449235806,1,0
M1_margin,high,29,0.75,0.2,0,9.681678771972656,16.628921900267677,0.09192085266113281,12.605880737304688,12.513959884643555,-0.09192085266113281,0.08314460950133838,0.0010384479449235806,1,0
M2_popmass,high,29,0.75,0.2,0,9.681678771972656,16.628921900267677,-0.002079010009765625,10.836793899536133,10.838872909545898,0.002079010009765625,0.08314460950133838,0.0010384479449235806,1,0
M0_balanced,high,29,0.75,0.4,0,9.681678771972656,16.628921900267677,-0.0029888153076171875,10.663429260253906,10.666418075561523,0.0029888153076171875,0.08314460950133838,0.0010384479449235806,1,0
M1_margin,high,29,0.75,0.4,0,9.681678771972656,16.628921900267677,0.09192085266113281,12.605880737304688,12.513959884643555,-0.09192085266113281,0.08314460950133838,0.0010384479449235806,1,0
M2_popmass,high,29,0.75,0.4,0,9.681678771972656,16.628921900267677,-0.002079010009765625,10.836793899536133,10.838872909545898,0.002079010009765625,0.08314460950133838,0.0010384479449235806,1,0
M0_balanced,high,29,0.75,0.1,1,9.685379028320312,16.62934205653729,-0.0029630661010742188,10.663429260253906,10.66639232635498,0.0029630661010742188,0.08314671028268646,0.001038474182969399,1,0
M1_margin,high,29,0.75,0.1,1,9.685379028320312,16.62934205653729,0.09194278717041016,12.605880737304688,12.513937950134277,-0.09194278717041016,0.08314671028268646,0.001038474182969399,1,0
M2_popmass,high,29,0.75,0.1,1,9.685379028320312,16.62934205653729,-0.0020532608032226562,10.836793899536133,10.838847160339355,0.0020532608032226562,0.08314671028268646,0.001038474182969399,1,0
M0_balanced,high,29,0.75,0.2,1,9.685379028320312,16.62934205653729,-0.0029630661010742188,10.663429260253906,10.66639232635498,0.0029630661010742188,0.08314671028268646,0.001038474182969399,1,0
M1_margin,high,29,0.75,0.2,1,9.685379028320312,16.62934205653729,0.09194278717041016,12.605880737304688,12.513937950134277,-0.09194278717041016,0.08314671028268646,0.001038474182969399,1,0
M2_popmass,high,29,0.75,0.2,1,9.685379028320312,16.62934205653729,-0.0020532608032226562,10.836793899536133,10.838847160339355,0.0020532608032226562,0.08314671028268646,0.001038474182969399,1,0
M0_balanced,high,29,0.75,0.4,1,9.697280883789062,16.62052360356617,-0.0029754638671875,10.663429260253906,10.666404724121094,0.0029754638671875,0.08310261801783085,0.0010379234855507576,1,1
M1_margin,high,29,0.75,0.4,1,9.697280883789062,16.62052360356617,0.0917062759399414,12.605880737304688,12.514174461364746,-0.0917062759399414,0.08310261801783085,0.0010379234855507576,1,1
M2_popmass,high,29,0.75,0.4,1,9.697280883789062,16.62052360356617,-0.0020742416381835938,10.836793899536133,10.838868141174316,0.0020742416381835938,0.08310261801783085,0.0010379234855507576,1,1
M0_balanced,high,29,0.75,0.1,2,9.68130874633789,16.627853891338756,-0.0029811859130859375,10.663429260253906,10.666410446166992,0.0029811859130859375,0.08313926945669378,0.0010383812495789245,1,0
M1_margin,high,29,0.75,0.1,2,9.68130874633789,16.627853891338756,0.09192466735839844,12.605880737304688,12.513956069946289,-0.09192466735839844,0.08313926945669378,0.0010383812495789245,1,0
M2_popmass,high,29,0.75,0.1,2,9.68130874633789,16.627853891338756,-0.002071380615234375,10.836793899536133,10.838865280151367,0.002071380615234375,0.08313926945669378,0.0010383812495789245,1,0
M0_balanced,high,29,0.75,0.2,2,9.68130874633789,16.627853891338756,-0.0029811859130859375,10.663429260253906,10.666410446166992,0.0029811859130859375,0.08313926945669378,0.0010383812495789245,1,0
M1_margin,high,29,0.75,0.2,2,9.68130874633789,16.627853891338756,0.09192466735839844,12.605880737304688,12.513956069946289,-0.09192466735839844,0.08313926945669378,0.0010383812495789245,1,0
M2_popmass,high,29,0.75,0.2,2,9.68130874633789,16.627853891338756,-0.002071380615234375,10.836793899536133,10.838865280151367,0.002071380615234375,0.08313926945669378,0.0010383812495789245,1,0
M0_balanced,high,29,0.75,0.4,2,9.68130874633789,16.627853891338756,-0.0029811859130859375,10.663429260253906,10.666410446166992,0.0029811859130859375,0.08313926945669378,0.0010383812495789245,1,0
M1_margin,high,29,0.75,0.4,2,9.68130874633789,16.627853891338756,0.09192466735839844,12.605880737304688,12.513956069946289,-0.09192466735839844,0.08313926945669378,0.0010383812495789245,1,0
M2_popmass,high,29,0.75,0.4,2,9.68130874633789,16.627853891338756,-0.002071380615234375,10.836793899536133,10.838865280151367,0.002071380615234375,0.08313926945669378,0.0010383812495789245,1,0
M0_balanced,high,29,0.75,0.1,3,9.69540786743164,16.61989247920864,-0.0029897689819335938,10.663429260253906,10.66641902923584,0.0029897689819335938,0.08309946239604321,0.0010378840729059694,1,1
M1_margin,high,29,0.75,0.1,3,9.69540786743164,16.61989247920864,0.09169197082519531,12.605880737304688,12.514188766479492,-0.09169197082519531,0.08309946239604321,0.0010378840729059694,1,1
M2_popmass,high,29,0.75,0.1,3,9.69540786743164,16.61989247920864,-0.0020885467529296875,10.836793899536133,10.838882446289062,0.0020885467529296875,0.08309946239604321,0.0010378840729059694,1,1
M0_balanced,high,29,0.75,0.2,3,9.69540786743164,16.61989247920864,-0.0029897689819335938,10.663429260253906,10.66641902923584,0.0029897689819335938,0.08309946239604321,0.0010378840729059694,1,1
M1_margin,high,29,0.75,0.2,3,9.69540786743164,16.61989247920864,0.09169197082519531,12.605880737304688,12.514188766479492,-0.09169197082519531,0.08309946239604321,0.0010378840729059694,1,1
M2_popmass,high,29,0.75,0.2,3,9.69540786743164,16.61989247920864,-0.0020885467529296875,10.836793899536133,10.838882446289062,0.0020885467529296875,0.08309946239604321,0.0010378840729059694,1,1
M0_balanced,high,29,0.75,0.4,3,9.69540786743164,16.61989247920864,-0.0029897689819335938,10.663429260253906,10.66641902923584,0.0029897689819335938,0.08309946239604321,0.0010378840729059694,1,1
M1_margin,high,29,0.75,0.4,3,9.69540786743164,16.61989247920864,0.09169197082519531,12.605880737304688,12.514188766479492,-0.09169197082519531,0.08309946239604321,0.0010378840729059694,1,1
M2_popmass,high,29,0.75,0.4,3,9.69540786743164,16.61989247920864,-0.0020885467529296875,10.836793899536133,10.838882446289062,0.0020885467529296875,0.08309946239604321,0.0010378840729059694,1,1
M0_balanced,high,29,0.75,0.1,4,9.682868957519531,16.628868754022175,-0.0029802322387695312,10.663429260253906,10.666409492492676,0.0029802322387695312,0.08314434377011087,0.0010384446260307653,1,0
M1_margin,high,29,0.75,0.1,4,9.682868957519531,16.628868754022175,0.09193992614746094,12.605880737304688,12.513940811157227,-0.09193992614746094,0.08314434377011087,0.0010384446260307653,1,0
M2_popmass,high,29,0.75,0.1,4,9.682868957519531,16.628868754022175,-0.0020704269409179688,10.836793899536133,10.83886432647705,0.0020704269409179688,0.08314434377011087,0.0010384446260307653,1,0
M0_balanced,high,29,0.75,0.2,4,9.682868957519531,16.628868754022175,-0.0029802322387695312,10.663429260253906,10.666409492492676,0.0029802322387695312,0.08314434377011087,0.0010384446260307653,1,0
M1_margin,high,29,0.75,0.2,4,9.682868957519531,16.628868754022175,0.09193992614746094,12.605880737304688,12.513940811157227,-0.09193992614746094,0.08314434377011087,0.0010384446260307653,1,0
M2_popmass,high,29,0.75,0.2,4,9.682868957519531,16.628868754022175,-0.0020704269409179688,10.836793899536133,10.83886432647705,0.0020704269409179688,0.08314434377011087,0.0010384446260307653,1,0
M0_balanced,high,29,0.75,0.4,4,9.682868957519531,16.628868754022175,-0.0029802322387695312,10.663429260253906,10.666409492492676,0.0029802322387695312,0.08314434377011087,0.0010384446260307653,1,0
M1_margin,high,29,0.75,0.4,4,9.682868957519531,16.628868754022175,0.09193992614746094,12.605880737304688,12.513940811157227,-0.09193992614746094,0.08314434377011087,0.0010384446260307653,1,0
M2_popmass,high,29,0.75,0.4,4,9.682868957519531,16.628868754022175,-0.0020704269409179688,10.836793899536133,10.83886432647705,0.0020704269409179688,0.08314434377011087,0.0010384446260307653,1,0
M0_balanced,high,30,1.0,0.1,0,9.44006633758545,16.309904251875913,-0.000904083251953125,10.663429260253906,10.66433334350586,0.000904083251953125,0.08154952125937957,0.0010185258343169124,1,2
M1_margin,high,30,1.0,0.1,0,9.44006633758545,16.309904251875913,0.06571769714355469,12.605880737304688,12.540163040161133,-0.06571769714355469,0.08154952125937957,0.0010185258343169124,1,2
M2_popmass,high,30,1.0,0.1,0,9.44006633758545,16.309904251875913,-0.0002765655517578125,10.836793899536133,10.83707046508789,0.0002765655517578125,0.08154952125937957,0.0010185258343169124,1,2
M0_balanced,high,30,1.0,0.2,0,9.44006633758545,16.309904251875913,-0.000904083251953125,10.663429260253906,10.66433334350586,0.000904083251953125,0.08154952125937957,0.0010185258343169124,1,2
M1_margin,high,30,1.0,0.2,0,9.44006633758545,16.309904251875913,0.06571769714355469,12.605880737304688,12.540163040161133,-0.06571769714355469,0.08154952125937957,0.0010185258343169124,1,2
M2_popmass,high,30,1.0,0.2,0,9.44006633758545,16.309904251875913,-0.0002765655517578125,10.836793899536133,10.83707046508789,0.0002765655517578125,0.08154952125937957,0.0010185258343169124,1,2
M0_balanced,high,30,1.0,0.4,0,9.312137603759766,16.323001933217753,-0.00124359130859375,10.663429260253906,10.6646728515625,0.00124359130859375,0.08161500966608877,0.0010193437622832756,1,4
M1_margin,high,30,1.0,0.4,0,9.312137603759766,16.323001933217753,0.06493186950683594,12.605880737304688,12.540948867797852,-0.06493186950683594,0.08161500966608877,0.0010193437622832756,1,4
M2_popmass,high,30,1.0,0.4,0,9.312137603759766,16.323001933217753,-0.00063323974609375,10.836793899536133,10.837427139282227,0.00063323974609375,0.08161500966608877,0.0010193437622832756,1,4
M0_balanced,high,30,1.0,0.1,1,9.386205673217773,16.36693279462975,-0.0019598007202148438,10.663429260253906,10.665389060974121,0.0019598007202148438,0.08183466397314876,0.0010220871700054128,1,1
M1_margin,high,30,1.0,0.1,1,9.386205673217773,16.36693279462975,0.06308555603027344,12.605880737304688,12.542795181274414,-0.06308555603027344,0.08183466397314876,0.0010220871700054128,1,1
M2_popmass,high,30,1.0,0.1,1,9.386205673217773,16.36693279462975,-0.0013875961303710938,10.836793899536133,10.838181495666504,0.0013875961303710938,0.08183466397314876,0.0010220871700054128,1,1
M0_balanced,high,30,1.0,0.2,1,9.386205673217773,16.36693279462975,-0.0019598007202148438,10.663429260253906,10.665389060974121,0.0019598007202148438,0.08183466397314876,0.0010220871700054128,1,1
M1_margin,high,30,1.0,0.2,1,9.386205673217773,16.36693279462975,0.06308555603027344,12.605880737304688,12.542795181274414,-0.06308555603027344,0.08183466397314876,0.0010220871700054128,1,1
M2_popmass,high,30,1.0,0.2,1,9.386205673217773,16.36693279462975,-0.0013875961303710938,10.836793899536133,10.838181495666504,0.0013875961303710938,0.08183466397314876,0.0010220871700054128,1,1
M0_balanced,high,30,1.0,0.4,1,9.386205673217773,16.36693279462975,-0.0019598007202148438,10.663429260253906,10.665389060974121,0.0019598007202148438,0.08183466397314876,0.0010220871700054128,1,1
M1_margin,high,30,1.0,0.4,1,9.386205673217773,16.36693279462975,0.06308555603027344,12.605880737304688,12.542795181274414,-0.06308555603027344,0.08183466397314876,0.0010220871700054128,1,1
M2_popmass,high,30,1.0,0.4,1,9.386205673217773,16.36693279462975,-0.0013875961303710938,10.836793899536133,10.838181495666504,0.0013875961303710938,0.08183466397314876,0.0010220871700054128,1,1
M0_balanced,high,30,1.0,0.1,2,9.302778244018555,16.34797917858444,-0.0021266937255859375,10.663429260253906,10.665555953979492,0.0021266937255859375,0.08173989589292219,0.0010209035488573208,1,1
M1_margin,high,30,1.0,0.1,2,9.302778244018555,16.34797917858444,0.06287956237792969,12.605880737304688,12.543001174926758,-0.06287956237792969,0.08173989589292219,0.0010209035488573208,1,1
M2_popmass,high,30,1.0,0.1,2,9.302778244018555,16.34797917858444,-0.001556396484375,10.836793899536133,10.838350296020508,0.001556396484375,0.08173989589292219,0.0010209035488573208,1,1
M0_balanced,high,30,1.0,0.2,2,9.3101224899292,16.318255202714244,-0.00213623046875,10.663429260253906,10.665565490722656,0.00213623046875,0.08159127601357122,0.0010190473370209501,1,2
M1_margin,high,30,1.0,0.2,2,9.3101224899292,16.318255202714244,0.0629730224609375,12.605880737304688,12.54290771484375,-0.0629730224609375,0.08159127601357122,0.0010190473370209501,1,2
M2_popmass,high,30,1.0,0.2,2,9.3101224899292,16.318255202714244,-0.00156402587890625,10.836793899536133,10.838357925415039,0.00156402587890625,0.08159127601357122,0.0010190473370209501,1,2
M0_balanced,high,30,1.0,0.4,2,9.3101224899292,16.318255202714244,-0.00213623046875,10.663429260253906,10.665565490722656,0.00213623046875,0.08159127601357122,0.0010190473370209501,1,2
M1_margin,high,30,1.0,0.4,2,9.3101224899292,16.318255202714244,0.0629730224609375,12.605880737304688,12.54290771484375,-0.0629730224609375,0.08159127601357122,0.0010190473370209501,1,2
M2_popmass,high,30,1.0,0.4,2,9.3101224899292,16.318255202714244,-0.00156402587890625,10.836793899536133,10.838357925415039,0.00156402587890625,0.08159127601357122,0.0010190473370209501,1,2
M0_balanced,high,30,1.0,0.1,3,9.453791618347168,16.332533810260095,-0.0006561279296875,10.663429260253906,10.664085388183594,0.0006561279296875,0.08166266905130047,0.0010199390118241205,1,1
M1_margin,high,30,1.0,0.1,3,9.453791618347168,16.332533810260095,0.0660247802734375,12.605880737304688,12.53985595703125,-0.0660247802734375,0.08166266905130047,0.0010199390118241205,1,1
M2_popmass,high,30,1.0,0.1,3,9.453791618347168,16.332533810260095,-2.574920654296875e-05,10.836793899536133,10.836819648742676,2.574920654296875e-05,0.08166266905130047,0.0010199390118241205,1,1
M0_balanced,high,30,1.0,0.2,3,9.453791618347168,16.332533810260095,-0.0006561279296875,10.663429260253906,10.664085388183594,0.0006561279296875,0.08166266905130047,0.0010199390118241205,1,1
M1_margin,high,30,1.0,0.2,3,9.453791618347168,16.332533810260095,0.0660247802734375,12.605880737304688,12.53985595703125,-0.0660247802734375,0.08166266905130047,0.0010199390118241205,1,1
M2_popmass,high,30,1.0,0.2,3,9.453791618347168,16.332533810260095,-2.574920654296875e-05,10.836793899536133,10.836819648742676,2.574920654296875e-05,0.08166266905130047,0.0010199390118241205,1,1
M0_balanced,high,30,1.0,0.4,3,9.438441276550293,16.304414684283977,-0.0007562637329101562,10.663429260253906,10.664185523986816,0.0007562637329101562,0.08152207342141989,0.0010181830201393875,1,2
M1_margin,high,30,1.0,0.4,3,9.438441276550293,16.304414684283977,0.06578922271728516,12.605880737304688,12.540091514587402,-0.06578922271728516,0.08152207342141989,0.0010181830201393875,1,2
M2_popmass,high,30,1.0,0.4,3,9.438441276550293,16.304414684283977,-0.00013446807861328125,10.836793899536133,10.836928367614746,0.00013446807861328125,0.08152207342141989,0.0010181830201393875,1,2
M0_balanced,high,30,1.0,0.1,4,9.436967849731445,16.383911177016145,-0.0007944107055664062,10.663429260253906,10.664223670959473,0.0007944107055664062,0.08191955588508072,0.0010231474411644826,1,0
M1_margin,high,30,1.0,0.1,4,9.436967849731445,16.383911177016145,0.06592369079589844,12.605880737304688,12.539957046508789,-0.06592369079589844,0.08191955588508072,0.0010231474411644826,1,0
M2_popmass,high,30,1.0,0.1,4,9.436967849731445,16.383911177016145,-0.0001583099365234375,10.836793899536133,10.836952209472656,0.0001583099365234375,0.08191955588508072,0.0010231474411644826,1,0
M0_balanced,high,30,1.0,0.2,4,9.429590225219727,16.334263019362663,-0.0009212493896484375,10.663429260253906,10.664350509643555,0.0009212493896484375,0.08167131509681332,0.0010200469979972278,1,1
M1_margin,high,30,1.0,0.2,4,9.429590225219727,16.334263019362663,0.0655050277709961,12.605880737304688,12.540375709533691,-0.0655050277709961,0.08167131509681332,0.0010200469979972278,1,1
M2_popmass,high,30,1.0,0.2,4,9.429590225219727,16.334263019362663,-0.00029754638671875,10.836793899536133,10.837091445922852,0.00029754638671875,0.08167131509681332,0.0010200469979972278,1,1
M0_balanced,high,30,1.0,0.4,4,9.321601867675781,16.300056405682348,-0.00104522705078125,10.663429260253906,10.664474487304688,0.00104522705078125,0.08150028202841174,0.0010179108530389339,1,3
M1_margin,high,30,1.0,0.4,4,9.321601867675781,16.300056405682348,0.06571102142333984,12.605880737304688,12.540169715881348,-0.06571102142333984,0.08150028202841174,0.0010179108530389339,1,3
M2_popmass,high,30,1.0,0.4,4,9.321601867675781,16.300056405682348,-0.0004215240478515625,10.836793899536133,10.837215423583984,0.0004215240478515625,0.08150028202841174,0.0010179108530389339,1,3
M0_balanced,high,31,0.8,0.1,0,8.725242614746094,15.494231055107267,-0.028858184814453125,10.663429260253906,10.69228744506836,0.028858184814453125,0.07747115527553634,0.0009675884277914772,1,0
M1_margin,high,31,0.8,0.1,0,8.725242614746094,15.494231055107267,-0.015087127685546875,12.605880737304688,12.620967864990234,0.015087127685546875,0.07747115527553634,0.0009675884277914772,1,0
M2_popmass,high,31,0.8,0.1,0,8.725242614746094,15.494231055107267,-0.028677940368652344,10.836793899536133,10.865471839904785,0.028677940368652344,0.07747115527553634,0.0009675884277914772,1,0
M0_balanced,high,31,0.8,0.2,0,8.712218284606934,15.516987996142618,-0.029130935668945312,10.663429260253906,10.692560195922852,0.029130935668945312,0.07758493998071309,0.0009690095601290177,1,1
M1_margin,high,31,0.8,0.2,0,8.712218284606934,15.516987996142618,-0.01578998565673828,12.605880737304688,12.621670722961426,0.01578998565673828,0.07758493998071309,0.0009690095601290177,1,1
M2_popmass,high,31,0.8,0.2,0,8.712218284606934,15.516987996142618,-0.028957366943359375,10.836793899536133,10.865751266479492,0.028957366943359375,0.07758493998071309,0.0009690095601290177,1,1
M0_balanced,high,31,0.8,0.4,0,8.722389221191406,15.52638109950009,-0.029392242431640625,10.663429260253906,10.692821502685547,0.029392242431640625,0.07763190549750046,0.0009695961434888125,1,2
M1_margin,high,31,0.8,0.4,0,8.722389221191406,15.52638109950009,-0.016374588012695312,12.605880737304688,12.622255325317383,0.016374588012695312,0.07763190549750046,0.0009695961434888125,1,2
M2_popmass,high,31,0.8,0.4,0,8.722389221191406,15.52638109950009,-0.029227256774902344,10.836793899536133,10.866021156311035,0.029227256774902344,0.07763190549750046,0.0009695961434888125,1,2
M0_balanced,high,31,0.8,0.1,1,8.72675895690918,15.49474319457515,-0.028847694396972656,10.663429260253906,10.692276954650879,0.028847694396972656,0.07747371597287575,0.000967620410031885,1,0
M1_margin,high,31,0.8,0.1,1,8.72675895690918,15.49474319457515,-0.015078544616699219,12.605880737304688,12.620959281921387,0.015078544616699219,0.07747371597287575,0.000967620410031885,1,0
M2_popmass,high,31,0.8,0.1,1,8.72675895690918,15.49474319457515,-0.02866649627685547,10.836793899536133,10.865460395812988,0.02866649627685547,0.07747371597287575,0.000967620410031885,1,0
M0_balanced,high,31,0.8,0.2,1,8.72675895690918,15.49474319457515,-0.028847694396972656,10.663429260253906,10.692276954650879,0.028847694396972656,0.07747371597287575,0.000967620410031885,1,0
M1_margin,high,31,0.8,0.2,1,8.72675895690918,15.49474319457515,-0.015078544616699219,12.605880737304688,12.620959281921387,0.015078544616699219,0.07747371597287575,0.000967620410031885,1,0
M2_popmass,high,31,0.8,0.2,1,8.72675895690918,15.49474319457515,-0.02866649627685547,10.836793899536133,10.865460395812988,0.02866649627685547,0.07747371597287575,0.000967620410031885,1,0
M0_balanced,high,31,0.8,0.4,1,8.592679977416992,15.462097325949198,-0.02942943572998047,10.663429260253906,10.692858695983887,0.02942943572998047,0.07731048662974599,0.000965581730952857,1,2
M1_margin,high,31,0.8,0.4,1,8.592679977416992,15.462097325949198,-0.01674652099609375,12.605880737304688,12.622627258300781,0.01674652099609375,0.07731048662974599,0.000965581730952857,1,2
M2_popmass,high,31,0.8,0.4,1,8.592679977416992,15.462097325949198,-0.029282569885253906,10.836793899536133,10.866076469421387,0.029282569885253906,0.07731048662974599,0.000965581730952857,1,2
M0_balanced,high,31,0.8,0.1,2,8.741132736206055,15.491447214842086,-0.02896595001220703,10.663429260253906,10.692395210266113,0.02896595001220703,0.07745723607421043,0.000967414581692511,1,1
M1_margin,high,31,0.8,0.1,2,8.741132736206055,15.491447214842086,-0.015323638916015625,12.605880737304688,12.621204376220703,0.015323638916015625,0.07745723607421043,0.000967414581692511,1,1
M2_popmass,high,31,0.8,0.1,2,8.741132736206055,15.491447214842086,-0.028789520263671875,10.836793899536133,10.865583419799805,0.028789520263671875,0.07745723607421043,0.000967414581692511,1,1
M0_balanced,high,31,0.8,0.2,2,8.741132736206055,15.491447214842086,-0.02896595001220703,10.663429260253906,10.692395210266113,0.02896595001220703,0.07745723607421043,0.000967414581692511,1,1
M1_margin,high,31,0.8,0.2,2,8.741132736206055,15.491447214842086,-0.015323638916015625,12.605880737304688,12.621204376220703,0.015323638916015625,0.07745723607421043,0.000967414581692511,1,1
M2_popmass,high,31,0.8,0.2,2,8.741132736206055,15.491447214842086,-0.028789520263671875,10.836793899536133,10.865583419799805,0.028789520263671875,0.07745723607421043,0.000967414581692511,1,1
M0_balanced,high,31,0.8,0.4,2,8.741132736206055,15.491447214842086,-0.02896595001220703,10.663429260253906,10.692395210266113,0.02896595001220703,0.07745723607421043,0.000967414581692511,1,1
M1_margin,high,31,0.8,0.4,2,8.741132736206055,15.491447214842086,-0.015323638916015625,12.605880737304688,12.621204376220703,0.015323638916015625,0.07745723607421043,0.000967414581692511,1,1
M2_popmass,high,31,0.8,0.4,2,8.741132736206055,15.491447214842086,-0.028789520263671875,10.836793899536133,10.865583419799805,0.028789520263671875,0.07745723607421043,0.000967414581692511,1,1
M0_balanced,high,31,0.8,0.1,3,8.723004341125488,15.492475596217812,-0.028850555419921875,10.663429260253906,10.692279815673828,0.028850555419921875,0.07746237798108906,0.0009674788023637382,1,0
M1_margin,high,31,0.8,0.1,3,8.723004341125488,15.492475596217812,-0.015084266662597656,12.605880737304688,12.620965003967285,0.015084266662597656,0.07746237798108906,0.0009674788023637382,1,0
M2_popmass,high,31,0.8,0.1,3,8.723004341125488,15.492475596217812,-0.028670310974121094,10.836793899536133,10.865464210510254,0.028670310974121094,0.07746237798108906,0.0009674788023637382,1,0
M0_balanced,high,31,0.8,0.2,3,8.723004341125488,15.492475596217812,-0.028850555419921875,10.663429260253906,10.692279815673828,0.028850555419921875,0.07746237798108906,0.0009674788023637382,1,0
M1_margin,high,31,0.8,0.2,3,8.723004341125488,15.492475596217812,-0.015084266662597656,12.605880737304688,12.620965003967285,0.015084266662597656,0.07746237798108906,0.0009674788023637382,1,0
M2_popmass,high,31,0.8,0.2,3,8.723004341125488,15.492475596217812,-0.028670310974121094,10.836793899536133,10.865464210510254,0.028670310974121094,0.07746237798108906,0.0009674788023637382,1,0
M0_balanced,high,31,0.8,0.4,3,8.74106502532959,15.491544645244462,-0.02895355224609375,10.663429260253906,10.6923828125,0.02895355224609375,0.07745772322622231,0.0009674206660557505,1,1
M1_margin,high,31,0.8,0.4,3,8.74106502532959,15.491544645244462,-0.015303611755371094,12.605880737304688,12.621184349060059,0.015303611755371094,0.07745772322622231,0.0009674206660557505,1,1
M2_popmass,high,31,0.8,0.4,3,8.74106502532959,15.491544645244462,-0.028776168823242188,10.836793899536133,10.865570068359375,0.028776168823242188,0.07745772322622231,0.0009674206660557505,1,1
M0_balanced,high,31,0.8,0.1,4,8.724328994750977,15.49228892930538,-0.02884674072265625,10.663429260253906,10.692276000976562,0.02884674072265625,0.0774614446465269,0.0009674671453319258,1,0
M1_margin,high,31,0.8,0.1,4,8.724328994750977,15.49228892930538,-0.015078544616699219,12.605880737304688,12.620959281921387,0.015078544616699219,0.0774614446465269,0.0009674671453319258,1,0
M2_popmass,high,31,0.8,0.1,4,8.724328994750977,15.49228892930538,-0.02866649627685547,10.836793899536133,10.865460395812988,0.02866649627685547,0.0774614446465269,0.0009674671453319258,1,0
M0_balanced,high,31,0.8,0.2,4,8.724328994750977,15.49228892930538,-0.02884674072265625,10.663429260253906,10.692276000976562,0.02884674072265625,0.0774614446465269,0.0009674671453319258,1,0
M1_margin,high,31,0.8,0.2,4,8.724328994750977,15.49228892930538,-0.015078544616699219,12.605880737304688,12.620959281921387,0.015078544616699219,0.0774614446465269,0.0009674671453319258,1,0
M2_popmass,high,31,0.8,0.2,4,8.724328994750977,15.49228892930538,-0.02866649627685547,10.836793899536133,10.865460395812988,0.02866649627685547,0.0774614446465269,0.0009674671453319258,1,0
M0_balanced,high,31,0.8,0.4,4,8.724328994750977,15.49228892930538,-0.02884674072265625,10.663429260253906,10.692276000976562,0.02884674072265625,0.0774614446465269,0.0009674671453319258,1,0
M1_margin,high,31,0.8,0.4,4,8.724328994750977,15.49228892930538,-0.015078544616699219,12.605880737304688,12.620959281921387,0.015078544616699219,0.0774614446465269,0.0009674671453319258,1,0
M2_popmass,high,31,0.8,0.4,4,8.724328994750977,15.49228892930538,-0.02866649627685547,10.836793899536133,10.865460395812988,0.02866649627685547,0.0774614446465269,0.0009674671453319258,1,0
