meta_objective,state,sample_index,seq_pop_ratio,strength,repeat,sample_loss,utility,dot,cosine,sample_grad_norm,meta_grad_norm,augmented,dropped_items
M0_balanced,low,0,0.375,0.1,0,10.907244682312012,0.004406399093568325,0.0009111347026191652,0.0027702057268470526,1.5906399488449097,0.20677532255649567,1,1
M1_margin,low,0,0.375,0.1,0,10.907244682312012,0.01075019035488367,0.0051226443611085415,0.006758404895663261,1.5906399488449097,0.4765166640281677,1,1
M2_popmass,low,0,0.375,0.1,0,10.907244682312012,0.004897245671600103,0.0010139347286894917,0.0030787899158895016,1.5906399488449097,0.20704181492328644,1,1
M0_balanced,low,0,0.375,0.2,0,10.907244682312012,0.004406399093568325,0.0009111347026191652,0.0027702057268470526,1.5906399488449097,0.20677532255649567,1,1
M1_margin,low,0,0.375,0.2,0,10.907244682312012,0.01075019035488367,0.0051226443611085415,0.006758404895663261,1.5906399488449097,0.4765166640281677,1,1
M2_popmass,low,0,0.375,0.2,0,10.907244682312012,0.004897245671600103,0.0010139347286894917,0.0030787899158895016,1.5906399488449097,0.20704181492328644,1,1
M0_balanced,low,0,0.375,0.4,0,10.809959411621094,0.005370323546230793,0.001110450248233974,0.0034364615567028522,1.562747836112976,0.20677532255649567,1,3
M1_margin,low,0,0.375,0.4,0,10.809959411621094,0.010734145529568195,0.005114999134093523,0.0068687633611261845,1.562747836112976,0.4765166640281677,1,3
M2_popmass,low,0,0.375,0.4,0,10.809959411621094,0.005877991206943989,0.0012169898254796863,0.003761317115277052,1.562747836112976,0.20704181492328644,1,3
M0_balanced,low,0,0.375,0.1,1,10.915111541748047,0.004143414553254843,0.0008567558252252638,0.0026265152264386415,1.5775328874588013,0.20677532255649567,1,1
M1_margin,low,0,0.375,0.1,1,10.915111541748047,0.00998025480657816,0.004755757749080658,0.006326495669782162,1.5775328874588013,0.4765166640281677,1,1
M2_popmass,low,0,0.375,0.1,1,10.915111541748047,0.004609952215105295,0.0009544529020786285,0.00292225438170135,1.5775328874588013,0.20704181492328644,1,1
M0_balanced,low,0,0.375,0.2,1,10.915111541748047,0.004143414553254843,0.0008567558252252638,0.0026265152264386415,1.5775328874588013,0.20677532255649567,1,1
M1_margin,low,0,0.375,0.2,1,10.915111541748047,0.00998025480657816,0.004755757749080658,0.006326495669782162,1.5775328874588013,0.4765166640281677,1,1
M2_popmass,low,0,0.375,0.2,1,10.915111541748047,0.004609952215105295,0.0009544529020786285,0.00292225438170135,1.5775328874588013,0.20704181492328644,1,1
M0_balanced,low,0,0.375,0.4,1,10.915111541748047,0.004143414553254843,0.0008567558252252638,0.0026265152264386415,1.5775328874588013,0.20677532255649567,1,1
M1_margin,low,0,0.375,0.4,1,10.915111541748047,0.00998025480657816,0.004755757749080658,0.006326495669782162,1.5775328874588013,0.4765166640281677,1,1
M2_popmass,low,0,0.375,0.4,1,10.915111541748047,0.004609952215105295,0.0009544529020786285,0.00292225438170135,1.5775328874588013,0.20704181492328644,1,1
M0_balanced,low,0,0.375,0.1,2,11.012968063354492,0.0029534902423620224,0.0006107088411226869,0.001861316617578268,1.5867747068405151,0.20677532255649567,0,0
M1_margin,low,0,0.375,0.1,2,11.012968063354492,0.00920031126588583,0.004384102299809456,0.005798121448606253,1.5867747068405151,0.4765166640281677,0,0
M2_popmass,low,0,0.375,0.1,2,11.012968063354492,0.0033701721113175154,0.0006977666052989662,0.0021239137277007103,1.5867747068405151,0.20704181492328644,0,0
M0_balanced,low,0,0.375,0.2,2,11.012968063354492,0.0029534902423620224,0.0006107088411226869,0.001861316617578268,1.5867747068405151,0.20677532255649567,0,0
M1_margin,low,0,0.375,0.2,2,11.012968063354492,0.00920031126588583,0.004384102299809456,0.005798121448606253,1.5867747068405151,0.4765166640281677,0,0
M2_popmass,low,0,0.375,0.2,2,11.012968063354492,0.0033701721113175154,0.0006977666052989662,0.0021239137277007103,1.5867747068405151,0.20704181492328644,0,0
M0_balanced,low,0,0.375,0.4,2,11.012968063354492,0.0029534902423620224,0.0006107088411226869,0.001861316617578268,1.5867747068405151,0.20677532255649567,0,0
M1_margin,low,0,0.375,0.4,2,11.012968063354492,0.00920031126588583,0.004384102299809456,0.005798121448606253,1.5867747068405151,0.4765166640281677,0,0
M2_popmass,low,0,0.375,0.4,2,11.012968063354492,0.0033701721113175154,0.0006977666052989662,0.0021239137277007103,1.5867747068405151,0.20704181492328644,0,0
M0_balanced,low,1,0.0,0.1,0,8.012024879455566,-0.000503348303027451,-0.00010407998342998326,-0.0003143411595374346,1.6012799739837646,0.20677532255649567,1,1
M1_margin,low,1,0.0,0.1,0,8.012024879455566,0.011109811253845692,0.005294010508805513,0.0069380817003548145,1.6012799739837646,0.4765166640281677,1,1
M2_popmass,low,1,0.0,0.1,0,8.012024879455566,0.0003644752432592213,7.546160486526787e-05,0.0002276149025419727,1.6012799739837646,0.20704181492328644,1,1
M0_balanced,low,1,0.0,0.2,0,8.012024879455566,-0.000503348303027451,-0.00010407998342998326,-0.0003143411595374346,1.6012799739837646,0.20677532255649567,1,1
M1_margin,low,1,0.0,0.2,0,8.012024879455566,0.011109811253845692,0.005294010508805513,0.0069380817003548145,1.6012799739837646,0.4765166640281677,1,1
M2_popmass,low,1,0.0,0.2,0,8.012024879455566,0.0003644752432592213,7.546160486526787e-05,0.0002276149025419727,1.6012799739837646,0.20704181492328644,1,1
M0_balanced,low,1,0.0,0.4,0,8.012024879455566,-0.000503348303027451,-0.00010407998342998326,-0.0003143411595374346,1.6012799739837646,0.20677532255649567,1,1
M1_margin,low,1,0.0,0.4,0,8.012024879455566,0.011109811253845692,0.005294010508805513,0.0069380817003548145,1.6012799739837646,0.4765166640281677,1,1
M2_popmass,low,1,0.0,0.4,0,8.012024879455566,0.0003644752432592213,7.546160486526787e-05,0.0002276149025419727,1.6012799739837646,0.20704181492328644,1,1
M0_balanced,low,1,0.0,0.1,1,7.9643659591674805,0.00014650443335995078,3.029344225069508e-05,9.1032256023027e-05,1.6093653440475464,0.20677532255649567,0,0
M1_margin,low,1,0.0,0.1,1,7.9643659591674805,0.012379652820527554,0.005899110808968544,0.00769225787371397,1.6093653440475464,0.4765166640281677,0,0
M2_popmass,low,1,0.0,0.1,1,7.9643659591674805,0.0010553246829658747,0.00021849630866199732,0.0006557396263815463,1.6093653440475464,0.20704181492328644,0,0
M0_balanced,low,1,0.0,0.2,1,7.9643659591674805,0.00014650443335995078,3.029344225069508e-05,9.1032256023027e-05,1.6093653440475464,0.20677532255649567,0,0
M1_margin,low,1,0.0,0.2,1,7.9643659591674805,0.012379652820527554,0.005899110808968544,0.00769225787371397,1.6093653440475464,0.4765166640281677,0,0
M2_popmass,low,1,0.0,0.2,1,7.9643659591674805,0.0010553246829658747,0.00021849630866199732,0.0006557396263815463,1.6093653440475464,0.20704181492328644,0,0
M0_balanced,low,1,0.0,0.4,1,7.9643659591674805,0.00014650443335995078,3.029344225069508e-05,9.1032256023027e-05,1.6093653440475464,0.20677532255649567,0,0
M1_margin,low,1,0.0,0.4,1,7.9643659591674805,0.012379652820527554,0.005899110808968544,0.00769225787371397,1.6093653440475464,0.4765166640281677,0,0
M2_popmass,low,1,0.0,0.4,1,7.9643659591674805,0.0010553246829658747,0.00021849630866199732,0.0006557396263815463,1.6093653440475464,0.20704181492328644,0,0
M0_balanced,low,1,0.0,0.1,2,7.960819721221924,0.00014928894233889878,3.086926881223917e-05,9.271475573768839e-05,1.6101961135864258,0.20677532255649567,0,0
M1_margin,low,1,0.0,0.1,2,7.960819721221924,0.01244953740388155,0.0059324102476239204,0.007731687743216753,1.6101961135864258,0.4765166640281677,0,0
M2_popmass,low,1,0.0,0.1,2,7.960819721221924,0.0010597002692520618,0.00021940232545603067,0.0006581189227290452,1.6101961135864258,0.20704181492328644,0,0
M0_balanced,low,1,0.0,0.2,2,7.960819721221924,0.00014928894233889878,3.086926881223917e-05,9.271475573768839e-05,1.6101961135864258,0.20677532255649567,0,0
M1_margin,low,1,0.0,0.2,2,7.960819721221924,0.01244953740388155,0.0059324102476239204,0.007731687743216753,1.6101961135864258,0.4765166640281677,0,0
M2_popmass,low,1,0.0,0.2,2,7.960819721221924,0.0010597002692520618,0.00021940232545603067,0.0006581189227290452,1.6101961135864258,0.20704181492328644,0,0
M0_balanced,low,1,0.0,0.4,2,7.960819721221924,0.00014928894233889878,3.086926881223917e-05,9.271475573768839e-05,1.6101961135864258,0.20677532255649567,0,0
M1_margin,low,1,0.0,0.4,2,7.960819721221924,0.01244953740388155,0.0059324102476239204,0.007731687743216753,1.6101961135864258,0.4765166640281677,0,0
M2_popmass,low,1,0.0,0.4,2,7.960819721221924,0.0010597002692520618,0.00021940232545603067,0.0006581189227290452,1.6101961135864258,0.20704181492328644,0,0
M0_balanced,low,2,0.0,0.1,0,10.684162139892578,0.0012554260902106762,0.00025959115009754896,0.0008154511451721191,1.5395480394363403,0.20677532255649567,0,0
M1_margin,low,2,0.0,0.1,0,10.684162139892578,0.007891848683357239,0.0037605976685881615,0.005126081872731447,1.5395480394363403,0.4765166640281677,0,0
M2_popmass,low,2,0.0,0.1,0,10.684162139892578,0.0015813212376087904,0.0003273996990174055,0.001027133665047586,1.5395480394363403,0.20704181492328644,0,0
M0_balanced,low,2,0.0,0.2,0,10.684162139892578,0.0012554260902106762,0.00025959115009754896,0.0008154511451721191,1.5395480394363403,0.20677532255649567,0,0
M1_margin,low,2,0.0,0.2,0,10.684162139892578,0.007891848683357239,0.0037605976685881615,0.005126081872731447,1.5395480394363403,0.4765166640281677,0,0
M2_popmass,low,2,0.0,0.2,0,10.684162139892578,0.0015813212376087904,0.0003273996990174055,0.001027133665047586,1.5395480394363403,0.20704181492328644,0,0
M0_balanced,low,2,0.0,0.4,0,10.684162139892578,0.0012554260902106762,0.00025959115009754896,0.0008154511451721191,1.5395480394363403,0.20677532255649567,0,0
M1_margin,low,2,0.0,0.4,0,10.684162139892578,0.007891848683357239,0.0037605976685881615,0.005126081872731447,1.5395480394363403,0.4765166640281677,0,0
M2_popmass,low,2,0.0,0.4,0,10.684162139892578,0.0015813212376087904,0.0003273996990174055,0.001027133665047586,1.5395480394363403,0.20704181492328644,0,0
M0_balanced,low,2,0.0,0.1,1,10.561845779418945,0.0016466525848954916,0.0003404871094971895,0.0010595882777124643,1.5540493726730347,0.20677532255649567,1,0
M1_margin,low,2,0.0,0.1,1,10.561845779418945,0.00842847116291523,0.004016307182610035,0.005423554684966803,1.5540493726730347,0.4765166640281677,1,0
M2_popmass,low,2,0.0,0.1,1,10.561845779418945,0.001997072249650955,0.0004134774790145457,0.0012850764906033874,1.5540493726730347,0.20704181492328644,1,0
M0_balanced,low,2,0.0,0.2,1,10.587307929992676,0.001220352714881301,0.0002523388247936964,0.0007847216911613941,1.555140733718872,0.20677532255649567,1,2
M1_margin,low,2,0.0,0.2,1,10.587307929992676,0.007458410691469908,0.0035540570970624685,0.004795971792191267,1.555140733718872,0.4765166640281677,1,2
M2_popmass,low,2,0.0,0.2,1,10.587307929992676,0.0015447858022525907,0.00031983532244339585,0.0009933416731655598,1.555140733718872,0.20704181492328644,1,2
M0_balanced,low,2,0.0,0.4,1,10.678422927856445,0.0018840930424630642,0.00038958402001298964,0.0012125273933634162,1.5538562536239624,0.20677532255649567,1,3
M1_margin,low,2,0.0,0.4,1,10.678422927856445,0.007852185517549515,0.003741697408258915,0.00505335396155715,1.5538562536239624,0.4765166640281677,1,3
M2_popmass,low,2,0.0,0.4,1,10.678422927856445,0.0022295780945569277,0.00046161588397808373,0.001434867619536817,1.5538562536239624,0.20704181492328644,1,3
M0_balanced,low,2,0.0,0.1,2,10.698152542114258,0.001184245920740068,0.0002448728773742914,0.0007688457262702286,1.5402909517288208,0.20677532255649567,1,1
M1_margin,low,2,0.0,0.1,2,10.698152542114258,0.007626322563737631,0.003634069813415408,0.004951222334057093,1.5402909517288208,0.4765166640281677,1,1
M2_popmass,low,2,0.0,0.1,2,10.698152542114258,0.001504465937614441,0.00031148738344199955,0.000976741430349648,1.5402909517288208,0.20704181492328644,1,1
M0_balanced,low,2,0.0,0.2,2,10.698152542114258,0.001184245920740068,0.0002448728773742914,0.0007688457262702286,1.5402909517288208,0.20677532255649567,1,1
M1_margin,low,2,0.0,0.2,2,10.698152542114258,0.007626322563737631,0.003634069813415408,0.004951222334057093,1.5402909517288208,0.4765166640281677,1,1
M2_popmass,low,2,0.0,0.2,2,10.698152542114258,0.001504465937614441,0.00031148738344199955,0.000976741430349648,1.5402909517288208,0.20704181492328644,1,1
M0_balanced,low,2,0.0,0.4,2,10.698152542114258,0.001184245920740068,0.0002448728773742914,0.0007688457262702286,1.5402909517288208,0.20677532255649567,1,1
M1_margin,low,2,0.0,0.4,2,10.698152542114258,0.007626322563737631,0.003634069813415408,0.004951222334057093,1.5402909517288208,0.4765166640281677,1,1
M2_popmass,low,2,0.0,0.4,2,10.698152542114258,0.001504465937614441,0.00031148738344199955,0.000976741430349648,1.5402909517288208,0.20704181492328644,1,1
M0_balanced,low,3,0.3333333333333333,0.1,0,9.343334197998047,0.0037351278588175774,0.0007723321905359626,0.0023036065977066755,1.621425986289978,0.20677532255649567,0,0
M1_margin,low,3,0.3333333333333333,0.1,0,9.343334197998047,0.013288354501128197,0.006332123186439276,0.008195475675165653,1.621425986289978,0.4765166640281677,0,0
M2_popmass,low,3,0.3333333333333333,0.1,0,9.343334197998047,0.00435737194493413,0.0009021581499837339,0.00268736993893981,1.621425986289978,0.20704181492328644,0,0
M0_balanced,low,3,0.3333333333333333,0.2,0,9.343334197998047,0.0037351278588175774,0.0007723321905359626,0.0023036065977066755,1.621425986289978,0.20677532255649567,0,0
M1_margin,low,3,0.3333333333333333,0.2,0,9.343334197998047,0.013288354501128197,0.006332123186439276,0.008195475675165653,1.621425986289978,0.4765166640281677,0,0
M2_popmass,low,3,0.3333333333333333,0.2,0,9.343334197998047,0.00435737194493413,0.0009021581499837339,0.00268736993893981,1.621425986289978,0.20704181492328644,0,0
M0_balanced,low,3,0.3333333333333333,0.4,0,9.343334197998047,0.0037351278588175774,0.0007723321905359626,0.0023036065977066755,1.621425986289978,0.20677532255649567,0,0
M1_margin,low,3,0.3333333333333333,0.4,0,9.343334197998047,0.013288354501128197,0.006332123186439276,0.008195475675165653,1.621425986289978,0.4765166640281677,0,0
M2_popmass,low,3,0.3333333333333333,0.4,0,9.343334197998047,0.00435737194493413,0.0009021581499837339,0.00268736993893981,1.621425986289978,0.20704181492328644,0,0
M0_balanced,low,3,0.3333333333333333,0.1,1,9.394047737121582,0.0038394678849726915,0.0007939072092995048,0.002392887370660901,1.6045334339141846,0.20677532255649567,0,0
M1_margin,low,3,0.3333333333333333,0.1,1,9.394047737121582,0.011009924113750458,0.005246411543339491,0.006861759349703789,1.6045334339141846,0.4765166640281677,0,0
M2_popmass,low,3,0.3333333333333333,0.1,1,9.394047737121582,0.004421134479343891,0.0009153597056865692,0.0027554018888622522,1.6045334339141846,0.20704181492328644,0,0
M0_balanced,low,3,0.3333333333333333,0.2,1,9.394047737121582,0.0038394678849726915,0.0007939072092995048,0.002392887370660901,1.6045334339141846,0.20677532255649567,0,0
M1_margin,low,3,0.3333333333333333,0.2,1,9.394047737121582,0.011009924113750458,0.005246411543339491,0.006861759349703789,1.6045334339141846,0.4765166640281677,0,0
M2_popmass,low,3,0.3333333333333333,0.2,1,9.394047737121582,0.004421134479343891,0.0009153597056865692,0.0027554018888622522,1.6045334339141846,0.20704181492328644,0,0
M0_balanced,low,3,0.3333333333333333,0.4,1,9.394047737121582,0.0038394678849726915,0.0007939072092995048,0.002392887370660901,1.6045334339141846,0.20677532255649567,0,0
M1_margin,low,3,0.3333333333333333,0.4,1,9.394047737121582,0.011009924113750458,0.005246411543339491,0.006861759349703789,1.6045334339141846,0.4765166640281677,0,0
M2_popmass,low,3,0.3333333333333333,0.4,1,9.394047737121582,0.004421134479343891,0.0009153597056865692,0.0027554018888622522,1.6045334339141846,0.20704181492328644,0,0
M0_balanced,low,3,0.3333333333333333,0.1,2,9.344743728637695,0.0037306726444512606,0.0007714111125096679,0.002301954897120595,1.6206542253494263,0.20677532255649567,0,0
M1_margin,low,3,0.3333333333333333,0.1,2,9.344743728637695,0.013249196112155914,0.006313462741672993,0.008175214752554893,1.6206542253494263,0.4765166640281677,0,0
M2_popmass,low,3,0.3333333333333333,0.1,2,9.344743728637695,0.004351906478404999,0.000901026651263237,0.002685277722775936,1.6206542253494263,0.20704181492328644,0,0
M0_balanced,low,3,0.3333333333333333,0.2,2,9.344743728637695,0.0037306726444512606,0.0007714111125096679,0.002301954897120595,1.6206542253494263,0.20677532255649567,0,0
M1_margin,low,3,0.3333333333333333,0.2,2,9.344743728637695,0.013249196112155914,0.006313462741672993,0.008175214752554893,1.6206542253494263,0.4765166640281677,0,0
M2_popmass,low,3,0.3333333333333333,0.2,2,9.344743728637695,0.004351906478404999,0.000901026651263237,0.002685277722775936,1.6206542253494263,0.20704181492328644,0,0
M0_balanced,low,3,0.3333333333333333,0.4,2,9.344743728637695,0.0037306726444512606,0.0007714111125096679,0.002301954897120595,1.6206542253494263,0.20677532255649567,0,0
M1_margin,low,3,0.3333333333333333,0.4,2,9.344743728637695,0.013249196112155914,0.006313462741672993,0.008175214752554893,1.6206542253494263,0.4765166640281677,0,0
M2_popmass,low,3,0.3333333333333333,0.4,2,9.344743728637695,0.004351906478404999,0.000901026651263237,0.002685277722775936,1.6206542253494263,0.20704181492328644,0,0
M0_balanced,low,4,0.25,0.1,0,9.796138763427734,0.0021828114986419678,0.0004513515450526029,0.0013922767248004675,1.5678000450134277,0.20677532255649567,1,0
M1_margin,low,4,0.25,0.1,0,9.796138763427734,0.00894918479025364,0.004264436196535826,0.005708117038011551,1.5678000450134277,0.4765166640281677,1,0
M2_popmass,low,4,0.25,0.1,0,9.796138763427734,0.0026359944604337215,0.0005457611405290663,0.0016813335241749883,1.5678000450134277,0.20704181492328644,1,0
M0_balanced,low,4,0.25,0.2,0,9.750520706176758,0.0020323465578258038,0.00042023914284072816,0.0012948496732860804,1.5695618391036987,0.20677532255649567,1,1
M1_margin,low,4,0.25,0.2,0,9.750520706176758,0.00891509372740984,0.004248190671205521,0.005679988767951727,1.5695618391036987,0.4765166640281677,1,1
M2_popmass,low,4,0.25,0.2,0,9.750520706176758,0.0024806619621813297,0.0005136007675901055,0.001580480602569878,1.5695618391036987,0.20704181492328644,1,1
M0_balanced,low,4,0.25,0.4,0,9.750520706176758,0.0020323465578258038,0.00042023914284072816,0.0012948496732860804,1.5695618391036987,0.20677532255649567,1,1
M1_margin,low,4,0.25,0.4,0,9.750520706176758,0.00891509372740984,0.004248190671205521,0.005679988767951727,1.5695618391036987,0.4765166640281677,1,1
M2_popmass,low,4,0.25,0.4,0,9.750520706176758,0.0024806619621813297,0.0005136007675901055,0.001580480602569878,1.5695618391036987,0.20704181492328644,1,1
M0_balanced,low,4,0.25,0.1,1,9.75367546081543,0.0020329635590314865,0.00042036670492962003,0.00129514723084867,1.5696775913238525,0.20677532255649567,1,1
M1_margin,low,4,0.25,0.1,1,9.75367546081543,0.008902374655008316,0.004242129623889923,0.005671466700732708,1.5696775913238525,0.4765166640281677,1,1
M2_popmass,low,4,0.25,0.1,1,9.75367546081543,0.002481083618476987,0.0005136880790814757,0.001580632640980184,1.5696775913238525,0.20704181492328644,1,1
M0_balanced,low,4,0.25,0.2,1,9.75367546081543,0.0020329635590314865,0.00042036670492962003,0.00129514723084867,1.5696775913238525,0.20677532255649567,1,1
M1_margin,low,4,0.25,0.2,1,9.75367546081543,0.008902374655008316,0.004242129623889923,0.005671466700732708,1.5696775913238525,0.4765166640281677,1,1
M2_popmass,low,4,0.25,0.2,1,9.75367546081543,0.002481083618476987,0.0005136880790814757,0.001580632640980184,1.5696775913238525,0.20704181492328644,1,1
M0_balanced,low,4,0.25,0.4,1,9.75367546081543,0.0020329635590314865,0.00042036670492962003,0.00129514723084867,1.5696775913238525,0.20677532255649567,1,1
M1_margin,low,4,0.25,0.4,1,9.75367546081543,0.008902374655008316,0.004242129623889923,0.005671466700732708,1.5696775913238525,0.4765166640281677,1,1
M2_popmass,low,4,0.25,0.4,1,9.75367546081543,0.002481083618476987,0.0005136880790814757,0.001580632640980184,1.5696775913238525,0.20704181492328644,1,1
M0_balanced,low,4,0.25,0.1,2,9.798913955688477,0.0021892059594392776,0.00045267370296642184,0.0013961988734081388,1.5679755210876465,0.20677532255649567,1,0
M1_margin,low,4,0.25,0.1,2,9.798913955688477,0.00896140281111002,0.004270257893949747,0.005715269595384598,1.5679755210876465,0.4765166640281677,1,0
M2_popmass,low,4,0.25,0.1,2,9.798913955688477,0.002642737003043294,0.0005471570184454322,0.0016854451969265938,1.5679755210876465,0.20704181492328644,1,0
M0_balanced,low,4,0.25,0.2,2,9.754005432128906,0.0021364015992730856,0.0004417551099322736,0.001360213034786284,1.5706373453140259,0.20677532255649567,1,1
M1_margin,low,4,0.25,0.2,2,9.754005432128906,0.008910923264920712,0.004246203228831291,0.005673443898558617,1.5706373453140259,0.4765166640281677,1,1
M2_popmass,low,4,0.25,0.2,2,9.754005432128906,0.0025880783796310425,0.0005358405178412795,0.0016477889148518443,1.5706373453140259,0.20704181492328644,1,1
M0_balanced,low,4,0.25,0.4,2,9.753084182739258,0.0020202803425490856,0.0004177440423518419,0.0012854118831455708,1.571698546409607,0.20677532255649567,1,2
M1_margin,low,4,0.25,0.4,2,9.753084182739258,0.008972760289907455,0.004275670275092125,0.005708958487957716,1.571698546409607,0.4765166640281677,1,2
M2_popmass,low,4,0.25,0.4,2,9.753084182739258,0.0024708048440515995,0.0005115599487908185,0.001572060282342136,1.571698546409607,0.20704181492328644,1,2
M0_balanced,low,5,0.25,0.1,0,7.954774379730225,0.0029579000547528267,0.0006116209551692009,0.0018607741221785545,1.589607834815979,0.20677532255649567,0,0
M1_margin,low,5,0.25,0.1,0,7.954774379730225,0.00982977356761694,0.004684049636125565,0.006183771416544914,1.589607834815979,0.4765166640281677,0,0
M2_popmass,low,5,0.25,0.1,0,7.954774379730225,0.0039553712122142315,0.0008189273066818714,0.0024882687721401453,1.589607834815979,0.20704181492328644,0,0
M0_balanced,low,5,0.25,0.2,0,7.954774379730225,0.0029579000547528267,0.0006116209551692009,0.0018607741221785545,1.589607834815979,0.20677532255649567,0,0
M1_margin,low,5,0.25,0.2,0,7.954774379730225,0.00982977356761694,0.004684049636125565,0.006183771416544914,1.589607834815979,0.4765166640281677,0,0
M2_popmass,low,5,0.25,0.2,0,7.954774379730225,0.0039553712122142315,0.0008189273066818714,0.0024882687721401453,1.589607834815979,0.20704181492328644,0,0
M0_balanced,low,5,0.25,0.4,0,7.954774379730225,0.0029579000547528267,0.0006116209551692009,0.0018607741221785545,1.589607834815979,0.20677532255649567,0,0
M1_margin,low,5,0.25,0.4,0,7.954774379730225,0.00982977356761694,0.004684049636125565,0.006183771416544914,1.589607834815979,0.4765166640281677,0,0
M2_popmass,low,5,0.25,0.4,0,7.954774379730225,0.0039553712122142315,0.0008189273066818714,0.0024882687721401453,1.589607834815979,0.20704181492328644,0,0
M0_balanced,low,5,0.25,0.1,1,7.925727367401123,0.0023333001881837845,0.00048246883670799434,0.0014764666557312012,1.5803269147872925,0.20677532255649567,1,0
M1_margin,low,5,0.25,0.1,1,7.925727367401123,0.010402307845652103,0.004956874065101147,0.006582378409802914,1.5803269147872925,0.4765166640281677,1,0
M2_popmass,low,5,0.25,0.1,1,7.925727367401123,0.0033146764617413282,0.0006862767040729523,0.002097462536767125,1.5803269147872925,0.20704181492328644,1,0
M0_balanced,low,5,0.25,0.2,1,7.925727367401123,0.0023333001881837845,0.00048246883670799434,0.0014764666557312012,1.5803269147872925,0.20677532255649567,1,0
M1_margin,low,5,0.25,0.2,1,7.925727367401123,0.010402307845652103,0.004956874065101147,0.006582378409802914,1.5803269147872925,0.4765166640281677,1,0
M2_popmass,low,5,0.25,0.2,1,7.925727367401123,0.0033146764617413282,0.0006862767040729523,0.002097462536767125,1.5803269147872925,0.20704181492328644,1,0
M0_balanced,low,5,0.25,0.4,1,7.958617687225342,0.003192242933437228,0.0006600769702345133,0.0020198775455355644,1.580413818359375,0.20677532255649567,1,1
M1_margin,low,5,0.25,0.4,1,7.958617687225342,0.011044314131140709,0.005262799095362425,0.006988240871578455,1.580413818359375,0.4765166640281677,1,1
M2_popmass,low,5,0.25,0.4,1,7.958617687225342,0.004206776153296232,0.000870978576131165,0.0026618195697665215,1.580413818359375,0.20704181492328644,1,1
M0_balanced,low,5,0.25,0.1,2,7.923006057739258,0.0023225501645356417,0.00048024594434536994,0.0014704371569678187,1.579495906829834,0.20677532255649567,1,0
M1_margin,low,5,0.25,0.1,2,7.923006057739258,0.01037648320198059,0.0049445671029388905,0.006569490302354097,1.579495906829834,0.4765166640281677,1,0
M2_popmass,low,5,0.25,0.1,2,7.923006057739258,0.0033026498276740313,0.0006837865221314132,0.0020909516606479883,1.579495906829834,0.20704181492328644,1,0
M0_balanced,low,5,0.25,0.2,2,7.923006057739258,0.0023225501645356417,0.00048024594434536994,0.0014704371569678187,1.579495906829834,0.20677532255649567,1,0
M1_margin,low,5,0.25,0.2,2,7.923006057739258,0.01037648320198059,0.0049445671029388905,0.006569490302354097,1.579495906829834,0.4765166640281677,1,0
M2_popmass,low,5,0.25,0.2,2,7.923006057739258,0.0033026498276740313,0.0006837865221314132,0.0020909516606479883,1.579495906829834,0.20704181492328644,1,0
M0_balanced,low,5,0.25,0.4,2,7.923006057739258,0.0023225501645356417,0.00048024594434536994,0.0014704371569678187,1.579495906829834,0.20677532255649567,1,0
M1_margin,low,5,0.25,0.4,2,7.923006057739258,0.01037648320198059,0.0049445671029388905,0.006569490302354097,1.579495906829834,0.4765166640281677,1,0
M2_popmass,low,5,0.25,0.4,2,7.923006057739258,0.0033026498276740313,0.0006837865221314132,0.0020909516606479883,1.579495906829834,0.20704181492328644,1,0
M0_balanced,low,6,0.375,0.1,0,10.20120906829834,0.002742780838161707,0.000567139417398721,0.001660224748775363,1.652053952217102,0.20677532255649567,1,1
M1_margin,low,6,0.375,0.1,0,10.20120906829834,0.014320491813123226,0.006823952309787273,0.008668294176459312,1.652053952217102,0.4765166640281677,1,1
M2_popmass,low,6,0.375,0.1,0,10.20120906829834,0.0032755150459706783,0.000678168551530689,0.001982692629098892,1.652053952217102,0.20704181492328644,1,1
M0_balanced,low,6,0.375,0.2,0,10.20003890991211,0.0026321648620069027,0.000544266717042774,0.0015973077388480306,1.6478757858276367,0.20677532255649567,1,2
M1_margin,low,6,0.375,0.2,0,10.20003890991211,0.013858172111213207,0.006603649817407131,0.008409718051552773,1.6478757858276367,0.4765166640281677,1,2
M2_popmass,low,6,0.375,0.2,0,10.20003890991211,0.00315430318005383,0.000653072667773813,0.0019141632365062833,1.6478757858276367,0.20704181492328644,1,2
M0_balanced,low,6,0.375,0.4,0,10.238687515258789,0.0024142481852322817,0.0004992068861611187,0.0014762947103008628,1.6353428363800049,0.20677532255649567,1,3
M1_margin,low,6,0.375,0.4,0,10.238687515258789,0.011668463237583637,0.005560216493904591,0.0071351779624819756,1.6353428363800049,0.4765166640281677,1,3
M2_popmass,low,6,0.375,0.4,0,10.238687515258789,0.0028938986361026764,0.0005991580546833575,0.0017695975257083774,1.6353428363800049,0.20704181492328644,1,3
M0_balanced,low,6,0.375,0.1,1,10.20486068725586,0.0028901943005621433,0.0005976207321509719,0.001750393770635128,1.6511677503585815,0.20677532255649567,0,0
M1_margin,low,6,0.375,0.1,1,10.20486068725586,0.014553181827068329,0.006934834644198418,0.008813873864710331,1.6511677503585815,0.4765166640281677,0,0
M2_popmass,low,6,0.375,0.1,1,10.20486068725586,0.0034295106306672096,0.0007100520888343453,0.0020770211704075336,1.6511677503585815,0.20704181492328644,0,0
M0_balanced,low,6,0.375,0.2,1,10.20486068725586,0.0028901943005621433,0.0005976207321509719,0.001750393770635128,1.6511677503585815,0.20677532255649567,0,0
M1_margin,low,6,0.375,0.2,1,10.20486068725586,0.014553181827068329,0.006934834644198418,0.008813873864710331,1.6511677503585815,0.4765166640281677,0,0
M2_popmass,low,6,0.375,0.2,1,10.20486068725586,0.0034295106306672096,0.0007100520888343453,0.0020770211704075336,1.6511677503585815,0.20704181492328644,0,0
M0_balanced,low,6,0.375,0.4,1,10.20486068725586,0.0028901943005621433,0.0005976207321509719,0.001750393770635128,1.6511677503585815,0.20677532255649567,0,0
M1_margin,low,6,0.375,0.4,1,10.20486068725586,0.014553181827068329,0.006934834644198418,0.008813873864710331,1.6511677503585815,0.4765166640281677,0,0
M2_popmass,low,6,0.375,0.4,1,10.20486068725586,0.0034295106306672096,0.0007100520888343453,0.0020770211704075336,1.6511677503585815,0.20704181492328644,0,0
M0_balanced,low,6,0.375,0.1,2,10.206412315368652,0.002882978180423379,0.0005961287533864379,0.0017471809405833483,1.6500742435455322,0.20677532255649567,1,0
M1_margin,low,6,0.375,0.1,2,10.206412315368652,0.01449885405600071,0.006908946204930544,0.008786790072917938,1.6500742435455322,0.4765166640281677,1,0
M2_popmass,low,6,0.375,0.1,2,10.206412315368652,0.0034208600409328938,0.0007082610973156989,0.002073155250400305,1.6500742435455322,0.20704181492328644,1,0
M0_balanced,low,6,0.375,0.2,2,10.206412315368652,0.002882978180423379,0.0005961287533864379,0.0017471809405833483,1.6500742435455322,0.20677532255649567,1,0
M1_margin,low,6,0.375,0.2,2,10.206412315368652,0.01449885405600071,0.006908946204930544,0.008786790072917938,1.6500742435455322,0.4765166640281677,1,0
M2_popmass,low,6,0.375,0.2,2,10.206412315368652,0.0034208600409328938,0.0007082610973156989,0.002073155250400305,1.6500742435455322,0.20704181492328644,1,0
M0_balanced,low,6,0.375,0.4,2,10.22906494140625,0.0027336119674146175,0.0005652435938827693,0.0016559052746742964,1.6508265733718872,0.20677532255649567,1,1
M1_margin,low,6,0.375,0.4,2,10.22906494140625,0.014359383843839169,0.006842485163360834,0.0086982985958457,1.6508265733718872,0.4765166640281677,1,1
M2_popmass,low,6,0.375,0.4,2,10.22906494140625,0.003265715902671218,0.0006761397235095501,0.0019782306626439095,1.6508265733718872,0.20704181492328644,1,1
M0_balanced,low,7,0.375,0.1,0,9.511672973632812,0.001768473768606782,0.0003656767075881362,0.0011293933494016528,1.5658615827560425,0.20677532255649567,1,1
M1_margin,low,7,0.375,0.1,0,9.511672973632812,0.008570700883865356,0.0040840827859938145,0.0054734740406274796,1.5658615827560425,0.4765166640281677,1,1
M2_popmass,low,7,0.375,0.1,0,9.511672973632812,0.0022474490106105804,0.00046531594125553966,0.0014352796133607626,1.5658615827560425,0.20704181492328644,1,1
M0_balanced,low,7,0.375,0.2,0,9.511672973632812,0.001768473768606782,0.0003656767075881362,0.0011293933494016528,1.5658615827560425,0.20677532255649567,1,1
M1_margin,low,7,0.375,0.2,0,9.511672973632812,0.008570700883865356,0.0040840827859938145,0.0054734740406274796,1.5658615827560425,0.4765166640281677,1,1
M2_popmass,low,7,0.375,0.2,0,9.511672973632812,0.0022474490106105804,0.00046531594125553966,0.0014352796133607626,1.5658615827560425,0.20704181492328644,1,1
M0_balanced,low,7,0.375,0.4,0,9.541687965393066,0.0013648791937157512,0.0002822232781909406,0.0008691905532032251,1.5702873468399048,0.20677532255649567,1,2
M1_margin,low,7,0.375,0.4,0,9.541687965393066,0.00811570044606924,0.003867266234010458,0.005168289877474308,1.5702873468399048,0.4765166640281677,1,2
M2_popmass,low,7,0.375,0.4,0,9.541687965393066,0.001830734545364976,0.0003790386253967881,0.0011658596340566874,1.5702873468399048,0.20704181492328644,1,2
M0_balanced,low,7,0.375,0.1,1,9.51618766784668,0.002167841186746955,0.0004482560616452247,0.0013815561542287469,1.5691299438476562,0.20677532255649567,1,0
M1_margin,low,7,0.375,0.1,1,9.51618766784668,0.009196856059134007,0.004382454324513674,0.005861117038875818,1.5691299438476562,0.4765166640281677,1,0
M2_popmass,low,7,0.375,0.1,1,9.51618766784668,0.0026600926648825407,0.0005507503519766033,0.0016952658770605922,1.5691299438476562,0.20704181492328644,1,0
M0_balanced,low,7,0.375,0.2,1,9.504701614379883,0.001624446944333613,0.00033589545637369156,0.0010445305379107594,1.5551929473876953,0.20677532255649567,1,1
M1_margin,low,7,0.375,0.2,1,9.504701614379883,0.0077663627453148365,0.0037008016370236874,0.004993826616555452,1.5551929473876953,0.4765166640281677,1,1
M2_popmass,low,7,0.375,0.2,1,9.504701614379883,0.002083502011373639,0.0004313720855861902,0.0013397065922617912,1.5551929473876953,0.20704181492328644,1,1
M0_balanced,low,7,0.375,0.4,1,9.5040283203125,0.0010481757344678044,0.00021673688024748117,0.0006734516937285662,1.5564230680465698,0.20677532255649567,1,2
M1_margin,low,7,0.375,0.4,1,9.5040283203125,0.007382800802588463,0.003518027951940894,0.004743441008031368,1.5564230680465698,0.4765166640281677,1,2
M2_popmass,low,7,0.375,0.4,1,9.5040283203125,0.0014872696483507752,0.00030792696634307504,0.0009555689175613225,1.5564230680465698,0.20704181492328644,1,2
M0_balanced,low,7,0.375,0.1,2,9.406206130981445,0.002301356289535761,0.00047586369328200817,0.001461707171984017,1.5744303464889526,0.20677532255649567,0,0
M1_margin,low,7,0.375,0.1,2,9.406206130981445,0.008757823146879673,0.00417324947193265,0.005562535487115383,1.5744303464889526,0.4765166640281677,0,0
M2_popmass,low,7,0.375,0.1,2,9.406206130981445,0.002792133018374443,0.0005780882784165442,0.0017734242137521505,1.5744303464889526,0.20704181492328644,0,0
M0_balanced,low,7,0.375,0.2,2,9.406206130981445,0.002301356289535761,0.00047586369328200817,0.001461707171984017,1.5744303464889526,0.20677532255649567,0,0
M1_margin,low,7,0.375,0.2,2,9.406206130981445,0.008757823146879673,0.00417324947193265,0.005562535487115383,1.5744303464889526,0.4765166640281677,0,0
M2_popmass,low,7,0.375,0.2,2,9.406206130981445,0.002792133018374443,0.0005780882784165442,0.0017734242137521505,1.5744303464889526,0.20704181492328644,0,0
M0_balanced,low,7,0.375,0.4,2,9.406206130981445,0.002301356289535761,0.00047586369328200817,0.001461707171984017,1.5744303464889526,0.20677532255649567,0,0
M1_margin,low,7,0.375,0.4,2,9.406206130981445,0.008757823146879673,0.00417324947193265,0.005562535487115383,1.5744303464889526,0.4765166640281677,0,0
M2_popmass,low,7,0.375,0.4,2,9.406206130981445,0.002792133018374443,0.0005780882784165442,0.0017734242137521505,1.5744303464889526,0.20704181492328644,0,0
M0_balanced,low,8,0.375,0.1,0,8.165202140808105,0.0011872340692207217,0.00024549069348722696,0.0007144885021261871,1.6616559028625488,0.20677532255649567,1,0
M1_margin,low,8,0.375,0.1,0,8.165202140808105,0.013759918510913849,0.006556830368936062,0.00828084722161293,1.6616559028625488,0.4765166640281677,1,0
M2_popmass,low,8,0.375,0.1,0,8.165202140808105,0.002034146338701248,0.0004211533523630351,0.0012241682270541787,1.6616559028625488,0.20704181492328644,1,0
M0_balanced,low,8,0.375,0.2,0,8.191488265991211,0.0008441769750788808,0.00017455496708862484,0.000512888072989881,1.6459282636642456,0.20677532255649567,1,1
M1_margin,low,8,0.375,0.2,0,8.191488265991211,0.012339375913143158,0.005879918113350868,0.007496909704059362,1.6459282636642456,0.4765166640281677,1,1
M2_popmass,low,8,0.375,0.2,0,8.191488265991211,0.001649090088903904,0.000341430539265275,0.001001920783892274,1.6459282636642456,0.20704181492328644,1,1
M0_balanced,low,8,0.375,0.4,0,8.299481391906738,3.815314266830683e-05,7.889146218076348e-06,2.3339873223449104e-05,1.6346802711486816,0.20677532255649567,1,3
M1_margin,low,8,0.375,0.4,0,8.299481391906738,0.009584172628819942,0.004567018244415522,0.00586302625015378,1.6346802711486816,0.4765166640281677,1,3
M2_popmass,low,8,0.375,0.4,0,8.299481391906738,0.0007657890673726797,0.00015855045057833195,0.0004684643936343491,1.6346802711486816,0.20704181492328644,1,3
M0_balanced,low,8,0.375,0.1,1,8.16401481628418,0.0011839444050565362,0.0002448104787617922,0.000712740991730243,1.6611144542694092,0.20677532255649567,1,0
M1_margin,low,8,0.375,0.1,1,8.16401481628418,0.013745117001235485,0.006549777928739786,0.00827463623136282,1.6611144542694092,0.4765166640281677,1,0
M2_popmass,low,8,0.375,0.1,1,8.16401481628418,0.0020302291959524155,0.0004203424323350191,0.0012222094228491187,1.6611144542694092,0.20704181492328644,1,0
M0_balanced,low,8,0.375,0.2,1,8.253933906555176,0.0009051701053977013,0.00018716679187491536,0.0005481507978402078,1.651315450668335,0.20677532255649567,1,2
M1_margin,low,8,0.375,0.2,1,8.253933906555176,0.013146312907338142,0.006264436990022659,0.007961115799844265,1.651315450668335,0.4765166640281677,1,2
M2_popmass,low,8,0.375,0.2,1,8.253933906555176,0.0017246301285922527,0.0003570705885067582,0.0010443978244438767,1.651315450668335,0.20704181492328644,1,2
M0_balanced,low,8,0.375,0.4,1,8.253933906555176,0.0009051701053977013,0.00018716679187491536,0.0005481507978402078,1.651315450668335,0.20677532255649567,1,2
M1_margin,low,8,0.375,0.4,1,8.253933906555176,0.013146312907338142,0.006264436990022659,0.007961115799844265,1.651315450668335,0.4765166640281677,1,2
M2_popmass,low,8,0.375,0.4,1,8.253933906555176,0.0017246301285922527,0.0003570705885067582,0.0010443978244438767,1.651315450668335,0.20704181492328644,1,2
M0_balanced,low,8,0.375,0.1,2,8.16500473022461,0.0011881367536261678,0.00024567730724811554,0.0007150402525439858,1.6616357564926147,0.20677532255649567,0,0
M1_margin,low,8,0.375,0.1,2,8.16500473022461,0.013751314952969551,0.006552728824317455,0.008275767788290977,1.6616357564926147,0.4765166640281677,0,0
M2_popmass,low,8,0.375,0.1,2,8.16500473022461,0.002034899313002825,0.00042130914516747,0.0012246358674019575,1.6616357564926147,0.20704181492328644,0,0
M0_balanced,low,8,0.375,0.2,2,8.16500473022461,0.0011881367536261678,0.00024567730724811554,0.0007150402525439858,1.6616357564926147,0.20677532255649567,0,0
M1_margin,low,8,0.375,0.2,2,8.16500473022461,0.013751314952969551,0.006552728824317455,0.008275767788290977,1.6616357564926147,0.4765166640281677,0,0
M2_popmass,low,8,0.375,0.2,2,8.16500473022461,0.002034899313002825,0.00042130914516747,0.0012246358674019575,1.6616357564926147,0.20704181492328644,0,0
M0_balanced,low,8,0.375,0.4,2,8.16500473022461,0.0011881367536261678,0.00024567730724811554,0.0007150402525439858,1.6616357564926147,0.20677532255649567,0,0
M1_margin,low,8,0.375,0.4,2,8.16500473022461,0.013751314952969551,0.006552728824317455,0.008275767788290977,1.6616357564926147,0.4765166640281677,0,0
M2_popmass,low,8,0.375,0.4,2,8.16500473022461,0.002034899313002825,0.00042130914516747,0.0012246358674019575,1.6616357564926147,0.20704181492328644,0,0
M0_balanced,low,9,0.0,0.1,0,9.647026062011719,0.0024760039523243904,0.0005119765410199761,0.0015526178758591413,1.5947285890579224,0.20677532255649567,1,0
M1_margin,low,9,0.0,0.1,0,9.647026062011719,0.010764677077531815,0.005129548721015453,0.006750163156539202,1.5947285890579224,0.4765166640281677,1,0
M2_popmass,low,9,0.0,0.1,0,9.647026062011719,0.0029790480621159077,0.0006167875835672021,0.0018680598586797714,1.5947285890579224,0.20704181492328644,1,0
M0_balanced,low,9,0.0,0.2,0,9.647026062011719,0.0024760039523243904,0.0005119765410199761,0.0015526178758591413,1.5947285890579224,0.20677532255649567,1,0
M1_margin,low,9,0.0,0.2,0,9.647026062011719,0.010764677077531815,0.005129548721015453,0.006750163156539202,1.5947285890579224,0.4765166640281677,1,0
M2_popmass,low,9,0.0,0.2,0,9.647026062011719,0.0029790480621159077,0.0006167875835672021,0.0018680598586797714,1.5947285890579224,0.20704181492328644,1,0
M0_balanced,low,9,0.0,0.4,0,9.659852981567383,0.002848182339221239,0.0005889337626285851,0.0017848770366981626,1.5957300662994385,0.20677532255649567,1,1
M1_margin,low,9,0.0,0.4,0,9.659852981567383,0.01037639006972313,0.004944522399455309,0.006502597127109766,1.5957300662994385,0.4765166640281677,1,1
M2_popmass,low,9,0.0,0.4,0,9.659852981567383,0.0033562995959073305,0.0006948943482711911,0.0021033002994954586,1.5957300662994385,0.20704181492328644,1,1
M0_balanced,low,9,0.0,0.1,1,9.64999008178711,0.002490465296432376,0.0005149667849764228,0.0015611301641911268,1.5952963829040527,0.20677532255649567,1,0
M1_margin,low,9,0.0,0.1,1,9.64999008178711,0.010793451219797134,0.005143261048942804,0.006765799131244421,1.5952963829040527,0.4765166640281677,1,0
M2_popmass,low,9,0.0,0.1,1,9.64999008178711,0.002994576236233115,0.0006200025090947747,0.0018771284958347678,1.5952963829040527,0.20704181492328644,1,0
M0_balanced,low,9,0.0,0.2,1,9.64999008178711,0.002490465296432376,0.0005149667849764228,0.0015611301641911268,1.5952963829040527,0.20677532255649567,1,0
M1_margin,low,9,0.0,0.2,1,9.64999008178711,0.010793451219797134,0.005143261048942804,0.006765799131244421,1.5952963829040527,0.4765166640281677,1,0
M2_popmass,low,9,0.0,0.2,1,9.64999008178711,0.002994576236233115,0.0006200025090947747,0.0018771284958347678,1.5952963829040527,0.20704181492328644,1,0
M0_balanced,low,9,0.0,0.4,1,9.662837982177734,0.0028624972328543663,0.0005918937386013567,0.0017931914189830422,1.5963143110275269,0.20677532255649567,1,1
M1_margin,low,9,0.0,0.4,1,9.662837982177734,0.010405557230114937,0.00495842145755887,0.0065184892155230045,1.5963143110275269,0.4765166640281677,1,1
M2_popmass,low,9,0.0,0.4,1,9.662837982177734,0.003371736267581582,0.0006980903563089669,0.0021122004836797714,1.5963143110275269,0.20704181492328644,1,1
M0_balanced,low,9,0.0,0.1,2,9.622217178344727,0.002445375081151724,0.0005056431982666254,0.0015437945257872343,1.5840028524398804,0.20677532255649567,1,1
M1_margin,low,9,0.0,0.1,2,9.622217178344727,0.009011653251945972,0.004294202663004398,0.005689164157956839,1.5840028524398804,0.4765166640281677,1,1
M2_popmass,low,9,0.0,0.1,2,9.622217178344727,0.002913826610893011,0.000603283871896565,0.0018395334482192993,1.5840028524398804,0.20704181492328644,1,1
M0_balanced,low,9,0.0,0.2,2,9.622217178344727,0.002445375081151724,0.0005056431982666254,0.0015437945257872343,1.5840028524398804,0.20677532255649567,1,1
M1_margin,low,9,0.0,0.2,2,9.622217178344727,0.009011653251945972,0.004294202663004398,0.005689164157956839,1.5840028524398804,0.4765166640281677,1,1
M2_popmass,low,9,0.0,0.2,2,9.622217178344727,0.002913826610893011,0.000603283871896565,0.0018395334482192993,1.5840028524398804,0.20704181492328644,1,1
M0_balanced,low,9,0.0,0.4,2,9.618379592895508,0.0025732272770255804,0.000532079953700304,0.0016236830269917846,1.5848089456558228,0.20677532255649567,1,2
M1_margin,low,9,0.0,0.4,2,9.618379592895508,0.009002252481877804,0.0042897239327430725,0.005680339876562357,1.5848089456558228,0.4765166640281677,1,2
M2_popmass,low,9,0.0,0.4,2,9.618379592895508,0.003044659271836281,0.0006303717964328825,0.0019211522303521633,1.5848089456558228,0.20704181492328644,1,2
M0_balanced,low,10,0.375,0.1,0,9.98635482788086,0.0021624804940074682,0.0004471475840546191,0.0013596119824796915,1.5905128717422485,0.20677532255649567,0,0
M1_margin,low,10,0.375,0.1,0,9.98635482788086,0.010348187759518623,0.004931084346026182,0.0065061962231993675,1.5905128717422485,0.4765166640281677,0,0
M2_popmass,low,10,0.375,0.1,0,9.98635482788086,0.002647345419973135,0.0005481112748384476,0.001664460520260036,1.5905128717422485,0.20704181492328644,0,0
M0_balanced,low,10,0.375,0.2,0,9.98635482788086,0.0021624804940074682,0.0004471475840546191,0.0013596119824796915,1.5905128717422485,0.20677532255649567,0,0
M1_margin,low,10,0.375,0.2,0,9.98635482788086,0.010348187759518623,0.004931084346026182,0.0065061962231993675,1.5905128717422485,0.4765166640281677,0,0
M2_popmass,low,10,0.375,0.2,0,9.98635482788086,0.002647345419973135,0.0005481112748384476,0.001664460520260036,1.5905128717422485,0.20704181492328644,0,0
M0_balanced,low,10,0.375,0.4,0,9.98635482788086,0.0021624804940074682,0.0004471475840546191,0.0013596119824796915,1.5905128717422485,0.20677532255649567,0,0
M1_margin,low,10,0.375,0.4,0,9.98635482788086,0.010348187759518623,0.004931084346026182,0.0065061962231993675,1.5905128717422485,0.4765166640281677,0,0
M2_popmass,low,10,0.375,0.4,0,9.98635482788086,0.002647345419973135,0.0005481112748384476,0.001664460520260036,1.5905128717422485,0.20704181492328644,0,0
M0_balanced,low,10,0.375,0.1,1,9.984733581542969,0.002173710847273469,0.00044946977868676186,0.001365510281175375,1.5918670892715454,0.20677532255649567,0,0
M1_margin,low,10,0.375,0.1,1,9.984733581542969,0.010379898361861706,0.004946195520460606,0.006520582363009453,1.5918670892715454,0.4765166640281677,0,0
M2_popmass,low,10,0.375,0.1,1,9.984733581542969,0.002659986261278391,0.000550728349480778,0.0016709850169718266,1.5918670892715454,0.20704181492328644,0,0
M0_balanced,low,10,0.375,0.2,1,9.984733581542969,0.002173710847273469,0.00044946977868676186,0.001365510281175375,1.5918670892715454,0.20677532255649567,0,0
M1_margin,low,10,0.375,0.2,1,9.984733581542969,0.010379898361861706,0.004946195520460606,0.006520582363009453,1.5918670892715454,0.4765166640281677,0,0
M2_popmass,low,10,0.375,0.2,1,9.984733581542969,0.002659986261278391,0.000550728349480778,0.0016709850169718266,1.5918670892715454,0.20704181492328644,0,0
M0_balanced,low,10,0.375,0.4,1,9.984733581542969,0.002173710847273469,0.00044946977868676186,0.001365510281175375,1.5918670892715454,0.20677532255649567,0,0
M1_margin,low,10,0.375,0.4,1,9.984733581542969,0.010379898361861706,0.004946195520460606,0.006520582363009453,1.5918670892715454,0.4765166640281677,0,0
M2_popmass,low,10,0.375,0.4,1,9.984733581542969,0.002659986261278391,0.000550728349480778,0.0016709850169718266,1.5918670892715454,0.20704181492328644,0,0
M0_balanced,low,10,0.375,0.1,2,9.98386287689209,0.0027099524158984423,0.0005603512981906533,0.001659008557908237,1.6334770917892456,0.20677532255649567,1,0
M1_margin,low,10,0.375,0.1,2,9.98386287689209,0.011755604296922684,0.005601741839200258,0.007196675520390272,1.6334770917892456,0.4765166640281677,1,0
M2_popmass,low,10,0.375,0.1,2,9.98386287689209,0.0032377413008362055,0.0006703477702103555,0.0019821159075945616,1.6334770917892456,0.20704181492328644,1,0
M0_balanced,low,10,0.375,0.2,2,9.98386287689209,0.0027099524158984423,0.0005603512981906533,0.001659008557908237,1.6334770917892456,0.20677532255649567,1,0
M1_margin,low,10,0.375,0.2,2,9.98386287689209,0.011755604296922684,0.005601741839200258,0.007196675520390272,1.6334770917892456,0.4765166640281677,1,0
M2_popmass,low,10,0.375,0.2,2,9.98386287689209,0.0032377413008362055,0.0006703477702103555,0.0019821159075945616,1.6334770917892456,0.20704181492328644,1,0
M0_balanced,low,10,0.375,0.4,2,9.979084014892578,0.0029418026097118855,0.0006082921754568815,0.0018057315610349178,1.6291472911834717,0.20677532255649567,1,2
M1_margin,low,10,0.375,0.4,2,9.979084014892578,0.011953992769122124,0.005696275737136602,0.007337575312703848,1.6291472911834717,0.4765166640281677,1,2
M2_popmass,low,10,0.375,0.4,2,9.979084014892578,0.003474457422271371,0.000719357980415225,0.0021326846908777952,1.6291472911834717,0.20704181492328644,1,2
M0_balanced,low,11,0.0,0.1,0,9.491222381591797,0.0020891830790787935,0.00043199144420214,0.0013083356898277998,1.5968247652053833,0.20677532255649567,0,0
M1_margin,low,11,0.0,0.1,0,9.491222381591797,0.009846296161413193,0.004691923502832651,0.006166171282529831,1.5968247652053833,0.4765166640281677,0,0
M2_popmass,low,11,0.0,0.1,0,9.491222381591797,0.002615058794617653,0.0005414264742285013,0.0016376615967601538,1.5968247652053833,0.20704181492328644,0,0
M0_balanced,low,11,0.0,0.2,0,9.491222381591797,0.0020891830790787935,0.00043199144420214,0.0013083356898277998,1.5968247652053833,0.20677532255649567,0,0
M1_margin,low,11,0.0,0.2,0,9.491222381591797,0.009846296161413193,0.004691923502832651,0.006166171282529831,1.5968247652053833,0.4765166640281677,0,0
M2_popmass,low,11,0.0,0.2,0,9.491222381591797,0.002615058794617653,0.0005414264742285013,0.0016376615967601538,1.5968247652053833,0.20704181492328644,0,0
M0_balanced,low,11,0.0,0.4,0,9.491222381591797,0.0020891830790787935,0.00043199144420214,0.0013083356898277998,1.5968247652053833,0.20677532255649567,0,0
M1_margin,low,11,0.0,0.4,0,9.491222381591797,0.009846296161413193,0.004691923502832651,0.006166171282529831,1.5968247652053833,0.4765166640281677,0,0
M2_popmass,low,11,0.0,0.4,0,9.491222381591797,0.002615058794617653,0.0005414264742285013,0.0016376615967601538,1.5968247652053833,0.20704181492328644,0,0
M0_balanced,low,11,0.0,0.1,1,9.48537826538086,0.002444908255711198,0.0005055467481724918,0.001496640034019947,1.6335982084274292,0.20677532255649567,0,0
M1_margin,low,11,0.0,0.1,1,9.48537826538086,0.01130219828337431,0.005385685712099075,0.006918590981513262,1.6335982084274292,0.4765166640281677,0,0
M2_popmass,low,11,0.0,0.1,1,9.48537826538086,0.003016645787283778,0.0006245718104764819,0.0018466265173628926,1.6335982084274292,0.20704181492328644,0,0
M0_balanced,low,11,0.0,0.2,1,9.48537826538086,0.002444908255711198,0.0005055467481724918,0.001496640034019947,1.6335982084274292,0.20677532255649567,0,0
M1_margin,low,11,0.0,0.2,1,9.48537826538086,0.01130219828337431,0.005385685712099075,0.006918590981513262,1.6335982084274292,0.4765166640281677,0,0
M2_popmass,low,11,0.0,0.2,1,9.48537826538086,0.003016645787283778,0.0006245718104764819,0.0018466265173628926,1.6335982084274292,0.20704181492328644,0,0
M0_balanced,low,11,0.0,0.4,1,9.48537826538086,0.002444908255711198,0.0005055467481724918,0.001496640034019947,1.6335982084274292,0.20677532255649567,0,0
M1_margin,low,11,0.0,0.4,1,9.48537826538086,0.01130219828337431,0.005385685712099075,0.006918590981513262,1.6335982084274292,0.4765166640281677,0,0
M2_popmass,low,11,0.0,0.4,1,9.48537826538086,0.003016645787283778,0.0006245718104764819,0.0018466265173628926,1.6335982084274292,0.20704181492328644,0,0
M0_balanced,low,11,0.0,0.1,2,9.490293502807617,0.002090620342642069,0.0004322886234149337,0.00130923418328166,1.5968266725540161,0.20677532255649567,0,0
M1_margin,low,11,0.0,0.1,2,9.490293502807617,0.009839077480137348,0.004688483662903309,0.0061616431921720505,1.5968266725540161,0.4765166640281677,0,0
M2_popmass,low,11,0.0,0.1,2,9.490293502807617,0.002616504207253456,0.0005417257198132575,0.0016385647468268871,1.5968266725540161,0.20704181492328644,0,0
M0_balanced,low,11,0.0,0.2,2,9.490293502807617,0.002090620342642069,0.0004322886234149337,0.00130923418328166,1.5968266725540161,0.20677532255649567,0,0
M1_margin,low,11,0.0,0.2,2,9.490293502807617,0.009839077480137348,0.004688483662903309,0.0061616431921720505,1.5968266725540161,0.4765166640281677,0,0
M2_popmass,low,11,0.0,0.2,2,9.490293502807617,0.002616504207253456,0.0005417257198132575,0.0016385647468268871,1.5968266725540161,0.20704181492328644,0,0
M0_balanced,low,11,0.0,0.4,2,9.490293502807617,0.002090620342642069,0.0004322886234149337,0.00130923418328166,1.5968266725540161,0.20677532255649567,0,0
M1_margin,low,11,0.0,0.4,2,9.490293502807617,0.009839077480137348,0.004688483662903309,0.0061616431921720505,1.5968266725540161,0.4765166640281677,0,0
M2_popmass,low,11,0.0,0.4,2,9.490293502807617,0.002616504207253456,0.0005417257198132575,0.0016385647468268871,1.5968266725540161,0.20704181492328644,0,0
M0_balanced,low,12,0.25,0.1,0,9.967517852783203,0.0026844781823456287,0.0005550837959162891,0.0016816792776808143,1.5963078737258911,0.20677532255649567,1,0
M1_margin,low,12,0.25,0.1,0,9.967517852783203,0.00940953753888607,0.004483802244067192,0.005894564092159271,1.5963078737258911,0.4765166640281677,1,0
M2_popmass,low,12,0.25,0.1,0,9.967517852783203,0.003134623635560274,0.0006489982479251921,0.0019636712968349457,1.5963078737258911,0.20704181492328644,1,0
M0_balanced,low,12,0.25,0.2,0,9.892353057861328,0.003553274553269148,0.0007347295177169144,0.0022523480001837015,1.5775868892669678,0.20677532255649567,1,2
M1_margin,low,12,0.25,0.2,0,9.892353057861328,0.009410522878170013,0.004484270699322224,0.005965137388557196,1.5775868892669678,0.4765166640281677,1,2
M2_popmass,low,12,0.25,0.2,0,9.892353057861328,0.0040285419672727585,0.0008340765489265323,0.00255360989831388,1.5775868892669678,0.20704181492328644,1,2
M0_balanced,low,12,0.25,0.4,0,9.875846862792969,0.0038351411931216717,0.0007930126739665866,0.002439887262880802,1.5718520879745483,0.20677532255649567,1,3
M1_margin,low,12,0.25,0.4,0,9.875846862792969,0.00936101097613573,0.00446067750453949,0.005955401808023453,1.5718520879745483,0.4765166640281677,1,3
M2_popmass,low,12,0.25,0.4,0,9.875846862792969,0.004316334147006273,0.000893661635927856,0.0027460181154310703,1.5718520879745483,0.20704181492328644,1,3
M0_balanced,low,12,0.25,0.1,1,10.124480247497559,0.0026264486368745565,0.000543084810487926,0.0016437004087492824,1.5978878736495972,0.20677532255649567,0,0
M1_margin,low,12,0.25,0.1,1,10.124480247497559,0.010806878097355366,0.005149657838046551,0.00676322728395462,1.5978878736495972,0.4765166640281677,0,0
M2_popmass,low,12,0.25,0.1,1,10.124480247497559,0.00309725827537477,0.000641261984128505,0.0019383452599868178,1.5978878736495972,0.20704181492328644,0,0
M0_balanced,low,12,0.25,0.2,1,10.124480247497559,0.0026264486368745565,0.000543084810487926,0.0016437004087492824,1.5978878736495972,0.20677532255649567,0,0
M1_margin,low,12,0.25,0.2,1,10.124480247497559,0.010806878097355366,0.005149657838046551,0.00676322728395462,1.5978878736495972,0.4765166640281677,0,0
M2_popmass,low,12,0.25,0.2,1,10.124480247497559,0.00309725827537477,0.000641261984128505,0.0019383452599868178,1.5978878736495972,0.20704181492328644,0,0
M0_balanced,low,12,0.25,0.4,1,10.124480247497559,0.0026264486368745565,0.000543084810487926,0.0016437004087492824,1.5978878736495972,0.20677532255649567,0,0
M1_margin,low,12,0.25,0.4,1,10.124480247497559,0.010806878097355366,0.005149657838046551,0.00676322728395462,1.5978878736495972,0.4765166640281677,0,0
M2_popmass,low,12,0.25,0.4,1,10.124480247497559,0.00309725827537477,0.000641261984128505,0.0019383452599868178,1.5978878736495972,0.20704181492328644,0,0
M0_balanced,low,12,0.25,0.1,2,9.968579292297363,0.0026858525816351175,0.0005553680239245296,0.0016823813784867525,1.5964587926864624,0.20677532255649567,0,0
M1_margin,low,12,0.25,0.1,2,9.968579292297363,0.009421059861779213,0.004489291924983263,0.005901223514229059,1.5964587926864624,0.4765166640281677,0,0
M2_popmass,low,12,0.25,0.1,2,9.968579292297363,0.0031362262088805437,0.000649329973384738,0.0019644894637167454,1.5964587926864624,0.20704181492328644,0,0
M0_balanced,low,12,0.25,0.2,2,9.968579292297363,0.0026858525816351175,0.0005553680239245296,0.0016823813784867525,1.5964587926864624,0.20677532255649567,0,0
M1_margin,low,12,0.25,0.2,2,9.968579292297363,0.009421059861779213,0.004489291924983263,0.005901223514229059,1.5964587926864624,0.4765166640281677,0,0
M2_popmass,low,12,0.25,0.2,2,9.968579292297363,0.0031362262088805437,0.000649329973384738,0.0019644894637167454,1.5964587926864624,0.20704181492328644,0,0
M0_balanced,low,12,0.25,0.4,2,9.968579292297363,0.0026858525816351175,0.0005553680239245296,0.0016823813784867525,1.5964587926864624,0.20677532255649567,0,0
M1_margin,low,12,0.25,0.4,2,9.968579292297363,0.009421059861779213,0.004489291924983263,0.005901223514229059,1.5964587926864624,0.4765166640281677,0,0
M2_popmass,low,12,0.25,0.4,2,9.968579292297363,0.0031362262088805437,0.000649329973384738,0.0019644894637167454,1.5964587926864624,0.20704181492328644,0,0
M0_balanced,low,13,0.4,0.1,0,9.16102409362793,0.0020702555775642395,0.000428077852120623,0.0012697101337835193,1.6304949522018433,0.20677532255649567,0,0
M1_margin,low,13,0.4,0.1,0,9.16102409362793,0.010737110860645771,0.005116413347423077,0.006585186813026667,1.6304949522018433,0.4765166640281677,0,0
M2_popmass,low,13,0.4,0.1,0,9.16102409362793,0.002598751336336136,0.0005380500806495547,0.0015938417054712772,1.6304949522018433,0.20704181492328644,0,0
M0_balanced,low,13,0.4,0.2,0,9.16102409362793,0.0020702555775642395,0.000428077852120623,0.0012697101337835193,1.6304949522018433,0.20677532255649567,0,0
M1_margin,low,13,0.4,0.2,0,9.16102409362793,0.010737110860645771,0.005116413347423077,0.006585186813026667,1.6304949522018433,0.4765166640281677,0,0
M2_popmass,low,13,0.4,0.2,0,9.16102409362793,0.002598751336336136,0.0005380500806495547,0.0015938417054712772,1.6304949522018433,0.20704181492328644,0,0
M0_balanced,low,13,0.4,0.4,0,9.16102409362793,0.0020702555775642395,0.000428077852120623,0.0012697101337835193,1.6304949522018433,0.20677532255649567,0,0
M1_margin,low,13,0.4,0.4,0,9.16102409362793,0.010737110860645771,0.005116413347423077,0.006585186813026667,1.6304949522018433,0.4765166640281677,0,0
M2_popmass,low,13,0.4,0.4,0,9.16102409362793,0.002598751336336136,0.0005380500806495547,0.0015938417054712772,1.6304949522018433,0.20704181492328644,0,0
M0_balanced,low,13,0.4,0.1,1,9.161083221435547,0.00207439623773098,0.00042893399950116873,0.001272181631065905,1.6305820941925049,0.20677532255649567,0,0
M1_margin,low,13,0.4,0.1,1,9.161083221435547,0.010738885030150414,0.00511725852265954,0.0065859220921993256,1.6305820941925049,0.4765166640281677,0,0
M2_popmass,low,13,0.4,0.1,1,9.161083221435547,0.002603034023195505,0.0005389368743635714,0.0015963832847774029,1.6305820941925049,0.20704181492328644,0,0
M0_balanced,low,13,0.4,0.2,1,9.161083221435547,0.00207439623773098,0.00042893399950116873,0.001272181631065905,1.6305820941925049,0.20677532255649567,0,0
M1_margin,low,13,0.4,0.2,1,9.161083221435547,0.010738885030150414,0.00511725852265954,0.0065859220921993256,1.6305820941925049,0.4765166640281677,0,0
M2_popmass,low,13,0.4,0.2,1,9.161083221435547,0.002603034023195505,0.0005389368743635714,0.0015963832847774029,1.6305820941925049,0.20704181492328644,0,0
M0_balanced,low,13,0.4,0.4,1,9.161083221435547,0.00207439623773098,0.00042893399950116873,0.001272181631065905,1.6305820941925049,0.20677532255649567,0,0
M1_margin,low,13,0.4,0.4,1,9.161083221435547,0.010738885030150414,0.00511725852265954,0.0065859220921993256,1.6305820941925049,0.4765166640281677,0,0
M2_popmass,low,13,0.4,0.4,1,9.161083221435547,0.002603034023195505,0.0005389368743635714,0.0015963832847774029,1.6305820941925049,0.20704181492328644,0,0
M0_balanced,low,13,0.4,0.1,2,9.161937713623047,0.0020678446162492037,0.0004275792161934078,0.001268519088625908,1.6301249265670776,0.20677532255649567,0,0
M1_margin,low,13,0.4,0.1,2,9.161937713623047,0.010714953765273094,0.005105854943394661,0.006573088932782412,1.6301249265670776,0.4765166640281677,0,0
M2_popmass,low,13,0.4,0.1,2,9.161937713623047,0.0025957298930734396,0.0005374246393330395,0.0015923503087833524,1.6301249265670776,0.20704181492328644,0,0
M0_balanced,low,13,0.4,0.2,2,9.161937713623047,0.0020678446162492037,0.0004275792161934078,0.001268519088625908,1.6301249265670776,0.20677532255649567,0,0
M1_margin,low,13,0.4,0.2,2,9.161937713623047,0.010714953765273094,0.005105854943394661,0.006573088932782412,1.6301249265670776,0.4765166640281677,0,0
M2_popmass,low,13,0.4,0.2,2,9.161937713623047,0.0025957298930734396,0.0005374246393330395,0.0015923503087833524,1.6301249265670776,0.20704181492328644,0,0
M0_balanced,low,13,0.4,0.4,2,9.161937713623047,0.0020678446162492037,0.0004275792161934078,0.001268519088625908,1.6301249265670776,0.20677532255649567,0,0
M1_margin,low,13,0.4,0.4,2,9.161937713623047,0.010714953765273094,0.005105854943394661,0.006573088932782412,1.6301249265670776,0.4765166640281677,0,0
M2_popmass,low,13,0.4,0.4,2,9.161937713623047,0.0025957298930734396,0.0005374246393330395,0.0015923503087833524,1.6301249265670776,0.20704181492328644,0,0
M0_balanced,low,14,0.375,0.1,0,10.428330421447754,0.0032154619693756104,0.0006648781709372997,0.0019425746286287904,1.6552578210830688,0.20677532255649567,0,0
M1_margin,low,14,0.375,0.1,0,10.428330421447754,0.012530037201941013,0.005970770958811045,0.007569839712232351,1.6552578210830688,0.4765166640281677,0,0
M2_popmass,low,14,0.375,0.1,0,10.428330421447754,0.0037484641652554274,0.0007760887965559959,0.002264580223709345,1.6552578210830688,0.20704181492328644,0,0
M0_balanced,low,14,0.375,0.2,0,10.428330421447754,0.0032154619693756104,0.0006648781709372997,0.0019425746286287904,1.6552578210830688,0.20677532255649567,0,0
M1_margin,low,14,0.375,0.2,0,10.428330421447754,0.012530037201941013,0.005970770958811045,0.007569839712232351,1.6552578210830688,0.4765166640281677,0,0
M2_popmass,low,14,0.375,0.2,0,10.428330421447754,0.0037484641652554274,0.0007760887965559959,0.002264580223709345,1.6552578210830688,0.20704181492328644,0,0
M0_balanced,low,14,0.375,0.4,0,10.428330421447754,0.0032154619693756104,0.0006648781709372997,0.0019425746286287904,1.6552578210830688,0.20677532255649567,0,0
M1_margin,low,14,0.375,0.4,0,10.428330421447754,0.012530037201941013,0.005970770958811045,0.007569839712232351,1.6552578210830688,0.4765166640281677,0,0
M2_popmass,low,14,0.375,0.4,0,10.428330421447754,0.0037484641652554274,0.0007760887965559959,0.002264580223709345,1.6552578210830688,0.20704181492328644,0,0
M0_balanced,low,14,0.375,0.1,1,10.4296875,0.003208325244486332,0.0006634024321101606,0.0019391041714698076,1.6545398235321045,0.20677532255649567,0,0
M1_margin,low,14,0.375,0.1,1,10.4296875,0.012506924569606781,0.005959758535027504,0.0075591569766402245,1.6545398235321045,0.4765166640281677,0,0
M2_popmass,low,14,0.375,0.1,1,10.4296875,0.0037403637543320656,0.0007744116592220962,0.0022606670390814543,1.6545398235321045,0.20704181492328644,0,0
M0_balanced,low,14,0.375,0.2,1,10.4296875,0.003208325244486332,0.0006634024321101606,0.0019391041714698076,1.6545398235321045,0.20677532255649567,0,0
M1_margin,low,14,0.375,0.2,1,10.4296875,0.012506924569606781,0.005959758535027504,0.0075591569766402245,1.6545398235321045,0.4765166640281677,0,0
M2_popmass,low,14,0.375,0.2,1,10.4296875,0.0037403637543320656,0.0007744116592220962,0.0022606670390814543,1.6545398235321045,0.20704181492328644,0,0
M0_balanced,low,14,0.375,0.4,1,10.4296875,0.003208325244486332,0.0006634024321101606,0.0019391041714698076,1.6545398235321045,0.20677532255649567,0,0
M1_margin,low,14,0.375,0.4,1,10.4296875,0.012506924569606781,0.005959758535027504,0.0075591569766402245,1.6545398235321045,0.4765166640281677,0,0
M2_popmass,low,14,0.375,0.4,1,10.4296875,0.0037403637543320656,0.0007744116592220962,0.0022606670390814543,1.6545398235321045,0.20704181492328644,0,0
M0_balanced,low,14,0.375,0.1,2,10.431108474731445,0.0032091643661260605,0.0006635758909396827,0.0019391137175261974,1.6549642086029053,0.20677532255649567,0,0
M1_margin,low,14,0.375,0.1,2,10.431108474731445,0.012486368417739868,0.005949963349848986,0.007544797379523516,1.6549642086029053,0.4765166640281677,0,0
M2_popmass,low,14,0.375,0.1,2,10.431108474731445,0.0037413560785353184,0.0007746171904727817,0.0022606870625168085,1.6549642086029053,0.20704181492328644,0,0
M0_balanced,low,14,0.375,0.2,2,10.431108474731445,0.0032091643661260605,0.0006635758909396827,0.0019391137175261974,1.6549642086029053,0.20677532255649567,0,0
M1_margin,low,14,0.375,0.2,2,10.431108474731445,0.012486368417739868,0.005949963349848986,0.007544797379523516,1.6549642086029053,0.4765166640281677,0,0
M2_popmass,low,14,0.375,0.2,2,10.431108474731445,0.0037413560785353184,0.0007746171904727817,0.0022606870625168085,1.6549642086029053,0.20704181492328644,0,0
M0_balanced,low,14,0.375,0.4,2,10.431108474731445,0.0032091643661260605,0.0006635758909396827,0.0019391137175261974,1.6549642086029053,0.20677532255649567,0,0
M1_margin,low,14,0.375,0.4,2,10.431108474731445,0.012486368417739868,0.005949963349848986,0.007544797379523516,1.6549642086029053,0.4765166640281677,0,0
M2_popmass,low,14,0.375,0.4,2,10.431108474731445,0.0037413560785353184,0.0007746171904727817,0.0022606870625168085,1.6549642086029053,0.20704181492328644,0,0
M0_balanced,low,15,0.375,0.1,0,11.26028823852539,0.003262999001890421,0.000674707698635757,0.0020017249044030905,1.6300935745239258,0.20677532255649567,0,0
M1_margin,low,15,0.375,0.1,0,11.26028823852539,0.010443037375807762,0.004976281430572271,0.006406403612345457,1.6300935745239258,0.4765166640281677,0,0
M2_popmass,low,15,0.375,0.1,0,11.26028823852539,0.0037112529389560223,0.0007683845469728112,0.002276711631566286,1.6300935745239258,0.20704181492328644,0,0
M0_balanced,low,15,0.375,0.2,0,11.26028823852539,0.003262999001890421,0.000674707698635757,0.0020017249044030905,1.6300935745239258,0.20677532255649567,0,0
M1_margin,low,15,0.375,0.2,0,11.26028823852539,0.010443037375807762,0.004976281430572271,0.006406403612345457,1.6300935745239258,0.4765166640281677,0,0
M2_popmass,low,15,0.375,0.2,0,11.26028823852539,0.0037112529389560223,0.0007683845469728112,0.002276711631566286,1.6300935745239258,0.20704181492328644,0,0
M0_balanced,low,15,0.375,0.4,0,11.26028823852539,0.003262999001890421,0.000674707698635757,0.0020017249044030905,1.6300935745239258,0.20677532255649567,0,0
M1_margin,low,15,0.375,0.4,0,11.26028823852539,0.010443037375807762,0.004976281430572271,0.006406403612345457,1.6300935745239258,0.4765166640281677,0,0
M2_popmass,low,15,0.375,0.4,0,11.26028823852539,0.0037112529389560223,0.0007683845469728112,0.002276711631566286,1.6300935745239258,0.20704181492328644,0,0
M0_balanced,low,15,0.375,0.1,1,11.2592134475708,0.003252078080549836,0.0006724494742229581,0.00199611927382648,1.6292001008987427,0.20677532255649567,0,0
M1_margin,low,15,0.375,0.1,1,11.2592134475708,0.010436107404530048,0.0049729784950613976,0.006405662279576063,1.6292001008987427,0.4765166640281677,0,0
M2_popmass,low,15,0.375,0.1,1,11.2592134475708,0.003699470777064562,0.0007659451221115887,0.0022707281168550253,1.6292001008987427,0.20704181492328644,0,0
M0_balanced,low,15,0.375,0.2,1,11.2592134475708,0.003252078080549836,0.0006724494742229581,0.00199611927382648,1.6292001008987427,0.20677532255649567,0,0
M1_margin,low,15,0.375,0.2,1,11.2592134475708,0.010436107404530048,0.0049729784950613976,0.006405662279576063,1.6292001008987427,0.4765166640281677,0,0
M2_popmass,low,15,0.375,0.2,1,11.2592134475708,0.003699470777064562,0.0007659451221115887,0.0022707281168550253,1.6292001008987427,0.20704181492328644,0,0
M0_balanced,low,15,0.375,0.4,1,11.2592134475708,0.003252078080549836,0.0006724494742229581,0.00199611927382648,1.6292001008987427,0.20677532255649567,0,0
M1_margin,low,15,0.375,0.4,1,11.2592134475708,0.010436107404530048,0.0049729784950613976,0.006405662279576063,1.6292001008987427,0.4765166640281677,0,0
M2_popmass,low,15,0.375,0.4,1,11.2592134475708,0.003699470777064562,0.0007659451221115887,0.0022707281168550253,1.6292001008987427,0.20704181492328644,0,0
M0_balanced,low,15,0.375,0.1,2,11.396612167358398,0.0030880775302648544,0.0006385381566360593,0.001894590095616877,1.6299448013305664,0.20677532255649567,1,1
M1_margin,low,15,0.375,0.1,2,11.396612167358398,0.009119255468249321,0.004345477093011141,0.005594824906438589,1.6299448013305664,0.4765166640281677,1,1
M2_popmass,low,15,0.375,0.1,2,11.396612167358398,0.0035121911205351353,0.000727170379832387,0.002154791494831443,1.6299448013305664,0.20704181492328644,1,1
M0_balanced,low,15,0.375,0.2,2,11.394550323486328,0.002942717634141445,0.0006084813503548503,0.00182308629155159,1.614140510559082,0.20677532255649567,1,2
M1_margin,low,15,0.375,0.2,2,11.394550323486328,0.008737507276237011,0.004163567442446947,0.0054131015203893185,1.614140510559082,0.4765166640281677,1,2
M2_popmass,low,15,0.375,0.2,2,11.394550323486328,0.0033512632362544537,0.0006938517326489091,0.002076190896332264,1.614140510559082,0.20704181492328644,1,2
M0_balanced,low,15,0.375,0.4,2,11.394550323486328,0.002942717634141445,0.0006084813503548503,0.00182308629155159,1.614140510559082,0.20677532255649567,1,2
M1_margin,low,15,0.375,0.4,2,11.394550323486328,0.008737507276237011,0.004163567442446947,0.0054131015203893185,1.614140510559082,0.4765166640281677,1,2
M2_popmass,low,15,0.375,0.4,2,11.394550323486328,0.0033512632362544537,0.0006938517326489091,0.002076190896332264,1.614140510559082,0.20704181492328644,1,2
M0_balanced,low,16,0.2857142857142857,0.1,0,9.99583911895752,0.003270043060183525,0.0006761642289347947,0.0019867357332259417,1.6459376811981201,0.20677532255649567,0,0
M1_margin,low,16,0.2857142857142857,0.1,0,9.99583911895752,0.010715904645621777,0.005106306169182062,0.006510515697300434,1.6459376811981201,0.4765166640281677,0,0
M2_popmass,low,16,0.2857142857142857,0.1,0,9.99583911895752,0.0038279604632407427,0.0007925479440018535,0.002325701992958784,1.6459376811981201,0.20704181492328644,0,0
M0_balanced,low,16,0.2857142857142857,0.2,0,9.99583911895752,0.003270043060183525,0.0006761642289347947,0.0019867357332259417,1.6459376811981201,0.20677532255649567,0,0
M1_margin,low,16,0.2857142857142857,0.2,0,9.99583911895752,0.010715904645621777,0.005106306169182062,0.006510515697300434,1.6459376811981201,0.4765166640281677,0,0
M2_popmass,low,16,0.2857142857142857,0.2,0,9.99583911895752,0.0038279604632407427,0.0007925479440018535,0.002325701992958784,1.6459376811981201,0.20704181492328644,0,0
M0_balanced,low,16,0.2857142857142857,0.4,0,9.99583911895752,0.003270043060183525,0.0006761642289347947,0.0019867357332259417,1.6459376811981201,0.20677532255649567,0,0
M1_margin,low,16,0.2857142857142857,0.4,0,9.99583911895752,0.010715904645621777,0.005106306169182062,0.006510515697300434,1.6459376811981201,0.4765166640281677,0,0
M2_popmass,low,16,0.2857142857142857,0.4,0,9.99583911895752,0.0038279604632407427,0.0007925479440018535,0.002325701992958784,1.6459376811981201,0.20704181492328644,0,0
M0_balanced,low,16,0.2857142857142857,0.1,1,9.998573303222656,0.003282281570136547,0.0006786948069930077,0.001993587939068675,1.6464191675186157,0.20677532255649567,0,0
M1_margin,low,16,0.2857142857142857,0.1,1,9.998573303222656,0.010723765939474106,0.005110052414238453,0.006513386033475399,1.6464191675186157,0.4765166640281677,0,0
M2_popmass,low,16,0.2857142857142857,0.1,1,9.998573303222656,0.003840935416519642,0.00079523422755301,0.0023329025134444237,1.6464191675186157,0.20704181492328644,0,0
M0_balanced,low,16,0.2857142857142857,0.2,1,9.998573303222656,0.003282281570136547,0.0006786948069930077,0.001993587939068675,1.6464191675186157,0.20677532255649567,0,0
M1_margin,low,16,0.2857142857142857,0.2,1,9.998573303222656,0.010723765939474106,0.005110052414238453,0.006513386033475399,1.6464191675186157,0.4765166640281677,0,0
M2_popmass,low,16,0.2857142857142857,0.2,1,9.998573303222656,0.003840935416519642,0.00079523422755301,0.0023329025134444237,1.6464191675186157,0.20704181492328644,0,0
M0_balanced,low,16,0.2857142857142857,0.4,1,9.998573303222656,0.003282281570136547,0.0006786948069930077,0.001993587939068675,1.6464191675186157,0.20677532255649567,0,0
M1_margin,low,16,0.2857142857142857,0.4,1,9.998573303222656,0.010723765939474106,0.005110052414238453,0.006513386033475399,1.6464191675186157,0.4765166640281677,0,0
M2_popmass,low,16,0.2857142857142857,0.4,1,9.998573303222656,0.003840935416519642,0.00079523422755301,0.0023329025134444237,1.6464191675186157,0.20704181492328644,0,0
M0_balanced,low,16,0.2857142857142857,0.1,2,9.923924446105957,0.003382402705028653,0.0006993973511271179,0.0020875073969364166,1.6203068494796753,0.20677532255649567,0,0
M1_margin,low,16,0.2857142857142857,0.1,2,9.923924446105957,0.011605672538280487,0.0055302949622273445,0.007162637077271938,1.6203068494796753,0.4765166640281677,0,0
M2_popmass,low,16,0.2857142857142857,0.1,2,9.923924446105957,0.003950858023017645,0.0008179926662705839,0.002438338939100504,1.6203068494796753,0.20704181492328644,0,0
M0_balanced,low,16,0.2857142857142857,0.2,2,9.923924446105957,0.003382402705028653,0.0006993973511271179,0.0020875073969364166,1.6203068494796753,0.20677532255649567,0,0
M1_margin,low,16,0.2857142857142857,0.2,2,9.923924446105957,0.011605672538280487,0.0055302949622273445,0.007162637077271938,1.6203068494796753,0.4765166640281677,0,0
M2_popmass,low,16,0.2857142857142857,0.2,2,9.923924446105957,0.003950858023017645,0.0008179926662705839,0.002438338939100504,1.6203068494796753,0.20704181492328644,0,0
M0_balanced,low,16,0.2857142857142857,0.4,2,9.923924446105957,0.003382402705028653,0.0006993973511271179,0.0020875073969364166,1.6203068494796753,0.20677532255649567,0,0
M1_margin,low,16,0.2857142857142857,0.4,2,9.923924446105957,0.011605672538280487,0.0055302949622273445,0.007162637077271938,1.6203068494796753,0.4765166640281677,0,0
M2_popmass,low,16,0.2857142857142857,0.4,2,9.923924446105957,0.003950858023017645,0.0008179926662705839,0.002438338939100504,1.6203068494796753,0.20704181492328644,0,0
M0_balanced,low,17,0.2,0.1,0,9.384521484375,0.003616438480094075,0.0007477904437109828,0.002261889399960637,1.5988578796386719,0.20677532255649567,1,1
M1_margin,low,17,0.2,0.1,0,9.384521484375,0.013453598134219646,0.006410863716155291,0.008414505049586296,1.5988578796386719,0.4765166640281677,1,1
M2_popmass,low,17,0.2,0.1,0,9.384521484375,0.004273752681910992,0.0008848455036059022,0.002673003589734435,1.5988578796386719,0.20704181492328644,1,1
M0_balanced,low,17,0.2,0.2,0,9.3508882522583,0.004205727018415928,0.0008696406148374081,0.002638827543705702,1.593786358833313,0.20677532255649567,1,2
M1_margin,low,17,0.2,0.2,0,9.3508882522583,0.013026575557887554,0.006207379512488842,0.008173350244760513,1.593786358833313,0.4765166640281677,1,2
M2_popmass,low,17,0.2,0.2,0,9.3508882522583,0.004872600547969341,0.0010088321287184954,0.0030572484247386456,1.593786358833313,0.20704181492328644,1,2
M0_balanced,low,17,0.2,0.4,0,9.3508882522583,0.004205727018415928,0.0008696406148374081,0.002638827543705702,1.593786358833313,0.20677532255649567,1,2
M1_margin,low,17,0.2,0.4,0,9.3508882522583,0.013026575557887554,0.006207379512488842,0.008173350244760513,1.593786358833313,0.4765166640281677,1,2
M2_popmass,low,17,0.2,0.4,0,9.3508882522583,0.004872600547969341,0.0010088321287184954,0.0030572484247386456,1.593786358833313,0.20704181492328644,1,2
M0_balanced,low,17,0.2,0.1,1,9.46088981628418,0.0036132156383246183,0.0007471239077858627,0.002250533550977707,1.6054930686950684,0.20677532255649567,1,0
M1_margin,low,17,0.2,0.1,1,9.46088981628418,0.011355938389897346,0.0054112933576107025,0.007073177490383387,1.6054930686950684,0.4765166640281677,1,0
M2_popmass,low,17,0.2,0.1,1,9.46088981628418,0.004245712887495756,0.0008790401043370366,0.0026444916147738695,1.6054930686950684,0.20704181492328644,1,0
M0_balanced,low,17,0.2,0.2,1,9.46088981628418,0.0036132156383246183,0.0007471239077858627,0.002250533550977707,1.6054930686950684,0.20677532255649567,1,0
M1_margin,low,17,0.2,0.2,1,9.46088981628418,0.011355938389897346,0.0054112933576107025,0.007073177490383387,1.6054930686950684,0.4765166640281677,1,0
M2_popmass,low,17,0.2,0.2,1,9.46088981628418,0.004245712887495756,0.0008790401043370366,0.0026444916147738695,1.6054930686950684,0.20704181492328644,1,0
M0_balanced,low,17,0.2,0.4,1,9.46088981628418,0.0036132156383246183,0.0007471239077858627,0.002250533550977707,1.6054930686950684,0.20677532255649567,1,0
M1_margin,low,17,0.2,0.4,1,9.46088981628418,0.011355938389897346,0.0054112933576107025,0.007073177490383387,1.6054930686950684,0.4765166640281677,1,0
M2_popmass,low,17,0.2,0.4,1,9.46088981628418,0.004245712887495756,0.0008790401043370366,0.0026444916147738695,1.6054930686950684,0.20704181492328644,1,0
M0_balanced,low,17,0.2,0.1,2,9.396347999572754,0.003490968607366085,0.000721846183296293,0.0021819137036800385,1.5999572277069092,0.20677532255649567,0,0
M1_margin,low,17,0.2,0.1,2,9.396347999572754,0.0132420239970088,0.006310044787824154,0.008276485837996006,1.5999572277069092,0.4765166640281677,0,0
M2_popmass,low,17,0.2,0.1,2,9.396347999572754,0.004143856931477785,0.000857951701618731,0.0025899799074977636,1.5999572277069092,0.20704181492328644,0,0
M0_balanced,low,17,0.2,0.2,2,9.396347999572754,0.003490968607366085,0.000721846183296293,0.0021819137036800385,1.5999572277069092,0.20677532255649567,0,0
M1_margin,low,17,0.2,0.2,2,9.396347999572754,0.0132420239970088,0.006310044787824154,0.008276485837996006,1.5999572277069092,0.4765166640281677,0,0
M2_popmass,low,17,0.2,0.2,2,9.396347999572754,0.004143856931477785,0.000857951701618731,0.0025899799074977636,1.5999572277069092,0.20704181492328644,0,0
M0_balanced,low,17,0.2,0.4,2,9.396347999572754,0.003490968607366085,0.000721846183296293,0.0021819137036800385,1.5999572277069092,0.20677532255649567,0,0
M1_margin,low,17,0.2,0.4,2,9.396347999572754,0.0132420239970088,0.006310044787824154,0.008276485837996006,1.5999572277069092,0.4765166640281677,0,0
M2_popmass,low,17,0.2,0.4,2,9.396347999572754,0.004143856931477785,0.000857951701618731,0.0025899799074977636,1.5999572277069092,0.20704181492328644,0,0
M0_balanced,low,18,0.0,0.1,0,9.91189956665039,0.00016739100101403892,3.4612385206855834e-05,0.00010523365199333057,1.590662956237793,0.20677532255649567,1,1
M1_margin,low,18,0.0,0.1,0,9.91189956665039,0.009861823171377182,0.004699323326349258,0.006199819501489401,1.590662956237793,0.4765166640281677,1,1
M2_popmass,low,18,0.0,0.1,0,9.91189956665039,0.0005836430354975164,0.00012083860929124057,0.0003669183934107423,1.590662956237793,0.20704181492328644,1,1
M0_balanced,low,18,0.0,0.2,0,9.91189956665039,0.00016739100101403892,3.4612385206855834e-05,0.00010523365199333057,1.590662956237793,0.20677532255649567,1,1
M1_margin,low,18,0.0,0.2,0,9.91189956665039,0.009861823171377182,0.004699323326349258,0.006199819501489401,1.590662956237793,0.4765166640281677,1,1
M2_popmass,low,18,0.0,0.2,0,9.91189956665039,0.0005836430354975164,0.00012083860929124057,0.0003669183934107423,1.590662956237793,0.20704181492328644,1,1
M0_balanced,low,18,0.0,0.4,0,9.91189956665039,0.00016739100101403892,3.4612385206855834e-05,0.00010523365199333057,1.590662956237793,0.20677532255649567,1,1
M1_margin,low,18,0.0,0.4,0,9.91189956665039,0.009861823171377182,0.004699323326349258,0.006199819501489401,1.590662956237793,0.4765166640281677,1,1
M2_popmass,low,18,0.0,0.4,0,9.91189956665039,0.0005836430354975164,0.00012083860929124057,0.0003669183934107423,1.590662956237793,0.20704181492328644,1,1
M0_balanced,low,18,0.0,0.1,1,9.906892776489258,0.0008463081903755665,0.00017499573004897684,0.0005332680884748697,1.5870226621627808,0.20677532255649567,0,0
M1_margin,low,18,0.0,0.1,1,9.906892776489258,0.010877496562898159,0.005183308385312557,0.006854027044028044,1.5870226621627808,0.4765166640281677,0,0
M2_popmass,low,18,0.0,0.1,1,9.906892776489258,0.0012983785709366202,0.00026881866506300867,0.0008181222947314382,1.5870226621627808,0.20704181492328644,0,0
M0_balanced,low,18,0.0,0.2,1,9.906892776489258,0.0008463081903755665,0.00017499573004897684,0.0005332680884748697,1.5870226621627808,0.20677532255649567,0,0
M1_margin,low,18,0.0,0.2,1,9.906892776489258,0.010877496562898159,0.005183308385312557,0.006854027044028044,1.5870226621627808,0.4765166640281677,0,0
M2_popmass,low,18,0.0,0.2,1,9.906892776489258,0.0012983785709366202,0.00026881866506300867,0.0008181222947314382,1.5870226621627808,0.20704181492328644,0,0
M0_balanced,low,18,0.0,0.4,1,9.906892776489258,0.0008463081903755665,0.00017499573004897684,0.0005332680884748697,1.5870226621627808,0.20677532255649567,0,0
M1_margin,low,18,0.0,0.4,1,9.906892776489258,0.010877496562898159,0.005183308385312557,0.006854027044028044,1.5870226621627808,0.4765166640281677,0,0
M2_popmass,low,18,0.0,0.4,1,9.906892776489258,0.0012983785709366202,0.00026881866506300867,0.0008181222947314382,1.5870226621627808,0.20704181492328644,0,0
M0_balanced,low,18,0.0,0.1,2,9.834468841552734,0.0008954007644206285,0.0001851468114182353,0.0005672565894201398,1.5784759521484375,0.20677532255649567,0,0
M1_margin,low,18,0.0,0.1,2,9.834468841552734,0.009580502286553383,0.004565269686281681,0.006069464609026909,1.5784759521484375,0.4765166640281677,0,0
M2_popmass,low,18,0.0,0.1,2,9.834468841552734,0.0013177890796214342,0.0002728374092839658,0.0008348488481715322,1.5784759521484375,0.20704181492328644,0,0
M0_balanced,low,18,0.0,0.2,2,9.834468841552734,0.0008954007644206285,0.0001851468114182353,0.0005672565894201398,1.5784759521484375,0.20677532255649567,0,0
M1_margin,low,18,0.0,0.2,2,9.834468841552734,0.009580502286553383,0.004565269686281681,0.006069464609026909,1.5784759521484375,0.4765166640281677,0,0
M2_popmass,low,18,0.0,0.2,2,9.834468841552734,0.0013177890796214342,0.0002728374092839658,0.0008348488481715322,1.5784759521484375,0.20704181492328644,0,0
M0_balanced,low,18,0.0,0.4,2,9.834468841552734,0.0008954007644206285,0.0001851468114182353,0.0005672565894201398,1.5784759521484375,0.20677532255649567,0,0
M1_margin,low,18,0.0,0.4,2,9.834468841552734,0.009580502286553383,0.004565269686281681,0.006069464609026909,1.5784759521484375,0.4765166640281677,0,0
M2_popmass,low,18,0.0,0.4,2,9.834468841552734,0.0013177890796214342,0.0002728374092839658,0.0008348488481715322,1.5784759521484375,0.20704181492328644,0,0
M0_balanced,low,19,0.375,0.1,0,9.075712203979492,0.0030215417500585318,0.000624780310317874,0.0017398784402757883,1.7366397380828857,0.20677532255649567,0,0
M1_margin,low,19,0.375,0.1,0,9.075712203979492,0.018840132281184196,0.008977637626230717,0.01084861345589161,1.7366397380828857,0.4765166640281677,0,0
M2_popmass,low,19,0.375,0.1,0,9.075712203979492,0.0038112415932118893,0.0007890864508226514,0.00219460716471076,1.7366397380828857,0.20704181492328644,0,0
M0_balanced,low,19,0.375,0.2,0,9.075712203979492,0.0030215417500585318,0.000624780310317874,0.0017398784402757883,1.7366397380828857,0.20677532255649567,0,0
M1_margin,low,19,0.375,0.2,0,9.075712203979492,0.018840132281184196,0.008977637626230717,0.01084861345589161,1.7366397380828857,0.4765166640281677,0,0
M2_popmass,low,19,0.375,0.2,0,9.075712203979492,0.0038112415932118893,0.0007890864508226514,0.00219460716471076,1.7366397380828857,0.20704181492328644,0,0
M0_balanced,low,19,0.375,0.4,0,9.075712203979492,0.0030215417500585318,0.000624780310317874,0.0017398784402757883,1.7366397380828857,0.20677532255649567,0,0
M1_margin,low,19,0.375,0.4,0,9.075712203979492,0.018840132281184196,0.008977637626230717,0.01084861345589161,1.7366397380828857,0.4765166640281677,0,0
M2_popmass,low,19,0.375,0.4,0,9.075712203979492,0.0038112415932118893,0.0007890864508226514,0.00219460716471076,1.7366397380828857,0.20704181492328644,0,0
M0_balanced,low,19,0.375,0.1,1,9.10179328918457,0.0031254549976438284,0.0006462669698521495,0.0018108261283487082,1.725982904434204,0.20677532255649567,0,0
M1_margin,low,19,0.375,0.1,1,9.10179328918457,0.019971415400505066,0.009516713209450245,0.011571039445698261,1.725982904434204,0.4765166640281677,0,0
M2_popmass,low,19,0.375,0.1,1,9.10179328918457,0.003911952488124371,0.0008099377155303955,0.0022665068972855806,1.725982904434204,0.20704181492328644,0,0
M0_balanced,low,19,0.375,0.2,1,9.10179328918457,0.0031254549976438284,0.0006462669698521495,0.0018108261283487082,1.725982904434204,0.20677532255649567,0,0
M1_margin,low,19,0.375,0.2,1,9.10179328918457,0.019971415400505066,0.009516713209450245,0.011571039445698261,1.725982904434204,0.4765166640281677,0,0
M2_popmass,low,19,0.375,0.2,1,9.10179328918457,0.003911952488124371,0.0008099377155303955,0.0022665068972855806,1.725982904434204,0.20704181492328644,0,0
M0_balanced,low,19,0.375,0.4,1,9.10179328918457,0.0031254549976438284,0.0006462669698521495,0.0018108261283487082,1.725982904434204,0.20677532255649567,0,0
M1_margin,low,19,0.375,0.4,1,9.10179328918457,0.019971415400505066,0.009516713209450245,0.011571039445698261,1.725982904434204,0.4765166640281677,0,0
M2_popmass,low,19,0.375,0.4,1,9.10179328918457,0.003911952488124371,0.0008099377155303955,0.0022665068972855806,1.725982904434204,0.20704181492328644,0,0
M0_balanced,low,19,0.375,0.1,2,9.100859642028809,0.0031267162412405014,0.00064652762375772,0.0018112094840034842,1.726313591003418,0.20677532255649567,0,0
M1_margin,low,19,0.375,0.1,2,9.100859642028809,0.01995479129254818,0.009508788585662842,0.011559190228581429,1.726313591003418,0.4765166640281677,0,0
M2_popmass,low,19,0.375,0.1,2,9.100859642028809,0.003913329914212227,0.0008102230494841933,0.0022668710444122553,1.726313591003418,0.20704181492328644,0,0
M0_balanced,low,19,0.375,0.2,2,9.100859642028809,0.0031267162412405014,0.00064652762375772,0.0018112094840034842,1.726313591003418,0.20677532255649567,0,0
M1_margin,low,19,0.375,0.2,2,9.100859642028809,0.01995479129254818,0.009508788585662842,0.011559190228581429,1.726313591003418,0.4765166640281677,0,0
M2_popmass,low,19,0.375,0.2,2,9.100859642028809,0.003913329914212227,0.0008102230494841933,0.0022668710444122553,1.726313591003418,0.20704181492328644,0,0
M0_balanced,low,19,0.375,0.4,2,9.100859642028809,0.0031267162412405014,0.00064652762375772,0.0018112094840034842,1.726313591003418,0.20677532255649567,0,0
M1_margin,low,19,0.375,0.4,2,9.100859642028809,0.01995479129254818,0.009508788585662842,0.011559190228581429,1.726313591003418,0.4765166640281677,0,0
M2_popmass,low,19,0.375,0.4,2,9.100859642028809,0.003913329914212227,0.0008102230494841933,0.0022668710444122553,1.726313591003418,0.20704181492328644,0,0
M0_balanced,low,20,0.16666666666666666,0.1,0,10.34717082977295,0.004249193239957094,0.0008786282269284129,0.0026084205601364374,1.6290290355682373,0.20677532255649567,1,0
M1_margin,low,20,0.16666666666666666,0.1,0,10.34717082977295,0.013875408098101616,0.006611863616853952,0.008517595008015633,1.6290290355682373,0.4765166640281677,1,0
M2_popmass,low,20,0.16666666666666666,0.1,0,10.34717082977295,0.0048312535509467125,0.0010002714116126299,0.002965725725516677,1.6290290355682373,0.20704181492328644,1,0
M0_balanced,low,20,0.16666666666666666,0.2,0,10.34717082977295,0.004249193239957094,0.0008786282269284129,0.0026084205601364374,1.6290290355682373,0.20677532255649567,1,0
M1_margin,low,20,0.16666666666666666,0.2,0,10.34717082977295,0.013875408098101616,0.006611863616853952,0.008517595008015633,1.6290290355682373,0.4765166640281677,1,0
M2_popmass,low,20,0.16666666666666666,0.2,0,10.34717082977295,0.0048312535509467125,0.0010002714116126299,0.002965725725516677,1.6290290355682373,0.20704181492328644,1,0
M0_balanced,low,20,0.16666666666666666,0.4,0,10.295614242553711,0.00391768291592598,0.0008100800332613289,0.0024461327120661736,1.6015821695327759,0.20677532255649567,1,1
M1_margin,low,20,0.16666666666666666,0.4,0,10.295614242553711,0.011611116118729115,0.005532891023904085,0.007249779533594847,1.6015821695327759,0.4765166640281677,1,1
M2_popmass,low,20,0.16666666666666666,0.4,0,10.295614242553711,0.0044474294409155846,0.0009208038682118058,0.0027768975123763084,1.6015821695327759,0.20704181492328644,1,1
M0_balanced,low,20,0.16666666666666666,0.1,1,10.34921646118164,0.004255021456629038,0.0008798334165476263,0.002612526761367917,1.6286996603012085,0.20677532255649567,1,0
M1_margin,low,20,0.16666666666666666,0.1,1,10.34921646118164,0.013847878202795982,0.0065987431444227695,0.008502411656081676,1.6286996603012085,0.4765166640281677,1,0
M2_popmass,low,20,0.16666666666666666,0.1,1,10.34921646118164,0.004836752079427242,0.0010014100698754191,0.0029697022400796413,1.6286996603012085,0.20704181492328644,1,0
M0_balanced,low,20,0.16666666666666666,0.2,1,10.34921646118164,0.004255021456629038,0.0008798334165476263,0.002612526761367917,1.6286996603012085,0.20677532255649567,1,0
M1_margin,low,20,0.16666666666666666,0.2,1,10.34921646118164,0.013847878202795982,0.0065987431444227695,0.008502411656081676,1.6286996603012085,0.4765166640281677,1,0
M2_popmass,low,20,0.16666666666666666,0.2,1,10.34921646118164,0.004836752079427242,0.0010014100698754191,0.0029697022400796413,1.6286996603012085,0.20704181492328644,1,0
M0_balanced,low,20,0.16666666666666666,0.4,1,10.34921646118164,0.004255021456629038,0.0008798334165476263,0.002612526761367917,1.6286996603012085,0.20677532255649567,1,0
M1_margin,low,20,0.16666666666666666,0.4,1,10.34921646118164,0.013847878202795982,0.0065987431444227695,0.008502411656081676,1.6286996603012085,0.4765166640281677,1,0
M2_popmass,low,20,0.16666666666666666,0.4,1,10.34921646118164,0.004836752079427242,0.0010014100698754191,0.0029697022400796413,1.6286996603012085,0.20704181492328644,1,0
M0_balanced,low,20,0.16666666666666666,0.1,2,10.348579406738281,0.004247481469064951,0.00087827438255772,0.002607787260785699,1.6287685632705688,0.20677532255649567,0,0
M1_margin,low,20,0.16666666666666666,0.1,2,10.348579406738281,0.013869429007172585,0.006609014701098204,0.00851528625935316,1.6287685632705688,0.4765166640281677,0,0
M2_popmass,low,20,0.16666666666666666,0.1,2,10.348579406738281,0.004829239100217819,0.0009998545283451676,0.002964963670819998,1.6287685632705688,0.20704181492328644,0,0
M0_balanced,low,20,0.16666666666666666,0.2,2,10.348579406738281,0.004247481469064951,0.00087827438255772,0.002607787260785699,1.6287685632705688,0.20677532255649567,0,0
M1_margin,low,20,0.16666666666666666,0.2,2,10.348579406738281,0.013869429007172585,0.006609014701098204,0.00851528625935316,1.6287685632705688,0.4765166640281677,0,0
M2_popmass,low,20,0.16666666666666666,0.2,2,10.348579406738281,0.004829239100217819,0.0009998545283451676,0.002964963670819998,1.6287685632705688,0.20704181492328644,0,0
M0_balanced,low,20,0.16666666666666666,0.4,2,10.348579406738281,0.004247481469064951,0.00087827438255772,0.002607787260785699,1.6287685632705688,0.20677532255649567,0,0
M1_margin,low,20,0.16666666666666666,0.4,2,10.348579406738281,0.013869429007172585,0.006609014701098204,0.00851528625935316,1.6287685632705688,0.4765166640281677,0,0
M2_popmass,low,20,0.16666666666666666,0.4,2,10.348579406738281,0.004829239100217819,0.0009998545283451676,0.002964963670819998,1.6287685632705688,0.20704181492328644,0,0
M0_balanced,low,21,0.3333333333333333,0.1,0,10.033536911010742,0.003896553535014391,0.0008057111408561468,0.0024147438816726208,1.613650918006897,0.20677532255649567,1,0
M1_margin,low,21,0.3333333333333333,0.1,0,10.033536911010742,0.012261353433132172,0.005842740181833506,0.007598517928272486,1.613650918006897,0.4765166640281677,1,0
M2_popmass,low,21,0.3333333333333333,0.1,0,10.033536911010742,0.004445199854671955,0.0009203423978760839,0.002754747401922941,1.613650918006897,0.20704181492328644,1,0
M0_balanced,low,21,0.3333333333333333,0.2,0,10.033536911010742,0.003896553535014391,0.0008057111408561468,0.0024147438816726208,1.613650918006897,0.20677532255649567,1,0
M1_margin,low,21,0.3333333333333333,0.2,0,10.033536911010742,0.012261353433132172,0.005842740181833506,0.007598517928272486,1.613650918006897,0.4765166640281677,1,0
M2_popmass,low,21,0.3333333333333333,0.2,0,10.033536911010742,0.004445199854671955,0.0009203423978760839,0.002754747401922941,1.613650918006897,0.20704181492328644,1,0
M0_balanced,low,21,0.3333333333333333,0.4,0,10.030967712402344,0.0034668687731027603,0.0007168629090301692,0.002154097193852067,1.6094300746917725,0.20677532255649567,1,1
M1_margin,low,21,0.3333333333333333,0.4,0,10.030967712402344,0.011772477068006992,0.005609781481325626,0.007314686663448811,1.6094300746917725,0.4765166640281677,1,1
M2_popmass,low,21,0.3333333333333333,0.4,0,10.030967712402344,0.0039947424083948135,0.0008270787075161934,0.002482085023075342,1.6094300746917725,0.20704181492328644,1,1
M0_balanced,low,21,0.3333333333333333,0.1,1,10.029962539672852,0.0038897120393812656,0.0008042963454499841,0.002412583213299513,1.6122599840164185,0.20677532255649567,0,0
M1_margin,low,21,0.3333333333333333,0.1,1,10.029962539672852,0.01220639143139124,0.005816549528390169,0.007570982910692692,1.6122599840164185,0.4765166640281677,0,0
M2_popmass,low,21,0.3333333333333333,0.1,1,10.029962539672852,0.004436749033629894,0.0009185925591737032,0.002751881955191493,1.6122599840164185,0.20704181492328644,0,0
M0_balanced,low,21,0.3333333333333333,0.2,1,10.029962539672852,0.0038897120393812656,0.0008042963454499841,0.002412583213299513,1.6122599840164185,0.20677532255649567,0,0
M1_margin,low,21,0.3333333333333333,0.2,1,10.029962539672852,0.01220639143139124,0.005816549528390169,0.007570982910692692,1.6122599840164185,0.4765166640281677,0,0
M2_popmass,low,21,0.3333333333333333,0.2,1,10.029962539672852,0.004436749033629894,0.0009185925591737032,0.002751881955191493,1.6122599840164185,0.20704181492328644,0,0
M0_balanced,low,21,0.3333333333333333,0.4,1,10.029962539672852,0.0038897120393812656,0.0008042963454499841,0.002412583213299513,1.6122599840164185,0.20677532255649567,0,0
M1_margin,low,21,0.3333333333333333,0.4,1,10.029962539672852,0.01220639143139124,0.005816549528390169,0.007570982910692692,1.6122599840164185,0.4765166640281677,0,0
M2_popmass,low,21,0.3333333333333333,0.4,1,10.029962539672852,0.004436749033629894,0.0009185925591737032,0.002751881955191493,1.6122599840164185,0.20704181492328644,0,0
M0_balanced,low,21,0.3333333333333333,0.1,2,10.025569915771484,0.0038847399409860373,0.0008032683399505913,0.0024096108973026276,1.6121855974197388,0.20677532255649567,0,0
M1_margin,low,21,0.3333333333333333,0.1,2,10.025569915771484,0.012238482013344765,0.005831840913742781,0.007591236848384142,1.6121855974197388,0.4765166640281677,0,0
M2_popmass,low,21,0.3333333333333333,0.1,2,10.025569915771484,0.004432052839547396,0.0009176202001981437,0.002749095670878887,1.6121855974197388,0.20704181492328644,0,0
M0_balanced,low,21,0.3333333333333333,0.2,2,10.025569915771484,0.0038847399409860373,0.0008032683399505913,0.0024096108973026276,1.6121855974197388,0.20677532255649567,0,0
M1_margin,low,21,0.3333333333333333,0.2,2,10.025569915771484,0.012238482013344765,0.005831840913742781,0.007591236848384142,1.6121855974197388,0.4765166640281677,0,0
M2_popmass,low,21,0.3333333333333333,0.2,2,10.025569915771484,0.004432052839547396,0.0009176202001981437,0.002749095670878887,1.6121855974197388,0.20704181492328644,0,0
M0_balanced,low,21,0.3333333333333333,0.4,2,10.025569915771484,0.0038847399409860373,0.0008032683399505913,0.0024096108973026276,1.6121855974197388,0.20677532255649567,0,0
M1_margin,low,21,0.3333333333333333,0.4,2,10.025569915771484,0.012238482013344765,0.005831840913742781,0.007591236848384142,1.6121855974197388,0.4765166640281677,0,0
M2_popmass,low,21,0.3333333333333333,0.4,2,10.025569915771484,0.004432052839547396,0.0009176202001981437,0.002749095670878887,1.6121855974197388,0.20704181492328644,0,0
M0_balanced,low,22,0.0,0.1,0,11.88527774810791,0.004265849478542805,0.0008820724906399846,0.00263269548304379,1.6203354597091675,0.20677532255649567,0,0
M1_margin,low,22,0.0,0.1,0,11.88527774810791,0.01097894087433815,0.005231649149209261,0.006775721907615662,1.6203354597091675,0.4765166640281677,0,0
M2_popmass,low,22,0.0,0.1,0,11.88527774810791,0.004741012118756771,0.0009815878001973033,0.0029259449802339077,1.6203354597091675,0.20704181492328644,0,0
M0_balanced,low,22,0.0,0.2,0,11.88527774810791,0.004265849478542805,0.0008820724906399846,0.00263269548304379,1.6203354597091675,0.20677532255649567,0,0
M1_margin,low,22,0.0,0.2,0,11.88527774810791,0.01097894087433815,0.005231649149209261,0.006775721907615662,1.6203354597091675,0.4765166640281677,0,0
M2_popmass,low,22,0.0,0.2,0,11.88527774810791,0.004741012118756771,0.0009815878001973033,0.0029259449802339077,1.6203354597091675,0.20704181492328644,0,0
M0_balanced,low,22,0.0,0.4,0,11.88527774810791,0.004265849478542805,0.0008820724906399846,0.00263269548304379,1.6203354597091675,0.20677532255649567,0,0
M1_margin,low,22,0.0,0.4,0,11.88527774810791,0.01097894087433815,0.005231649149209261,0.006775721907615662,1.6203354597091675,0.4765166640281677,0,0
M2_popmass,low,22,0.0,0.4,0,11.88527774810791,0.004741012118756771,0.0009815878001973033,0.0029259449802339077,1.6203354597091675,0.20704181492328644,0,0
M0_balanced,low,22,0.0,0.1,1,11.728446960449219,0.00511187594383955,0.0010570097947493196,0.003212637733668089,1.591177225112915,0.20677532255649567,1,1
M1_margin,low,22,0.0,0.1,1,11.728446960449219,0.011381855234503746,0.005423643160611391,0.007153102662414312,1.591177225112915,0.4765166640281677,1,1
M2_popmass,low,22,0.0,0.1,1,11.728446960449219,0.005600796081125736,0.0011595989344641566,0.0035199071280658245,1.591177225112915,0.20704181492328644,1,1
M0_balanced,low,22,0.0,0.2,1,11.728446960449219,0.00511187594383955,0.0010570097947493196,0.003212637733668089,1.591177225112915,0.20677532255649567,1,1
M1_margin,low,22,0.0,0.2,1,11.728446960449219,0.011381855234503746,0.005423643160611391,0.007153102662414312,1.591177225112915,0.4765166640281677,1,1
M2_popmass,low,22,0.0,0.2,1,11.728446960449219,0.005600796081125736,0.0011595989344641566,0.0035199071280658245,1.591177225112915,0.20704181492328644,1,1
M0_balanced,low,22,0.0,0.4,1,11.726763725280762,0.005437782965600491,0.0011243991320952773,0.0034163394011557102,1.591698408126831,0.20677532255649567,1,2
M1_margin,low,22,0.0,0.4,1,11.726763725280762,0.011647552251815796,0.0055502536706626415,0.007317688781768084,1.591698408126831,0.4765166640281677,1,2
M2_popmass,low,22,0.0,0.4,1,11.726763725280762,0.005940563045442104,0.001229944871738553,0.0037322163116186857,1.591698408126831,0.20704181492328644,1,2
M0_balanced,low,22,0.0,0.1,2,11.885782241821289,0.004264726769179106,0.0008818403002806008,0.0026315259747207165,1.620628833770752,0.20677532255649567,0,0
M1_margin,low,22,0.0,0.1,2,11.885782241821289,0.010973288677632809,0.005228953901678324,0.0067710052244365215,1.620628833770752,0.4765166640281677,0,0
M2_popmass,low,22,0.0,0.1,2,11.885782241821289,0.004739689640700817,0.0009813138749450445,0.002924598753452301,1.620628833770752,0.20704181492328644,0,0
M0_balanced,low,22,0.0,0.2,2,11.885782241821289,0.004264726769179106,0.0008818403002806008,0.0026315259747207165,1.620628833770752,0.20677532255649567,0,0
M1_margin,low,22,0.0,0.2,2,11.885782241821289,0.010973288677632809,0.005228953901678324,0.0067710052244365215,1.620628833770752,0.4765166640281677,0,0
M2_popmass,low,22,0.0,0.2,2,11.885782241821289,0.004739689640700817,0.0009813138749450445,0.002924598753452301,1.620628833770752,0.20704181492328644,0,0
M0_balanced,low,22,0.0,0.4,2,11.885782241821289,0.004264726769179106,0.0008818403002806008,0.0026315259747207165,1.620628833770752,0.20677532255649567,0,0
M1_margin,low,22,0.0,0.4,2,11.885782241821289,0.010973288677632809,0.005228953901678324,0.0067710052244365215,1.620628833770752,0.4765166640281677,0,0
M2_popmass,low,22,0.0,0.4,2,11.885782241821289,0.004739689640700817,0.0009813138749450445,0.002924598753452301,1.620628833770752,0.20704181492328644,0,0
M0_balanced,low,23,0.25,0.1,0,9.169681549072266,0.0022423849441111088,0.00046366991591639817,0.0014171842485666275,1.5822819471359253,0.20677532255649567,0,0
M1_margin,low,23,0.25,0.1,0,9.169681549072266,0.009617245756089687,0.004582776688039303,0.0060780844651162624,1.5822819471359253,0.4765166640281677,0,0
M2_popmass,low,23,0.25,0.1,0,9.169681549072266,0.002763335360214114,0.0005721259512938559,0.0017464241245761514,1.5822819471359253,0.20704181492328644,0,0
M0_balanced,low,23,0.25,0.2,0,9.169681549072266,0.0022423849441111088,0.00046366991591639817,0.0014171842485666275,1.5822819471359253,0.20677532255649567,0,0
M1_margin,low,23,0.25,0.2,0,9.169681549072266,0.009617245756089687,0.004582776688039303,0.0060780844651162624,1.5822819471359253,0.4765166640281677,0,0
M2_popmass,low,23,0.25,0.2,0,9.169681549072266,0.002763335360214114,0.0005721259512938559,0.0017464241245761514,1.5822819471359253,0.20704181492328644,0,0
M0_balanced,low,23,0.25,0.4,0,9.169681549072266,0.0022423849441111088,0.00046366991591639817,0.0014171842485666275,1.5822819471359253,0.20677532255649567,0,0
M1_margin,low,23,0.25,0.4,0,9.169681549072266,0.009617245756089687,0.004582776688039303,0.0060780844651162624,1.5822819471359253,0.4765166640281677,0,0
M2_popmass,low,23,0.25,0.4,0,9.169681549072266,0.002763335360214114,0.0005721259512938559,0.0017464241245761514,1.5822819471359253,0.20704181492328644,0,0
M0_balanced,low,23,0.25,0.1,1,9.170541763305664,0.002249307930469513,0.00046510135871358216,0.0014216259587556124,1.5822079181671143,0.20677532255649567,0,0
M1_margin,low,23,0.25,0.1,1,9.170541763305664,0.009574363939464092,0.0045623439364135265,0.006051267962902784,1.5822079181671143,0.4765166640281677,0,0
M2_popmass,low,23,0.25,0.1,1,9.170541763305664,0.002769970102235675,0.0005734995938837528,0.00175069912802428,1.5822079181671143,0.20704181492328644,0,0
M0_balanced,low,23,0.25,0.2,1,9.170541763305664,0.002249307930469513,0.00046510135871358216,0.0014216259587556124,1.5822079181671143,0.20677532255649567,0,0
M1_margin,low,23,0.25,0.2,1,9.170541763305664,0.009574363939464092,0.0045623439364135265,0.006051267962902784,1.5822079181671143,0.4765166640281677,0,0
M2_popmass,low,23,0.25,0.2,1,9.170541763305664,0.002769970102235675,0.0005734995938837528,0.00175069912802428,1.5822079181671143,0.20704181492328644,0,0
M0_balanced,low,23,0.25,0.4,1,9.170541763305664,0.002249307930469513,0.00046510135871358216,0.0014216259587556124,1.5822079181671143,0.20677532255649567,0,0
M1_margin,low,23,0.25,0.4,1,9.170541763305664,0.009574363939464092,0.0045623439364135265,0.006051267962902784,1.5822079181671143,0.4765166640281677,0,0
M2_popmass,low,23,0.25,0.4,1,9.170541763305664,0.002769970102235675,0.0005734995938837528,0.00175069912802428,1.5822079181671143,0.20704181492328644,0,0
M0_balanced,low,23,0.25,0.1,2,9.260811805725098,0.00243463390506804,0.0005034222267568111,0.0015167247038334608,1.605191707611084,0.20677532255649567,0,0
M1_margin,low,23,0.25,0.1,2,9.260811805725098,0.009971460327506065,0.004751565866172314,0.006212003994733095,1.605191707611084,0.4765166640281677,0,0
M2_popmass,low,23,0.25,0.1,2,9.260811805725098,0.0029770496767014265,0.0006163737853057683,0.0018546382198110223,1.605191707611084,0.20704181492328644,0,0
M0_balanced,low,23,0.25,0.2,2,9.260811805725098,0.00243463390506804,0.0005034222267568111,0.0015167247038334608,1.605191707611084,0.20677532255649567,0,0
M1_margin,low,23,0.25,0.2,2,9.260811805725098,0.009971460327506065,0.004751565866172314,0.006212003994733095,1.605191707611084,0.4765166640281677,0,0
M2_popmass,low,23,0.25,0.2,2,9.260811805725098,0.0029770496767014265,0.0006163737853057683,0.0018546382198110223,1.605191707611084,0.20704181492328644,0,0
M0_balanced,low,23,0.25,0.4,2,9.260811805725098,0.00243463390506804,0.0005034222267568111,0.0015167247038334608,1.605191707611084,0.20677532255649567,0,0
M1_margin,low,23,0.25,0.4,2,9.260811805725098,0.009971460327506065,0.004751565866172314,0.006212003994733095,1.605191707611084,0.4765166640281677,0,0
M2_popmass,low,23,0.25,0.4,2,9.260811805725098,0.0029770496767014265,0.0006163737853057683,0.0018546382198110223,1.605191707611084,0.20704181492328644,0,0
M0_balanced,low,24,0.25,0.1,0,9.012205123901367,0.0029159868136048317,0.0006029541254974902,0.0017215028638020158,1.6938612461090088,0.20677532255649567,1,0
M1_margin,low,24,0.25,0.1,0,9.012205123901367,0.01799091324210167,0.00857296958565712,0.01062124315649271,1.6938612461090088,0.4765166640281677,1,0
M2_popmass,low,24,0.25,0.1,0,9.012205123901367,0.0037140347994863987,0.0007689603953622282,0.002192643703892827,1.6938612461090088,0.20704181492328644,1,0
M0_balanced,low,24,0.25,0.2,0,9.012205123901367,0.0029159868136048317,0.0006029541254974902,0.0017215028638020158,1.6938612461090088,0.20677532255649567,1,0
M1_margin,low,24,0.25,0.2,0,9.012205123901367,0.01799091324210167,0.00857296958565712,0.01062124315649271,1.6938612461090088,0.4765166640281677,1,0
M2_popmass,low,24,0.25,0.2,0,9.012205123901367,0.0037140347994863987,0.0007689603953622282,0.002192643703892827,1.6938612461090088,0.20704181492328644,1,0
M0_balanced,low,24,0.25,0.4,0,9.012205123901367,0.0029159868136048317,0.0006029541254974902,0.0017215028638020158,1.6938612461090088,0.20677532255649567,1,0
M1_margin,low,24,0.25,0.4,0,9.012205123901367,0.01799091324210167,0.00857296958565712,0.01062124315649271,1.6938612461090088,0.4765166640281677,1,0
M2_popmass,low,24,0.25,0.4,0,9.012205123901367,0.0037140347994863987,0.0007689603953622282,0.002192643703892827,1.6938612461090088,0.20704181492328644,1,0
M0_balanced,low,24,0.25,0.1,1,9.012036323547363,0.0029229444917291403,0.0006043927860446274,0.0017254495760425925,1.694019079208374,0.20677532255649567,0,0
M1_margin,low,24,0.25,0.1,1,9.012036323547363,0.017979783937335014,0.008567668497562408,0.01061368640512228,1.694019079208374,0.4765166640281677,0,0
M2_popmass,low,24,0.25,0.1,1,9.012036323547363,0.00372106209397316,0.0007704156450927258,0.002196588786318898,1.694019079208374,0.20704181492328644,0,0
M0_balanced,low,24,0.25,0.2,1,9.012036323547363,0.0029229444917291403,0.0006043927860446274,0.0017254495760425925,1.694019079208374,0.20677532255649567,0,0
M1_margin,low,24,0.25,0.2,1,9.012036323547363,0.017979783937335014,0.008567668497562408,0.01061368640512228,1.694019079208374,0.4765166640281677,0,0
M2_popmass,low,24,0.25,0.2,1,9.012036323547363,0.00372106209397316,0.0007704156450927258,0.002196588786318898,1.694019079208374,0.20704181492328644,0,0
M0_balanced,low,24,0.25,0.4,1,9.012036323547363,0.0029229444917291403,0.0006043927860446274,0.0017254495760425925,1.694019079208374,0.20677532255649567,0,0
M1_margin,low,24,0.25,0.4,1,9.012036323547363,0.017979783937335014,0.008567668497562408,0.01061368640512228,1.694019079208374,0.4765166640281677,0,0
M2_popmass,low,24,0.25,0.4,1,9.012036323547363,0.00372106209397316,0.0007704156450927258,0.002196588786318898,1.694019079208374,0.20704181492328644,0,0
M0_balanced,low,24,0.25,0.1,2,9.01236629486084,0.0029027429409325123,0.0006002156296744943,0.0017142003634944558,1.693351149559021,0.20677532255649567,0,0
M1_margin,low,24,0.25,0.1,2,9.01236629486084,0.01787787675857544,0.00851910375058651,0.010557686910033226,1.693351149559021,0.4765166640281677,0,0
M2_popmass,low,24,0.25,0.1,2,9.01236629486084,0.003698777873069048,0.000765801640227437,0.002184294629842043,1.693351149559021,0.20704181492328644,0,0
M0_balanced,low,24,0.25,0.2,2,9.01236629486084,0.0029027429409325123,0.0006002156296744943,0.0017142003634944558,1.693351149559021,0.20677532255649567,0,0
M1_margin,low,24,0.25,0.2,2,9.01236629486084,0.01787787675857544,0.00851910375058651,0.010557686910033226,1.693351149559021,0.4765166640281677,0,0
M2_popmass,low,24,0.25,0.2,2,9.01236629486084,0.003698777873069048,0.000765801640227437,0.002184294629842043,1.693351149559021,0.20704181492328644,0,0
M0_balanced,low,24,0.25,0.4,2,9.01236629486084,0.0029027429409325123,0.0006002156296744943,0.0017142003634944558,1.693351149559021,0.20677532255649567,0,0
M1_margin,low,24,0.25,0.4,2,9.01236629486084,0.01787787675857544,0.00851910375058651,0.010557686910033226,1.693351149559021,0.4765166640281677,0,0
M2_popmass,low,24,0.25,0.4,2,9.01236629486084,0.003698777873069048,0.000765801640227437,0.002184294629842043,1.693351149559021,0.20704181492328644,0,0
M0_balanced,low,25,0.42857142857142855,0.1,0,10.528579711914062,0.004439620301127434,0.0009180039633065462,0.002550511620938778,1.740678310394287,0.20677532255649567,0,0
M1_margin,low,25,0.42857142857142855,0.1,0,10.528579711914062,0.02025817148387432,0.009653356857597828,0.011638090945780277,1.740678310394287,0.4765166640281677,0,0
M2_popmass,low,25,0.42857142857142855,0.1,0,10.528579711914062,0.005125317256897688,0.001061155111528933,0.002944437088444829,1.740678310394287,0.20704181492328644,0,0
M0_balanced,low,25,0.42857142857142855,0.2,0,10.528579711914062,0.004439620301127434,0.0009180039633065462,0.002550511620938778,1.740678310394287,0.20677532255649567,0,0
M1_margin,low,25,0.42857142857142855,0.2,0,10.528579711914062,0.02025817148387432,0.009653356857597828,0.011638090945780277,1.740678310394287,0.4765166640281677,0,0
M2_popmass,low,25,0.42857142857142855,0.2,0,10.528579711914062,0.005125317256897688,0.001061155111528933,0.002944437088444829,1.740678310394287,0.20704181492328644,0,0
M0_balanced,low,25,0.42857142857142855,0.4,0,10.528579711914062,0.004439620301127434,0.0009180039633065462,0.002550511620938778,1.740678310394287,0.20677532255649567,0,0
M1_margin,low,25,0.42857142857142855,0.4,0,10.528579711914062,0.02025817148387432,0.009653356857597828,0.011638090945780277,1.740678310394287,0.4765166640281677,0,0
M2_popmass,low,25,0.42857142857142855,0.4,0,10.528579711914062,0.005125317256897688,0.001061155111528933,0.002944437088444829,1.740678310394287,0.20704181492328644,0,0
M0_balanced,low,25,0.42857142857142855,0.1,1,10.468598365783691,0.004681697580963373,0.0009680595831014216,0.002712187124416232,1.726170539855957,0.20677532255649567,1,0
M1_margin,low,25,0.42857142857142855,0.1,1,10.468598365783691,0.01601777970790863,0.007632739841938019,0.009279373101890087,1.726170539855957,0.4765166640281677,1,0
M2_popmass,low,25,0.42857142857142855,0.1,1,10.468598365783691,0.00531347980722785,0.0011001125676557422,0.003078189678490162,1.726170539855957,0.20704181492328644,1,0
M0_balanced,low,25,0.42857142857142855,0.2,1,10.468598365783691,0.004681697580963373,0.0009680595831014216,0.002712187124416232,1.726170539855957,0.20677532255649567,1,0
M1_margin,low,25,0.42857142857142855,0.2,1,10.468598365783691,0.01601777970790863,0.007632739841938019,0.009279373101890087,1.726170539855957,0.4765166640281677,1,0
M2_popmass,low,25,0.42857142857142855,0.2,1,10.468598365783691,0.00531347980722785,0.0011001125676557422,0.003078189678490162,1.726170539855957,0.20704181492328644,1,0
M0_balanced,low,25,0.42857142857142855,0.4,1,10.417858123779297,0.005150013603270054,0.0010648956522345543,0.0029917145147919655,1.7214254140853882,0.20677532255649567,1,1
M1_margin,low,25,0.42857142857142855,0.4,1,10.417858123779297,0.016923468559980392,0.008064313791692257,0.009831077419221401,1.7214254140853882,0.4765166640281677,1,1
M2_popmass,low,25,0.42857142857142855,0.4,1,10.417858123779297,0.005799951031804085,0.0012008324265480042,0.003369272453710437,1.7214254140853882,0.20704181492328644,1,1
M0_balanced,low,25,0.42857142857142855,0.1,2,10.53107738494873,0.004441586323082447,0.0009184102527797222,0.0025511914864182472,1.7409847974777222,0.20677532255649567,1,0
M1_margin,low,25,0.42857142857142855,0.1,2,10.53107738494873,0.020269781351089478,0.009658889845013618,0.01164271216839552,1.7409847974777222,0.4765166640281677,1,0
M2_popmass,low,25,0.42857142857142855,0.1,2,10.53107738494873,0.005127624608576298,0.001061632763594389,0.0029452440794557333,1.7409847974777222,0.20704181492328644,1,0
M0_balanced,low,25,0.42857142857142855,0.2,2,10.53107738494873,0.004441586323082447,0.0009184102527797222,0.0025511914864182472,1.7409847974777222,0.20677532255649567,1,0
M1_margin,low,25,0.42857142857142855,0.2,2,10.53107738494873,0.020269781351089478,0.009658889845013618,0.01164271216839552,1.7409847974777222,0.4765166640281677,1,0
M2_popmass,low,25,0.42857142857142855,0.2,2,10.53107738494873,0.005127624608576298,0.001061632763594389,0.0029452440794557333,1.7409847974777222,0.20704181492328644,1,0
M0_balanced,low,25,0.42857142857142855,0.4,2,10.516059875488281,0.005031298380345106,0.0010403483174741268,0.002915669232606888,1.7256066799163818,0.20677532255649567,1,1
M1_margin,low,25,0.42857142857142855,0.4,2,10.516059875488281,0.019823620095849037,0.009446285665035248,0.011487913317978382,1.7256066799163818,0.4765166640281677,1,1
M2_popmass,low,25,0.42857142857142855,0.4,2,10.516059875488281,0.005717096850275993,0.0011836779303848743,0.003313093213364482,1.7256066799163818,0.20704181492328644,1,1
M0_balanced,low,26,0.4,0.1,0,8.73115348815918,0.0022612742614001036,0.0004675756790675223,0.0014419275103136897,1.568230152130127,0.20677532255649567,1,0
M1_margin,low,26,0.4,0.1,0,8.73115348815918,0.00889556109905243,0.004238882567733526,0.005672356113791466,1.568230152130127,0.4765166640281677,1,0
M2_popmass,low,26,0.4,0.1,0,8.73115348815918,0.0029324800707399845,0.0006071459501981735,0.0018699296051636338,1.568230152130127,0.20704181492328644,1,0
M0_balanced,low,26,0.4,0.2,0,8.730280876159668,0.0023090275935828686,0.0004774498811457306,0.0014700961764901876,1.5706641674041748,0.20677532255649567,1,1
M1_margin,low,26,0.4,0.2,0,8.730280876159668,0.009028834290802479,0.004302389454096556,0.005748417228460312,1.5706641674041748,0.4765166640281677,1,1
M2_popmass,low,26,0.4,0.2,0,8.730280876159668,0.0029849570710211992,0.0006180108757689595,0.001900442410260439,1.5706641674041748,0.20704181492328644,1,1
M0_balanced,low,26,0.4,0.4,0,8.730280876159668,0.0023090275935828686,0.0004774498811457306,0.0014700961764901876,1.5706641674041748,0.20677532255649567,1,1
M1_margin,low,26,0.4,0.4,0,8.730280876159668,0.009028834290802479,0.004302389454096556,0.005748417228460312,1.5706641674041748,0.4765166640281677,1,1
M2_popmass,low,26,0.4,0.4,0,8.730280876159668,0.0029849570710211992,0.0006180108757689595,0.001900442410260439,1.5706641674041748,0.20704181492328644,1,1
M0_balanced,low,26,0.4,0.1,1,8.775357246398926,0.0020865872502326965,0.00043145468225702643,0.001318252645432949,1.5828429460525513,0.20677532255649567,0,0
M1_margin,low,26,0.4,0.1,1,8.775357246398926,0.009470374323427677,0.004512791987508535,0.005983143113553524,1.5828429460525513,0.4765166640281677,0,0
M2_popmass,low,26,0.4,0.1,1,8.775357246398926,0.0027638603933155537,0.0005722346832044423,0.0017461368115618825,1.5828429460525513,0.20704181492328644,0,0
M0_balanced,low,26,0.4,0.2,1,8.775357246398926,0.0020865872502326965,0.00043145468225702643,0.001318252645432949,1.5828429460525513,0.20677532255649567,0,0
M1_margin,low,26,0.4,0.2,1,8.775357246398926,0.009470374323427677,0.004512791987508535,0.005983143113553524,1.5828429460525513,0.4765166640281677,0,0
M2_popmass,low,26,0.4,0.2,1,8.775357246398926,0.0027638603933155537,0.0005722346832044423,0.0017461368115618825,1.5828429460525513,0.20704181492328644,0,0
M0_balanced,low,26,0.4,0.4,1,8.775357246398926,0.0020865872502326965,0.00043145468225702643,0.001318252645432949,1.5828429460525513,0.20677532255649567,0,0
M1_margin,low,26,0.4,0.4,1,8.775357246398926,0.009470374323427677,0.004512791987508535,0.005983143113553524,1.5828429460525513,0.4765166640281677,0,0
M2_popmass,low,26,0.4,0.4,1,8.775357246398926,0.0027638603933155537,0.0005722346832044423,0.0017461368115618825,1.5828429460525513,0.20704181492328644,0,0
M0_balanced,low,26,0.4,0.1,2,8.72990608215332,0.0022539524361491203,0.0004660617560148239,0.0014371334109455347,1.5683668851852417,0.20677532255649567,0,0
M1_margin,low,26,0.4,0.1,2,8.72990608215332,0.008889553137123585,0.00423602107912302,0.005668032914400101,1.5683668851852417,0.4765166640281677,0,0
M2_popmass,low,26,0.4,0.1,2,8.72990608215332,0.0029249489307403564,0.0006055866833776236,0.0018649646081030369,1.5683668851852417,0.20704181492328644,0,0
M0_balanced,low,26,0.4,0.2,2,8.72990608215332,0.0022539524361491203,0.0004660617560148239,0.0014371334109455347,1.5683668851852417,0.20677532255649567,0,0
M1_margin,low,26,0.4,0.2,2,8.72990608215332,0.008889553137123585,0.00423602107912302,0.005668032914400101,1.5683668851852417,0.4765166640281677,0,0
M2_popmass,low,26,0.4,0.2,2,8.72990608215332,0.0029249489307403564,0.0006055866833776236,0.0018649646081030369,1.5683668851852417,0.20704181492328644,0,0
M0_balanced,low,26,0.4,0.4,2,8.72990608215332,0.0022539524361491203,0.0004660617560148239,0.0014371334109455347,1.5683668851852417,0.20677532255649567,0,0
M1_margin,low,26,0.4,0.4,2,8.72990608215332,0.008889553137123585,0.00423602107912302,0.005668032914400101,1.5683668851852417,0.4765166640281677,0,0
M2_popmass,low,26,0.4,0.4,2,8.72990608215332,0.0029249489307403564,0.0006055866833776236,0.0018649646081030369,1.5683668851852417,0.20704181492328644,0,0
M0_balanced,low,27,0.25,0.1,0,9.14007568359375,0.004099914338439703,0.0008477613446302712,0.0025889116805046797,1.5836443901062012,0.20677532255649567,0,0
M1_margin,low,27,0.25,0.1,0,9.14007568359375,0.012002330273389816,0.00571930967271328,0.007578928954899311,1.5836443901062012,0.4765166640281677,0,0
M2_popmass,low,27,0.25,0.1,0,9.14007568359375,0.004759694449603558,0.0009854559320956469,0.003005532780662179,1.5836443901062012,0.20704181492328644,0,0
M0_balanced,low,27,0.25,0.2,0,9.14007568359375,0.004099914338439703,0.0008477613446302712,0.0025889116805046797,1.5836443901062012,0.20677532255649567,0,0
M1_margin,low,27,0.25,0.2,0,9.14007568359375,0.012002330273389816,0.00571930967271328,0.007578928954899311,1.5836443901062012,0.4765166640281677,0,0
M2_popmass,low,27,0.25,0.2,0,9.14007568359375,0.004759694449603558,0.0009854559320956469,0.003005532780662179,1.5836443901062012,0.20704181492328644,0,0
M0_balanced,low,27,0.25,0.4,0,9.14007568359375,0.004099914338439703,0.0008477613446302712,0.0025889116805046797,1.5836443901062012,0.20677532255649567,0,0
M1_margin,low,27,0.25,0.4,0,9.14007568359375,0.012002330273389816,0.00571930967271328,0.007578928954899311,1.5836443901062012,0.4765166640281677,0,0
M2_popmass,low,27,0.25,0.4,0,9.14007568359375,0.004759694449603558,0.0009854559320956469,0.003005532780662179,1.5836443901062012,0.20704181492328644,0,0
M0_balanced,low,27,0.25,0.1,1,9.231428146362305,0.0042533185333013535,0.0008794814348220825,0.002640784252434969,1.610627293586731,0.20677532255649567,0,0
M1_margin,low,27,0.25,0.1,1,9.231428146362305,0.014425992965698242,0.006874225568026304,0.00895675364881754,1.610627293586731,0.4765166640281677,0,0
M2_popmass,low,27,0.25,0.1,1,9.231428146362305,0.004967477638274431,0.0010284754680469632,0.003084187861531973,1.610627293586731,0.20704181492328644,0,0
M0_balanced,low,27,0.25,0.2,1,9.231428146362305,0.0042533185333013535,0.0008794814348220825,0.002640784252434969,1.610627293586731,0.20677532255649567,0,0
M1_margin,low,27,0.25,0.2,1,9.231428146362305,0.014425992965698242,0.006874225568026304,0.00895675364881754,1.610627293586731,0.4765166640281677,0,0
M2_popmass,low,27,0.25,0.2,1,9.231428146362305,0.004967477638274431,0.0010284754680469632,0.003084187861531973,1.610627293586731,0.20704181492328644,0,0
M0_balanced,low,27,0.25,0.4,1,9.231428146362305,0.0042533185333013535,0.0008794814348220825,0.002640784252434969,1.610627293586731,0.20677532255649567,0,0
M1_margin,low,27,0.25,0.4,1,9.231428146362305,0.014425992965698242,0.006874225568026304,0.00895675364881754,1.610627293586731,0.4765166640281677,0,0
M2_popmass,low,27,0.25,0.4,1,9.231428146362305,0.004967477638274431,0.0010284754680469632,0.003084187861531973,1.610627293586731,0.20704181492328644,0,0
M0_balanced,low,27,0.25,0.1,2,9.232866287231445,0.00426524318754673,0.000881947111338377,0.002648429712280631,1.6104800701141357,0.20677532255649567,1,0
M1_margin,low,27,0.25,0.1,2,9.232866287231445,0.014384549111127853,0.006854478269815445,0.008931840769946575,1.6104800701141357,0.4765166640281677,1,0
M2_popmass,low,27,0.25,0.1,2,9.232866287231445,0.004979166202247143,0.0010308956261724234,0.00309172784909606,1.6104800701141357,0.20704181492328644,1,0
M0_balanced,low,27,0.25,0.2,2,9.20919418334961,0.005236843600869179,0.001082850038073957,0.0032675170805305243,1.6026982069015503,0.20677532255649567,1,1
M1_margin,low,27,0.25,0.2,2,9.20919418334961,0.014422530308365822,0.006872574798762798,0.008998904377222061,1.6026982069015503,0.4765166640281677,1,1
M2_popmass,low,27,0.25,0.2,2,9.20919418334961,0.005974071566015482,0.001236882759258151,0.003727508941665292,1.6026982069015503,0.20704181492328644,1,1
M0_balanced,low,27,0.25,0.4,2,9.224482536315918,0.005768795497715473,0.0011928449384868145,0.0036164219491183758,1.5951671600341797,0.20677532255649567,1,2
M1_margin,low,27,0.25,0.4,2,9.224482536315918,0.014140686020255089,0.006738272495567799,0.00886470451951027,1.5951671600341797,0.4765166640281677,1,2
M2_popmass,low,27,0.25,0.4,2,9.224482536315918,0.006512699648737907,0.0013484010705724359,0.004082769155502319,1.5951671600341797,0.20704181492328644,1,2
M0_balanced,low,28,0.25,0.1,0,10.95134162902832,0.005759709980338812,0.001190965878777206,0.0034617711789906025,1.6638044118881226,0.20677532255649567,0,0
M1_margin,low,28,0.25,0.1,0,10.95134162902832,0.017993317916989326,0.008574115112423897,0.010814562439918518,1.6638044118881226,0.4765166640281677,0,0
M2_popmass,low,28,0.25,0.1,0,10.95134162902832,0.006376733537763357,0.001320250565186143,0.0038326221983879805,1.6638044118881226,0.20704181492328644,0,0
M0_balanced,low,28,0.25,0.2,0,10.95134162902832,0.005759709980338812,0.001190965878777206,0.0034617711789906025,1.6638044118881226,0.20677532255649567,0,0
M1_margin,low,28,0.25,0.2,0,10.95134162902832,0.017993317916989326,0.008574115112423897,0.010814562439918518,1.6638044118881226,0.4765166640281677,0,0
M2_popmass,low,28,0.25,0.2,0,10.95134162902832,0.006376733537763357,0.001320250565186143,0.0038326221983879805,1.6638044118881226,0.20704181492328644,0,0
M0_balanced,low,28,0.25,0.4,0,10.95134162902832,0.005759709980338812,0.001190965878777206,0.0034617711789906025,1.6638044118881226,0.20677532255649567,0,0
M1_margin,low,28,0.25,0.4,0,10.95134162902832,0.017993317916989326,0.008574115112423897,0.010814562439918518,1.6638044118881226,0.4765166640281677,0,0
M2_popmass,low,28,0.25,0.4,0,10.95134162902832,0.006376733537763357,0.001320250565186143,0.0038326221983879805,1.6638044118881226,0.20704181492328644,0,0
M0_balanced,low,28,0.25,0.1,1,10.940441131591797,0.004357959609478712,0.0009011185029521585,0.002657362027093768,1.639957070350647,0.20677532255649567,1,0
M1_margin,low,28,0.25,0.1,1,10.940441131591797,0.0177364032715559,0.008451691828668118,0.010815163142979145,1.639957070350647,0.4765166640281677,1,0
M2_popmass,low,28,0.25,0.1,1,10.940441131591797,0.004930764436721802,0.0010208743624389172,0.0030066422186791897,1.639957070350647,0.20704181492328644,1,0
M0_balanced,low,28,0.25,0.2,1,10.940441131591797,0.004357959609478712,0.0009011185029521585,0.002657362027093768,1.639957070350647,0.20677532255649567,1,0
M1_margin,low,28,0.25,0.2,1,10.940441131591797,0.0177364032715559,0.008451691828668118,0.010815163142979145,1.639957070350647,0.4765166640281677,1,0
M2_popmass,low,28,0.25,0.2,1,10.940441131591797,0.004930764436721802,0.0010208743624389172,0.0030066422186791897,1.639957070350647,0.20704181492328644,1,0
M0_balanced,low,28,0.25,0.4,1,10.930330276489258,0.005220823455601931,0.0010795375565066934,0.0032021261285990477,1.6304242610931396,0.20677532255649567,1,1
M1_margin,low,28,0.25,0.4,1,10.930330276489258,0.01695949025452137,0.008081480860710144,0.010401889681816101,1.6304242610931396,0.4765166640281677,1,1
M2_popmass,low,28,0.25,0.4,1,10.930330276489258,0.005800819955766201,0.0012010125210508704,0.003557859919965267,1.6304242610931396,0.20704181492328644,1,1
M0_balanced,low,28,0.25,0.1,2,10.948537826538086,0.005746794864535332,0.0011882954277098179,0.003454606281593442,1.6635167598724365,0.20677532255649567,1,0
M1_margin,low,28,0.25,0.1,2,10.948537826538086,0.01797594130039215,0.00856583658605814,0.010805988684296608,1.6635167598724365,0.4765166640281677,1,0
M2_popmass,low,28,0.25,0.1,2,10.948537826538086,0.006363172084093094,0.0013174429768696427,0.0038251332007348537,1.6635167598724365,0.20704181492328644,1,0
M0_balanced,low,28,0.25,0.2,2,10.948537826538086,0.005746794864535332,0.0011882954277098179,0.003454606281593442,1.6635167598724365,0.20677532255649567,1,0
M1_margin,low,28,0.25,0.2,2,10.948537826538086,0.01797594130039215,0.00856583658605814,0.010805988684296608,1.6635167598724365,0.4765166640281677,1,0
M2_popmass,low,28,0.25,0.2,2,10.948537826538086,0.006363172084093094,0.0013174429768696427,0.0038251332007348537,1.6635167598724365,0.20704181492328644,1,0
M0_balanced,low,28,0.25,0.4,2,10.948537826538086,0.005746794864535332,0.0011882954277098179,0.003454606281593442,1.6635167598724365,0.20677532255649567,1,0
M1_margin,low,28,0.25,0.4,2,10.948537826538086,0.01797594130039215,0.00856583658605814,0.010805988684296608,1.6635167598724365,0.4765166640281677,1,0
M2_popmass,low,28,0.25,0.4,2,10.948537826538086,0.006363172084093094,0.0013174429768696427,0.0038251332007348537,1.6635167598724365,0.20704181492328644,1,0
M0_balanced,low,29,0.25,0.1,0,9.692842483520508,0.0036391555331647396,0.0007524876273237169,0.0023048091679811478,1.5789401531219482,0.20677532255649567,1,0
M1_margin,low,29,0.25,0.1,0,9.692842483520508,0.011723805218935013,0.005586589686572552,0.007425112184137106,1.5789401531219482,0.4765166640281677,1,0
M2_popmass,low,29,0.25,0.1,0,9.692842483520508,0.004179531242698431,0.0008653378463350236,0.0026470490265637636,1.5789401531219482,0.20704181492328644,1,0
M0_balanced,low,29,0.25,0.2,0,9.692842483520508,0.0036391555331647396,0.0007524876273237169,0.0023048091679811478,1.5789401531219482,0.20677532255649567,1,0
M1_margin,low,29,0.25,0.2,0,9.692842483520508,0.011723805218935013,0.005586589686572552,0.007425112184137106,1.5789401531219482,0.4765166640281677,1,0
M2_popmass,low,29,0.25,0.2,0,9.692842483520508,0.004179531242698431,0.0008653378463350236,0.0026470490265637636,1.5789401531219482,0.20704181492328644,1,0
M0_balanced,low,29,0.25,0.4,0,9.692842483520508,0.0036391555331647396,0.0007524876273237169,0.0023048091679811478,1.5789401531219482,0.20677532255649567,1,0
M1_margin,low,29,0.25,0.4,0,9.692842483520508,0.011723805218935013,0.005586589686572552,0.007425112184137106,1.5789401531219482,0.4765166640281677,1,0
M2_popmass,low,29,0.25,0.4,0,9.692842483520508,0.004179531242698431,0.0008653378463350236,0.0026470490265637636,1.5789401531219482,0.20704181492328644,1,0
M0_balanced,low,29,0.25,0.1,1,9.692241668701172,0.0036280849017202854,0.0007501983200199902,0.0022982622031122446,1.5786206722259521,0.20677532255649567,1,0
M1_margin,low,29,0.25,0.1,1,9.692241668701172,0.011735383421182632,0.005592105910181999,0.00743394810706377,1.5786206722259521,0.4765166640281677,1,0
M2_popmass,low,29,0.25,0.1,1,9.692241668701172,0.004168120212852955,0.000862975197378546,0.002640355844050646,1.5786206722259521,0.20704181492328644,1,0
M0_balanced,low,29,0.25,0.2,1,9.730154037475586,0.00428347522392869,0.0008857168722897768,0.0027139123994857073,1.5783393383026123,0.20677532255649567,1,1
M1_margin,low,29,0.25,0.2,1,9.730154037475586,0.01230719406157732,0.005864583887159824,0.007797560188919306,1.5783393383026123,0.4765166640281677,1,1
M2_popmass,low,29,0.25,0.2,1,9.730154037475586,0.0048505221493542194,0.0010042608482763171,0.003073180792853236,1.5783393383026123,0.20704181492328644,1,1
M0_balanced,low,29,0.25,0.4,1,9.76171875,0.005461817141622305,0.001129369018599391,0.0034593308810144663,1.5788652896881104,0.20677532255649567,1,2
M1_margin,low,29,0.25,0.4,1,9.76171875,0.013070682063698769,0.006228398531675339,0.008278530091047287,1.5788652896881104,0.4765166640281677,1,2
M2_popmass,low,29,0.25,0.4,1,9.76171875,0.006075859535485506,0.0012579570757225156,0.0038482449017465115,1.5788652896881104,0.20704181492328644,1,2
M0_balanced,low,29,0.25,0.1,2,9.74443531036377,0.004733158275485039,0.000978700234554708,0.002999197458848357,1.578141450881958,0.20677532255649567,1,1
M1_margin,low,29,0.25,0.1,2,9.74443531036377,0.011995932087302208,0.005716260522603989,0.007601302117109299,1.578141450881958,0.4765166640281677,1,1
M2_popmass,low,29,0.25,0.1,2,9.74443531036377,0.005308608524501324,0.0010991040617227554,0.003363835858181119,1.578141450881958,0.20704181492328644,1,1
M0_balanced,low,29,0.25,0.2,2,9.74443531036377,0.004733158275485039,0.000978700234554708,0.002999197458848357,1.578141450881958,0.20677532255649567,1,1
M1_margin,low,29,0.25,0.2,2,9.74443531036377,0.011995932087302208,0.005716260522603989,0.007601302117109299,1.578141450881958,0.4765166640281677,1,1
M2_popmass,low,29,0.25,0.2,2,9.74443531036377,0.005308608524501324,0.0010991040617227554,0.003363835858181119,1.578141450881958,0.20704181492328644,1,1
M0_balanced,low,29,0.25,0.4,2,9.74443531036377,0.004733158275485039,0.000978700234554708,0.002999197458848357,1.578141450881958,0.20677532255649567,1,1
M1_margin,low,29,0.25,0.4,2,9.74443531036377,0.011995932087302208,0.005716260522603989,0.007601302117109299,1.578141450881958,0.4765166640281677,1,1
M2_popmass,low,29,0.25,0.4,2,9.74443531036377,0.005308608524501324,0.0010991040617227554,0.003363835858181119,1.578141450881958,0.20704181492328644,1,1
M0_balanced,low,30,0.16666666666666666,0.1,0,10.079547882080078,0.004550973419100046,0.000941028876695782,0.002714270493015647,1.6766835451126099,0.20677532255649567,0,0
M1_margin,low,30,0.16666666666666666,0.1,0,10.079547882080078,0.015658091753721237,0.007461341563612223,0.00933872815221548,1.6766835451126099,0.4765166640281677,0,0
M2_popmass,low,30,0.16666666666666666,0.1,0,10.079547882080078,0.005184629932045937,0.0010734351817518473,0.0030921935103833675,1.6766835451126099,0.20704181492328644,0,0
M0_balanced,low,30,0.16666666666666666,0.2,0,10.079547882080078,0.004550973419100046,0.000941028876695782,0.002714270493015647,1.6766835451126099,0.20677532255649567,0,0
M1_margin,low,30,0.16666666666666666,0.2,0,10.079547882080078,0.015658091753721237,0.007461341563612223,0.00933872815221548,1.6766835451126099,0.4765166640281677,0,0
M2_popmass,low,30,0.16666666666666666,0.2,0,10.079547882080078,0.005184629932045937,0.0010734351817518473,0.0030921935103833675,1.6766835451126099,0.20704181492328644,0,0
M0_balanced,low,30,0.16666666666666666,0.4,0,10.079547882080078,0.004550973419100046,0.000941028876695782,0.002714270493015647,1.6766835451126099,0.20677532255649567,0,0
M1_margin,low,30,0.16666666666666666,0.4,0,10.079547882080078,0.015658091753721237,0.007461341563612223,0.00933872815221548,1.6766835451126099,0.4765166640281677,0,0
M2_popmass,low,30,0.16666666666666666,0.4,0,10.079547882080078,0.005184629932045937,0.0010734351817518473,0.0030921935103833675,1.6766835451126099,0.20704181492328644,0,0
M0_balanced,low,30,0.16666666666666666,0.1,1,10.079666137695312,0.0046349517069756985,0.0009583935607224703,0.002840691711753607,1.6316277980804443,0.20677532255649567,0,0
M1_margin,low,30,0.16666666666666666,0.1,1,10.079666137695312,0.011329748667776585,0.005398813169449568,0.006943830754607916,1.6316277980804443,0.4765166640281677,0,0
M2_popmass,low,30,0.16666666666666666,0.1,1,10.079666137695312,0.005193099845200777,0.0010751888621598482,0.0031827723141759634,1.6316277980804443,0.20704181492328644,0,0
M0_balanced,low,30,0.16666666666666666,0.2,1,10.079666137695312,0.0046349517069756985,0.0009583935607224703,0.002840691711753607,1.6316277980804443,0.20677532255649567,0,0
M1_margin,low,30,0.16666666666666666,0.2,1,10.079666137695312,0.011329748667776585,0.005398813169449568,0.006943830754607916,1.6316277980804443,0.4765166640281677,0,0
M2_popmass,low,30,0.16666666666666666,0.2,1,10.079666137695312,0.005193099845200777,0.0010751888621598482,0.0031827723141759634,1.6316277980804443,0.20704181492328644,0,0
M0_balanced,low,30,0.16666666666666666,0.4,1,10.079666137695312,0.0046349517069756985,0.0009583935607224703,0.002840691711753607,1.6316277980804443,0.20677532255649567,0,0
M1_margin,low,30,0.16666666666666666,0.4,1,10.079666137695312,0.011329748667776585,0.005398813169449568,0.006943830754607916,1.6316277980804443,0.4765166640281677,0,0
M2_popmass,low,30,0.16666666666666666,0.4,1,10.079666137695312,0.005193099845200777,0.0010751888621598482,0.0031827723141759634,1.6316277980804443,0.20704181492328644,0,0
M0_balanced,low,30,0.16666666666666666,0.1,2,10.082854270935059,0.0045526050962507725,0.0009413663647137582,0.0027140118181705475,1.6774448156356812,0.20677532255649567,1,0
M1_margin,low,30,0.16666666666666666,0.1,2,10.082854270935059,0.015699263662099838,0.007480961736291647,0.009359035640954971,1.6774448156356812,0.4765166640281677,1,0
M2_popmass,low,30,0.16666666666666666,0.1,2,10.082854270935059,0.005187123082578182,0.0010739514837041497,0.0030922768637537956,1.6774448156356812,0.20704181492328644,1,0
M0_balanced,low,30,0.16666666666666666,0.2,2,10.082854270935059,0.0045526050962507725,0.0009413663647137582,0.0027140118181705475,1.6774448156356812,0.20677532255649567,1,0
M1_margin,low,30,0.16666666666666666,0.2,2,10.082854270935059,0.015699263662099838,0.007480961736291647,0.009359035640954971,1.6774448156356812,0.4765166640281677,1,0
M2_popmass,low,30,0.16666666666666666,0.2,2,10.082854270935059,0.005187123082578182,0.0010739514837041497,0.0030922768637537956,1.6774448156356812,0.20704181492328644,1,0
M0_balanced,low,30,0.16666666666666666,0.4,2,10.082854270935059,0.0045526050962507725,0.0009413663647137582,0.0027140118181705475,1.6774448156356812,0.20677532255649567,1,0
M1_margin,low,30,0.16666666666666666,0.4,2,10.082854270935059,0.015699263662099838,0.007480961736291647,0.009359035640954971,1.6774448156356812,0.4765166640281677,1,0
M2_popmass,low,30,0.16666666666666666,0.4,2,10.082854270935059,0.005187123082578182,0.0010739514837041497,0.0030922768637537956,1.6774448156356812,0.20704181492328644,1,0
M0_balanced,low,31,0.25,0.1,0,9.00224781036377,0.0005646490026265383,0.0001167553782579489,0.0003624791279435158,1.5577406883239746,0.20677532255649567,1,0
M1_margin,low,31,0.25,0.1,0,9.00224781036377,0.007996776141226292,0.003810597350820899,0.005133573431521654,1.5577406883239746,0.4765166640281677,1,0
M2_popmass,low,31,0.25,0.1,0,9.00224781036377,0.0011493824422359467,0.00023797020548954606,0.0007378521841019392,1.5577406883239746,0.20704181492328644,1,0
M0_balanced,low,31,0.25,0.2,0,9.00224781036377,0.0005646490026265383,0.0001167553782579489,0.0003624791279435158,1.5577406883239746,0.20677532255649567,1,0
M1_margin,low,31,0.25,0.2,0,9.00224781036377,0.007996776141226292,0.003810597350820899,0.005133573431521654,1.5577406883239746,0.4765166640281677,1,0
M2_popmass,low,31,0.25,0.2,0,9.00224781036377,0.0011493824422359467,0.00023797020548954606,0.0007378521841019392,1.5577406883239746,0.20704181492328644,1,0
M0_balanced,low,31,0.25,0.4,0,8.990299224853516,0.00043413095409050584,8.976765820989385e-05,0.00027665062225423753,1.5692405700683594,0.20677532255649567,1,1
M1_margin,low,31,0.25,0.4,0,8.990299224853516,0.008241144940257072,0.0039270431734621525,0.005251677706837654,1.5692405700683594,0.4765166640281677,1,1
M2_popmass,low,31,0.25,0.4,0,8.990299224853516,0.0010269335471093655,0.0002126181498169899,0.0006544142379425466,1.5692405700683594,0.20704181492328644,1,1
M0_balanced,low,31,0.25,0.1,1,9.00238037109375,0.0005714029539376497,0.00011815193283837289,0.00036672985879704356,1.5581018924713135,0.20677532255649567,0,0
M1_margin,low,31,0.25,0.1,1,9.00238037109375,0.008010772056877613,0.003817266784608364,0.0051413667388260365,1.5581018924713135,0.4765166640281677,0,0
M2_popmass,low,31,0.25,0.1,1,9.00238037109375,0.001156741171143949,0.0002394937619101256,0.0007424039067700505,1.5581018924713135,0.20704181492328644,0,0
M0_balanced,low,31,0.25,0.2,1,9.00238037109375,0.0005714029539376497,0.00011815193283837289,0.00036672985879704356,1.5581018924713135,0.20677532255649567,0,0
M1_margin,low,31,0.25,0.2,1,9.00238037109375,0.008010772056877613,0.003817266784608364,0.0051413667388260365,1.5581018924713135,0.4765166640281677,0,0
M2_popmass,low,31,0.25,0.2,1,9.00238037109375,0.001156741171143949,0.0002394937619101256,0.0007424039067700505,1.5581018924713135,0.20704181492328644,0,0
M0_balanced,low,31,0.25,0.4,1,9.00238037109375,0.0005714029539376497,0.00011815193283837289,0.00036672985879704356,1.5581018924713135,0.20677532255649567,0,0
M1_margin,low,31,0.25,0.4,1,9.00238037109375,0.008010772056877613,0.003817266784608364,0.0051413667388260365,1.5581018924713135,0.4765166640281677,0,0
M2_popmass,low,31,0.25,0.4,1,9.00238037109375,0.001156741171143949,0.0002394937619101256,0.0007424039067700505,1.5581018924713135,0.20704181492328644,0,0
M0_balanced,low,31,0.25,0.1,2,9.003166198730469,0.0005749732372350991,0.00011889029701706022,0.00036900342092849314,1.5581789016723633,0.20677532255649567,1,0
M1_margin,low,31,0.25,0.1,2,9.003166198730469,0.008013186976313591,0.003818417200818658,0.005142661742866039,1.5581789016723633,0.4765166640281677,1,0
M2_popmass,low,31,0.25,0.1,2,9.003166198730469,0.0011604403844103217,0.00024025967286434025,0.0007447414100170135,1.5581789016723633,0.20704181492328644,1,0
M0_balanced,low,31,0.25,0.2,2,9.003166198730469,0.0005749732372350991,0.00011889029701706022,0.00036900342092849314,1.5581789016723633,0.20677532255649567,1,0
M1_margin,low,31,0.25,0.2,2,9.003166198730469,0.008013186976313591,0.003818417200818658,0.005142661742866039,1.5581789016723633,0.4765166640281677,1,0
M2_popmass,low,31,0.25,0.2,2,9.003166198730469,0.0011604403844103217,0.00024025967286434025,0.0007447414100170135,1.5581789016723633,0.20704181492328644,1,0
M0_balanced,low,31,0.25,0.4,2,8.991419792175293,0.0004435292794369161,9.171096462523565e-05,0.00028256417135708034,1.5696594715118408,0.20677532255649567,1,1
M1_margin,low,31,0.25,0.4,2,8.991419792175293,0.008258428424596786,0.0039352793246507645,0.005261287093162537,1.5696594715118408,0.4765166640281677,1,1
M2_popmass,low,31,0.25,0.4,2,8.991419792175293,0.0010370484087616205,0.00021471238869708031,0.0006606837268918753,1.5696594715118408,0.20704181492328644,1,1
M0_balanced,medium,0,0.625,0.1,0,8.947500228881836,0.002127043902873993,0.00043982011266052723,0.001236136071383953,1.7207196950912476,0.20677532255649567,0,0
M1_margin,medium,0,0.625,0.1,0,8.947500228881836,0.01820213720202446,0.008673621341586113,0.010578211396932602,1.7207196950912476,0.4765166640281677,0,0
M2_popmass,medium,0,0.625,0.1,0,8.947500228881836,0.0029550371691584587,0.0006118161836639047,0.001717326114885509,1.7207196950912476,0.20704181492328644,0,0
M0_balanced,medium,0,0.625,0.2,0,8.947500228881836,0.002127043902873993,0.00043982011266052723,0.001236136071383953,1.7207196950912476,0.20677532255649567,0,0
M1_margin,medium,0,0.625,0.2,0,8.947500228881836,0.01820213720202446,0.008673621341586113,0.010578211396932602,1.7207196950912476,0.4765166640281677,0,0
M2_popmass,medium,0,0.625,0.2,0,8.947500228881836,0.0029550371691584587,0.0006118161836639047,0.001717326114885509,1.7207196950912476,0.20704181492328644,0,0
M0_balanced,medium,0,0.625,0.4,0,8.947500228881836,0.002127043902873993,0.00043982011266052723,0.001236136071383953,1.7207196950912476,0.20677532255649567,0,0
M1_margin,medium,0,0.625,0.4,0,8.947500228881836,0.01820213720202446,0.008673621341586113,0.010578211396932602,1.7207196950912476,0.4765166640281677,0,0
M2_popmass,medium,0,0.625,0.4,0,8.947500228881836,0.0029550371691584587,0.0006118161836639047,0.001717326114885509,1.7207196950912476,0.20704181492328644,0,0
M0_balanced,medium,0,0.625,0.1,1,8.962153434753418,0.0022760210558772087,0.0004706250037997961,0.0013249560724943876,1.7178088426589966,0.20677532255649567,0,0
M1_margin,medium,0,0.625,0.1,1,8.962153434753418,0.01582021266222,0.007538594305515289,0.009209529496729374,1.7178088426589966,0.4765166640281677,0,0
M2_popmass,medium,0,0.625,0.1,1,8.962153434753418,0.0030727041885256767,0.0006361783016473055,0.0017887348076328635,1.7178088426589966,0.20704181492328644,0,0
M0_balanced,medium,0,0.625,0.2,1,8.962153434753418,0.0022760210558772087,0.0004706250037997961,0.0013249560724943876,1.7178088426589966,0.20677532255649567,0,0
M1_margin,medium,0,0.625,0.2,1,8.962153434753418,0.01582021266222,0.007538594305515289,0.009209529496729374,1.7178088426589966,0.4765166640281677,0,0
M2_popmass,medium,0,0.625,0.2,1,8.962153434753418,0.0030727041885256767,0.0006361783016473055,0.0017887348076328635,1.7178088426589966,0.20704181492328644,0,0
M0_balanced,medium,0,0.625,0.4,1,8.962153434753418,0.0022760210558772087,0.0004706250037997961,0.0013249560724943876,1.7178088426589966,0.20677532255649567,0,0
M1_margin,medium,0,0.625,0.4,1,8.962153434753418,0.01582021266222,0.007538594305515289,0.009209529496729374,1.7178088426589966,0.4765166640281677,0,0
M2_popmass,medium,0,0.625,0.4,1,8.962153434753418,0.0030727041885256767,0.0006361783016473055,0.0017887348076328635,1.7178088426589966,0.20704181492328644,0,0
M0_balanced,medium,0,0.625,0.1,2,8.94479751586914,0.002123964950442314,0.00043918349547311664,0.0012346332659944892,1.7203203439712524,0.20677532255649567,1,0
M1_margin,medium,0,0.625,0.1,2,8.94479751586914,0.018183104693889618,0.008664550259709358,0.010569601319730282,1.7203203439712524,0.4765166640281677,1,0
M2_popmass,medium,0,0.625,0.1,2,8.94479751586914,0.002951458329334855,0.000611075316555798,0.0017156446119770408,1.7203203439712524,0.20704181492328644,1,0
M0_balanced,medium,0,0.625,0.2,2,8.885232925415039,0.001652230741456151,0.0003416406107135117,0.0009678823407739401,1.7070578336715698,0.20677532255649567,1,1
M1_margin,medium,0,0.625,0.2,2,8.885232925415039,0.017887387424707413,0.008523637428879738,0.0104784881696105,1.7070578336715698,0.4765166640281677,1,1
M2_popmass,medium,0,0.625,0.2,2,8.885232925415039,0.0024506407789885998,0.0005073851207271218,0.0014355932362377644,1.7070578336715698,0.20704181492328644,1,1
M0_balanced,medium,0,0.625,0.4,2,8.885232925415039,0.001652230741456151,0.0003416406107135117,0.0009678823407739401,1.7070578336715698,0.20677532255649567,1,1
M1_margin,medium,0,0.625,0.4,2,8.885232925415039,0.017887387424707413,0.008523637428879738,0.0104784881696105,1.7070578336715698,0.4765166640281677,1,1
M2_popmass,medium,0,0.625,0.4,2,8.885232925415039,0.0024506407789885998,0.0005073851207271218,0.0014355932362377644,1.7070578336715698,0.20704181492328644,1,1
M0_balanced,medium,1,0.5,0.1,0,9.500797271728516,0.0047591994516551495,0.000984084908850491,0.00294486153870821,1.6161028146743774,0.20677532255649567,1,2
M1_margin,medium,1,0.5,0.1,0,9.500797271728516,0.01125668827444315,0.005363998934626579,0.006965328473597765,1.6161028146743774,0.4765166640281677,1,2
M2_popmass,medium,1,0.5,0.1,0,9.500797271728516,0.005408816505223513,0.0011198511347174644,0.003346826881170273,1.6161028146743774,0.20704181492328644,1,2
M0_balanced,medium,1,0.5,0.2,0,9.500797271728516,0.0047591994516551495,0.000984084908850491,0.00294486153870821,1.6161028146743774,0.20677532255649567,1,2
M1_margin,medium,1,0.5,0.2,0,9.500797271728516,0.01125668827444315,0.005363998934626579,0.006965328473597765,1.6161028146743774,0.4765166640281677,1,2
M2_popmass,medium,1,0.5,0.2,0,9.500797271728516,0.005408816505223513,0.0011198511347174644,0.003346826881170273,1.6161028146743774,0.20704181492328644,1,2
M0_balanced,medium,1,0.5,0.4,0,9.538743019104004,0.00654212711378932,0.001352750463411212,0.004042988643050194,1.6181414127349854,0.20677532255649567,1,4
M1_margin,medium,1,0.5,0.4,0,9.538743019104004,0.012667334638535976,0.0060361954383552074,0.007828322239220142,1.6181414127349854,0.4765166640281677,1,4
M2_popmass,medium,1,0.5,0.4,0,9.538743019104004,0.007265436463057995,0.0015042491722851992,0.004489988554269075,1.6181414127349854,0.20704181492328644,1,4
M0_balanced,medium,1,0.5,0.1,1,9.442926406860352,0.003625949379056692,0.0007497568149119616,0.002244832692667842,1.615242600440979,0.20677532255649567,0,0
M1_margin,medium,1,0.5,0.1,1,9.442926406860352,0.010867524892091751,0.005178555846214294,0.006728105712682009,1.615242600440979,0.4765166640281677,0,0
M2_popmass,medium,1,0.5,0.1,1,9.442926406860352,0.004239220172166824,0.0008776957984082401,0.002624509623274207,1.615242600440979,0.20704181492328644,0,0
M0_balanced,medium,1,0.5,0.2,1,9.442926406860352,0.003625949379056692,0.0007497568149119616,0.002244832692667842,1.615242600440979,0.20677532255649567,0,0
M1_margin,medium,1,0.5,0.2,1,9.442926406860352,0.010867524892091751,0.005178555846214294,0.006728105712682009,1.615242600440979,0.4765166640281677,0,0
M2_popmass,medium,1,0.5,0.2,1,9.442926406860352,0.004239220172166824,0.0008776957984082401,0.002624509623274207,1.615242600440979,0.20704181492328644,0,0
M0_balanced,medium,1,0.5,0.4,1,9.442926406860352,0.003625949379056692,0.0007497568149119616,0.002244832692667842,1.615242600440979,0.20677532255649567,0,0
M1_margin,medium,1,0.5,0.4,1,9.442926406860352,0.010867524892091751,0.005178555846214294,0.006728105712682009,1.615242600440979,0.4765166640281677,0,0
M2_popmass,medium,1,0.5,0.4,1,9.442926406860352,0.004239220172166824,0.0008776957984082401,0.002624509623274207,1.615242600440979,0.20704181492328644,0,0
M0_balanced,medium,1,0.5,0.1,2,9.444831848144531,0.0036412514746189117,0.0007529209833592176,0.002250990131869912,1.6176222562789917,0.20677532255649567,0,0
M1_margin,medium,1,0.5,0.1,2,9.444831848144531,0.010938013903796673,0.005212145857512951,0.006761785130947828,1.6176222562789917,0.4765166640281677,0,0
M2_popmass,medium,1,0.5,0.1,2,9.444831848144531,0.004257225897163153,0.0008814237080514431,0.002631779760122299,1.6176222562789917,0.20704181492328644,0,0
M0_balanced,medium,1,0.5,0.2,2,9.444831848144531,0.0036412514746189117,0.0007529209833592176,0.002250990131869912,1.6176222562789917,0.20677532255649567,0,0
M1_margin,medium,1,0.5,0.2,2,9.444831848144531,0.010938013903796673,0.005212145857512951,0.006761785130947828,1.6176222562789917,0.4765166640281677,0,0
M2_popmass,medium,1,0.5,0.2,2,9.444831848144531,0.004257225897163153,0.0008814237080514431,0.002631779760122299,1.6176222562789917,0.20704181492328644,0,0
M0_balanced,medium,1,0.5,0.4,2,9.444831848144531,0.0036412514746189117,0.0007529209833592176,0.002250990131869912,1.6176222562789917,0.20677532255649567,0,0
M1_margin,medium,1,0.5,0.4,2,9.444831848144531,0.010938013903796673,0.005212145857512951,0.006761785130947828,1.6176222562789917,0.4765166640281677,0,0
M2_popmass,medium,1,0.5,0.4,2,9.444831848144531,0.004257225897163153,0.0008814237080514431,0.002631779760122299,1.6176222562789917,0.20704181492328644,0,0
M0_balanced,medium,2,0.5,0.1,0,8.968734741210938,0.0013330713845789433,0.0002756462199613452,0.0008118331315927207,1.6420507431030273,0.20677532255649567,1,0
M1_margin,medium,2,0.5,0.1,0,8.968734741210938,0.012809216976165771,0.006103805731981993,0.007800743915140629,1.6420507431030273,0.4765166640281677,1,0
M2_popmass,medium,2,0.5,0.1,0,8.968734741210938,0.002061734441667795,0.000426865357439965,0.0012555854627862573,1.6420507431030273,0.20704181492328644,1,0
M0_balanced,medium,2,0.5,0.2,0,8.97774887084961,0.0013796916464343667,0.0002852861653082073,0.0008415770716965199,1.6394120454788208,0.20677532255649567,1,1
M1_margin,medium,2,0.5,0.2,0,8.97774887084961,0.012815156020224094,0.0061066350899636745,0.007816921919584274,1.6394120454788208,0.4765166640281677,1,1
M2_popmass,medium,2,0.5,0.2,0,8.97774887084961,0.002110567642375827,0.00043697585351765156,0.0012873932719230652,1.6394120454788208,0.20704181492328644,1,1
M0_balanced,medium,2,0.5,0.4,0,8.98768424987793,0.0014096642844378948,0.0002914838260039687,0.0008584933239035308,1.6420214176177979,0.20677532255649567,1,2
M1_margin,medium,2,0.5,0.4,0,8.98768424987793,0.013053360395133495,0.0062201423570513725,0.007949566468596458,1.6420214176177979,0.4765166640281677,1,2
M2_popmass,medium,2,0.5,0.4,0,8.98768424987793,0.0021457578986883163,0.0004442616191226989,0.001306778285652399,1.6420214176177979,0.20704181492328644,1,2
M0_balanced,medium,2,0.5,0.1,1,8.966879844665527,0.0013436437584459782,0.0002778322668746114,0.000817800872027874,1.6429955959320068,0.20677532255649567,0,0
M1_margin,medium,2,0.5,0.1,1,8.966879844665527,0.012860193848609924,0.006128096487373114,0.00782728474587202,1.6429955959320068,0.4765166640281677,0,0
M2_popmass,medium,2,0.5,0.1,1,8.966879844665527,0.0020737985614687204,0.00042936301906593144,0.0012622057693079114,1.6429955959320068,0.20704181492328644,0,0
M0_balanced,medium,2,0.5,0.2,1,8.966879844665527,0.0013436437584459782,0.0002778322668746114,0.000817800872027874,1.6429955959320068,0.20677532255649567,0,0
M1_margin,medium,2,0.5,0.2,1,8.966879844665527,0.012860193848609924,0.006128096487373114,0.00782728474587202,1.6429955959320068,0.4765166640281677,0,0
M2_popmass,medium,2,0.5,0.2,1,8.966879844665527,0.0020737985614687204,0.00042936301906593144,0.0012622057693079114,1.6429955959320068,0.20704181492328644,0,0
M0_balanced,medium,2,0.5,0.4,1,8.966879844665527,0.0013436437584459782,0.0002778322668746114,0.000817800872027874,1.6429955959320068,0.20677532255649567,0,0
M1_margin,medium,2,0.5,0.4,1,8.966879844665527,0.012860193848609924,0.006128096487373114,0.00782728474587202,1.6429955959320068,0.4765166640281677,0,0
M2_popmass,medium,2,0.5,0.4,1,8.966879844665527,0.0020737985614687204,0.00042936301906593144,0.0012622057693079114,1.6429955959320068,0.20704181492328644,0,0
M0_balanced,medium,2,0.5,0.1,2,8.969791412353516,0.0013444891665130854,0.00027800718089565635,0.0008185551851056516,1.642514944076538,0.20677532255649567,1,0
M1_margin,medium,2,0.5,0.1,2,8.969791412353516,0.012874215841293335,0.00613477872684598,0.0078381123021245,1.642514944076538,0.4765166640281677,1,0
M2_popmass,medium,2,0.5,0.1,2,8.969791412353516,0.002074671443551779,0.000429543579230085,0.001263106125406921,1.642514944076538,0.20704181492328644,1,0
M0_balanced,medium,2,0.5,0.2,2,8.986438751220703,0.0012587718665599823,0.000260282977251336,0.0007720618741586804,1.63040292263031,0.20677532255649567,1,1
M1_margin,medium,2,0.5,0.2,2,8.986438751220703,0.012562314979732037,0.005986153148114681,0.007705037947744131,1.63040292263031,0.4765166640281677,1,1
M2_popmass,medium,2,0.5,0.2,2,8.986438751220703,0.001976420171558857,0.0004092016024515033,0.0012122279731556773,1.63040292263031,0.20704181492328644,1,1
M0_balanced,medium,2,0.5,0.4,2,8.963848114013672,0.0004036703612655401,8.346899994648993e-05,0.00025199385709129274,1.601904273033142,0.20677532255649567,1,3
M1_margin,medium,2,0.5,0.4,2,8.963848114013672,0.010075710713863373,0.004801244009286165,0.006289833225309849,1.601904273033142,0.4765166640281677,1,3
M2_popmass,medium,2,0.5,0.4,2,8.963848114013672,0.0010382549371570349,0.00021496218687389046,0.0006481379386968911,1.601904273033142,0.20704181492328644,1,3
M0_balanced,medium,3,0.5,0.1,0,10.777534484863281,0.005419401917606592,0.0011205985210835934,0.0033319706562906504,1.6264853477478027,0.20677532255649567,0,0
M1_margin,medium,3,0.5,0.1,0,10.777534484863281,0.01551162637770176,0.007391549646854401,0.00953690055757761,1.6264853477478027,0.4765166640281677,0,0
M2_popmass,medium,3,0.5,0.1,0,10.777534484863281,0.006002869922667742,0.0012428449699655175,0.0036907000467181206,1.6264853477478027,0.20704181492328644,0,0
M0_balanced,medium,3,0.5,0.2,0,10.777534484863281,0.005419401917606592,0.0011205985210835934,0.0033319706562906504,1.6264853477478027,0.20677532255649567,0,0
M1_margin,medium,3,0.5,0.2,0,10.777534484863281,0.01551162637770176,0.007391549646854401,0.00953690055757761,1.6264853477478027,0.4765166640281677,0,0
M2_popmass,medium,3,0.5,0.2,0,10.777534484863281,0.006002869922667742,0.0012428449699655175,0.0036907000467181206,1.6264853477478027,0.20704181492328644,0,0
M0_balanced,medium,3,0.5,0.4,0,10.777534484863281,0.005419401917606592,0.0011205985210835934,0.0033319706562906504,1.6264853477478027,0.20677532255649567,0,0
M1_margin,medium,3,0.5,0.4,0,10.777534484863281,0.01551162637770176,0.007391549646854401,0.00953690055757761,1.6264853477478027,0.4765166640281677,0,0
M2_popmass,medium,3,0.5,0.4,0,10.777534484863281,0.006002869922667742,0.0012428449699655175,0.0036907000467181206,1.6264853477478027,0.20704181492328644,0,0
M0_balanced,medium,3,0.5,0.1,1,10.782833099365234,0.005434999242424965,0.0011238236911594868,0.0033389953896403313,1.6277347803115845,0.20677532255649567,0,0
M1_margin,medium,3,0.5,0.1,1,10.782833099365234,0.015582316555082798,0.007425233256071806,0.009573007002472878,1.6277347803115845,0.4765166640281677,0,0
M2_popmass,medium,3,0.5,0.1,1,10.782833099365234,0.006020422093570232,0.0012464793398976326,0.0036986512131989002,1.6277347803115845,0.20704181492328644,0,0
M0_balanced,medium,3,0.5,0.2,1,10.782833099365234,0.005434999242424965,0.0011238236911594868,0.0033389953896403313,1.6277347803115845,0.20677532255649567,0,0
M1_margin,medium,3,0.5,0.2,1,10.782833099365234,0.015582316555082798,0.007425233256071806,0.009573007002472878,1.6277347803115845,0.4765166640281677,0,0
M2_popmass,medium,3,0.5,0.2,1,10.782833099365234,0.006020422093570232,0.0012464793398976326,0.0036986512131989002,1.6277347803115845,0.20704181492328644,0,0
M0_balanced,medium,3,0.5,0.4,1,10.782833099365234,0.005434999242424965,0.0011238236911594868,0.0033389953896403313,1.6277347803115845,0.20677532255649567,0,0
M1_margin,medium,3,0.5,0.4,1,10.782833099365234,0.015582316555082798,0.007425233256071806,0.009573007002472878,1.6277347803115845,0.4765166640281677,0,0
M2_popmass,medium,3,0.5,0.4,1,10.782833099365234,0.006020422093570232,0.0012464793398976326,0.0036986512131989002,1.6277347803115845,0.20704181492328644,0,0
M0_balanced,medium,3,0.5,0.1,2,10.78048324584961,0.00542909512296319,0.0011226027272641659,0.003336844500154257,1.627014398574829,0.20677532255649567,0,0
M1_margin,medium,3,0.5,0.1,2,10.78048324584961,0.015529225580394268,0.007399934809654951,0.00954461470246315,1.627014398574829,0.4765166640281677,0,0
M2_popmass,medium,3,0.5,0.1,2,10.78048324584961,0.006013346835970879,0.0012450143694877625,0.0036959401331841946,1.627014398574829,0.20704181492328644,0,0
M0_balanced,medium,3,0.5,0.2,2,10.78048324584961,0.00542909512296319,0.0011226027272641659,0.003336844500154257,1.627014398574829,0.20677532255649567,0,0
M1_margin,medium,3,0.5,0.2,2,10.78048324584961,0.015529225580394268,0.007399934809654951,0.00954461470246315,1.627014398574829,0.4765166640281677,0,0
M2_popmass,medium,3,0.5,0.2,2,10.78048324584961,0.006013346835970879,0.0012450143694877625,0.0036959401331841946,1.627014398574829,0.20704181492328644,0,0
M0_balanced,medium,3,0.5,0.4,2,10.78048324584961,0.00542909512296319,0.0011226027272641659,0.003336844500154257,1.627014398574829,0.20677532255649567,0,0
M1_margin,medium,3,0.5,0.4,2,10.78048324584961,0.015529225580394268,0.007399934809654951,0.00954461470246315,1.627014398574829,0.4765166640281677,0,0
M2_popmass,medium,3,0.5,0.4,2,10.78048324584961,0.006013346835970879,0.0012450143694877625,0.0036959401331841946,1.627014398574829,0.20704181492328644,0,0
M0_balanced,medium,4,0.6,0.1,0,7.76024866104126,0.00012931693345308304,2.6739377062767744e-05,7.74037471273914e-05,1.670669674873352,0.20677532255649567,1,2
M1_margin,medium,4,0.6,0.1,0,7.76024866104126,0.015810836106538773,0.007534126751124859,0.009463771246373653,1.670669674873352,0.4765166640281677,1,2
M2_popmass,medium,4,0.6,0.1,0,7.76024866104126,0.001575917936861515,0.000326280714944005,0.0009432845981791615,1.670669674873352,0.20704181492328644,1,2
M0_balanced,medium,4,0.6,0.2,0,7.76024866104126,0.00012931693345308304,2.6739377062767744e-05,7.74037471273914e-05,1.670669674873352,0.20677532255649567,1,2
M1_margin,medium,4,0.6,0.2,0,7.76024866104126,0.015810836106538773,0.007534126751124859,0.009463771246373653,1.670669674873352,0.4765166640281677,1,2
M2_popmass,medium,4,0.6,0.2,0,7.76024866104126,0.001575917936861515,0.000326280714944005,0.0009432845981791615,1.670669674873352,0.20704181492328644,1,2
M0_balanced,medium,4,0.6,0.4,0,7.76024866104126,0.00012931693345308304,2.6739377062767744e-05,7.74037471273914e-05,1.670669674873352,0.20677532255649567,1,2
M1_margin,medium,4,0.6,0.4,0,7.76024866104126,0.015810836106538773,0.007534126751124859,0.009463771246373653,1.670669674873352,0.4765166640281677,1,2
M2_popmass,medium,4,0.6,0.4,0,7.76024866104126,0.001575917936861515,0.000326280714944005,0.0009432845981791615,1.670669674873352,0.20704181492328644,1,2
M0_balanced,medium,4,0.6,0.1,1,7.770693302154541,-0.0005566887557506561,-0.00011510984040796757,-0.00033642014022916555,1.6547476053237915,0.20677532255649567,1,0
M1_margin,medium,4,0.6,0.1,1,7.770693302154541,0.013742022216320038,0.006548301782459021,0.008304602466523647,1.6547476053237915,0.4765166640281677,1,0
M2_popmass,medium,4,0.6,0.1,1,7.770693302154541,0.0008242612238973379,0.00017065659631043673,0.0004981191596016288,1.6547476053237915,0.20704181492328644,1,0
M0_balanced,medium,4,0.6,0.2,1,7.770693302154541,-0.0005566887557506561,-0.00011510984040796757,-0.00033642014022916555,1.6547476053237915,0.20677532255649567,1,0
M1_margin,medium,4,0.6,0.2,1,7.770693302154541,0.013742022216320038,0.006548301782459021,0.008304602466523647,1.6547476053237915,0.4765166640281677,1,0
M2_popmass,medium,4,0.6,0.2,1,7.770693302154541,0.0008242612238973379,0.00017065659631043673,0.0004981191596016288,1.6547476053237915,0.20704181492328644,1,0
M0_balanced,medium,4,0.6,0.4,1,7.721503257751465,-0.0004634992219507694,-9.584036888554692e-05,-0.0002872919721994549,1.6133413314819336,0.20677532255649567,1,2
M1_margin,medium,4,0.6,0.4,1,7.721503257751465,0.011690270155668259,0.005570607725530863,0.007245997898280621,1.6133413314819336,0.4765166640281677,1,2
M2_popmass,medium,4,0.6,0.4,1,7.721503257751465,0.0008490961045026779,0.00017579842824488878,0.0005262967315502465,1.6133413314819336,0.20704181492328644,1,2
M0_balanced,medium,4,0.6,0.1,2,7.858925819396973,-0.00044210348278284073,-9.141629561781883e-05,-0.0002604388864710927,1.6975363492965698,0.20677532255649567,0,0
M1_margin,medium,4,0.6,0.1,2,7.858925819396973,0.017944201827049255,0.008550712838768959,0.010570733807981014,1.6975363492965698,0.4765166640281677,0,0
M2_popmass,medium,4,0.6,0.1,2,7.858925819396973,0.0010410284157842398,0.00021553627448156476,0.0006132580456323922,1.6975363492965698,0.20704181492328644,0,0
M0_balanced,medium,4,0.6,0.2,2,7.858925819396973,-0.00044210348278284073,-9.141629561781883e-05,-0.0002604388864710927,1.6975363492965698,0.20677532255649567,0,0
M1_margin,medium,4,0.6,0.2,2,7.858925819396973,0.017944201827049255,0.008550712838768959,0.010570733807981014,1.6975363492965698,0.4765166640281677,0,0
M2_popmass,medium,4,0.6,0.2,2,7.858925819396973,0.0010410284157842398,0.00021553627448156476,0.0006132580456323922,1.6975363492965698,0.20704181492328644,0,0
M0_balanced,medium,4,0.6,0.4,2,7.858925819396973,-0.00044210348278284073,-9.141629561781883e-05,-0.0002604388864710927,1.6975363492965698,0.20677532255649567,0,0
M1_margin,medium,4,0.6,0.4,2,7.858925819396973,0.017944201827049255,0.008550712838768959,0.010570733807981014,1.6975363492965698,0.4765166640281677,0,0
M2_popmass,medium,4,0.6,0.4,2,7.858925819396973,0.0010410284157842398,0.00021553627448156476,0.0006132580456323922,1.6975363492965698,0.20704181492328644,0,0
M0_balanced,medium,5,0.5,0.1,0,8.453893661499023,-7.767518400214612e-05,-1.606126897968352e-05,-4.688949411502108e-05,1.6565539836883545,0.20677532255649567,1,2
M1_margin,medium,5,0.5,0.1,0,8.453893661499023,0.013393760658800602,0.0063823494128882885,0.008085314184427261,1.6565539836883545,0.4765166640281677,1,2
M2_popmass,medium,5,0.5,0.1,0,8.453893661499023,0.0008608902571722865,0.00017824029782786965,0.0005196874844841659,1.6565539836883545,0.20704181492328644,1,2
M0_balanced,medium,5,0.5,0.2,0,8.453893661499023,-7.767518400214612e-05,-1.606126897968352e-05,-4.688949411502108e-05,1.6565539836883545,0.20677532255649567,1,2
M1_margin,medium,5,0.5,0.2,0,8.453893661499023,0.013393760658800602,0.0063823494128882885,0.008085314184427261,1.6565539836883545,0.4765166640281677,1,2
M2_popmass,medium,5,0.5,0.2,0,8.453893661499023,0.0008608902571722865,0.00017824029782786965,0.0005196874844841659,1.6565539836883545,0.20704181492328644,1,2
M0_balanced,medium,5,0.5,0.4,0,8.453893661499023,-7.767518400214612e-05,-1.606126897968352e-05,-4.688949411502108e-05,1.6565539836883545,0.20677532255649567,1,2
M1_margin,medium,5,0.5,0.4,0,8.453893661499023,0.013393760658800602,0.0063823494128882885,0.008085314184427261,1.6565539836883545,0.4765166640281677,1,2
M2_popmass,medium,5,0.5,0.4,0,8.453893661499023,0.0008608902571722865,0.00017824029782786965,0.0005196874844841659,1.6565539836883545,0.20704181492328644,1,2
M0_balanced,medium,5,0.5,0.1,1,8.357584953308105,0.000433072738815099,8.95487901289016e-05,0.000265348149696365,1.6320933103561401,0.20677532255649567,0,0
M1_margin,medium,5,0.5,0.1,1,8.357584953308105,0.011797429993748665,0.005621673073619604,0.007228405214846134,1.6320933103561401,0.4765166640281677,0,0
M2_popmass,medium,5,0.5,0.1,1,8.357584953308105,0.001350408885627985,0.0002795911277644336,0.0008274092106148601,1.6320933103561401,0.20704181492328644,0,0
M0_balanced,medium,5,0.5,0.2,1,8.357584953308105,0.000433072738815099,8.95487901289016e-05,0.000265348149696365,1.6320933103561401,0.20677532255649567,0,0
M1_margin,medium,5,0.5,0.2,1,8.357584953308105,0.011797429993748665,0.005621673073619604,0.007228405214846134,1.6320933103561401,0.4765166640281677,0,0
M2_popmass,medium,5,0.5,0.2,1,8.357584953308105,0.001350408885627985,0.0002795911277644336,0.0008274092106148601,1.6320933103561401,0.20704181492328644,0,0
M0_balanced,medium,5,0.5,0.4,1,8.357584953308105,0.000433072738815099,8.95487901289016e-05,0.000265348149696365,1.6320933103561401,0.20677532255649567,0,0
M1_margin,medium,5,0.5,0.4,1,8.357584953308105,0.011797429993748665,0.005621673073619604,0.007228405214846134,1.6320933103561401,0.4765166640281677,0,0
M2_popmass,medium,5,0.5,0.4,1,8.357584953308105,0.001350408885627985,0.0002795911277644336,0.0008274092106148601,1.6320933103561401,0.20704181492328644,0,0
M0_balanced,medium,5,0.5,0.1,2,8.35989761352539,0.00042796757770702243,8.849318692227826e-05,0.0002623290056362748,1.6314163208007812,0.20677532255649567,0,0
M1_margin,medium,5,0.5,0.1,2,8.35989761352539,0.011776198633015156,0.00561155378818512,0.007218388374894857,1.6314163208007812,0.4765166640281677,0,0
M2_popmass,medium,5,0.5,0.1,2,8.35989761352539,0.0013443386415019631,0.0002783342497423291,0.0008240314782597125,1.6314163208007812,0.20704181492328644,0,0
M0_balanced,medium,5,0.5,0.2,2,8.35989761352539,0.00042796757770702243,8.849318692227826e-05,0.0002623290056362748,1.6314163208007812,0.20677532255649567,0,0
M1_margin,medium,5,0.5,0.2,2,8.35989761352539,0.011776198633015156,0.00561155378818512,0.007218388374894857,1.6314163208007812,0.4765166640281677,0,0
M2_popmass,medium,5,0.5,0.2,2,8.35989761352539,0.0013443386415019631,0.0002783342497423291,0.0008240314782597125,1.6314163208007812,0.20704181492328644,0,0
M0_balanced,medium,5,0.5,0.4,2,8.35989761352539,0.00042796757770702243,8.849318692227826e-05,0.0002623290056362748,1.6314163208007812,0.20677532255649567,0,0
M1_margin,medium,5,0.5,0.4,2,8.35989761352539,0.011776198633015156,0.00561155378818512,0.007218388374894857,1.6314163208007812,0.4765166640281677,0,0
M2_popmass,medium,5,0.5,0.4,2,8.35989761352539,0.0013443386415019631,0.0002783342497423291,0.0008240314782597125,1.6314163208007812,0.20704181492328644,0,0
M0_balanced,medium,6,0.5,0.1,0,10.484582901000977,0.0031147138215601444,0.0006440459983423352,0.0018889728235080838,1.6488929986953735,0.20677532255649567,1,0
M1_margin,medium,6,0.5,0.1,0,10.484582901000977,0.01340953167527914,0.006389865651726723,0.008132445625960827,1.6488929986953735,0.4765166640281677,1,0
M2_popmass,medium,6,0.5,0.1,0,10.484582901000977,0.0036529218778014183,0.0007563075050711632,0.0022153782192617655,1.6488929986953735,0.20704181492328644,1,0
M0_balanced,medium,6,0.5,0.2,0,10.474691390991211,0.003946406301110983,0.0008160194847732782,0.0024087128695100546,1.6383880376815796,0.20677532255649567,1,2
M1_margin,medium,6,0.5,0.2,0,10.474691390991211,0.013232491910457611,0.0063055031932890415,0.008076530881226063,1.6383880376815796,0.4765166640281677,1,2
M2_popmass,medium,6,0.5,0.2,0,10.474691390991211,0.004505816847085953,0.0009328924934379756,0.002750152489170432,1.6383880376815796,0.20704181492328644,1,2
M0_balanced,medium,6,0.5,0.4,0,10.48337173461914,0.004202418960630894,0.0008689566166140139,0.0025718752294778824,1.6339904069900513,0.20677532255649567,1,3
M1_margin,medium,6,0.5,0.4,0,10.48337173461914,0.012837203219532967,0.006117142271250486,0.007856353186070919,1.6339904069900513,0.4765166640281677,1,3
M2_popmass,medium,6,0.5,0.4,0,10.48337173461914,0.004761214833706617,0.0009857707191258669,0.0029138578101992607,1.6339904069900513,0.20704181492328644,1,3
M0_balanced,medium,6,0.5,0.1,1,10.48678207397461,0.003115083323791623,0.0006441223667934537,0.0018888129852712154,1.6492280960083008,0.20677532255649567,0,0
M1_margin,medium,6,0.5,0.1,1,10.48678207397461,0.013440867885947227,0.006404797546565533,0.00814979337155819,1.6492280960083008,0.4765166640281677,0,0
M2_popmass,medium,6,0.5,0.1,1,10.48678207397461,0.0036539281718432903,0.0007565159467048943,0.0022155384067445993,1.6492280960083008,0.20704181492328644,0,0
M0_balanced,medium,6,0.5,0.2,1,10.48678207397461,0.003115083323791623,0.0006441223667934537,0.0018888129852712154,1.6492280960083008,0.20677532255649567,0,0
M1_margin,medium,6,0.5,0.2,1,10.48678207397461,0.013440867885947227,0.006404797546565533,0.00814979337155819,1.6492280960083008,0.4765166640281677,0,0
M2_popmass,medium,6,0.5,0.2,1,10.48678207397461,0.0036539281718432903,0.0007565159467048943,0.0022155384067445993,1.6492280960083008,0.20704181492328644,0,0
M0_balanced,medium,6,0.5,0.4,1,10.48678207397461,0.003115083323791623,0.0006441223667934537,0.0018888129852712154,1.6492280960083008,0.20677532255649567,0,0
M1_margin,medium,6,0.5,0.4,1,10.48678207397461,0.013440867885947227,0.006404797546565533,0.00814979337155819,1.6492280960083008,0.4765166640281677,0,0
M2_popmass,medium,6,0.5,0.4,1,10.48678207397461,0.0036539281718432903,0.0007565159467048943,0.0022155384067445993,1.6492280960083008,0.20704181492328644,0,0
M0_balanced,medium,6,0.5,0.1,2,10.48243522644043,0.0032805351074784994,0.0006783336866647005,0.0019796413835138083,1.6571359634399414,0.20677532255649567,1,0
M1_margin,medium,6,0.5,0.1,2,10.48243522644043,0.012947803363204002,0.00616984348744154,0.00781336147338152,1.6571359634399414,0.4765166640281677,1,0
M2_popmass,medium,6,0.5,0.1,2,10.48243522644043,0.003821179736405611,0.0007911438588052988,0.002305893460288644,1.6571359634399414,0.20704181492328644,1,0
M0_balanced,medium,6,0.5,0.2,2,10.48243522644043,0.0032805351074784994,0.0006783336866647005,0.0019796413835138083,1.6571359634399414,0.20677532255649567,1,0
M1_margin,medium,6,0.5,0.2,2,10.48243522644043,0.012947803363204002,0.00616984348744154,0.00781336147338152,1.6571359634399414,0.4765166640281677,1,0
M2_popmass,medium,6,0.5,0.2,2,10.48243522644043,0.003821179736405611,0.0007911438588052988,0.002305893460288644,1.6571359634399414,0.20704181492328644,1,0
M0_balanced,medium,6,0.5,0.4,2,10.534611701965332,0.004141537006944418,0.0008563677547499537,0.0025279729161411524,1.6382840871810913,0.20677532255649567,1,2
M1_margin,medium,6,0.5,0.4,2,10.534611701965332,0.012891935184597969,0.006143220700323582,0.007869167253375053,1.6382840871810913,0.4765166640281677,1,2
M2_popmass,medium,6,0.5,0.4,2,10.534611701965332,0.004702463746070862,0.0009736066567711532,0.0028703592251986265,1.6382840871810913,0.20704181492328644,1,2
M0_balanced,medium,7,0.6,0.1,0,9.399147987365723,0.003708849661052227,0.0007668986218050122,0.002250585239380598,1.6479490995407104,0.20677532255649567,0,0
M1_margin,medium,7,0.6,0.1,0,9.399147987365723,0.013083762489259243,0.00623463187366724,0.007939422503113747,1.6479490995407104,0.4765166640281677,0,0
M2_popmass,medium,7,0.6,0.1,0,9.399147987365723,0.00436306232586503,0.0009033361566253006,0.0026475705672055483,1.6479490995407104,0.20704181492328644,0,0
M0_balanced,medium,7,0.6,0.2,0,9.399147987365723,0.003708849661052227,0.0007668986218050122,0.002250585239380598,1.6479490995407104,0.20677532255649567,0,0
M1_margin,medium,7,0.6,0.2,0,9.399147987365723,0.013083762489259243,0.00623463187366724,0.007939422503113747,1.6479490995407104,0.4765166640281677,0,0
M2_popmass,medium,7,0.6,0.2,0,9.399147987365723,0.00436306232586503,0.0009033361566253006,0.0026475705672055483,1.6479490995407104,0.20704181492328644,0,0
M0_balanced,medium,7,0.6,0.4,0,9.399147987365723,0.003708849661052227,0.0007668986218050122,0.002250585239380598,1.6479490995407104,0.20677532255649567,0,0
M1_margin,medium,7,0.6,0.4,0,9.399147987365723,0.013083762489259243,0.00623463187366724,0.007939422503113747,1.6479490995407104,0.4765166640281677,0,0
M2_popmass,medium,7,0.6,0.4,0,9.399147987365723,0.00436306232586503,0.0009033361566253006,0.0026475705672055483,1.6479490995407104,0.20704181492328644,0,0
M0_balanced,medium,7,0.6,0.1,1,9.397345542907715,0.0037003718316555023,0.0007651455816812813,0.002246041316539049,1.6475083827972412,0.20677532255649567,1,0
M1_margin,medium,7,0.6,0.1,1,9.397345542907715,0.013093985617160797,0.0062395017594099045,0.007947750389575958,1.6475083827972412,0.4765166640281677,1,0
M2_popmass,medium,7,0.6,0.1,1,9.397345542907715,0.004354139324277639,0.0009014889947138727,0.002642863430082798,1.6475083827972412,0.20704181492328644,1,0
M0_balanced,medium,7,0.6,0.2,1,9.397345542907715,0.0037003718316555023,0.0007651455816812813,0.002246041316539049,1.6475083827972412,0.20677532255649567,1,0
M1_margin,medium,7,0.6,0.2,1,9.397345542907715,0.013093985617160797,0.0062395017594099045,0.007947750389575958,1.6475083827972412,0.4765166640281677,1,0
M2_popmass,medium,7,0.6,0.2,1,9.397345542907715,0.004354139324277639,0.0009014889947138727,0.002642863430082798,1.6475083827972412,0.20704181492328644,1,0
M0_balanced,medium,7,0.6,0.4,1,9.397345542907715,0.0037003718316555023,0.0007651455816812813,0.002246041316539049,1.6475083827972412,0.20677532255649567,1,0
M1_margin,medium,7,0.6,0.4,1,9.397345542907715,0.013093985617160797,0.0062395017594099045,0.007947750389575958,1.6475083827972412,0.4765166640281677,1,0
M2_popmass,medium,7,0.6,0.4,1,9.397345542907715,0.004354139324277639,0.0009014889947138727,0.002642863430082798,1.6475083827972412,0.20704181492328644,1,0
M0_balanced,medium,7,0.6,0.1,2,9.296121597290039,0.004269933328032494,0.0008829167345538735,0.00261320685967803,1.6339819431304932,0.20677532255649567,1,1
M1_margin,medium,7,0.6,0.1,2,9.296121597290039,0.01218294259160757,0.005805375054478645,0.0074559831991791725,1.6339819431304932,0.4765166640281677,1,1
M2_popmass,medium,7,0.6,0.1,2,9.296121597290039,0.004918297752737999,0.0010182933183386922,0.0030100075528025627,1.6339819431304932,0.20704181492328644,1,1
M0_balanced,medium,7,0.6,0.2,2,9.296121597290039,0.004269933328032494,0.0008829167345538735,0.00261320685967803,1.6339819431304932,0.20677532255649567,1,1
M1_margin,medium,7,0.6,0.2,2,9.296121597290039,0.01218294259160757,0.005805375054478645,0.0074559831991791725,1.6339819431304932,0.4765166640281677,1,1
M2_popmass,medium,7,0.6,0.2,2,9.296121597290039,0.004918297752737999,0.0010182933183386922,0.0030100075528025627,1.6339819431304932,0.20704181492328644,1,1
M0_balanced,medium,7,0.6,0.4,2,9.296121597290039,0.004269933328032494,0.0008829167345538735,0.00261320685967803,1.6339819431304932,0.20677532255649567,1,1
M1_margin,medium,7,0.6,0.4,2,9.296121597290039,0.01218294259160757,0.005805375054478645,0.0074559831991791725,1.6339819431304932,0.4765166640281677,1,1
M2_popmass,medium,7,0.6,0.4,2,9.296121597290039,0.004918297752737999,0.0010182933183386922,0.0030100075528025627,1.6339819431304932,0.20704181492328644,1,1
M0_balanced,medium,8,0.6,0.1,0,9.365087509155273,0.002894436940550804,0.0005984981544315815,0.0017748463433235884,1.6308099031448364,0.20677532255649567,1,0
M1_margin,medium,8,0.6,0.1,0,9.365087509155273,0.012778825126588345,0.006089323200285435,0.007835877127945423,1.6308099031448364,0.4765166640281677,1,0
M2_popmass,medium,8,0.6,0.1,0,9.365087509155273,0.0035620934795588255,0.0007375022978521883,0.002184248296543956,1.6308099031448364,0.20704181492328644,1,0
M0_balanced,medium,8,0.6,0.2,0,9.365087509155273,0.002894436940550804,0.0005984981544315815,0.0017748463433235884,1.6308099031448364,0.20677532255649567,1,0
M1_margin,medium,8,0.6,0.2,0,9.365087509155273,0.012778825126588345,0.006089323200285435,0.007835877127945423,1.6308099031448364,0.4765166640281677,1,0
M2_popmass,medium,8,0.6,0.2,0,9.365087509155273,0.0035620934795588255,0.0007375022978521883,0.002184248296543956,1.6308099031448364,0.20704181492328644,1,0
M0_balanced,medium,8,0.6,0.4,0,9.257469177246094,0.0029559743124991655,0.0006112225237302482,0.0018221939681097865,1.622206211090088,0.20677532255649567,1,1
M1_margin,medium,8,0.6,0.4,0,9.257469177246094,0.01150220911949873,0.0054809944704174995,0.007090473081916571,1.622206211090088,0.4765166640281677,1,1
M2_popmass,medium,8,0.6,0.4,0,9.257469177246094,0.0036060938145965338,0.0007466121460311115,0.0022229563910514116,1.622206211090088,0.20704181492328644,1,1
M0_balanced,medium,8,0.6,0.1,1,9.375690460205078,0.002944997977465391,0.0006089529488235712,0.0018196902237832546,1.6184062957763672,0.20677532255649567,1,1
M1_margin,medium,8,0.6,0.1,1,9.375690460205078,0.011963787488639355,0.005700945388525724,0.007392328232526779,1.6184062957763672,0.4765166640281677,1,1
M2_popmass,medium,8,0.6,0.1,1,9.375690460205078,0.0035987920127809048,0.0007451004348695278,0.0022236641962081194,1.6184062957763672,0.20704181492328644,1,1
M0_balanced,medium,8,0.6,0.2,1,9.375690460205078,0.002944997977465391,0.0006089529488235712,0.0018196902237832546,1.6184062957763672,0.20677532255649567,1,1
M1_margin,medium,8,0.6,0.2,1,9.375690460205078,0.011963787488639355,0.005700945388525724,0.007392328232526779,1.6184062957763672,0.4765166640281677,1,1
M2_popmass,medium,8,0.6,0.2,1,9.375690460205078,0.0035987920127809048,0.0007451004348695278,0.0022236641962081194,1.6184062957763672,0.20704181492328644,1,1
M0_balanced,medium,8,0.6,0.4,1,9.272224426269531,0.002455210080370307,0.000507676915731281,0.0015346581349149346,1.5998419523239136,0.20677532255649567,1,3
M1_margin,medium,8,0.6,0.4,1,9.272224426269531,0.009745719842612743,0.0046439990401268005,0.00609167804941535,1.5998419523239136,0.4765166640281677,1,3
M2_popmass,medium,8,0.6,0.4,1,9.272224426269531,0.003053027205169201,0.0006321042310446501,0.0019083302468061447,1.5998419523239136,0.20704181492328644,1,3
M0_balanced,medium,8,0.6,0.1,2,9.3654203414917,0.002898910315707326,0.0005994230741634965,0.0017767100362107158,1.6316169500350952,0.20677532255649567,0,0
M1_margin,medium,8,0.6,0.1,2,9.3654203414917,0.012817001901566982,0.0061075142584741116,0.007855398580431938,1.6316169500350952,0.4765166640281677,0,0
M2_popmass,medium,8,0.6,0.1,2,9.3654203414917,0.00356765603646636,0.0007386539946310222,0.002186577068641782,1.6316169500350952,0.20704181492328644,0,0
M0_balanced,medium,8,0.6,0.2,2,9.3654203414917,0.002898910315707326,0.0005994230741634965,0.0017767100362107158,1.6316169500350952,0.20677532255649567,0,0
M1_margin,medium,8,0.6,0.2,2,9.3654203414917,0.012817001901566982,0.0061075142584741116,0.007855398580431938,1.6316169500350952,0.4765166640281677,0,0
M2_popmass,medium,8,0.6,0.2,2,9.3654203414917,0.00356765603646636,0.0007386539946310222,0.002186577068641782,1.6316169500350952,0.20704181492328644,0,0
M0_balanced,medium,8,0.6,0.4,2,9.3654203414917,0.002898910315707326,0.0005994230741634965,0.0017767100362107158,1.6316169500350952,0.20677532255649567,0,0
M1_margin,medium,8,0.6,0.4,2,9.3654203414917,0.012817001901566982,0.0061075142584741116,0.007855398580431938,1.6316169500350952,0.4765166640281677,0,0
M2_popmass,medium,8,0.6,0.4,2,9.3654203414917,0.00356765603646636,0.0007386539946310222,0.002186577068641782,1.6316169500350952,0.20704181492328644,0,0
M0_balanced,medium,9,0.5,0.1,0,10.286975860595703,0.002913576550781727,0.0006024556932970881,0.0017762905918061733,1.6402589082717896,0.20677532255649567,1,0
M1_margin,medium,9,0.5,0.1,0,10.286975860595703,0.013608712702989578,0.006484778597950935,0.008296686224639416,1.6402589082717896,0.4765166640281677,1,0
M2_popmass,medium,9,0.5,0.1,0,10.286975860595703,0.003446089569479227,0.0007134845363907516,0.002100942190736532,1.6402589082717896,0.20704181492328644,1,0
M0_balanced,medium,9,0.5,0.2,0,10.286975860595703,0.002913576550781727,0.0006024556932970881,0.0017762905918061733,1.6402589082717896,0.20677532255649567,1,0
M1_margin,medium,9,0.5,0.2,0,10.286975860595703,0.013608712702989578,0.006484778597950935,0.008296686224639416,1.6402589082717896,0.4765166640281677,1,0
M2_popmass,medium,9,0.5,0.2,0,10.286975860595703,0.003446089569479227,0.0007134845363907516,0.002100942190736532,1.6402589082717896,0.20704181492328644,1,0
M0_balanced,medium,9,0.5,0.4,0,10.286975860595703,0.002913576550781727,0.0006024556932970881,0.0017762905918061733,1.6402589082717896,0.20677532255649567,1,0
M1_margin,medium,9,0.5,0.4,0,10.286975860595703,0.013608712702989578,0.006484778597950935,0.008296686224639416,1.6402589082717896,0.4765166640281677,1,0
M2_popmass,medium,9,0.5,0.4,0,10.286975860595703,0.003446089569479227,0.0007134845363907516,0.002100942190736532,1.6402589082717896,0.20704181492328644,1,0
M0_balanced,medium,9,0.5,0.1,1,10.391206741333008,0.00370276952162385,0.0007656414527446032,0.002284812740981579,1.620600938796997,0.20677532255649567,1,0
M1_margin,medium,9,0.5,0.1,1,10.391206741333008,0.013919128105044365,0.006632696837186813,0.00858886819332838,1.620600938796997,0.4765166640281677,1,0
M2_popmass,medium,9,0.5,0.1,1,10.391206741333008,0.004264927934855223,0.0008830182487145066,0.0026316947769373655,1.620600938796997,0.20704181492328644,1,0
M0_balanced,medium,9,0.5,0.2,1,10.329463958740234,0.003535335185006261,0.000731020059902221,0.002195668173953891,1.6101408004760742,0.20677532255649567,1,1
M1_margin,medium,9,0.5,0.2,1,10.329463958740234,0.013322294689714909,0.0063482956029474735,0.008273993618786335,1.6101408004760742,0.4765166640281677,1,1
M2_popmass,medium,9,0.5,0.2,1,10.329463958740234,0.004079301375895739,0.0008445859421044588,0.002533505903556943,1.6101408004760742,0.20704181492328644,1,1
M0_balanced,medium,9,0.5,0.4,1,10.329463958740234,0.003535335185006261,0.000731020059902221,0.002195668173953891,1.6101408004760742,0.20677532255649567,1,1
M1_margin,medium,9,0.5,0.4,1,10.329463958740234,0.013322294689714909,0.0063482956029474735,0.008273993618786335,1.6101408004760742,0.4765166640281677,1,1
M2_popmass,medium,9,0.5,0.4,1,10.329463958740234,0.004079301375895739,0.0008445859421044588,0.002533505903556943,1.6101408004760742,0.20704181492328644,1,1
M0_balanced,medium,9,0.5,0.1,2,10.391233444213867,0.003714035963639617,0.0007679708651266992,0.0022915664594620466,1.6207407712936401,0.20677532255649567,0,0
M1_margin,medium,9,0.5,0.1,2,10.391233444213867,0.013910007663071156,0.006628349889069796,0.00858249980956316,1.6207407712936401,0.4765166640281677,0,0
M2_popmass,medium,9,0.5,0.1,2,10.391233444213867,0.004276345018297434,0.0008853821782395244,0.002638512523844838,1.6207407712936401,0.20704181492328644,0,0
M0_balanced,medium,9,0.5,0.2,2,10.391233444213867,0.003714035963639617,0.0007679708651266992,0.0022915664594620466,1.6207407712936401,0.20677532255649567,0,0
M1_margin,medium,9,0.5,0.2,2,10.391233444213867,0.013910007663071156,0.006628349889069796,0.00858249980956316,1.6207407712936401,0.4765166640281677,0,0
M2_popmass,medium,9,0.5,0.2,2,10.391233444213867,0.004276345018297434,0.0008853821782395244,0.002638512523844838,1.6207407712936401,0.20704181492328644,0,0
M0_balanced,medium,9,0.5,0.4,2,10.391233444213867,0.003714035963639617,0.0007679708651266992,0.0022915664594620466,1.6207407712936401,0.20677532255649567,0,0
M1_margin,medium,9,0.5,0.4,2,10.391233444213867,0.013910007663071156,0.006628349889069796,0.00858249980956316,1.6207407712936401,0.4765166640281677,0,0
M2_popmass,medium,9,0.5,0.4,2,10.391233444213867,0.004276345018297434,0.0008853821782395244,0.002638512523844838,1.6207407712936401,0.20704181492328644,0,0
M0_balanced,medium,10,0.625,0.1,0,9.39107894897461,0.0020006108097732067,0.00041367695666849613,0.0012671053409576416,1.5788828134536743,0.20677532255649567,1,0
M1_margin,medium,10,0.625,0.1,0,9.39107894897461,0.009757116436958313,0.0046494281850755215,0.006179759278893471,1.5788828134536743,0.4765166640281677,1,0
M2_popmass,medium,10,0.625,0.1,0,9.39107894897461,0.002521186601370573,0.0005219910526648164,0.0015968168154358864,1.5788828134536743,0.20704181492328644,1,0
M0_balanced,medium,10,0.625,0.2,0,9.39107894897461,0.0020006108097732067,0.00041367695666849613,0.0012671053409576416,1.5788828134536743,0.20677532255649567,1,0
M1_margin,medium,10,0.625,0.2,0,9.39107894897461,0.009757116436958313,0.0046494281850755215,0.006179759278893471,1.5788828134536743,0.4765166640281677,1,0
M2_popmass,medium,10,0.625,0.2,0,9.39107894897461,0.002521186601370573,0.0005219910526648164,0.0015968168154358864,1.5788828134536743,0.20704181492328644,1,0
M0_balanced,medium,10,0.625,0.4,0,9.39107894897461,0.0020006108097732067,0.00041367695666849613,0.0012671053409576416,1.5788828134536743,0.20677532255649567,1,0
M1_margin,medium,10,0.625,0.4,0,9.39107894897461,0.009757116436958313,0.0046494281850755215,0.006179759278893471,1.5788828134536743,0.4765166640281677,1,0
M2_popmass,medium,10,0.625,0.4,0,9.39107894897461,0.002521186601370573,0.0005219910526648164,0.0015968168154358864,1.5788828134536743,0.20704181492328644,1,0
M0_balanced,medium,10,0.625,0.1,1,9.404913902282715,0.0018700413638725877,0.00038667843909934163,0.001197849283926189,1.5611659288406372,0.20677532255649567,0,0
M1_margin,medium,10,0.625,0.1,1,9.404913902282715,0.009119005873799324,0.004345358349382877,0.005841150879859924,1.5611659288406372,0.4765166640281677,0,0
M2_popmass,medium,10,0.625,0.1,1,9.404913902282715,0.002367360284551978,0.0004901426145806909,0.0015164053766056895,1.5611659288406372,0.20704181492328644,0,0
M0_balanced,medium,10,0.625,0.2,1,9.404913902282715,0.0018700413638725877,0.00038667843909934163,0.001197849283926189,1.5611659288406372,0.20677532255649567,0,0
M1_margin,medium,10,0.625,0.2,1,9.404913902282715,0.009119005873799324,0.004345358349382877,0.005841150879859924,1.5611659288406372,0.4765166640281677,0,0
M2_popmass,medium,10,0.625,0.2,1,9.404913902282715,0.002367360284551978,0.0004901426145806909,0.0015164053766056895,1.5611659288406372,0.20704181492328644,0,0
M0_balanced,medium,10,0.625,0.4,1,9.404913902282715,0.0018700413638725877,0.00038667843909934163,0.001197849283926189,1.5611659288406372,0.20677532255649567,0,0
M1_margin,medium,10,0.625,0.4,1,9.404913902282715,0.009119005873799324,0.004345358349382877,0.005841150879859924,1.5611659288406372,0.4765166640281677,0,0
M2_popmass,medium,10,0.625,0.4,1,9.404913902282715,0.002367360284551978,0.0004901426145806909,0.0015164053766056895,1.5611659288406372,0.20704181492328644,0,0
M0_balanced,medium,10,0.625,0.1,2,9.392023086547852,0.0020004832185804844,0.0004136505303904414,0.0012672154698520899,1.5786447525024414,0.20677532255649567,1,0
M1_margin,medium,10,0.625,0.1,2,9.392023086547852,0.009732596576213837,0.00463774474337697,0.0061651598662137985,1.5786447525024414,0.4765166640281677,1,0
M2_popmass,medium,10,0.625,0.1,2,9.392023086547852,0.002520706271752715,0.0005218915757723153,0.0015967532526701689,1.5786447525024414,0.20704181492328644,1,0
M0_balanced,medium,10,0.625,0.2,2,9.329419136047363,0.0025914087891578674,0.0005358394118957222,0.0016515906900167465,1.5690382719039917,0.20677532255649567,1,1
M1_margin,medium,10,0.625,0.2,2,9.329419136047363,0.00987602211534977,0.00470608938485384,0.00629431614652276,1.5690382719039917,0.4765166640281677,1,1
M2_popmass,medium,10,0.625,0.2,2,9.329419136047363,0.0031311484053730965,0.0006482787430286407,0.0019955849274992943,1.5690382719039917,0.20704181492328644,1,1
M0_balanced,medium,10,0.625,0.4,2,9.260969161987305,0.0025823384057730436,0.0005339637864381075,0.0016574637265875936,1.5580058097839355,0.20677532255649567,1,3
M1_margin,medium,10,0.625,0.4,2,9.260969161987305,0.008907277137041092,0.004244465846568346,0.005717101041227579,1.5580058097839355,0.4765166640281677,1,3
M2_popmass,medium,10,0.625,0.4,2,9.260969161987305,0.003100429195910692,0.0006419185665436089,0.001989998621866107,1.5580058097839355,0.20704181492328644,1,3
M0_balanced,medium,11,0.5,0.1,0,9.454639434814453,0.003682028269395232,0.000761352595873177,0.002181856194511056,1.687566876411438,0.20677532255649567,0,0
M1_margin,medium,11,0.5,0.1,0,9.454639434814453,0.01677820086479187,0.007995092310011387,0.009942243807017803,1.687566876411438,0.4765166640281677,0,0
M2_popmass,medium,11,0.5,0.1,0,9.454639434814453,0.004423230420798063,0.00091579370200634,0.002621069783344865,1.687566876411438,0.20704181492328644,0,0
M0_balanced,medium,11,0.5,0.2,0,9.454639434814453,0.003682028269395232,0.000761352595873177,0.002181856194511056,1.687566876411438,0.20677532255649567,0,0
M1_margin,medium,11,0.5,0.2,0,9.454639434814453,0.01677820086479187,0.007995092310011387,0.009942243807017803,1.687566876411438,0.4765166640281677,0,0
M2_popmass,medium,11,0.5,0.2,0,9.454639434814453,0.004423230420798063,0.00091579370200634,0.002621069783344865,1.687566876411438,0.20704181492328644,0,0
M0_balanced,medium,11,0.5,0.4,0,9.454639434814453,0.003682028269395232,0.000761352595873177,0.002181856194511056,1.687566876411438,0.20677532255649567,0,0
M1_margin,medium,11,0.5,0.4,0,9.454639434814453,0.01677820086479187,0.007995092310011387,0.009942243807017803,1.687566876411438,0.4765166640281677,0,0
M2_popmass,medium,11,0.5,0.4,0,9.454639434814453,0.004423230420798063,0.00091579370200634,0.002621069783344865,1.687566876411438,0.20704181492328644,0,0
M0_balanced,medium,11,0.5,0.1,1,9.456793785095215,0.0036740226205438375,0.000759697228204459,0.0021772233303636312,1.6874809265136719,0.20677532255649567,0,0
M1_margin,medium,11,0.5,0.1,1,9.456793785095215,0.016812032088637352,0.008011214435100555,0.009962799027562141,1.6874809265136719,0.4765166640281677,0,0
M2_popmass,medium,11,0.5,0.1,1,9.456793785095215,0.004415343515574932,0.0009141607442870736,0.0026165293529629707,1.6874809265136719,0.20704181492328644,0,0
M0_balanced,medium,11,0.5,0.2,1,9.456793785095215,0.0036740226205438375,0.000759697228204459,0.0021772233303636312,1.6874809265136719,0.20677532255649567,0,0
M1_margin,medium,11,0.5,0.2,1,9.456793785095215,0.016812032088637352,0.008011214435100555,0.009962799027562141,1.6874809265136719,0.4765166640281677,0,0
M2_popmass,medium,11,0.5,0.2,1,9.456793785095215,0.004415343515574932,0.0009141607442870736,0.0026165293529629707,1.6874809265136719,0.20704181492328644,0,0
M0_balanced,medium,11,0.5,0.4,1,9.456793785095215,0.0036740226205438375,0.000759697228204459,0.0021772233303636312,1.6874809265136719,0.20677532255649567,0,0
M1_margin,medium,11,0.5,0.4,1,9.456793785095215,0.016812032088637352,0.008011214435100555,0.009962799027562141,1.6874809265136719,0.4765166640281677,0,0
M2_popmass,medium,11,0.5,0.4,1,9.456793785095215,0.004415343515574932,0.0009141607442870736,0.0026165293529629707,1.6874809265136719,0.20704181492328644,0,0
M0_balanced,medium,11,0.5,0.1,2,9.38789176940918,0.003369060577824712,0.0006966385990381241,0.0020104702562093735,1.675757646560669,0.20677532255649567,1,0
M1_margin,medium,11,0.5,0.1,2,9.38789176940918,0.014917852357029915,0.007108605466783047,0.008902153931558132,1.675757646560669,0.4765166640281677,1,0
M2_popmass,medium,11,0.5,0.1,2,9.38789176940918,0.004065779037773609,0.0008417862700298429,0.0024262333754450083,1.675757646560669,0.20704181492328644,1,0
M0_balanced,medium,11,0.5,0.2,2,9.508342742919922,0.00313058914616704,0.0006473286775872111,0.0018866038881242275,1.6593782901763916,0.20677532255649567,1,1
M1_margin,medium,11,0.5,0.2,2,9.508342742919922,0.01281549409031868,0.00610679667443037,0.007723069749772549,1.6593782901763916,0.4765166640281677,1,1
M2_popmass,medium,11,0.5,0.2,2,9.508342742919922,0.003786764806136489,0.0007840186008252203,0.0022820380982011557,1.6593782901763916,0.20704181492328644,1,1
M0_balanced,medium,11,0.5,0.4,2,9.508342742919922,0.00313058914616704,0.0006473286775872111,0.0018866038881242275,1.6593782901763916,0.20677532255649567,1,1
M1_margin,medium,11,0.5,0.4,2,9.508342742919922,0.01281549409031868,0.00610679667443037,0.007723069749772549,1.6593782901763916,0.4765166640281677,1,1
M2_popmass,medium,11,0.5,0.4,2,9.508342742919922,0.003786764806136489,0.0007840186008252203,0.0022820380982011557,1.6593782901763916,0.20704181492328644,1,1
M0_balanced,medium,12,0.6666666666666666,0.1,0,8.963895797729492,0.00030984822660684586,6.406895408872515e-05,0.00018884357996284962,1.6407662630081177,0.20677532255649567,0,0
M1_margin,medium,12,0.6666666666666666,0.1,0,8.963895797729492,0.011088457889854908,0.005283834412693977,0.006758096162229776,1.6407662630081177,0.4765166640281677,0,0
M2_popmass,medium,12,0.6666666666666666,0.1,0,8.963895797729492,0.0009034259710460901,0.00018704694230109453,0.0005506122251972556,1.6407662630081177,0.20704181492328644,0,0
M0_balanced,medium,12,0.6666666666666666,0.2,0,8.963895797729492,0.00030984822660684586,6.406895408872515e-05,0.00018884357996284962,1.6407662630081177,0.20677532255649567,0,0
M1_margin,medium,12,0.6666666666666666,0.2,0,8.963895797729492,0.011088457889854908,0.005283834412693977,0.006758096162229776,1.6407662630081177,0.4765166640281677,0,0
M2_popmass,medium,12,0.6666666666666666,0.2,0,8.963895797729492,0.0009034259710460901,0.00018704694230109453,0.0005506122251972556,1.6407662630081177,0.20704181492328644,0,0
M0_balanced,medium,12,0.6666666666666666,0.4,0,8.963895797729492,0.00030984822660684586,6.406895408872515e-05,0.00018884357996284962,1.6407662630081177,0.20677532255649567,0,0
M1_margin,medium,12,0.6666666666666666,0.4,0,8.963895797729492,0.011088457889854908,0.005283834412693977,0.006758096162229776,1.6407662630081177,0.4765166640281677,0,0
M2_popmass,medium,12,0.6666666666666666,0.4,0,8.963895797729492,0.0009034259710460901,0.00018704694230109453,0.0005506122251972556,1.6407662630081177,0.20704181492328644,0,0
M0_balanced,medium,12,0.6666666666666666,0.1,1,8.960538864135742,0.0003230188740417361,6.679232319584116e-05,0.00019676781084854156,1.6416243314743042,0.20677532255649567,1,0
M1_margin,medium,12,0.6666666666666666,0.1,1,8.960538864135742,0.011122648604214191,0.005300127435475588,0.006775392219424248,1.6416243314743042,0.4765166640281677,1,0
M2_popmass,medium,12,0.6666666666666666,0.1,1,8.960538864135742,0.000917954312171787,0.00019005488138645887,0.0005591742810793221,1.6416243314743042,0.20704181492328644,1,0
M0_balanced,medium,12,0.6666666666666666,0.2,1,8.960538864135742,0.0003230188740417361,6.679232319584116e-05,0.00019676781084854156,1.6416243314743042,0.20677532255649567,1,0
M1_margin,medium,12,0.6666666666666666,0.2,1,8.960538864135742,0.011122648604214191,0.005300127435475588,0.006775392219424248,1.6416243314743042,0.4765166640281677,1,0
M2_popmass,medium,12,0.6666666666666666,0.2,1,8.960538864135742,0.000917954312171787,0.00019005488138645887,0.0005591742810793221,1.6416243314743042,0.20704181492328644,1,0
M0_balanced,medium,12,0.6666666666666666,0.4,1,9.000486373901367,-0.000790347927249968,-0.000163424396305345,-0.0004852665006183088,1.6286879777908325,0.20677532255649567,1,1
M1_margin,medium,12,0.6666666666666666,0.4,1,9.000486373901367,0.009387490339577198,0.004473296459764242,0.00576383713632822,1.6286879777908325,0.4765166640281677,1,1
M2_popmass,medium,12,0.6666666666666666,0.4,1,9.000486373901367,-0.00025779521092772484,-5.337428592611104e-05,-0.0001582836703164503,1.6286879777908325,0.20704181492328644,1,1
M0_balanced,medium,12,0.6666666666666666,0.1,2,8.961678504943848,0.00031450612004846334,6.503210170194507e-05,0.00019165924459230155,1.6409649848937988,0.20677532255649567,0,0
M1_margin,medium,12,0.6666666666666666,0.1,2,8.961678504943848,0.011082906275987625,0.005281188990920782,0.006753894966095686,1.6409649848937988,0.4765166640281677,0,0
M2_popmass,medium,12,0.6666666666666666,0.1,2,8.961678504943848,0.0009082987671718001,0.00018805575382430106,0.0005535148084163666,1.6409649848937988,0.20704181492328644,0,0
M0_balanced,medium,12,0.6666666666666666,0.2,2,8.961678504943848,0.00031450612004846334,6.503210170194507e-05,0.00019165924459230155,1.6409649848937988,0.20677532255649567,0,0
M1_margin,medium,12,0.6666666666666666,0.2,2,8.961678504943848,0.011082906275987625,0.005281188990920782,0.006753894966095686,1.6409649848937988,0.4765166640281677,0,0
M2_popmass,medium,12,0.6666666666666666,0.2,2,8.961678504943848,0.0009082987671718001,0.00018805575382430106,0.0005535148084163666,1.6409649848937988,0.20704181492328644,0,0
M0_balanced,medium,12,0.6666666666666666,0.4,2,8.961678504943848,0.00031450612004846334,6.503210170194507e-05,0.00019165924459230155,1.6409649848937988,0.20677532255649567,0,0
M1_margin,medium,12,0.6666666666666666,0.4,2,8.961678504943848,0.011082906275987625,0.005281188990920782,0.006753894966095686,1.6409649848937988,0.4765166640281677,0,0
M2_popmass,medium,12,0.6666666666666666,0.4,2,8.961678504943848,0.0009082987671718001,0.00018805575382430106,0.0005535148084163666,1.6409649848937988,0.20704181492328644,0,0
M0_balanced,medium,13,0.5,0.1,0,9.048151016235352,0.004234652034938335,0.0008756216848269105,0.002624239306896925,1.61366868019104,0.20677532255649567,1,1
M1_margin,medium,13,0.5,0.1,0,9.048151016235352,0.01271735318005085,0.006060032173991203,0.007881020195782185,1.61366868019104,0.4765166640281677,1,1
M2_popmass,medium,13,0.5,0.1,0,9.048151016235352,0.00503604905679822,0.001042672200128436,0.00312086776830256,1.61366868019104,0.20704181492328644,1,1
M0_balanced,medium,13,0.5,0.2,0,9.048151016235352,0.004234652034938335,0.0008756216848269105,0.002624239306896925,1.61366868019104,0.20677532255649567,1,1
M1_margin,medium,13,0.5,0.2,0,9.048151016235352,0.01271735318005085,0.006060032173991203,0.007881020195782185,1.61366868019104,0.4765166640281677,1,1
M2_popmass,medium,13,0.5,0.2,0,9.048151016235352,0.00503604905679822,0.001042672200128436,0.00312086776830256,1.61366868019104,0.20704181492328644,1,1
M0_balanced,medium,13,0.5,0.4,0,9.088491439819336,0.004403996746987104,0.0009106379002332687,0.002727168146520853,1.6148607730865479,0.20677532255649567,1,2
M1_margin,medium,13,0.5,0.4,0,9.088491439819336,0.012739462777972221,0.006070565432310104,0.00788889080286026,1.6148607730865479,0.4765166640281677,1,2
M2_popmass,medium,13,0.5,0.4,0,9.088491439819336,0.0052085863426327705,0.001078394940122962,0.00322540826164186,1.6148607730865479,0.20704181492328644,1,2
M0_balanced,medium,13,0.5,0.1,1,9.028650283813477,0.00273148063570261,0.0005648027872666717,0.0016852935077622533,1.6207743883132935,0.20677532255649567,0,0
M1_margin,medium,13,0.5,0.1,1,9.028650283813477,0.012925456278026104,0.006159195676445961,0.007974864915013313,1.6207743883132935,0.4765166640281677,0,0
M2_popmass,medium,13,0.5,0.1,1,9.028650283813477,0.0035016797482967377,0.0007249940535984933,0.002160497708246112,1.6207743883132935,0.20704181492328644,0,0
M0_balanced,medium,13,0.5,0.2,1,9.028650283813477,0.00273148063570261,0.0005648027872666717,0.0016852935077622533,1.6207743883132935,0.20677532255649567,0,0
M1_margin,medium,13,0.5,0.2,1,9.028650283813477,0.012925456278026104,0.006159195676445961,0.007974864915013313,1.6207743883132935,0.4765166640281677,0,0
M2_popmass,medium,13,0.5,0.2,1,9.028650283813477,0.0035016797482967377,0.0007249940535984933,0.002160497708246112,1.6207743883132935,0.20704181492328644,0,0
M0_balanced,medium,13,0.5,0.4,1,9.028650283813477,0.00273148063570261,0.0005648027872666717,0.0016852935077622533,1.6207743883132935,0.20677532255649567,0,0
M1_margin,medium,13,0.5,0.4,1,9.028650283813477,0.012925456278026104,0.006159195676445961,0.007974864915013313,1.6207743883132935,0.4765166640281677,0,0
M2_popmass,medium,13,0.5,0.4,1,9.028650283813477,0.0035016797482967377,0.0007249940535984933,0.002160497708246112,1.6207743883132935,0.20704181492328644,0,0
M0_balanced,medium,13,0.5,0.1,2,9.111824035644531,0.00352293043397367,0.0007284549647010863,0.0021677166223526,1.6251801252365112,0.20677532255649567,1,1
M1_margin,medium,13,0.5,0.1,2,9.111824035644531,0.013290803879499435,0.006333289202302694,0.008178049698472023,1.6251801252365112,0.4765166640281677,1,1
M2_popmass,medium,13,0.5,0.1,2,9.111824035644531,0.004319929983466864,0.0008944059954956174,0.0026581233832985163,1.6251801252365112,0.20704181492328644,1,1
M0_balanced,medium,13,0.5,0.2,2,9.111824035644531,0.00352293043397367,0.0007284549647010863,0.0021677166223526,1.6251801252365112,0.20677532255649567,1,1
M1_margin,medium,13,0.5,0.2,2,9.111824035644531,0.013290803879499435,0.006333289202302694,0.008178049698472023,1.6251801252365112,0.4765166640281677,1,1
M2_popmass,medium,13,0.5,0.2,2,9.111824035644531,0.004319929983466864,0.0008944059954956174,0.0026581233832985163,1.6251801252365112,0.20704181492328644,1,1
M0_balanced,medium,13,0.5,0.4,2,9.111824035644531,0.00352293043397367,0.0007284549647010863,0.0021677166223526,1.6251801252365112,0.20677532255649567,1,1
M1_margin,medium,13,0.5,0.4,2,9.111824035644531,0.013290803879499435,0.006333289202302694,0.008178049698472023,1.6251801252365112,0.4765166640281677,1,1
M2_popmass,medium,13,0.5,0.4,2,9.111824035644531,0.004319929983466864,0.0008944059954956174,0.0026581233832985163,1.6251801252365112,0.20704181492328644,1,1
M0_balanced,medium,14,0.5,0.1,0,8.999290466308594,0.0025006320793181658,0.0005170690128579736,0.001507410081103444,1.65889310836792,0.20677532255649567,0,0
M1_margin,medium,14,0.5,0.1,0,8.999290466308594,0.013708693906664848,0.0065324208699166775,0.008263759315013885,1.65889310836792,0.4765166640281677,0,0
M2_popmass,medium,14,0.5,0.1,0,8.999290466308594,0.003296964569017291,0.000682609505020082,0.001987448427826166,1.65889310836792,0.20704181492328644,0,0
M0_balanced,medium,14,0.5,0.2,0,8.999290466308594,0.0025006320793181658,0.0005170690128579736,0.001507410081103444,1.65889310836792,0.20677532255649567,0,0
M1_margin,medium,14,0.5,0.2,0,8.999290466308594,0.013708693906664848,0.0065324208699166775,0.008263759315013885,1.65889310836792,0.4765166640281677,0,0
M2_popmass,medium,14,0.5,0.2,0,8.999290466308594,0.003296964569017291,0.000682609505020082,0.001987448427826166,1.65889310836792,0.20704181492328644,0,0
M0_balanced,medium,14,0.5,0.4,0,8.999290466308594,0.0025006320793181658,0.0005170690128579736,0.001507410081103444,1.65889310836792,0.20677532255649567,0,0
M1_margin,medium,14,0.5,0.4,0,8.999290466308594,0.013708693906664848,0.0065324208699166775,0.008263759315013885,1.65889310836792,0.4765166640281677,0,0
M2_popmass,medium,14,0.5,0.4,0,8.999290466308594,0.003296964569017291,0.000682609505020082,0.001987448427826166,1.65889310836792,0.20704181492328644,0,0
M0_balanced,medium,14,0.5,0.1,1,8.998777389526367,0.002498032758012414,0.0005165315815247595,0.001505860360339284,1.658874273300171,0.20677532255649567,1,0
M1_margin,medium,14,0.5,0.1,1,8.998777389526367,0.013718763366341591,0.006537219043821096,0.008269923739135265,1.658874273300171,0.4765166640281677,1,0
M2_popmass,medium,14,0.5,0.1,1,8.998777389526367,0.0032944807317107916,0.0006820952985435724,0.001985973911359906,1.658874273300171,0.20704181492328644,1,0
M0_balanced,medium,14,0.5,0.2,1,8.998777389526367,0.002498032758012414,0.0005165315815247595,0.001505860360339284,1.658874273300171,0.20677532255649567,1,0
M1_margin,medium,14,0.5,0.2,1,8.998777389526367,0.013718763366341591,0.006537219043821096,0.008269923739135265,1.658874273300171,0.4765166640281677,1,0
M2_popmass,medium,14,0.5,0.2,1,8.998777389526367,0.0032944807317107916,0.0006820952985435724,0.001985973911359906,1.658874273300171,0.20704181492328644,1,0
M0_balanced,medium,14,0.5,0.4,1,9.016569137573242,0.0025924737565219402,0.0005360596696846187,0.001565570360980928,1.655929446220398,0.20677532255649567,1,1
M1_margin,medium,14,0.5,0.4,1,9.016569137573242,0.013536565005779266,0.006450398825109005,0.008174601942300797,1.655929446220398,0.4765166640281677,1,1
M2_popmass,medium,14,0.5,0.4,1,9.016569137573242,0.003385901218280196,0.0007010231493040919,0.0020447135902941227,1.655929446220398,0.20704181492328644,1,1
M0_balanced,medium,14,0.5,0.1,2,8.999895095825195,0.0024976942222565413,0.0005164614995010197,0.0015054884133860469,1.659058928489685,0.20677532255649567,0,0
M1_margin,medium,14,0.5,0.1,2,8.999895095825195,0.01372844260185957,0.006541832350194454,0.008274838328361511,1.659058928489685,0.4765166640281677,0,0
M2_popmass,medium,14,0.5,0.1,2,8.999895095825195,0.0032942418474704027,0.0006820457638241351,0.0019856086000800133,1.659058928489685,0.20704181492328644,0,0
M0_balanced,medium,14,0.5,0.2,2,8.999895095825195,0.0024976942222565413,0.0005164614995010197,0.0015054884133860469,1.659058928489685,0.20677532255649567,0,0
M1_margin,medium,14,0.5,0.2,2,8.999895095825195,0.01372844260185957,0.006541832350194454,0.008274838328361511,1.659058928489685,0.4765166640281677,0,0
M2_popmass,medium,14,0.5,0.2,2,8.999895095825195,0.0032942418474704027,0.0006820457638241351,0.0019856086000800133,1.659058928489685,0.20704181492328644,0,0
M0_balanced,medium,14,0.5,0.4,2,8.999895095825195,0.0024976942222565413,0.0005164614995010197,0.0015054884133860469,1.659058928489685,0.20677532255649567,0,0
M1_margin,medium,14,0.5,0.4,2,8.999895095825195,0.01372844260185957,0.006541832350194454,0.008274838328361511,1.659058928489685,0.4765166640281677,0,0
M2_popmass,medium,14,0.5,0.4,2,8.999895095825195,0.0032942418474704027,0.0006820457638241351,0.0019856086000800133,1.659058928489685,0.20704181492328644,0,0
M0_balanced,medium,15,0.5,0.1,0,9.447179794311523,0.002960283774882555,0.0006121137412264943,0.0017843068344518542,1.6590667963027954,0.20677532255649567,1,0
M1_margin,medium,15,0.5,0.1,0,9.447179794311523,0.012812811881303787,0.006105517502874136,0.007722901646047831,1.6590667963027954,0.4765166640281677,1,0
M2_popmass,medium,15,0.5,0.1,0,9.447179794311523,0.0035641398280858994,0.0007379260496236384,0.0021482801530510187,1.6590667963027954,0.20704181492328644,1,0
M0_balanced,medium,15,0.5,0.2,0,9.447179794311523,0.002960283774882555,0.0006121137412264943,0.0017843068344518542,1.6590667963027954,0.20677532255649567,1,0
M1_margin,medium,15,0.5,0.2,0,9.447179794311523,0.012812811881303787,0.006105517502874136,0.007722901646047831,1.6590667963027954,0.4765166640281677,1,0
M2_popmass,medium,15,0.5,0.2,0,9.447179794311523,0.0035641398280858994,0.0007379260496236384,0.0021482801530510187,1.6590667963027954,0.20704181492328644,1,0
M0_balanced,medium,15,0.5,0.4,0,9.470993041992188,0.0024590434040874243,0.0005084695876576006,0.0014989911578595638,1.6404658555984497,0.20677532255649567,1,1
M1_margin,medium,15,0.5,0.4,0,9.470993041992188,0.01102395635098219,0.00525309843942523,0.006720015313476324,1.6404658555984497,0.4765166640281677,1,1
M2_popmass,medium,15,0.5,0.4,0,9.470993041992188,0.0030150734819471836,0.000624246196821332,0.0018379370449110866,1.6404658555984497,0.20704181492328644,1,1
M0_balanced,medium,15,0.5,0.1,1,9.444768905639648,0.0029569759499281645,0.0006114296265877783,0.0017824473325163126,1.6589415073394775,0.20677532255649567,1,0
M1_margin,medium,15,0.5,0.1,1,9.444768905639648,0.012787430547177792,0.006093423347920179,0.007708185818046331,1.6589415073394775,0.4765166640281677,1,0
M2_popmass,medium,15,0.5,0.1,1,9.444768905639648,0.003560327924787998,0.00073713663732633,0.0021461439318954945,1.6589415073394775,0.20704181492328644,1,0
M0_balanced,medium,15,0.5,0.2,1,9.47689437866211,0.002478767652064562,0.0005125480238348246,0.0015063349856063724,1.6455620527267456,0.20677532255649567,1,1
M1_margin,medium,15,0.5,0.2,1,9.47689437866211,0.012035101652145386,0.005734925623983145,0.00731367152184248,1.6455620527267456,0.4765166640281677,1,1
M2_popmass,medium,15,0.5,0.2,1,9.47689437866211,0.003050986910238862,0.000631681818049401,0.0018540696473792195,1.6455620527267456,0.20704181492328644,1,1
M0_balanced,medium,15,0.5,0.4,1,9.47689437866211,0.002478767652064562,0.0005125480238348246,0.0015063349856063724,1.6455620527267456,0.20677532255649567,1,1
M1_margin,medium,15,0.5,0.4,1,9.47689437866211,0.012035101652145386,0.005734925623983145,0.00731367152184248,1.6455620527267456,0.4765166640281677,1,1
M2_popmass,medium,15,0.5,0.4,1,9.47689437866211,0.003050986910238862,0.000631681818049401,0.0018540696473792195,1.6455620527267456,0.20704181492328644,1,1
M0_balanced,medium,15,0.5,0.1,2,9.44456672668457,0.002956443466246128,0.0006113196723163128,0.0017828543204814196,1.6582645177841187,0.20677532255649567,0,0
M1_margin,medium,15,0.5,0.1,2,9.44456672668457,0.012744957581162453,0.006073185242712498,0.007685720920562744,1.6582645177841187,0.4765166640281677,0,0
M2_popmass,medium,15,0.5,0.1,2,9.44456672668457,0.0035588969476521015,0.0007368403603322804,0.0021461572032421827,1.6582645177841187,0.20704181492328644,0,0
M0_balanced,medium,15,0.5,0.2,2,9.44456672668457,0.002956443466246128,0.0006113196723163128,0.0017828543204814196,1.6582645177841187,0.20677532255649567,0,0
M1_margin,medium,15,0.5,0.2,2,9.44456672668457,0.012744957581162453,0.006073185242712498,0.007685720920562744,1.6582645177841187,0.4765166640281677,0,0
M2_popmass,medium,15,0.5,0.2,2,9.44456672668457,0.0035588969476521015,0.0007368403603322804,0.0021461572032421827,1.6582645177841187,0.20704181492328644,0,0
M0_balanced,medium,15,0.5,0.4,2,9.44456672668457,0.002956443466246128,0.0006113196723163128,0.0017828543204814196,1.6582645177841187,0.20677532255649567,0,0
M1_margin,medium,15,0.5,0.4,2,9.44456672668457,0.012744957581162453,0.006073185242712498,0.007685720920562744,1.6582645177841187,0.4765166640281677,0,0
M2_popmass,medium,15,0.5,0.4,2,9.44456672668457,0.0035588969476521015,0.0007368403603322804,0.0021461572032421827,1.6582645177841187,0.20704181492328644,0,0
M0_balanced,medium,16,0.5,0.1,0,10.450567245483398,0.0030464562587440014,0.0006299319211393595,0.001843714970164001,1.6523466110229492,0.20677532255649567,0,0
M1_margin,medium,16,0.5,0.1,0,10.450567245483398,0.016983769834041595,0.008093048818409443,0.010278575122356415,1.6523466110229492,0.4765166640281677,0,0
M2_popmass,medium,16,0.5,0.1,0,10.450567245483398,0.0036047997418791056,0.0007463443325832486,0.0021816245280206203,1.6523466110229492,0.20704181492328644,0,0
M0_balanced,medium,16,0.5,0.2,0,10.450567245483398,0.0030464562587440014,0.0006299319211393595,0.001843714970164001,1.6523466110229492,0.20677532255649567,0,0
M1_margin,medium,16,0.5,0.2,0,10.450567245483398,0.016983769834041595,0.008093048818409443,0.010278575122356415,1.6523466110229492,0.4765166640281677,0,0
M2_popmass,medium,16,0.5,0.2,0,10.450567245483398,0.0036047997418791056,0.0007463443325832486,0.0021816245280206203,1.6523466110229492,0.20704181492328644,0,0
M0_balanced,medium,16,0.5,0.4,0,10.450567245483398,0.0030464562587440014,0.0006299319211393595,0.001843714970164001,1.6523466110229492,0.20677532255649567,0,0
M1_margin,medium,16,0.5,0.4,0,10.450567245483398,0.016983769834041595,0.008093048818409443,0.010278575122356415,1.6523466110229492,0.4765166640281677,0,0
M2_popmass,medium,16,0.5,0.4,0,10.450567245483398,0.0036047997418791056,0.0007463443325832486,0.0021816245280206203,1.6523466110229492,0.20704181492328644,0,0
M0_balanced,medium,16,0.5,0.1,1,10.389759063720703,0.0032604746520519257,0.0006741856341250241,0.0019470704719424248,1.6745537519454956,0.20677532255649567,1,0
M1_margin,medium,16,0.5,0.1,1,10.389759063720703,0.016911963000893593,0.00805883388966322,0.010099386796355247,1.6745537519454956,0.4765166640281677,1,0
M2_popmass,medium,16,0.5,0.1,1,10.389759063720703,0.0038299548905342817,0.0007929606945253909,0.002287149429321289,1.6745537519454956,0.20704181492328644,1,0
M0_balanced,medium,16,0.5,0.2,1,10.389759063720703,0.0032604746520519257,0.0006741856341250241,0.0019470704719424248,1.6745537519454956,0.20677532255649567,1,0
M1_margin,medium,16,0.5,0.2,1,10.389759063720703,0.016911963000893593,0.00805883388966322,0.010099386796355247,1.6745537519454956,0.4765166640281677,1,0
M2_popmass,medium,16,0.5,0.2,1,10.389759063720703,0.0038299548905342817,0.0007929606945253909,0.002287149429321289,1.6745537519454956,0.20704181492328644,1,0
M0_balanced,medium,16,0.5,0.4,1,10.389759063720703,0.0032604746520519257,0.0006741856341250241,0.0019470704719424248,1.6745537519454956,0.20677532255649567,1,0
M1_margin,medium,16,0.5,0.4,1,10.389759063720703,0.016911963000893593,0.00805883388966322,0.010099386796355247,1.6745537519454956,0.4765166640281677,1,0
M2_popmass,medium,16,0.5,0.4,1,10.389759063720703,0.0038299548905342817,0.0007929606945253909,0.002287149429321289,1.6745537519454956,0.20704181492328644,1,0
M0_balanced,medium,16,0.5,0.1,2,10.389310836791992,0.0032617775723338127,0.0006744550773873925,0.0019488520920276642,1.6736916303634644,0.20677532255649567,1,0
M1_margin,medium,16,0.5,0.1,2,10.389310836791992,0.016828186810016632,0.008018911816179752,0.010054532438516617,1.6736916303634644,0.4765166640281677,1,0
M2_popmass,medium,16,0.5,0.1,2,10.389310836791992,0.0038298508152365685,0.0007929393323138356,0.0022882656194269657,1.6736916303634644,0.20704181492328644,1,0
M0_balanced,medium,16,0.5,0.2,2,10.389310836791992,0.0032617775723338127,0.0006744550773873925,0.0019488520920276642,1.6736916303634644,0.20677532255649567,1,0
M1_margin,medium,16,0.5,0.2,2,10.389310836791992,0.016828186810016632,0.008018911816179752,0.010054532438516617,1.6736916303634644,0.4765166640281677,1,0
M2_popmass,medium,16,0.5,0.2,2,10.389310836791992,0.0038298508152365685,0.0007929393323138356,0.0022882656194269657,1.6736916303634644,0.20704181492328644,1,0
M0_balanced,medium,16,0.5,0.4,2,10.389310836791992,0.0032617775723338127,0.0006744550773873925,0.0019488520920276642,1.6736916303634644,0.20677532255649567,1,0
M1_margin,medium,16,0.5,0.4,2,10.389310836791992,0.016828186810016632,0.008018911816179752,0.010054532438516617,1.6736916303634644,0.4765166640281677,1,0
M2_popmass,medium,16,0.5,0.4,2,10.389310836791992,0.0038298508152365685,0.0007929393323138356,0.0022882656194269657,1.6736916303634644,0.20704181492328644,1,0
M0_balanced,medium,17,0.6,0.1,0,8.947941780090332,0.0062932213768363,0.001301282667554915,0.003938111010938883,1.5980302095413208,0.20677532255649567,1,0
M1_margin,medium,17,0.6,0.1,0,8.947941780090332,0.012660098262131214,0.00603274954482913,0.007922316901385784,1.5980302095413208,0.4765166640281677,1,0
M2_popmass,medium,17,0.6,0.1,0,8.947941780090332,0.007057228125631809,0.001461141393519938,0.004416204988956451,1.5980302095413208,0.20704181492328644,1,0
M0_balanced,medium,17,0.6,0.2,0,8.931031227111816,0.0063849263824522495,0.0013202453264966607,0.004006656352430582,1.593579888343811,0.20677532255649567,1,1
M1_margin,medium,17,0.6,0.2,0,8.931031227111816,0.012665657326579094,0.006035397294908762,0.00794792827218771,1.593579888343811,0.4765166640281677,1,1
M2_popmass,medium,17,0.6,0.2,0,8.931031227111816,0.007147800177335739,0.0014798934571444988,0.004485372919589281,1.593579888343811,0.20704181492328644,1,1
M0_balanced,medium,17,0.6,0.4,0,8.931031227111816,0.0063849263824522495,0.0013202453264966607,0.004006656352430582,1.593579888343811,0.20677532255649567,1,1
M1_margin,medium,17,0.6,0.4,0,8.931031227111816,0.012665657326579094,0.006035397294908762,0.00794792827218771,1.593579888343811,0.4765166640281677,1,1
M2_popmass,medium,17,0.6,0.4,0,8.931031227111816,0.007147800177335739,0.0014798934571444988,0.004485372919589281,1.593579888343811,0.20704181492328644,1,1
M0_balanced,medium,17,0.6,0.1,1,8.949080467224121,0.006297208368778229,0.0013021072372794151,0.003939331043511629,1.5985476970672607,0.20677532255649567,0,0
M1_margin,medium,17,0.6,0.1,1,8.949080467224121,0.012694167904555798,0.006048982031643391,0.007941062562167645,1.5985476970672607,0.4765166640281677,0,0
M2_popmass,medium,17,0.6,0.1,1,8.949080467224121,0.007062084972858429,0.0014621466398239136,0.004417812451720238,1.5985476970672607,0.20704181492328644,0,0
M0_balanced,medium,17,0.6,0.2,1,8.949080467224121,0.006297208368778229,0.0013021072372794151,0.003939331043511629,1.5985476970672607,0.20677532255649567,0,0
M1_margin,medium,17,0.6,0.2,1,8.949080467224121,0.012694167904555798,0.006048982031643391,0.007941062562167645,1.5985476970672607,0.4765166640281677,0,0
M2_popmass,medium,17,0.6,0.2,1,8.949080467224121,0.007062084972858429,0.0014621466398239136,0.004417812451720238,1.5985476970672607,0.20704181492328644,0,0
M0_balanced,medium,17,0.6,0.4,1,8.949080467224121,0.006297208368778229,0.0013021072372794151,0.003939331043511629,1.5985476970672607,0.20677532255649567,0,0
M1_margin,medium,17,0.6,0.4,1,8.949080467224121,0.012694167904555798,0.006048982031643391,0.007941062562167645,1.5985476970672607,0.4765166640281677,0,0
M2_popmass,medium,17,0.6,0.4,1,8.949080467224121,0.007062084972858429,0.0014621466398239136,0.004417812451720238,1.5985476970672607,0.20704181492328644,0,0
M0_balanced,medium,17,0.6,0.1,2,8.949934959411621,0.006305111106485128,0.0013037413591518998,0.00394478440284729,1.5983411073684692,0.20677532255649567,0,0
M1_margin,medium,17,0.6,0.1,2,8.949934959411621,0.012667875736951828,0.0060364543460309505,0.007925639860332012,1.5983411073684692,0.4765166640281677,0,0
M2_popmass,medium,17,0.6,0.1,2,8.949934959411621,0.007069865707308054,0.0014637575950473547,0.004423251375555992,1.5983411073684692,0.20704181492328644,0,0
M0_balanced,medium,17,0.6,0.2,2,8.949934959411621,0.006305111106485128,0.0013037413591518998,0.00394478440284729,1.5983411073684692,0.20677532255649567,0,0
M1_margin,medium,17,0.6,0.2,2,8.949934959411621,0.012667875736951828,0.0060364543460309505,0.007925639860332012,1.5983411073684692,0.4765166640281677,0,0
M2_popmass,medium,17,0.6,0.2,2,8.949934959411621,0.007069865707308054,0.0014637575950473547,0.004423251375555992,1.5983411073684692,0.20704181492328644,0,0
M0_balanced,medium,17,0.6,0.4,2,8.949934959411621,0.006305111106485128,0.0013037413591518998,0.00394478440284729,1.5983411073684692,0.20677532255649567,0,0
M1_margin,medium,17,0.6,0.4,2,8.949934959411621,0.012667875736951828,0.0060364543460309505,0.007925639860332012,1.5983411073684692,0.4765166640281677,0,0
M2_popmass,medium,17,0.6,0.4,2,8.949934959411621,0.007069865707308054,0.0014637575950473547,0.004423251375555992,1.5983411073684692,0.20704181492328644,0,0
M0_balanced,medium,18,0.5,0.1,0,9.93349838256836,0.00378827890381217,0.000783322611823678,0.002283184789121151,1.6592082977294922,0.20677532255649567,0,0
M1_margin,medium,18,0.5,0.1,0,9.93349838256836,0.01570158451795578,0.007482065819203854,0.009463298134505749,1.6592082977294922,0.4765166640281677,0,0
M2_popmass,medium,18,0.5,0.1,0,9.93349838256836,0.004494169726967812,0.0009304809500463307,0.002708622720092535,1.6592082977294922,0.20704181492328644,0,0
M0_balanced,medium,18,0.5,0.2,0,9.93349838256836,0.00378827890381217,0.000783322611823678,0.002283184789121151,1.6592082977294922,0.20677532255649567,0,0
M1_margin,medium,18,0.5,0.2,0,9.93349838256836,0.01570158451795578,0.007482065819203854,0.009463298134505749,1.6592082977294922,0.4765166640281677,0,0
M2_popmass,medium,18,0.5,0.2,0,9.93349838256836,0.004494169726967812,0.0009304809500463307,0.002708622720092535,1.6592082977294922,0.20704181492328644,0,0
M0_balanced,medium,18,0.5,0.4,0,9.93349838256836,0.00378827890381217,0.000783322611823678,0.002283184789121151,1.6592082977294922,0.20677532255649567,0,0
M1_margin,medium,18,0.5,0.4,0,9.93349838256836,0.01570158451795578,0.007482065819203854,0.009463298134505749,1.6592082977294922,0.4765166640281677,0,0
M2_popmass,medium,18,0.5,0.4,0,9.93349838256836,0.004494169726967812,0.0009304809500463307,0.002708622720092535,1.6592082977294922,0.20704181492328644,0,0
M0_balanced,medium,18,0.5,0.1,1,9.911126136779785,0.004181654192507267,0.0008646628120914102,0.0025200913660228252,1.6593263149261475,0.20677532255649567,1,1
M1_margin,medium,18,0.5,0.1,1,9.911126136779785,0.015577985905110836,0.007423169910907745,0.009388139471411705,1.6593263149261475,0.4765166640281677,1,1
M2_popmass,medium,18,0.5,0.1,1,9.911126136779785,0.0048997350968420506,0.0010144500993192196,0.002952846232801676,1.6593263149261475,0.20704181492328644,1,1
M0_balanced,medium,18,0.5,0.2,1,9.911126136779785,0.004181654192507267,0.0008646628120914102,0.0025200913660228252,1.6593263149261475,0.20677532255649567,1,1
M1_margin,medium,18,0.5,0.2,1,9.911126136779785,0.015577985905110836,0.007423169910907745,0.009388139471411705,1.6593263149261475,0.4765166640281677,1,1
M2_popmass,medium,18,0.5,0.2,1,9.911126136779785,0.0048997350968420506,0.0010144500993192196,0.002952846232801676,1.6593263149261475,0.20704181492328644,1,1
M0_balanced,medium,18,0.5,0.4,1,9.911126136779785,0.004181654192507267,0.0008646628120914102,0.0025200913660228252,1.6593263149261475,0.20677532255649567,1,1
M1_margin,medium,18,0.5,0.4,1,9.911126136779785,0.015577985905110836,0.007423169910907745,0.009388139471411705,1.6593263149261475,0.4765166640281677,1,1
M2_popmass,medium,18,0.5,0.4,1,9.911126136779785,0.0048997350968420506,0.0010144500993192196,0.002952846232801676,1.6593263149261475,0.20704181492328644,1,1
M0_balanced,medium,18,0.5,0.1,2,9.933456420898438,0.003787718014791608,0.0007832066621631384,0.0022829079534858465,1.6591638326644897,0.20677532255649567,1,0
M1_margin,medium,18,0.5,0.1,2,9.933456420898438,0.01567554846405983,0.007469660136848688,0.009447860531508923,1.6591638326644897,0.4765166640281677,1,0
M2_popmass,medium,18,0.5,0.1,2,9.933456420898438,0.004493162035942078,0.0009302724502049387,0.0027080883737653494,1.6591638326644897,0.20704181492328644,1,0
M0_balanced,medium,18,0.5,0.2,2,9.933456420898438,0.003787718014791608,0.0007832066621631384,0.0022829079534858465,1.6591638326644897,0.20677532255649567,1,0
M1_margin,medium,18,0.5,0.2,2,9.933456420898438,0.01567554846405983,0.007469660136848688,0.009447860531508923,1.6591638326644897,0.4765166640281677,1,0
M2_popmass,medium,18,0.5,0.2,2,9.933456420898438,0.004493162035942078,0.0009302724502049387,0.0027080883737653494,1.6591638326644897,0.20704181492328644,1,0
M0_balanced,medium,18,0.5,0.4,2,9.916330337524414,0.004107824992388487,0.0008493968634866178,0.0024761385284364223,1.6589640378952026,0.20677532255649567,1,1
M1_margin,medium,18,0.5,0.4,2,9.916330337524414,0.015406902879476547,0.007341645658016205,0.009287062101066113,1.6589640378952026,0.4765166640281677,1,1
M2_popmass,medium,18,0.5,0.4,2,9.916330337524414,0.00482134148478508,0.0009982193587347865,0.0029062365647405386,1.6589640378952026,0.20704181492328644,1,1
M0_balanced,medium,19,0.625,0.1,0,9.772436141967773,0.0024517751298844814,0.000506966607645154,0.0014568346086889505,1.6829469203948975,0.20677532255649567,0,0
M1_margin,medium,19,0.625,0.1,0,9.772436141967773,0.017808064818382263,0.008485838770866394,0.010581476613879204,1.6829469203948975,0.4765166640281677,0,0
M2_popmass,medium,19,0.625,0.1,0,9.772436141967773,0.0031443717889487743,0.0006510164239443839,0.0018683725502341986,1.6829469203948975,0.20704181492328644,0,0
M0_balanced,medium,19,0.625,0.2,0,9.772436141967773,0.0024517751298844814,0.000506966607645154,0.0014568346086889505,1.6829469203948975,0.20677532255649567,0,0
M1_margin,medium,19,0.625,0.2,0,9.772436141967773,0.017808064818382263,0.008485838770866394,0.010581476613879204,1.6829469203948975,0.4765166640281677,0,0
M2_popmass,medium,19,0.625,0.2,0,9.772436141967773,0.0031443717889487743,0.0006510164239443839,0.0018683725502341986,1.6829469203948975,0.20704181492328644,0,0
M0_balanced,medium,19,0.625,0.4,0,9.772436141967773,0.0024517751298844814,0.000506966607645154,0.0014568346086889505,1.6829469203948975,0.20677532255649567,0,0
M1_margin,medium,19,0.625,0.4,0,9.772436141967773,0.017808064818382263,0.008485838770866394,0.010581476613879204,1.6829469203948975,0.4765166640281677,0,0
M2_popmass,medium,19,0.625,0.4,0,9.772436141967773,0.0031443717889487743,0.0006510164239443839,0.0018683725502341986,1.6829469203948975,0.20704181492328644,0,0
M0_balanced,medium,19,0.625,0.1,1,9.576421737670898,0.0023055081255733967,0.00047672222717665136,0.0014027712168172002,1.643538475036621,0.20677532255649567,1,1
M1_margin,medium,19,0.625,0.1,1,9.576421737670898,0.014204267412424088,0.006768570281565189,0.00864249188452959,1.643538475036621,0.4765166640281677,1,1
M2_popmass,medium,19,0.625,0.1,1,9.576421737670898,0.0029254793189466,0.0006056965794414282,0.001779988408088684,1.643538475036621,0.20704181492328644,1,1
M0_balanced,medium,19,0.625,0.2,1,9.586618423461914,0.002326552988961339,0.0004810737445950508,0.0014187573688104749,1.639852523803711,0.20677532255649567,1,2
M1_margin,medium,19,0.625,0.2,1,9.586618423461914,0.013718271628022194,0.006536985281854868,0.008365551941096783,1.639852523803711,0.4765166640281677,1,2
M2_popmass,medium,19,0.625,0.2,1,9.586618423461914,0.0029423637315630913,0.0006091923569329083,0.0017942857230082154,1.639852523803711,0.20704181492328644,1,2
M0_balanced,medium,19,0.625,0.4,1,9.571247100830078,0.002336694160476327,0.0004831707337871194,0.001419520820491016,1.6461148262023926,0.20677532255649567,1,3
M1_margin,medium,19,0.625,0.4,1,9.571247100830078,0.014154328033328056,0.006744773592799902,0.00859862845391035,1.6461148262023926,0.4765166640281677,1,3
M2_popmass,medium,19,0.625,0.4,1,9.571247100830078,0.0029570707120001316,0.0006122372578829527,0.0017963938880711794,1.6461148262023926,0.20704181492328644,1,3
M0_balanced,medium,19,0.625,0.1,2,9.7717924118042,0.0024510242510586977,0.0005068114260211587,0.0014562448486685753,1.6831130981445312,0.20677532255649567,0,0
M1_margin,medium,19,0.625,0.1,2,9.7717924118042,0.017804807052016258,0.008484285324811935,0.010578494518995285,1.6831130981445312,0.4765166640281677,0,0
M2_popmass,medium,19,0.625,0.1,2,9.7717924118042,0.003143641632050276,0.0006508653168566525,0.0018677543848752975,1.6831130981445312,0.20704181492328644,0,0
M0_balanced,medium,19,0.625,0.2,2,9.7717924118042,0.0024510242510586977,0.0005068114260211587,0.0014562448486685753,1.6831130981445312,0.20677532255649567,0,0
M1_margin,medium,19,0.625,0.2,2,9.7717924118042,0.017804807052016258,0.008484285324811935,0.010578494518995285,1.6831130981445312,0.4765166640281677,0,0
M2_popmass,medium,19,0.625,0.2,2,9.7717924118042,0.003143641632050276,0.0006508653168566525,0.0018677543848752975,1.6831130981445312,0.20704181492328644,0,0
M0_balanced,medium,19,0.625,0.4,2,9.7717924118042,0.0024510242510586977,0.0005068114260211587,0.0014562448486685753,1.6831130981445312,0.20677532255649567,0,0
M1_margin,medium,19,0.625,0.4,2,9.7717924118042,0.017804807052016258,0.008484285324811935,0.010578494518995285,1.6831130981445312,0.4765166640281677,0,0
M2_popmass,medium,19,0.625,0.4,2,9.7717924118042,0.003143641632050276,0.0006508653168566525,0.0018677543848752975,1.6831130981445312,0.20704181492328644,0,0
M0_balanced,medium,20,0.6666666666666666,0.1,0,8.523107528686523,0.0011493510100990534,0.0002376572956563905,0.0006932516116648912,1.657912254333496,0.20677532255649567,1,0
M1_margin,medium,20,0.6666666666666666,0.1,0,8.523107528686523,0.009967213496565819,0.004749543033540249,0.006011906545609236,1.657912254333496,0.4765166640281677,1,0
M2_popmass,medium,20,0.6666666666666666,0.1,0,8.523107528686523,0.0019295323872938752,0.00039949396159499884,0.0011638328433036804,1.657912254333496,0.20704181492328644,1,0
M0_balanced,medium,20,0.6666666666666666,0.2,0,8.573470115661621,0.0009695244370959699,0.00020047381985932589,0.0005870964378118515,1.6513893604278564,0.20677532255649567,1,1
M1_margin,medium,20,0.6666666666666666,0.2,0,8.573470115661621,0.009047248400747776,0.004311165306717157,0.0054785688407719135,1.6513893604278564,0.4765166640281677,1,1
M2_popmass,medium,20,0.6666666666666666,0.2,0,8.573470115661621,0.001707904040813446,0.0003536075819283724,0.0010342226596549153,1.6513893604278564,0.20704181492328644,1,1
M0_balanced,medium,20,0.6666666666666666,0.4,0,8.591819763183594,0.0005942111019976437,0.00012286813580431044,0.0003611515276134014,1.6453226804733276,0.20677532255649567,1,2
M1_margin,medium,20,0.6666666666666666,0.4,0,8.591819763183594,0.008464719168841839,0.004033580422401428,0.005144717637449503,1.6453226804733276,0.4765166640281677,1,2
M2_popmass,medium,20,0.6666666666666666,0.4,0,8.591819763183594,0.001309236860834062,0.0002710668195504695,0.0007957327179610729,1.6453226804733276,0.20704181492328644,1,2
M0_balanced,medium,20,0.6666666666666666,0.1,1,8.5259428024292,0.0011546381283551455,0.00023875069746281952,0.0006962819606997073,1.6582911014556885,0.20677532255649567,0,0
M1_margin,medium,20,0.6666666666666666,0.1,1,8.5259428024292,0.009966043755412102,0.0047489856369793415,0.006009827367961407,1.6582911014556885,0.4765166640281677,0,0
M2_popmass,medium,20,0.6666666666666666,0.1,1,8.5259428024292,0.0019352666568011045,0.0004006811941508204,0.001167024951428175,1.6582911014556885,0.20704181492328644,0,0
M0_balanced,medium,20,0.6666666666666666,0.2,1,8.5259428024292,0.0011546381283551455,0.00023875069746281952,0.0006962819606997073,1.6582911014556885,0.20677532255649567,0,0
M1_margin,medium,20,0.6666666666666666,0.2,1,8.5259428024292,0.009966043755412102,0.0047489856369793415,0.006009827367961407,1.6582911014556885,0.4765166640281677,0,0
M2_popmass,medium,20,0.6666666666666666,0.2,1,8.5259428024292,0.0019352666568011045,0.0004006811941508204,0.001167024951428175,1.6582911014556885,0.20704181492328644,0,0
M0_balanced,medium,20,0.6666666666666666,0.4,1,8.5259428024292,0.0011546381283551455,0.00023875069746281952,0.0006962819606997073,1.6582911014556885,0.20677532255649567,0,0
M1_margin,medium,20,0.6666666666666666,0.4,1,8.5259428024292,0.009966043755412102,0.0047489856369793415,0.006009827367961407,1.6582911014556885,0.4765166640281677,0,0
M2_popmass,medium,20,0.6666666666666666,0.4,1,8.5259428024292,0.0019352666568011045,0.0004006811941508204,0.001167024951428175,1.6582911014556885,0.20704181492328644,0,0
M0_balanced,medium,20,0.6666666666666666,0.1,2,8.521895408630371,0.001147743663750589,0.00023732507543172687,0.000692230649292469,1.658036470413208,0.20677532255649567,0,0
M1_margin,medium,20,0.6666666666666666,0.1,2,8.521895408630371,0.009962232783436775,0.004747169092297554,0.006008450873196125,1.658036470413208,0.4765166640281677,0,0
M2_popmass,medium,20,0.6666666666666666,0.1,2,8.521895408630371,0.001927836798131466,0.00039914276567287743,0.001162722590379417,1.658036470413208,0.20704181492328644,0,0
M0_balanced,medium,20,0.6666666666666666,0.2,2,8.521895408630371,0.001147743663750589,0.00023732507543172687,0.000692230649292469,1.658036470413208,0.20677532255649567,0,0
M1_margin,medium,20,0.6666666666666666,0.2,2,8.521895408630371,0.009962232783436775,0.004747169092297554,0.006008450873196125,1.658036470413208,0.4765166640281677,0,0
M2_popmass,medium,20,0.6666666666666666,0.2,2,8.521895408630371,0.001927836798131466,0.00039914276567287743,0.001162722590379417,1.658036470413208,0.20704181492328644,0,0
M0_balanced,medium,20,0.6666666666666666,0.4,2,8.521895408630371,0.001147743663750589,0.00023732507543172687,0.000692230649292469,1.658036470413208,0.20677532255649567,0,0
M1_margin,medium,20,0.6666666666666666,0.4,2,8.521895408630371,0.009962232783436775,0.004747169092297554,0.006008450873196125,1.658036470413208,0.4765166640281677,0,0
M2_popmass,medium,20,0.6666666666666666,0.4,2,8.521895408630371,0.001927836798131466,0.00039914276567287743,0.001162722590379417,1.658036470413208,0.20704181492328644,0,0
M0_balanced,medium,21,0.6,0.1,0,10.421796798706055,0.003381772432476282,0.0006992670823819935,0.0020288547966629267,1.6668380498886108,0.20677532255649567,0,0
M1_margin,medium,21,0.6,0.1,0,10.421796798706055,0.013374489732086658,0.0063731675036251545,0.00802386924624443,1.6668380498886108,0.4765166640281677,0,0
M2_popmass,medium,21,0.6,0.1,0,10.421796798706055,0.003933932166546583,0.0008144884486682713,0.0023601166903972626,1.6668380498886108,0.20704181492328644,0,0
M0_balanced,medium,21,0.6,0.2,0,10.421796798706055,0.003381772432476282,0.0006992670823819935,0.0020288547966629267,1.6668380498886108,0.20677532255649567,0,0
M1_margin,medium,21,0.6,0.2,0,10.421796798706055,0.013374489732086658,0.0063731675036251545,0.00802386924624443,1.6668380498886108,0.4765166640281677,0,0
M2_popmass,medium,21,0.6,0.2,0,10.421796798706055,0.003933932166546583,0.0008144884486682713,0.0023601166903972626,1.6668380498886108,0.20704181492328644,0,0
M0_balanced,medium,21,0.6,0.4,0,10.421796798706055,0.003381772432476282,0.0006992670823819935,0.0020288547966629267,1.6668380498886108,0.20677532255649567,0,0
M1_margin,medium,21,0.6,0.4,0,10.421796798706055,0.013374489732086658,0.0063731675036251545,0.00802386924624443,1.6668380498886108,0.4765166640281677,0,0
M2_popmass,medium,21,0.6,0.4,0,10.421796798706055,0.003933932166546583,0.0008144884486682713,0.0023601166903972626,1.6668380498886108,0.20704181492328644,0,0
M0_balanced,medium,21,0.6,0.1,1,10.281572341918945,0.0028011268004775047,0.0005792039446532726,0.0017005191184580326,1.6472187042236328,0.20677532255649567,1,0
M1_margin,medium,21,0.6,0.1,1,10.281572341918945,0.010361997410655022,0.004937664605677128,0.006290602032095194,1.6472187042236328,0.4765166640281677,1,0
M2_popmass,medium,21,0.6,0.1,1,10.281572341918945,0.003284985199570656,0.0006801292765885592,0.0019942617509514093,1.6472187042236328,0.20704181492328644,1,0
M0_balanced,medium,21,0.6,0.2,1,10.281572341918945,0.0028011268004775047,0.0005792039446532726,0.0017005191184580326,1.6472187042236328,0.20677532255649567,1,0
M1_margin,medium,21,0.6,0.2,1,10.281572341918945,0.010361997410655022,0.004937664605677128,0.006290602032095194,1.6472187042236328,0.4765166640281677,1,0
M2_popmass,medium,21,0.6,0.2,1,10.281572341918945,0.003284985199570656,0.0006801292765885592,0.0019942617509514093,1.6472187042236328,0.20704181492328644,1,0
M0_balanced,medium,21,0.6,0.4,1,10.297307968139648,0.002797867404296994,0.0005785299581475556,0.0017163651064038277,1.6301120519638062,0.20677532255649567,1,1
M1_margin,medium,21,0.6,0.4,1,10.297307968139648,0.010251899249851704,0.004885201342403889,0.006289076991379261,1.6301120519638062,0.4765166640281677,1,1
M2_popmass,medium,21,0.6,0.4,1,10.297307968139648,0.003274337388575077,0.0006779247196391225,0.0020086579024791718,1.6301120519638062,0.20704181492328644,1,1
M0_balanced,medium,21,0.6,0.1,2,10.284078598022461,0.0027989076916128397,0.0005787450354546309,0.0016989604337140918,1.6474237442016602,0.20677532255649567,0,0
M1_margin,medium,21,0.6,0.1,2,10.284078598022461,0.010363254696130753,0.004938263446092606,0.00629058200865984,1.6474237442016602,0.4765166640281677,0,0
M2_popmass,medium,21,0.6,0.1,2,10.284078598022461,0.003283031517639756,0.0006797247333452106,0.001992827281355858,1.6474237442016602,0.20704181492328644,0,0
M0_balanced,medium,21,0.6,0.2,2,10.284078598022461,0.0027989076916128397,0.0005787450354546309,0.0016989604337140918,1.6474237442016602,0.20677532255649567,0,0
M1_margin,medium,21,0.6,0.2,2,10.284078598022461,0.010363254696130753,0.004938263446092606,0.00629058200865984,1.6474237442016602,0.4765166640281677,0,0
M2_popmass,medium,21,0.6,0.2,2,10.284078598022461,0.003283031517639756,0.0006797247333452106,0.001992827281355858,1.6474237442016602,0.20704181492328644,0,0
M0_balanced,medium,21,0.6,0.4,2,10.284078598022461,0.0027989076916128397,0.0005787450354546309,0.0016989604337140918,1.6474237442016602,0.20677532255649567,0,0
M1_margin,medium,21,0.6,0.4,2,10.284078598022461,0.010363254696130753,0.004938263446092606,0.00629058200865984,1.6474237442016602,0.4765166640281677,0,0
M2_popmass,medium,21,0.6,0.4,2,10.284078598022461,0.003283031517639756,0.0006797247333452106,0.001992827281355858,1.6474237442016602,0.20704181492328644,0,0
M0_balanced,medium,22,0.6,0.1,0,10.23437213897705,0.0057843648828566074,0.001196064054965973,0.0035277975257486105,1.6396535634994507,0.20677532255649567,1,1
M1_margin,medium,22,0.6,0.1,0,10.23437213897705,0.012964277528226376,0.006177695468068123,0.007906719110906124,1.6396535634994507,0.4765166640281677,1,1
M2_popmass,medium,22,0.6,0.1,0,10.23437213897705,0.00635782815515995,0.0013163360999897122,0.0038775429129600525,1.6396535634994507,0.20704181492328644,1,1
M0_balanced,medium,22,0.6,0.2,0,10.23437213897705,0.0057843648828566074,0.001196064054965973,0.0035277975257486105,1.6396535634994507,0.20677532255649567,1,1
M1_margin,medium,22,0.6,0.2,0,10.23437213897705,0.012964277528226376,0.006177695468068123,0.007906719110906124,1.6396535634994507,0.4765166640281677,1,1
M2_popmass,medium,22,0.6,0.2,0,10.23437213897705,0.00635782815515995,0.0013163360999897122,0.0038775429129600525,1.6396535634994507,0.20704181492328644,1,1
M0_balanced,medium,22,0.6,0.4,0,10.23437213897705,0.0057843648828566074,0.001196064054965973,0.0035277975257486105,1.6396535634994507,0.20677532255649567,1,1
M1_margin,medium,22,0.6,0.4,0,10.23437213897705,0.012964277528226376,0.006177695468068123,0.007906719110906124,1.6396535634994507,0.4765166640281677,1,1
M2_popmass,medium,22,0.6,0.4,0,10.23437213897705,0.00635782815515995,0.0013163360999897122,0.0038775429129600525,1.6396535634994507,0.20704181492328644,1,1
M0_balanced,medium,22,0.6,0.1,1,10.203048706054688,0.005152266472578049,0.0010653615463525057,0.003128425218164921,1.646920084953308,0.20677532255649567,0,0
M1_margin,medium,22,0.6,0.1,1,10.203048706054688,0.012847309932112694,0.006121956743299961,0.007800809107720852,1.646920084953308,0.4765166640281677,0,0
M2_popmass,medium,22,0.6,0.1,1,10.203048706054688,0.005708420183509588,0.0011818816419690847,0.003466118359938264,1.646920084953308,0.20704181492328644,0,0
M0_balanced,medium,22,0.6,0.2,1,10.203048706054688,0.005152266472578049,0.0010653615463525057,0.003128425218164921,1.646920084953308,0.20677532255649567,0,0
M1_margin,medium,22,0.6,0.2,1,10.203048706054688,0.012847309932112694,0.006121956743299961,0.007800809107720852,1.646920084953308,0.4765166640281677,0,0
M2_popmass,medium,22,0.6,0.2,1,10.203048706054688,0.005708420183509588,0.0011818816419690847,0.003466118359938264,1.646920084953308,0.20704181492328644,0,0
M0_balanced,medium,22,0.6,0.4,1,10.203048706054688,0.005152266472578049,0.0010653615463525057,0.003128425218164921,1.646920084953308,0.20677532255649567,0,0
M1_margin,medium,22,0.6,0.4,1,10.203048706054688,0.012847309932112694,0.006121956743299961,0.007800809107720852,1.646920084953308,0.4765166640281677,0,0
M2_popmass,medium,22,0.6,0.4,1,10.203048706054688,0.005708420183509588,0.0011818816419690847,0.003466118359938264,1.646920084953308,0.20704181492328644,0,0
M0_balanced,medium,22,0.6,0.1,2,10.318593978881836,0.005774877034127712,0.00119410187471658,0.0034760332200676203,1.6613409519195557,0.20677532255649567,0,0
M1_margin,medium,22,0.6,0.1,2,10.318593978881836,0.015514750964939594,0.007393037434667349,0.00933869183063507,1.6613409519195557,0.4765166640281677,0,0
M2_popmass,medium,22,0.6,0.1,2,10.318593978881836,0.006399441976100206,0.0013249521143734455,0.003851973917335272,1.6613409519195557,0.20704181492328644,0,0
M0_balanced,medium,22,0.6,0.2,2,10.318593978881836,0.005774877034127712,0.00119410187471658,0.0034760332200676203,1.6613409519195557,0.20677532255649567,0,0
M1_margin,medium,22,0.6,0.2,2,10.318593978881836,0.015514750964939594,0.007393037434667349,0.00933869183063507,1.6613409519195557,0.4765166640281677,0,0
M2_popmass,medium,22,0.6,0.2,2,10.318593978881836,0.006399441976100206,0.0013249521143734455,0.003851973917335272,1.6613409519195557,0.20704181492328644,0,0
M0_balanced,medium,22,0.6,0.4,2,10.318593978881836,0.005774877034127712,0.00119410187471658,0.0034760332200676203,1.6613409519195557,0.20677532255649567,0,0
M1_margin,medium,22,0.6,0.4,2,10.318593978881836,0.015514750964939594,0.007393037434667349,0.00933869183063507,1.6613409519195557,0.4765166640281677,0,0
M2_popmass,medium,22,0.6,0.4,2,10.318593978881836,0.006399441976100206,0.0013249521143734455,0.003851973917335272,1.6613409519195557,0.20704181492328644,0,0
M0_balanced,medium,23,0.5,0.1,0,8.591653823852539,0.005501545500010252,0.0011375837493687868,0.0033198168966919184,1.657183289527893,0.20677532255649567,0,0
M1_margin,medium,23,0.5,0.1,0,8.591653823852539,0.015538504347205162,0.0074043553322553635,0.00937645323574543,1.657183289527893,0.4765166640281677,0,0
M2_popmass,medium,23,0.5,0.1,0,8.591653823852539,0.0064642042852938175,0.0013383604818955064,0.0039007174782454967,1.657183289527893,0.20704181492328644,0,0
M0_balanced,medium,23,0.5,0.2,0,8.591653823852539,0.005501545500010252,0.0011375837493687868,0.0033198168966919184,1.657183289527893,0.20677532255649567,0,0
M1_margin,medium,23,0.5,0.2,0,8.591653823852539,0.015538504347205162,0.0074043553322553635,0.00937645323574543,1.657183289527893,0.4765166640281677,0,0
M2_popmass,medium,23,0.5,0.2,0,8.591653823852539,0.0064642042852938175,0.0013383604818955064,0.0039007174782454967,1.657183289527893,0.20704181492328644,0,0
M0_balanced,medium,23,0.5,0.4,0,8.591653823852539,0.005501545500010252,0.0011375837493687868,0.0033198168966919184,1.657183289527893,0.20677532255649567,0,0
M1_margin,medium,23,0.5,0.4,0,8.591653823852539,0.015538504347205162,0.0074043553322553635,0.00937645323574543,1.657183289527893,0.4765166640281677,0,0
M2_popmass,medium,23,0.5,0.4,0,8.591653823852539,0.0064642042852938175,0.0013383604818955064,0.0039007174782454967,1.657183289527893,0.20704181492328644,0,0
M0_balanced,medium,23,0.5,0.1,1,8.594733238220215,0.005492035765200853,0.0011356176109984517,0.0033136189449578524,1.657413363456726,0.20677532255649567,1,0
M1_margin,medium,23,0.5,0.1,1,8.594733238220215,0.015603069216012955,0.007435122970491648,0.009414109401404858,1.657413363456726,0.4765166640281677,1,0
M2_popmass,medium,23,0.5,0.1,1,8.594733238220215,0.006455413997173309,0.0013365407940000296,0.003894873196259141,1.657413363456726,0.20704181492328644,1,0
M0_balanced,medium,23,0.5,0.2,1,8.594733238220215,0.005492035765200853,0.0011356176109984517,0.0033136189449578524,1.657413363456726,0.20677532255649567,1,0
M1_margin,medium,23,0.5,0.2,1,8.594733238220215,0.015603069216012955,0.007435122970491648,0.009414109401404858,1.657413363456726,0.4765166640281677,1,0
M2_popmass,medium,23,0.5,0.2,1,8.594733238220215,0.006455413997173309,0.0013365407940000296,0.003894873196259141,1.657413363456726,0.20704181492328644,1,0
M0_balanced,medium,23,0.5,0.4,1,8.540342330932617,0.006731212604790926,0.001391848549246788,0.004100149031728506,1.6416994333267212,0.20677532255649567,1,2
M1_margin,medium,23,0.5,0.4,1,8.540342330932617,0.015623407438397408,0.007444815244525671,0.009516607969999313,1.6416994333267212,0.4765166640281677,1,2
M2_popmass,medium,23,0.5,0.4,1,8.540342330932617,0.007705256342887878,0.0015953105175867677,0.0046934643760323524,1.6416994333267212,0.20704181492328644,1,2
M0_balanced,medium,23,0.5,0.1,2,8.59768009185791,0.00550072779878974,0.001137414830736816,0.003317792434245348,1.6579482555389404,0.20677532255649567,0,0
M1_margin,medium,23,0.5,0.1,2,8.59768009185791,0.015607832930982113,0.007437393069267273,0.009413945488631725,1.6579482555389404,0.4765166640281677,0,0
M2_popmass,medium,23,0.5,0.1,2,8.59768009185791,0.006464779376983643,0.001338479807600379,0.0038992653135210276,1.6579482555389404,0.20704181492328644,0,0
M0_balanced,medium,23,0.5,0.2,2,8.59768009185791,0.00550072779878974,0.001137414830736816,0.003317792434245348,1.6579482555389404,0.20677532255649567,0,0
M1_margin,medium,23,0.5,0.2,2,8.59768009185791,0.015607832930982113,0.007437393069267273,0.009413945488631725,1.6579482555389404,0.4765166640281677,0,0
M2_popmass,medium,23,0.5,0.2,2,8.59768009185791,0.006464779376983643,0.001338479807600379,0.0038992653135210276,1.6579482555389404,0.20704181492328644,0,0
M0_balanced,medium,23,0.5,0.4,2,8.59768009185791,0.00550072779878974,0.001137414830736816,0.003317792434245348,1.6579482555389404,0.20677532255649567,0,0
M1_margin,medium,23,0.5,0.4,2,8.59768009185791,0.015607832930982113,0.007437393069267273,0.009413945488631725,1.6579482555389404,0.4765166640281677,0,0
M2_popmass,medium,23,0.5,0.4,2,8.59768009185791,0.006464779376983643,0.001338479807600379,0.0038992653135210276,1.6579482555389404,0.20704181492328644,0,0
M0_balanced,medium,24,0.5,0.1,0,11.198568344116211,0.0045998115092515945,0.0009511275566183031,0.00279131974093616,1.647898554801941,0.20677532255649567,1,0
M1_margin,medium,24,0.5,0.1,0,11.198568344116211,0.012373902834951878,0.005896371323615313,0.0075088986195623875,1.647898554801941,0.4765166640281677,1,0
M2_popmass,medium,24,0.5,0.1,0,11.198568344116211,0.005140997003763914,0.0010644013527780771,0.0031197292264550924,1.647898554801941,0.20704181492328644,1,0
M0_balanced,medium,24,0.5,0.2,0,11.12823486328125,0.004593351855874062,0.0009497919236309826,0.0028367722406983376,1.619217872619629,0.20677532255649567,1,1
M1_margin,medium,24,0.5,0.2,0,11.12823486328125,0.011437161825597286,0.005449996795505285,0.007063385099172592,1.619217872619629,0.4765166640281677,1,1
M2_popmass,medium,24,0.5,0.2,0,11.12823486328125,0.0051070768386125565,0.0010573783656582236,0.003154038917273283,1.619217872619629,0.20704181492328644,1,1
M0_balanced,medium,24,0.5,0.4,0,11.042410850524902,0.005262392573058605,0.0010881329653784633,0.0032694125548005104,1.6095836162567139,0.20677532255649567,1,2
M1_margin,medium,24,0.5,0.4,0,11.042410850524902,0.011615971103310585,0.005535203497856855,0.007216754835098982,1.6095836162567139,0.4765166640281677,1,2
M2_popmass,medium,24,0.5,0.4,0,11.042410850524902,0.005794955417513847,0.0011997981928288937,0.003600282594561577,1.6095836162567139,0.20704181492328644,1,2
M0_balanced,medium,24,0.5,0.1,1,11.207963943481445,0.004913033917546272,0.0010158941149711609,0.002990914508700371,1.6426526308059692,0.20677532255649567,1,1
M1_margin,medium,24,0.5,0.1,1,11.207963943481445,0.013236944563686848,0.006307625211775303,0.008058274164795876,1.6426526308059692,0.4765166640281677,1,1
M2_popmass,medium,24,0.5,0.1,1,11.207963943481445,0.005475687328726053,0.0011336960596963763,0.003333441447466612,1.6426526308059692,0.20704181492328644,1,1
M0_balanced,medium,24,0.5,0.2,1,11.207963943481445,0.004913033917546272,0.0010158941149711609,0.002990914508700371,1.6426526308059692,0.20677532255649567,1,1
M1_margin,medium,24,0.5,0.2,1,11.207963943481445,0.013236944563686848,0.006307625211775303,0.008058274164795876,1.6426526308059692,0.4765166640281677,1,1
M2_popmass,medium,24,0.5,0.2,1,11.207963943481445,0.005475687328726053,0.0011336960596963763,0.003333441447466612,1.6426526308059692,0.20704181492328644,1,1
M0_balanced,medium,24,0.5,0.4,1,11.207963943481445,0.004913033917546272,0.0010158941149711609,0.002990914508700371,1.6426526308059692,0.20677532255649567,1,1
M1_margin,medium,24,0.5,0.4,1,11.207963943481445,0.013236944563686848,0.006307625211775303,0.008058274164795876,1.6426526308059692,0.4765166640281677,1,1
M2_popmass,medium,24,0.5,0.4,1,11.207963943481445,0.005475687328726053,0.0011336960596963763,0.003333441447466612,1.6426526308059692,0.20704181492328644,1,1
M0_balanced,medium,24,0.5,0.1,2,11.195268630981445,0.004578533116728067,0.0009467278141528368,0.002781907794997096,1.6458251476287842,0.20677532255649567,0,0
M1_margin,medium,24,0.5,0.1,2,11.195268630981445,0.012345150113105774,0.005882669240236282,0.007500886917114258,1.6458251476287842,0.4765166640281677,0,0
M2_popmass,medium,24,0.5,0.1,2,11.195268630981445,0.005117689725011587,0.0010595758212730289,0.0031094979494810104,1.6458251476287842,0.20704181492328644,0,0
M0_balanced,medium,24,0.5,0.2,2,11.195268630981445,0.004578533116728067,0.0009467278141528368,0.002781907794997096,1.6458251476287842,0.20677532255649567,0,0
M1_margin,medium,24,0.5,0.2,2,11.195268630981445,0.012345150113105774,0.005882669240236282,0.007500886917114258,1.6458251476287842,0.4765166640281677,0,0
M2_popmass,medium,24,0.5,0.2,2,11.195268630981445,0.005117689725011587,0.0010595758212730289,0.0031094979494810104,1.6458251476287842,0.20704181492328644,0,0
M0_balanced,medium,24,0.5,0.4,2,11.195268630981445,0.004578533116728067,0.0009467278141528368,0.002781907794997096,1.6458251476287842,0.20677532255649567,0,0
M1_margin,medium,24,0.5,0.4,2,11.195268630981445,0.012345150113105774,0.005882669240236282,0.007500886917114258,1.6458251476287842,0.4765166640281677,0,0
M2_popmass,medium,24,0.5,0.4,2,11.195268630981445,0.005117689725011587,0.0010595758212730289,0.0031094979494810104,1.6458251476287842,0.20704181492328644,0,0
M0_balanced,medium,25,0.5,0.1,0,9.403717994689941,0.004827443044632673,0.000998196192085743,0.002838917775079608,1.7004520893096924,0.20677532255649567,1,0
M1_margin,medium,25,0.5,0.1,0,9.403717994689941,0.02026968263089657,0.009658842347562313,0.011920173652470112,1.7004520893096924,0.4765166640281677,1,0
M2_popmass,medium,25,0.5,0.1,0,9.403717994689941,0.005655904766172171,0.0011710090329870582,0.0033261189237236977,1.7004520893096924,0.20704181492328644,1,0
M0_balanced,medium,25,0.5,0.2,0,9.298591613769531,0.005413438659161329,0.0011193656828254461,0.0032150784973055124,1.6837657690048218,0.20677532255649567,1,1
M1_margin,medium,25,0.5,0.2,0,9.298591613769531,0.018528368324041367,0.00882907584309578,0.011004123836755753,1.6837657690048218,0.4765166640281677,1,1
M2_popmass,medium,25,0.5,0.2,0,9.298591613769531,0.006231007631868124,0.0012900790898129344,0.0037006379570811987,1.6837657690048218,0.20704181492328644,1,1
M0_balanced,medium,25,0.5,0.4,0,9.298591613769531,0.005413438659161329,0.0011193656828254461,0.0032150784973055124,1.6837657690048218,0.20677532255649567,1,1
M1_margin,medium,25,0.5,0.4,0,9.298591613769531,0.018528368324041367,0.00882907584309578,0.011004123836755753,1.6837657690048218,0.4765166640281677,1,1
M2_popmass,medium,25,0.5,0.4,0,9.298591613769531,0.006231007631868124,0.0012900790898129344,0.0037006379570811987,1.6837657690048218,0.20704181492328644,1,1
M0_balanced,medium,25,0.5,0.1,1,9.378994941711426,0.005296296905726194,0.0010951434960588813,0.0031380211003124714,1.6877824068069458,0.20677532255649567,1,1
M1_margin,medium,25,0.5,0.1,1,9.378994941711426,0.01716293953359127,0.008178425021469593,0.010168926790356636,1.6877824068069458,0.4765166640281677,1,1
M2_popmass,medium,25,0.5,0.1,1,9.378994941711426,0.006093946285545826,0.001261701574549079,0.003610622836276889,1.6877824068069458,0.20704181492328644,1,1
M0_balanced,medium,25,0.5,0.2,1,9.378994941711426,0.005296296905726194,0.0010951434960588813,0.0031380211003124714,1.6877824068069458,0.20677532255649567,1,1
M1_margin,medium,25,0.5,0.2,1,9.378994941711426,0.01716293953359127,0.008178425021469593,0.010168926790356636,1.6877824068069458,0.4765166640281677,1,1
M2_popmass,medium,25,0.5,0.2,1,9.378994941711426,0.006093946285545826,0.001261701574549079,0.003610622836276889,1.6877824068069458,0.20704181492328644,1,1
M0_balanced,medium,25,0.5,0.4,1,9.378994941711426,0.005296296905726194,0.0010951434960588813,0.0031380211003124714,1.6877824068069458,0.20677532255649567,1,1
M1_margin,medium,25,0.5,0.4,1,9.378994941711426,0.01716293953359127,0.008178425021469593,0.010168926790356636,1.6877824068069458,0.4765166640281677,1,1
M2_popmass,medium,25,0.5,0.4,1,9.378994941711426,0.006093946285545826,0.001261701574549079,0.003610622836276889,1.6877824068069458,0.20704181492328644,1,1
M0_balanced,medium,25,0.5,0.1,2,9.364927291870117,0.005338190123438835,0.0011038059601560235,0.003157031489536166,1.6908891201019287,0.20677532255649567,1,1
M1_margin,medium,25,0.5,0.1,2,9.364927291870117,0.02011164464056492,0.009583534672856331,0.011894124560058117,1.6908891201019287,0.4765166640281677,1,1
M2_popmass,medium,25,0.5,0.1,2,9.364927291870117,0.006176470313221216,0.0012787876185029745,0.003652794286608696,1.6908891201019287,0.20704181492328644,1,1
M0_balanced,medium,25,0.5,0.2,2,9.364927291870117,0.005338190123438835,0.0011038059601560235,0.003157031489536166,1.6908891201019287,0.20677532255649567,1,1
M1_margin,medium,25,0.5,0.2,2,9.364927291870117,0.02011164464056492,0.009583534672856331,0.011894124560058117,1.6908891201019287,0.4765166640281677,1,1
M2_popmass,medium,25,0.5,0.2,2,9.364927291870117,0.006176470313221216,0.0012787876185029745,0.003652794286608696,1.6908891201019287,0.20704181492328644,1,1
M0_balanced,medium,25,0.5,0.4,2,9.364927291870117,0.005338190123438835,0.0011038059601560235,0.003157031489536166,1.6908891201019287,0.20677532255649567,1,1
M1_margin,medium,25,0.5,0.4,2,9.364927291870117,0.02011164464056492,0.009583534672856331,0.011894124560058117,1.6908891201019287,0.4765166640281677,1,1
M2_popmass,medium,25,0.5,0.4,2,9.364927291870117,0.006176470313221216,0.0012787876185029745,0.003652794286608696,1.6908891201019287,0.20704181492328644,1,1
M0_balanced,medium,26,0.6,0.1,0,9.705829620361328,0.00313957198522985,0.000649186025839299,0.0019280173582956195,1.6283940076828003,0.20677532255649567,0,0
M1_margin,medium,26,0.6,0.1,0,9.705829620361328,0.012004982680082321,0.005720573477447033,0.007372282911092043,1.6283940076828003,0.4765166640281677,0,0
M2_popmass,medium,26,0.6,0.1,0,9.705829620361328,0.003695377381518483,0.0007650976767763495,0.002269338583573699,1.6283940076828003,0.20704181492328644,0,0
M0_balanced,medium,26,0.6,0.2,0,9.705829620361328,0.00313957198522985,0.000649186025839299,0.0019280173582956195,1.6283940076828003,0.20677532255649567,0,0
M1_margin,medium,26,0.6,0.2,0,9.705829620361328,0.012004982680082321,0.005720573477447033,0.007372282911092043,1.6283940076828003,0.4765166640281677,0,0
M2_popmass,medium,26,0.6,0.2,0,9.705829620361328,0.003695377381518483,0.0007650976767763495,0.002269338583573699,1.6283940076828003,0.20704181492328644,0,0
M0_balanced,medium,26,0.6,0.4,0,9.705829620361328,0.00313957198522985,0.000649186025839299,0.0019280173582956195,1.6283940076828003,0.20677532255649567,0,0
M1_margin,medium,26,0.6,0.4,0,9.705829620361328,0.012004982680082321,0.005720573477447033,0.007372282911092043,1.6283940076828003,0.4765166640281677,0,0
M2_popmass,medium,26,0.6,0.4,0,9.705829620361328,0.003695377381518483,0.0007650976767763495,0.002269338583573699,1.6283940076828003,0.20704181492328644,0,0
M0_balanced,medium,26,0.6,0.1,1,9.783769607543945,0.0035656022373586893,0.0007372786058112979,0.002173245884478092,1.6406806707382202,0.20677532255649567,1,0
M1_margin,medium,26,0.6,0.1,1,9.783769607543945,0.015095426701009274,0.007193222176283598,0.009200709871947765,1.6406806707382202,0.4765166640281677,1,0
M2_popmass,medium,26,0.6,0.1,1,9.783769607543945,0.004187355283647776,0.0008669575909152627,0.002552206162363291,1.6406806707382202,0.20704181492328644,1,0
M0_balanced,medium,26,0.6,0.2,1,9.783769607543945,0.0035656022373586893,0.0007372786058112979,0.002173245884478092,1.6406806707382202,0.20677532255649567,1,0
M1_margin,medium,26,0.6,0.2,1,9.783769607543945,0.015095426701009274,0.007193222176283598,0.009200709871947765,1.6406806707382202,0.4765166640281677,1,0
M2_popmass,medium,26,0.6,0.2,1,9.783769607543945,0.004187355283647776,0.0008669575909152627,0.002552206162363291,1.6406806707382202,0.20704181492328644,1,0
M0_balanced,medium,26,0.6,0.4,1,9.766845703125,0.0033181628677994013,0.0006861142464913428,0.002023676410317421,1.6396708488464355,0.20677532255649567,1,1
M1_margin,medium,26,0.6,0.4,1,9.766845703125,0.014820558950304985,0.0070622446946799755,0.009038742631673813,1.6396708488464355,0.4765166640281677,1,1
M2_popmass,medium,26,0.6,0.4,1,9.766845703125,0.003928395453840494,0.0008133421069942415,0.002395843854174018,1.6396708488464355,0.20704181492328644,1,1
M0_balanced,medium,26,0.6,0.1,2,9.783332824707031,0.0035847611725330353,0.0007412401027977467,0.002183977048844099,1.6413912773132324,0.20677532255649567,1,0
M1_margin,medium,26,0.6,0.1,2,9.783332824707031,0.01512529794126749,0.0072074574418365955,0.00921492651104927,1.6413912773132324,0.4765166640281677,1,0
M2_popmass,medium,26,0.6,0.1,2,9.783332824707031,0.004207644611597061,0.0008711584960110486,0.0025634625926613808,1.6413912773132324,0.20704181492328644,1,0
M0_balanced,medium,26,0.6,0.2,2,9.799432754516602,0.003523970255628228,0.0007286700420081615,0.0021468487102538347,1.641461730003357,0.20677532255649567,1,1
M1_margin,medium,26,0.6,0.2,2,9.799432754516602,0.014980779029428959,0.007138589862734079,0.009126485325396061,1.641461730003357,0.4765166640281677,1,1
M2_popmass,medium,26,0.6,0.2,2,9.799432754516602,0.004144279286265373,0.0008580390131101012,0.0025247489102184772,1.641461730003357,0.20704181492328644,1,1
M0_balanced,medium,26,0.6,0.4,2,9.799432754516602,0.003523970255628228,0.0007286700420081615,0.0021468487102538347,1.641461730003357,0.20677532255649567,1,1
M1_margin,medium,26,0.6,0.4,2,9.799432754516602,0.014980779029428959,0.007138589862734079,0.009126485325396061,1.641461730003357,0.4765166640281677,1,1
M2_popmass,medium,26,0.6,0.4,2,9.799432754516602,0.004144279286265373,0.0008580390131101012,0.0025247489102184772,1.641461730003357,0.20704181492328644,1,1
M0_balanced,medium,27,0.6,0.1,0,8.064630508422852,0.0011911798501387239,0.00024630659027025104,0.0007635666988790035,1.5600206851959229,0.20677532255649567,1,0
M1_margin,medium,27,0.6,0.1,0,8.064630508422852,0.008324164897203445,0.0039666034281253815,0.005335932597517967,1.5600206851959229,0.4765166640281677,1,0
M2_popmass,medium,27,0.6,0.1,0,8.064630508422852,0.0021593263372778893,0.0004470708081498742,0.0013841650215908885,1.5600206851959229,0.20704181492328644,1,0
M0_balanced,medium,27,0.6,0.2,0,8.064630508422852,0.0011911798501387239,0.00024630659027025104,0.0007635666988790035,1.5600206851959229,0.20677532255649567,1,0
M1_margin,medium,27,0.6,0.2,0,8.064630508422852,0.008324164897203445,0.0039666034281253815,0.005335932597517967,1.5600206851959229,0.4765166640281677,1,0
M2_popmass,medium,27,0.6,0.2,0,8.064630508422852,0.0021593263372778893,0.0004470708081498742,0.0013841650215908885,1.5600206851959229,0.20704181492328644,1,0
M0_balanced,medium,27,0.6,0.4,0,8.064630508422852,0.0011911798501387239,0.00024630659027025104,0.0007635666988790035,1.5600206851959229,0.20677532255649567,1,0
M1_margin,medium,27,0.6,0.4,0,8.064630508422852,0.008324164897203445,0.0039666034281253815,0.005335932597517967,1.5600206851959229,0.4765166640281677,1,0
M2_popmass,medium,27,0.6,0.4,0,8.064630508422852,0.0021593263372778893,0.0004470708081498742,0.0013841650215908885,1.5600206851959229,0.20704181492328644,1,0
M0_balanced,medium,27,0.6,0.1,1,8.09988021850586,0.0021303521934896708,0.00044050419819541276,0.0013419451424852014,1.587510347366333,0.20677532255649567,0,0
M1_margin,medium,27,0.6,0.1,1,8.09988021850586,0.01098114438354969,0.00523269921541214,0.006917212158441544,1.587510347366333,0.4765166640281677,0,0
M2_popmass,medium,27,0.6,0.1,1,8.09988021850586,0.003189390990883112,0.000660337449517101,0.002009052550420165,1.587510347366333,0.20704181492328644,0,0
M0_balanced,medium,27,0.6,0.2,1,8.09988021850586,0.0021303521934896708,0.00044050419819541276,0.0013419451424852014,1.587510347366333,0.20677532255649567,0,0
M1_margin,medium,27,0.6,0.2,1,8.09988021850586,0.01098114438354969,0.00523269921541214,0.006917212158441544,1.587510347366333,0.4765166640281677,0,0
M2_popmass,medium,27,0.6,0.2,1,8.09988021850586,0.003189390990883112,0.000660337449517101,0.002009052550420165,1.587510347366333,0.20704181492328644,0,0
M0_balanced,medium,27,0.6,0.4,1,8.09988021850586,0.0021303521934896708,0.00044050419819541276,0.0013419451424852014,1.587510347366333,0.20677532255649567,0,0
M1_margin,medium,27,0.6,0.4,1,8.09988021850586,0.01098114438354969,0.00523269921541214,0.006917212158441544,1.587510347366333,0.4765166640281677,0,0
M2_popmass,medium,27,0.6,0.4,1,8.09988021850586,0.003189390990883112,0.000660337449517101,0.002009052550420165,1.587510347366333,0.20704181492328644,0,0
M0_balanced,medium,27,0.6,0.1,2,8.099578857421875,0.0021292653400450945,0.00044027960393577814,0.0013414215063676238,1.5873204469680786,0.20677532255649567,0,0
M1_margin,medium,27,0.6,0.1,2,8.099578857421875,0.011014302261173725,0.005248499568551779,0.006938929203897715,1.5873204469680786,0.4765166640281677,0,0
M2_popmass,medium,27,0.6,0.1,2,8.099578857421875,0.0031886633951216936,0.0006601867498829961,0.0020088343881070614,1.5873204469680786,0.20704181492328644,0,0
M0_balanced,medium,27,0.6,0.2,2,8.099578857421875,0.0021292653400450945,0.00044027960393577814,0.0013414215063676238,1.5873204469680786,0.20677532255649567,0,0
M1_margin,medium,27,0.6,0.2,2,8.099578857421875,0.011014302261173725,0.005248499568551779,0.006938929203897715,1.5873204469680786,0.4765166640281677,0,0
M2_popmass,medium,27,0.6,0.2,2,8.099578857421875,0.0031886633951216936,0.0006601867498829961,0.0020088343881070614,1.5873204469680786,0.20704181492328644,0,0
M0_balanced,medium,27,0.6,0.4,2,8.099578857421875,0.0021292653400450945,0.00044027960393577814,0.0013414215063676238,1.5873204469680786,0.20677532255649567,0,0
M1_margin,medium,27,0.6,0.4,2,8.099578857421875,0.011014302261173725,0.005248499568551779,0.006938929203897715,1.5873204469680786,0.4765166640281677,0,0
M2_popmass,medium,27,0.6,0.4,2,8.099578857421875,0.0031886633951216936,0.0006601867498829961,0.0020088343881070614,1.5873204469680786,0.20704181492328644,0,0
M0_balanced,medium,28,0.6,0.1,0,12.277271270751953,0.004920260049402714,0.0010173884220421314,0.0030151496175676584,1.6318461894989014,0.20677532255649567,0,0
M1_margin,medium,28,0.6,0.1,0,12.277271270751953,0.014141463674604893,0.006738642696291208,0.008665928617119789,1.6318461894989014,0.4765166640281677,0,0
M2_popmass,medium,28,0.6,0.1,0,12.277271270751953,0.005431243218481541,0.0011244944762438536,0.003328281221911311,1.6318461894989014,0.20704181492328644,0,0
M0_balanced,medium,28,0.6,0.2,0,12.277271270751953,0.004920260049402714,0.0010173884220421314,0.0030151496175676584,1.6318461894989014,0.20677532255649567,0,0
M1_margin,medium,28,0.6,0.2,0,12.277271270751953,0.014141463674604893,0.006738642696291208,0.008665928617119789,1.6318461894989014,0.4765166640281677,0,0
M2_popmass,medium,28,0.6,0.2,0,12.277271270751953,0.005431243218481541,0.0011244944762438536,0.003328281221911311,1.6318461894989014,0.20704181492328644,0,0
M0_balanced,medium,28,0.6,0.4,0,12.277271270751953,0.004920260049402714,0.0010173884220421314,0.0030151496175676584,1.6318461894989014,0.20677532255649567,0,0
M1_margin,medium,28,0.6,0.4,0,12.277271270751953,0.014141463674604893,0.006738642696291208,0.008665928617119789,1.6318461894989014,0.4765166640281677,0,0
M2_popmass,medium,28,0.6,0.4,0,12.277271270751953,0.005431243218481541,0.0011244944762438536,0.003328281221911311,1.6318461894989014,0.20704181492328644,0,0
M0_balanced,medium,28,0.6,0.1,1,12.215368270874023,0.004890832584351301,0.0010113036260008812,0.0029870939906686544,1.6373214721679688,0.20677532255649567,0,0
M1_margin,medium,28,0.6,0.1,1,12.215368270874023,0.01526404544711113,0.007273572962731123,0.009322571568191051,1.6373214721679688,0.4765166640281677,0,0
M2_popmass,medium,28,0.6,0.1,1,12.215368270874023,0.005430108867585659,0.0011242595501244068,0.003316458547487855,1.6373214721679688,0.20704181492328644,0,0
M0_balanced,medium,28,0.6,0.2,1,12.215368270874023,0.004890832584351301,0.0010113036260008812,0.0029870939906686544,1.6373214721679688,0.20677532255649567,0,0
M1_margin,medium,28,0.6,0.2,1,12.215368270874023,0.01526404544711113,0.007273572962731123,0.009322571568191051,1.6373214721679688,0.4765166640281677,0,0
M2_popmass,medium,28,0.6,0.2,1,12.215368270874023,0.005430108867585659,0.0011242595501244068,0.003316458547487855,1.6373214721679688,0.20704181492328644,0,0
M0_balanced,medium,28,0.6,0.4,1,12.215368270874023,0.004890832584351301,0.0010113036260008812,0.0029870939906686544,1.6373214721679688,0.20677532255649567,0,0
M1_margin,medium,28,0.6,0.4,1,12.215368270874023,0.01526404544711113,0.007273572962731123,0.009322571568191051,1.6373214721679688,0.4765166640281677,0,0
M2_popmass,medium,28,0.6,0.4,1,12.215368270874023,0.005430108867585659,0.0011242595501244068,0.003316458547487855,1.6373214721679688,0.20704181492328644,0,0
M0_balanced,medium,28,0.6,0.1,2,12.216660499572754,0.00490522338077426,0.0010142790852114558,0.0029955313075333834,1.637513518333435,0.20677532255649567,0,0
M1_margin,medium,28,0.6,0.1,2,12.216660499572754,0.015300488099455833,0.007290937472134829,0.00934373214840889,1.637513518333435,0.4765166640281677,0,0
M2_popmass,medium,28,0.6,0.1,2,12.216660499572754,0.005445373710244894,0.00112742034252733,0.003325392259284854,1.637513518333435,0.20704181492328644,0,0
M0_balanced,medium,28,0.6,0.2,2,12.216660499572754,0.00490522338077426,0.0010142790852114558,0.0029955313075333834,1.637513518333435,0.20677532255649567,0,0
M1_margin,medium,28,0.6,0.2,2,12.216660499572754,0.015300488099455833,0.007290937472134829,0.00934373214840889,1.637513518333435,0.4765166640281677,0,0
M2_popmass,medium,28,0.6,0.2,2,12.216660499572754,0.005445373710244894,0.00112742034252733,0.003325392259284854,1.637513518333435,0.20704181492328644,0,0
M0_balanced,medium,28,0.6,0.4,2,12.216660499572754,0.00490522338077426,0.0010142790852114558,0.0029955313075333834,1.637513518333435,0.20677532255649567,0,0
M1_margin,medium,28,0.6,0.4,2,12.216660499572754,0.015300488099455833,0.007290937472134829,0.00934373214840889,1.637513518333435,0.4765166640281677,0,0
M2_popmass,medium,28,0.6,0.4,2,12.216660499572754,0.005445373710244894,0.00112742034252733,0.003325392259284854,1.637513518333435,0.20704181492328644,0,0
M0_balanced,medium,29,0.5,0.1,0,10.651281356811523,-0.0019247932359576225,-0.00039799988735467196,-0.001168717979453504,1.6469275951385498,0.20677532255649567,1,0
M1_margin,medium,29,0.5,0.1,0,10.651281356811523,0.008016655221581459,0.0038200686685740948,0.004867641255259514,1.6469275951385498,0.4765166640281677,1,0
M2_popmass,medium,29,0.5,0.1,0,10.651281356811523,-0.0015847892500460148,-0.0003281176614109427,-0.0009622701909393072,1.6469275951385498,0.20704181492328644,1,0
M0_balanced,medium,29,0.5,0.2,0,10.651281356811523,-0.0019247932359576225,-0.00039799988735467196,-0.001168717979453504,1.6469275951385498,0.20677532255649567,1,0
M1_margin,medium,29,0.5,0.2,0,10.651281356811523,0.008016655221581459,0.0038200686685740948,0.004867641255259514,1.6469275951385498,0.4765166640281677,1,0
M2_popmass,medium,29,0.5,0.2,0,10.651281356811523,-0.0015847892500460148,-0.0003281176614109427,-0.0009622701909393072,1.6469275951385498,0.20704181492328644,1,0
M0_balanced,medium,29,0.5,0.4,0,10.683723449707031,-0.002428168896585703,-0.0005020851385779679,-0.0014786518877372146,1.642149567604065,0.20677532255649567,1,1
M1_margin,medium,29,0.5,0.4,0,10.683723449707031,0.0064223213121294975,0.003060343209654093,0.0039109233766794205,1.642149567604065,0.4765166640281677,1,1
M2_popmass,medium,29,0.5,0.4,0,10.683723449707031,-0.0021327000577002764,-0.0004415580187924206,-0.001298724440857768,1.642149567604065,0.20704181492328644,1,1
M0_balanced,medium,29,0.5,0.1,1,10.683154106140137,-0.002429352607578039,-0.0005023302510380745,-0.0014793158043175936,1.6422138214111328,0.20677532255649567,1,1
M1_margin,medium,29,0.5,0.1,1,10.683154106140137,0.006432221736758947,0.003065061289817095,0.003916800022125244,1.6422138214111328,0.4765166640281677,1,1
M2_popmass,medium,29,0.5,0.1,1,10.683154106140137,-0.002133769216015935,-0.00044177958625368774,-0.0012993252603337169,1.6422138214111328,0.20704181492328644,1,1
M0_balanced,medium,29,0.5,0.2,1,10.683154106140137,-0.002429352607578039,-0.0005023302510380745,-0.0014793158043175936,1.6422138214111328,0.20677532255649567,1,1
M1_margin,medium,29,0.5,0.2,1,10.683154106140137,0.006432221736758947,0.003065061289817095,0.003916800022125244,1.6422138214111328,0.4765166640281677,1,1
M2_popmass,medium,29,0.5,0.2,1,10.683154106140137,-0.002133769216015935,-0.00044177958625368774,-0.0012993252603337169,1.6422138214111328,0.20704181492328644,1,1
M0_balanced,medium,29,0.5,0.4,1,10.701345443725586,-0.00280477711930871,-0.0005799588398076594,-0.001711660297587514,1.6386299133300781,0.20677532255649567,1,2
M1_margin,medium,29,0.5,0.4,1,10.701345443725586,0.006047711241990328,0.0028818354476243258,0.003690712619572878,1.6386299133300781,0.4765166640281677,1,2
M2_popmass,medium,29,0.5,0.4,1,10.701345443725586,-0.002528892830014229,-0.0005235865828581154,-0.0015432971995323896,1.6386299133300781,0.20704181492328644,1,2
M0_balanced,medium,29,0.5,0.1,2,10.650285720825195,-0.0019163822289556265,-0.0003962605260312557,-0.0011635939590632915,1.6469509601593018,0.20677532255649567,1,0
M1_margin,medium,29,0.5,0.1,2,10.650285720825195,0.008046053349971771,0.0038340778555721045,0.004885422997176647,1.6469509601593018,0.4765166640281677,1,0
M2_popmass,medium,29,0.5,0.1,2,10.650285720825195,-0.0015757185174152255,-0.0003262398240622133,-0.0009567494853399694,1.6469509601593018,0.20704181492328644,1,0
M0_balanced,medium,29,0.5,0.2,2,10.650285720825195,-0.0019163822289556265,-0.0003962605260312557,-0.0011635939590632915,1.6469509601593018,0.20677532255649567,1,0
M1_margin,medium,29,0.5,0.2,2,10.650285720825195,0.008046053349971771,0.0038340778555721045,0.004885422997176647,1.6469509601593018,0.4765166640281677,1,0
M2_popmass,medium,29,0.5,0.2,2,10.650285720825195,-0.0015757185174152255,-0.0003262398240622133,-0.0009567494853399694,1.6469509601593018,0.20704181492328644,1,0
M0_balanced,medium,29,0.5,0.4,2,10.682889938354492,-0.00242295628413558,-0.0005010075401514769,-0.0014754731673747301,1.642155408859253,0.20677532255649567,1,1
M1_margin,medium,29,0.5,0.4,2,10.682889938354492,0.006440542172640562,0.0030690261628478765,0.003922006115317345,1.642155408859253,0.4765166640281677,1,1
M2_popmass,medium,29,0.5,0.4,2,10.682889938354492,-0.0021270448341965675,-0.00044038714258931577,-0.0012952759861946106,1.642155408859253,0.20704181492328644,1,1
M0_balanced,medium,30,0.6666666666666666,0.1,0,8.281248092651367,-0.00026822558720596135,-5.546236934605986e-05,-0.00016595730266999453,1.6162307262420654,0.20677532255649567,1,1
M1_margin,medium,30,0.6666666666666666,0.1,0,8.281248092651367,0.008689749985933304,0.004140808712691069,0.005376550368964672,1.6162307262420654,0.4765166640281677,1,1
M2_popmass,medium,30,0.6666666666666666,0.1,0,8.281248092651367,0.0006078654550947249,0.0001258535630768165,0.0003761006810236722,1.6162307262420654,0.20704181492328644,1,1
M0_balanced,medium,30,0.6666666666666666,0.2,0,8.281248092651367,-0.00026822558720596135,-5.546236934605986e-05,-0.00016595730266999453,1.6162307262420654,0.20677532255649567,1,1
M1_margin,medium,30,0.6666666666666666,0.2,0,8.281248092651367,0.008689749985933304,0.004140808712691069,0.005376550368964672,1.6162307262420654,0.4765166640281677,1,1
M2_popmass,medium,30,0.6666666666666666,0.2,0,8.281248092651367,0.0006078654550947249,0.0001258535630768165,0.0003761006810236722,1.6162307262420654,0.20704181492328644,1,1
M0_balanced,medium,30,0.6666666666666666,0.4,0,8.289826393127441,-0.0003462013555690646,-7.158594962675124e-05,-0.0002139971766155213,1.617785930633545,0.20677532255649567,1,2
M1_margin,medium,30,0.6666666666666666,0.4,0,8.289826393127441,0.008509993553161621,0.004055153578519821,0.0052602714858949184,1.617785930633545,0.4765166640281677,1,2
M2_popmass,medium,30,0.6666666666666666,0.4,0,8.289826393127441,0.0005258927121758461,0.00010888183896895498,0.00032506955903954804,1.617785930633545,0.20704181492328644,1,2
M0_balanced,medium,30,0.6666666666666666,0.1,1,8.290793418884277,-0.00047681183787062764,-9.859297279035673e-05,-0.0002952975919470191,1.6146833896636963,0.20677532255649567,1,2
M1_margin,medium,30,0.6666666666666666,0.1,1,8.290793418884277,0.007940033450722694,0.003783558728173375,0.004917393904179335,1.6146833896636963,0.4765166640281677,1,2
M2_popmass,medium,30,0.6666666666666666,0.1,1,8.290793418884277,0.00038032321026548743,7.874278526287526e-05,0.00023554035578854382,1.6146833896636963,0.20704181492328644,1,2
M0_balanced,medium,30,0.6666666666666666,0.2,1,8.29217529296875,2.333486918359995e-05,4.825014912057668e-06,1.446316218789434e-05,1.6133800745010376,0.20677532255649567,1,3
M1_margin,medium,30,0.6666666666666666,0.2,1,8.29217529296875,0.008533570915460587,0.00406638951972127,0.005289251450449228,1.6133800745010376,0.4765166640281677,1,3
M2_popmass,medium,30,0.6666666666666666,0.2,1,8.29217529296875,0.0008991668000817299,0.00018616508168634027,0.0005573185626417398,1.6133800745010376,0.20704181492328644,1,3
M0_balanced,medium,30,0.6666666666666666,0.4,1,8.29217529296875,2.333486918359995e-05,4.825014912057668e-06,1.446316218789434e-05,1.6133800745010376,0.20677532255649567,1,3
M1_margin,medium,30,0.6666666666666666,0.4,1,8.29217529296875,0.008533570915460587,0.00406638951972127,0.005289251450449228,1.6133800745010376,0.4765166640281677,1,3
M2_popmass,medium,30,0.6666666666666666,0.4,1,8.29217529296875,0.0008991668000817299,0.00018616508168634027,0.0005573185626417398,1.6133800745010376,0.20704181492328644,1,3
M0_balanced,medium,30,0.6666666666666666,0.1,2,8.344759941101074,-0.00017365242820233107,-3.5906828998122364e-05,-0.00010986556299030781,1.5805809497833252,0.20677532255649567,1,0
M1_margin,medium,30,0.6666666666666666,0.1,2,8.344759941101074,0.006674652453511953,0.003180583706125617,0.004222911782562733,1.5805809497833252,0.4765166640281677,1,0
M2_popmass,medium,30,0.6666666666666666,0.1,2,8.344759941101074,0.000653786351904273,0.0001353610714431852,0.0004136366187594831,1.5805809497833252,0.20704181492328644,1,0
M0_balanced,medium,30,0.6666666666666666,0.2,2,8.356514930725098,-0.00032874400494620204,-6.797611422371119e-05,-0.00020801574282813817,1.580379605293274,0.20677532255649567,1,1
M1_margin,medium,30,0.6666666666666666,0.2,2,8.356514930725098,0.006533288396894932,0.003113221377134323,0.004134000279009342,1.580379605293274,0.4765166640281677,1,1
M2_popmass,medium,30,0.6666666666666666,0.2,2,8.356514930725098,0.0004903014050796628,0.00010151286551263183,0.0003102426999248564,1.580379605293274,0.20704181492328644,1,1
M0_balanced,medium,30,0.6666666666666666,0.4,2,8.356514930725098,-0.00032874400494620204,-6.797611422371119e-05,-0.00020801574282813817,1.580379605293274,0.20677532255649567,1,1
M1_margin,medium,30,0.6666666666666666,0.4,2,8.356514930725098,0.006533288396894932,0.003113221377134323,0.004134000279009342,1.580379605293274,0.4765166640281677,1,1
M2_popmass,medium,30,0.6666666666666666,0.4,2,8.356514930725098,0.0004903014050796628,0.00010151286551263183,0.0003102426999248564,1.580379605293274,0.20704181492328644,1,1
M0_balanced,medium,31,0.6666666666666666,0.1,0,9.948132514953613,0.0015454177046194673,0.0003195542667526752,0.0009506520582363009,1.6256396770477295,0.20677532255649567,1,1
M1_margin,medium,31,0.6666666666666666,0.1,0,9.948132514953613,0.007018873933702707,0.003344610333442688,0.004317607264965773,1.6256396770477295,0.4765166640281677,1,1
M2_popmass,medium,31,0.6666666666666666,0.1,0,9.948132514953613,0.001951269106939435,0.00040399437421001494,0.0012003086740151048,1.6256396770477295,0.20704181492328644,1,1
M0_balanced,medium,31,0.6666666666666666,0.2,0,9.948132514953613,0.0015454177046194673,0.0003195542667526752,0.0009506520582363009,1.6256396770477295,0.20677532255649567,1,1
M1_margin,medium,31,0.6666666666666666,0.2,0,9.948132514953613,0.007018873933702707,0.003344610333442688,0.004317607264965773,1.6256396770477295,0.4765166640281677,1,1
M2_popmass,medium,31,0.6666666666666666,0.2,0,9.948132514953613,0.001951269106939435,0.00040399437421001494,0.0012003086740151048,1.6256396770477295,0.20704181492328644,1,1
M0_balanced,medium,31,0.6666666666666666,0.4,0,9.948132514953613,0.0015454177046194673,0.0003195542667526752,0.0009506520582363009,1.6256396770477295,0.20677532255649567,1,1
M1_margin,medium,31,0.6666666666666666,0.4,0,9.948132514953613,0.007018873933702707,0.003344610333442688,0.004317607264965773,1.6256396770477295,0.4765166640281677,1,1
M2_popmass,medium,31,0.6666666666666666,0.4,0,9.948132514953613,0.001951269106939435,0.00040399437421001494,0.0012003086740151048,1.6256396770477295,0.20704181492328644,1,1
M0_balanced,medium,31,0.6666666666666666,0.1,1,9.960805892944336,0.0020917444489896297,0.00043252119212411344,0.0012772082118317485,1.6377475261688232,0.20677532255649567,1,0
M1_margin,medium,31,0.6666666666666666,0.1,1,9.960805892944336,0.008169866167008877,0.003893077839165926,0.004988478031009436,1.6377475261688232,0.4765166640281677,1,0
M2_popmass,medium,31,0.6666666666666666,0.1,1,9.960805892944336,0.0025372954551130533,0.0005253262352198362,0.0015492591774091125,1.6377475261688232,0.20704181492328644,1,0
M0_balanced,medium,31,0.6666666666666666,0.2,1,9.960805892944336,0.0020917444489896297,0.00043252119212411344,0.0012772082118317485,1.6377475261688232,0.20677532255649567,1,0
M1_margin,medium,31,0.6666666666666666,0.2,1,9.960805892944336,0.008169866167008877,0.003893077839165926,0.004988478031009436,1.6377475261688232,0.4765166640281677,1,0
M2_popmass,medium,31,0.6666666666666666,0.2,1,9.960805892944336,0.0025372954551130533,0.0005253262352198362,0.0015492591774091125,1.6377475261688232,0.20704181492328644,1,0
M0_balanced,medium,31,0.6666666666666666,0.4,1,9.9688138961792,0.001038558897562325,0.00021474837558344007,0.0006411471404135227,1.6198450326919556,0.20677532255649567,1,2
M1_margin,medium,31,0.6666666666666666,0.4,1,9.9688138961792,0.006402581464499235,0.0030509373173117638,0.003952589817345142,1.6198450326919556,0.4765166640281677,1,2
M2_popmass,medium,31,0.6666666666666666,0.4,1,9.9688138961792,0.001416161423549056,0.00029320461908355355,0.0008742572972550988,1.6198450326919556,0.20704181492328644,1,2
M0_balanced,medium,31,0.6666666666666666,0.1,2,9.941450119018555,0.002036514226347208,0.00042110096546821296,0.0012651000870391726,1.609765648841858,0.20677532255649567,1,0
M1_margin,medium,31,0.6666666666666666,0.1,2,9.941450119018555,0.006554619874805212,0.00312338606454432,0.004071786068379879,1.609765648841858,0.4765166640281677,1,0
M2_popmass,medium,31,0.6666666666666666,0.1,2,9.941450119018555,0.0024371291510760784,0.0005045875441282988,0.0015139649622142315,1.609765648841858,0.20704181492328644,1,0
M0_balanced,medium,31,0.6666666666666666,0.2,2,9.941475868225098,0.001276050228625536,0.00026385573437437415,0.00080155732575804,1.5919640064239502,0.20677532255649567,1,1
M1_margin,medium,31,0.6666666666666666,0.2,2,9.941475868225098,0.005381061229854822,0.0025641650427132845,0.0033801395911723375,1.5919640064239502,0.4765166640281677,1,1
M2_popmass,medium,31,0.6666666666666666,0.2,2,9.941475868225098,0.0016276540700346231,0.0003369924088474363,0.001022418844513595,1.5919640064239502,0.20704181492328644,1,1
M0_balanced,medium,31,0.6666666666666666,0.4,2,9.910118103027344,9.010243229568005e-05,1.8630824342835695e-05,5.713024074793793e-05,1.5771293640136719,0.20677532255649567,1,3
M1_margin,medium,31,0.6666666666666666,0.4,2,9.910118103027344,0.0035376297309994698,0.0016857398441061378,0.002243081806227565,1.5771293640136719,0.4765166640281677,1,3
M2_popmass,medium,31,0.6666666666666666,0.4,2,9.910118103027344,0.00036386778810992837,7.533606549259275e-05,0.00023071590112522244,1.5771293640136719,0.20704181492328644,1,3
M0_balanced,high,0,1.0,0.1,0,9.88818359375,0.0028640723321586847,0.0005922195268794894,0.0017637950368225574,1.6238126754760742,0.20677532255649567,1,0
M1_margin,high,0,1.0,0.1,0,9.88818359375,0.013158471323549747,0.006270232144743204,0.008103443309664726,1.6238126754760742,0.4765166640281677,1,0
M2_popmass,high,0,1.0,0.1,0,9.88818359375,0.003391648642718792,0.0007022131467238069,0.0020886946003884077,1.6238126754760742,0.20704181492328644,1,0
M0_balanced,high,0,1.0,0.2,0,9.88818359375,0.0028640723321586847,0.0005922195268794894,0.0017637950368225574,1.6238126754760742,0.20677532255649567,1,0
M1_margin,high,0,1.0,0.2,0,9.88818359375,0.013158471323549747,0.006270232144743204,0.008103443309664726,1.6238126754760742,0.4765166640281677,1,0
M2_popmass,high,0,1.0,0.2,0,9.88818359375,0.003391648642718792,0.0007022131467238069,0.0020886946003884077,1.6238126754760742,0.20704181492328644,1,0
M0_balanced,high,0,1.0,0.4,0,9.863271713256836,0.0028851707465946674,0.0005965821328572929,0.0017877572681754827,1.6138492822647095,0.20677532255649567,1,1
M1_margin,high,0,1.0,0.4,0,9.863271713256836,0.012353743426501751,0.005886763799935579,0.007654829882085323,1.6138492822647095,0.4765166640281677,1,1
M2_popmass,high,0,1.0,0.4,0,9.863271713256836,0.0033998789731413126,0.0007039171177893877,0.0021066893823444843,1.6138492822647095,0.20704181492328644,1,1
M0_balanced,high,0,1.0,0.1,1,9.924354553222656,0.002930261427536607,0.0006059056613594294,0.0018007562030106783,1.6272391080856323,0.20677532255649567,0,0
M1_margin,high,0,1.0,0.1,1,9.924354553222656,0.014153262600302696,0.006744264159351587,0.00869771372526884,1.6272391080856323,0.4765166640281677,0,0
M2_popmass,high,0,1.0,0.1,1,9.924354553222656,0.003477756166830659,0.0007200409891083837,0.0021372127812355757,1.6272391080856323,0.20704181492328644,0,0
M0_balanced,high,0,1.0,0.2,1,9.924354553222656,0.002930261427536607,0.0006059056613594294,0.0018007562030106783,1.6272391080856323,0.20677532255649567,0,0
M1_margin,high,0,1.0,0.2,1,9.924354553222656,0.014153262600302696,0.006744264159351587,0.00869771372526884,1.6272391080856323,0.4765166640281677,0,0
M2_popmass,high,0,1.0,0.2,1,9.924354553222656,0.003477756166830659,0.0007200409891083837,0.0021372127812355757,1.6272391080856323,0.20704181492328644,0,0
M0_balanced,high,0,1.0,0.4,1,9.924354553222656,0.002930261427536607,0.0006059056613594294,0.0018007562030106783,1.6272391080856323,0.20677532255649567,0,0
M1_margin,high,0,1.0,0.4,1,9.924354553222656,0.014153262600302696,0.006744264159351587,0.00869771372526884,1.6272391080856323,0.4765166640281677,0,0
M2_popmass,high,0,1.0,0.4,1,9.924354553222656,0.003477756166830659,0.0007200409891083837,0.0021372127812355757,1.6272391080856323,0.20704181492328644,0,0
M0_balanced,high,0,1.0,0.1,2,9.92359733581543,0.002927049295976758,0.0006052415119484067,0.001799240242689848,1.6268250942230225,0.20677532255649567,1,0
M1_margin,high,0,1.0,0.1,2,9.92359733581543,0.014131449162960052,0.0067338719964027405,0.008686522021889687,1.6268250942230225,0.4765166640281677,1,0
M2_popmass,high,0,1.0,0.1,2,9.92359733581543,0.0034739538095891476,0.0007192536140792072,0.0021354190539568663,1.6268250942230225,0.20704181492328644,1,0
M0_balanced,high,0,1.0,0.2,2,9.843969345092773,0.002691407687962055,0.0005565166939049959,0.001659270841628313,1.6220424175262451,0.20677532255649567,1,1
M1_margin,high,0,1.0,0.2,2,9.843969345092773,0.014529066160321236,0.006923343520611525,0.008957267738878727,1.6220424175262451,0.4765166640281677,1,1
M2_popmass,high,0,1.0,0.2,2,9.843969345092773,0.0032321419566869736,0.0006691885646432638,0.0019926372915506363,1.6220424175262451,0.20704181492328644,1,1
M0_balanced,high,0,1.0,0.4,2,9.843969345092773,0.002691407687962055,0.0005565166939049959,0.001659270841628313,1.6220424175262451,0.20677532255649567,1,1
M1_margin,high,0,1.0,0.4,2,9.843969345092773,0.014529066160321236,0.006923343520611525,0.008957267738878727,1.6220424175262451,0.4765166640281677,1,1
M2_popmass,high,0,1.0,0.4,2,9.843969345092773,0.0032321419566869736,0.0006691885646432638,0.0019926372915506363,1.6220424175262451,0.20704181492328644,1,1
M0_balanced,high,1,0.75,0.1,0,10.106850624084473,0.0021889619529247284,0.00045262323692440987,0.0013081582728773355,1.6733156442642212,0.20677532255649567,1,0
M1_margin,high,1,0.75,0.1,0,10.106850624084473,0.015682004392147064,0.007472737226635218,0.009371815249323845,1.6733156442642212,0.4765166640281677,1,0
M2_popmass,high,1,0.75,0.1,0,10.106850624084473,0.0027305709663778543,0.0005653424304910004,0.001631832798011601,1.6733156442642212,0.20704181492328644,1,0
M0_balanced,high,1,0.75,0.2,0,10.106850624084473,0.0021889619529247284,0.00045262323692440987,0.0013081582728773355,1.6733156442642212,0.20677532255649567,1,0
M1_margin,high,1,0.75,0.2,0,10.106850624084473,0.015682004392147064,0.007472737226635218,0.009371815249323845,1.6733156442642212,0.4765166640281677,1,0
M2_popmass,high,1,0.75,0.2,0,10.106850624084473,0.0027305709663778543,0.0005653424304910004,0.001631832798011601,1.6733156442642212,0.20704181492328644,1,0
M0_balanced,high,1,0.75,0.4,0,10.106850624084473,0.0021889619529247284,0.00045262323692440987,0.0013081582728773355,1.6733156442642212,0.20677532255649567,1,0
M1_margin,high,1,0.75,0.4,0,10.106850624084473,0.015682004392147064,0.007472737226635218,0.009371815249323845,1.6733156442642212,0.4765166640281677,1,0
M2_popmass,high,1,0.75,0.4,0,10.106850624084473,0.0027305709663778543,0.0005653424304910004,0.001631832798011601,1.6733156442642212,0.20704181492328644,1,0
M0_balanced,high,1,0.75,0.1,1,10.105454444885254,0.0021971005480736494,0.0004543062241282314,0.0013129923027008772,1.673353910446167,0.20677532255649567,0,0
M1_margin,high,1,0.75,0.1,1,10.105454444885254,0.015667635947465897,0.007465889677405357,0.009363013319671154,1.673353910446167,0.4765166640281677,0,0
M2_popmass,high,1,0.75,0.1,1,10.105454444885254,0.0027387712616473436,0.0005670402897521853,0.0016366960480809212,1.673353910446167,0.20704181492328644,0,0
M0_balanced,high,1,0.75,0.2,1,10.105454444885254,0.0021971005480736494,0.0004543062241282314,0.0013129923027008772,1.673353910446167,0.20677532255649567,0,0
M1_margin,high,1,0.75,0.2,1,10.105454444885254,0.015667635947465897,0.007465889677405357,0.009363013319671154,1.673353910446167,0.4765166640281677,0,0
M2_popmass,high,1,0.75,0.2,1,10.105454444885254,0.0027387712616473436,0.0005670402897521853,0.0016366960480809212,1.673353910446167,0.20704181492328644,0,0
M0_balanced,high,1,0.75,0.4,1,10.105454444885254,0.0021971005480736494,0.0004543062241282314,0.0013129923027008772,1.673353910446167,0.20677532255649567,0,0
M1_margin,high,1,0.75,0.4,1,10.105454444885254,0.015667635947465897,0.007465889677405357,0.009363013319671154,1.673353910446167,0.4765166640281677,0,0
M2_popmass,high,1,0.75,0.4,1,10.105454444885254,0.0027387712616473436,0.0005670402897521853,0.0016366960480809212,1.673353910446167,0.20704181492328644,0,0
M0_balanced,high,1,0.75,0.1,2,10.172760009765625,0.0024782263208180666,0.000512436090502888,0.0014872354222461581,1.6663309335708618,0.20677532255649567,1,1
M1_margin,high,1,0.75,0.1,2,10.172760009765625,0.014828864485025406,0.007066200487315655,0.008899110369384289,1.6663309335708618,0.4765166640281677,1,1
M2_popmass,high,1,0.75,0.1,2,10.172760009765625,0.0030165386851876974,0.0006245496915653348,0.001810288056731224,1.6663309335708618,0.20704181492328644,1,1
M0_balanced,high,1,0.75,0.2,2,10.172760009765625,0.0024782263208180666,0.000512436090502888,0.0014872354222461581,1.6663309335708618,0.20677532255649567,1,1
M1_margin,high,1,0.75,0.2,2,10.172760009765625,0.014828864485025406,0.007066200487315655,0.008899110369384289,1.6663309335708618,0.4765166640281677,1,1
M2_popmass,high,1,0.75,0.2,2,10.172760009765625,0.0030165386851876974,0.0006245496915653348,0.001810288056731224,1.6663309335708618,0.20704181492328644,1,1
M0_balanced,high,1,0.75,0.4,2,10.172687530517578,0.003158442210406065,0.0006530878599733114,0.0019072340801358223,1.656032681465149,0.20677532255649567,1,2
M1_margin,high,1,0.75,0.4,2,10.172687530517578,0.015014332719147205,0.00715458020567894,0.009066447615623474,1.656032681465149,0.4765166640281677,1,2
M2_popmass,high,1,0.75,0.4,2,10.172687530517578,0.0037197472993284464,0.0007701433496549726,0.0022461803164333105,1.656032681465149,0.20704181492328644,1,2
M0_balanced,high,2,1.0,0.1,0,9.210864067077637,0.0035572287160903215,0.0007355470443144441,0.002025117166340351,1.7565544843673706,0.20677532255649567,0,0
M1_margin,high,2,1.0,0.1,0,9.210864067077637,0.027725448831915855,0.01321164146065712,0.015783999115228653,1.7565544843673706,0.4765166640281677,0,0
M2_popmass,high,2,1.0,0.1,0,9.210864067077637,0.00464240089058876,0.0009611711138859391,0.002642901847139001,1.7565544843673706,0.20704181492328644,0,0
M0_balanced,high,2,1.0,0.2,0,9.210864067077637,0.0035572287160903215,0.0007355470443144441,0.002025117166340351,1.7565544843673706,0.20677532255649567,0,0
M1_margin,high,2,1.0,0.2,0,9.210864067077637,0.027725448831915855,0.01321164146065712,0.015783999115228653,1.7565544843673706,0.4765166640281677,0,0
M2_popmass,high,2,1.0,0.2,0,9.210864067077637,0.00464240089058876,0.0009611711138859391,0.002642901847139001,1.7565544843673706,0.20704181492328644,0,0
M0_balanced,high,2,1.0,0.4,0,9.210864067077637,0.0035572287160903215,0.0007355470443144441,0.002025117166340351,1.7565544843673706,0.20677532255649567,0,0
M1_margin,high,2,1.0,0.4,0,9.210864067077637,0.027725448831915855,0.01321164146065712,0.015783999115228653,1.7565544843673706,0.4765166640281677,0,0
M2_popmass,high,2,1.0,0.4,0,9.210864067077637,0.00464240089058876,0.0009611711138859391,0.002642901847139001,1.7565544843673706,0.20704181492328644,0,0
M0_balanced,high,2,1.0,0.1,1,9.210052490234375,0.0035509818699210882,0.0007342552999034524,0.002021114807575941,1.7569419145584106,0.20677532255649567,1,0
M1_margin,high,2,1.0,0.1,1,9.210052490234375,0.027802856639027596,0.013248525559902191,0.0158245749771595,1.7569419145584106,0.4765166640281677,1,0
M2_popmass,high,2,1.0,0.1,1,9.210052490234375,0.00463665509596467,0.0009599814075045288,0.0026390484999865294,1.7569419145584106,0.20704181492328644,1,0
M0_balanced,high,2,1.0,0.2,1,9.210052490234375,0.0035509818699210882,0.0007342552999034524,0.002021114807575941,1.7569419145584106,0.20677532255649567,1,0
M1_margin,high,2,1.0,0.2,1,9.210052490234375,0.027802856639027596,0.013248525559902191,0.0158245749771595,1.7569419145584106,0.4765166640281677,1,0
M2_popmass,high,2,1.0,0.2,1,9.210052490234375,0.00463665509596467,0.0009599814075045288,0.0026390484999865294,1.7569419145584106,0.20704181492328644,1,0
M0_balanced,high,2,1.0,0.4,1,9.210052490234375,0.0035509818699210882,0.0007342552999034524,0.002021114807575941,1.7569419145584106,0.20677532255649567,1,0
M1_margin,high,2,1.0,0.4,1,9.210052490234375,0.027802856639027596,0.013248525559902191,0.0158245749771595,1.7569419145584106,0.4765166640281677,1,0
M2_popmass,high,2,1.0,0.4,1,9.210052490234375,0.00463665509596467,0.0009599814075045288,0.0026390484999865294,1.7569419145584106,0.20704181492328644,1,0
M0_balanced,high,2,1.0,0.1,2,9.209762573242188,0.0035542254336178303,0.000734926201403141,0.0020228128414601088,1.7570711374282837,0.20677532255649567,1,0
M1_margin,high,2,1.0,0.1,2,9.209762573242188,0.02780001424252987,0.013247169554233551,0.01582179218530655,1.7570711374282837,0.4765166640281677,1,0
M2_popmass,high,2,1.0,0.1,2,9.209762573242188,0.004640340805053711,0.0009607445681467652,0.0026409521233290434,1.7570711374282837,0.20704181492328644,1,0
M0_balanced,high,2,1.0,0.2,2,9.21742057800293,0.0038343812339007854,0.0007928553386591375,0.002204365562647581,1.7394487857818604,0.20677532255649567,1,1
M1_margin,high,2,1.0,0.2,2,9.21742057800293,0.025298206135630608,0.012055016122758389,0.0145438052713871,1.7394487857818604,0.4765166640281677,1,1
M2_popmass,high,2,1.0,0.2,2,9.21742057800293,0.00488785095512867,0.0010119896614924073,0.002810000441968441,1.7394487857818604,0.20704181492328644,1,1
M0_balanced,high,2,1.0,0.4,2,9.21742057800293,0.0038343812339007854,0.0007928553386591375,0.002204365562647581,1.7394487857818604,0.20677532255649567,1,1
M1_margin,high,2,1.0,0.4,2,9.21742057800293,0.025298206135630608,0.012055016122758389,0.0145438052713871,1.7394487857818604,0.4765166640281677,1,1
M2_popmass,high,2,1.0,0.4,2,9.21742057800293,0.00488785095512867,0.0010119896614924073,0.002810000441968441,1.7394487857818604,0.20704181492328644,1,1
M0_balanced,high,3,0.875,0.1,0,9.984027862548828,0.00297652673907578,0.0006154723232612014,0.0017198503483086824,1.730689525604248,0.20677532255649567,0,0
M1_margin,high,3,0.875,0.1,0,9.984027862548828,0.021085239946842194,0.010047467425465584,0.012183143757283688,1.730689525604248,0.4765166640281677,0,0
M2_popmass,high,3,0.875,0.1,0,9.984027862548828,0.0037023043259978294,0.0007665317971259356,0.002139207674190402,1.730689525604248,0.20704181492328644,0,0
M0_balanced,high,3,0.875,0.2,0,9.984027862548828,0.00297652673907578,0.0006154723232612014,0.0017198503483086824,1.730689525604248,0.20677532255649567,0,0
M1_margin,high,3,0.875,0.2,0,9.984027862548828,0.021085239946842194,0.010047467425465584,0.012183143757283688,1.730689525604248,0.4765166640281677,0,0
M2_popmass,high,3,0.875,0.2,0,9.984027862548828,0.0037023043259978294,0.0007665317971259356,0.002139207674190402,1.730689525604248,0.20704181492328644,0,0
M0_balanced,high,3,0.875,0.4,0,9.984027862548828,0.00297652673907578,0.0006154723232612014,0.0017198503483086824,1.730689525604248,0.20677532255649567,0,0
M1_margin,high,3,0.875,0.4,0,9.984027862548828,0.021085239946842194,0.010047467425465584,0.012183143757283688,1.730689525604248,0.4765166640281677,0,0
M2_popmass,high,3,0.875,0.4,0,9.984027862548828,0.0037023043259978294,0.0007665317971259356,0.002139207674190402,1.730689525604248,0.20704181492328644,0,0
M0_balanced,high,3,0.875,0.1,1,9.984650611877441,0.002977298339828849,0.0006156319286674261,0.0017203367315232754,1.7306487560272217,0.20677532255649567,0,0
M1_margin,high,3,0.875,0.1,1,9.984650611877441,0.021080797538161278,0.010045353323221207,0.012180866673588753,1.7306487560272217,0.4765166640281677,0,0
M2_popmass,high,3,0.875,0.1,1,9.984650611877441,0.0037030645180493593,0.0007666891906410456,0.002139697317034006,1.7306487560272217,0.20704181492328644,0,0
M0_balanced,high,3,0.875,0.2,1,9.984650611877441,0.002977298339828849,0.0006156319286674261,0.0017203367315232754,1.7306487560272217,0.20677532255649567,0,0
M1_margin,high,3,0.875,0.2,1,9.984650611877441,0.021080797538161278,0.010045353323221207,0.012180866673588753,1.7306487560272217,0.4765166640281677,0,0
M2_popmass,high,3,0.875,0.2,1,9.984650611877441,0.0037030645180493593,0.0007666891906410456,0.002139697317034006,1.7306487560272217,0.20704181492328644,0,0
M0_balanced,high,3,0.875,0.4,1,9.984650611877441,0.002977298339828849,0.0006156319286674261,0.0017203367315232754,1.7306487560272217,0.20677532255649567,0,0
M1_margin,high,3,0.875,0.4,1,9.984650611877441,0.021080797538161278,0.010045353323221207,0.012180866673588753,1.7306487560272217,0.4765166640281677,0,0
M2_popmass,high,3,0.875,0.4,1,9.984650611877441,0.0037030645180493593,0.0007666891906410456,0.002139697317034006,1.7306487560272217,0.20704181492328644,0,0
M0_balanced,high,3,0.875,0.1,2,9.981793403625488,0.002982323057949543,0.0006166707607917488,0.0017226318595930934,1.7312594652175903,0.20677532255649567,1,0
M1_margin,high,3,0.875,0.1,2,9.981793403625488,0.021119223907589912,0.010063663125038147,0.012198763899505138,1.7312594652175903,0.4765166640281677,1,0
M2_popmass,high,3,0.875,0.1,2,9.981793403625488,0.0037089851684868336,0.0007679151021875441,0.002142362529411912,1.7312594652175903,0.20704181492328644,1,0
M0_balanced,high,3,0.875,0.2,2,9.981793403625488,0.002982323057949543,0.0006166707607917488,0.0017226318595930934,1.7312594652175903,0.20677532255649567,1,0
M1_margin,high,3,0.875,0.2,2,9.981793403625488,0.021119223907589912,0.010063663125038147,0.012198763899505138,1.7312594652175903,0.4765166640281677,1,0
M2_popmass,high,3,0.875,0.2,2,9.981793403625488,0.0037089851684868336,0.0007679151021875441,0.002142362529411912,1.7312594652175903,0.20704181492328644,1,0
M0_balanced,high,3,0.875,0.4,2,10.02885627746582,0.0024764046538621187,0.000512059370521456,0.0014331972924992442,1.7278881072998047,0.20677532255649567,1,2
M1_margin,high,3,0.875,0.4,2,10.02885627746582,0.021243534982204437,0.010122899897396564,0.012294510379433632,1.7278881072998047,0.4765166640281677,1,2
M2_popmass,high,3,0.875,0.4,2,10.02885627746582,0.003204342443495989,0.0006634328747168183,0.001854485017247498,1.7278881072998047,0.20704181492328644,1,2
M0_balanced,high,4,1.0,0.1,0,9.744083404541016,0.003762420266866684,0.0007779757725074887,0.0021722151432186365,1.73206627368927,0.20677532255649567,0,0
M1_margin,high,4,1.0,0.1,0,9.744083404541016,0.01688210479915142,0.008044605143368244,0.009746802039444447,1.73206627368927,0.4765166640281677,0,0
M2_popmass,high,4,1.0,0.1,0,9.744083404541016,0.004520866088569164,0.0009360082913190126,0.002610099734738469,1.73206627368927,0.20704181492328644,0,0
M0_balanced,high,4,1.0,0.2,0,9.744083404541016,0.003762420266866684,0.0007779757725074887,0.0021722151432186365,1.73206627368927,0.20677532255649567,0,0
M1_margin,high,4,1.0,0.2,0,9.744083404541016,0.01688210479915142,0.008044605143368244,0.009746802039444447,1.73206627368927,0.4765166640281677,0,0
M2_popmass,high,4,1.0,0.2,0,9.744083404541016,0.004520866088569164,0.0009360082913190126,0.002610099734738469,1.73206627368927,0.20704181492328644,0,0
M0_balanced,high,4,1.0,0.4,0,9.744083404541016,0.003762420266866684,0.0007779757725074887,0.0021722151432186365,1.73206627368927,0.20677532255649567,0,0
M1_margin,high,4,1.0,0.4,0,9.744083404541016,0.01688210479915142,0.008044605143368244,0.009746802039444447,1.73206627368927,0.4765166640281677,0,0
M2_popmass,high,4,1.0,0.4,0,9.744083404541016,0.004520866088569164,0.0009360082913190126,0.002610099734738469,1.73206627368927,0.20704181492328644,0,0
M0_balanced,high,4,1.0,0.1,1,9.721660614013672,0.003518288489431143,0.0007274951785802841,0.0020527346059679985,1.7139517068862915,0.20677532255649567,1,0
M1_margin,high,4,1.0,0.1,1,9.721660614013672,0.014559385366737843,0.006937790662050247,0.008494630455970764,1.7139517068862915,0.4765166640281677,1,0
M2_popmass,high,4,1.0,0.1,1,9.721660614013672,0.00422276696190238,0.0008742892532609403,0.0024637605529278517,1.7139517068862915,0.20704181492328644,1,0
M0_balanced,high,4,1.0,0.2,1,9.721660614013672,0.003518288489431143,0.0007274951785802841,0.0020527346059679985,1.7139517068862915,0.20677532255649567,1,0
M1_margin,high,4,1.0,0.2,1,9.721660614013672,0.014559385366737843,0.006937790662050247,0.008494630455970764,1.7139517068862915,0.4765166640281677,1,0
M2_popmass,high,4,1.0,0.2,1,9.721660614013672,0.00422276696190238,0.0008742892532609403,0.0024637605529278517,1.7139517068862915,0.20704181492328644,1,0
M0_balanced,high,4,1.0,0.4,1,9.585725784301758,0.004459396004676819,0.0009220929350703955,0.002639761660248041,1.6893174648284912,0.20677532255649567,1,2
M1_margin,high,4,1.0,0.4,1,9.585725784301758,0.014053048565983772,0.0066965119913220406,0.008318773470818996,1.6893174648284912,0.4765166640281677,1,2
M2_popmass,high,4,1.0,0.4,1,9.585725784301758,0.005181629676371813,0.001072813873179257,0.0030672915745526552,1.6893174648284912,0.20704181492328644,1,2
M0_balanced,high,4,1.0,0.1,2,9.58840560913086,0.004701180383563042,0.0009720881353132427,0.002777324989438057,1.692700982093811,0.20677532255649567,1,2
M1_margin,high,4,1.0,0.1,2,9.58840560913086,0.014175920747220516,0.006755063310265541,0.008374735713005066,1.692700982093811,0.4765166640281677,1,2
M2_popmass,high,4,1.0,0.1,2,9.58840560913086,0.0054304939694702625,0.0011243391782045364,0.0032081822864711285,1.692700982093811,0.20704181492328644,1,2
M0_balanced,high,4,1.0,0.2,2,9.574079513549805,0.00533341383561492,0.0011028184089809656,0.003182492684572935,1.6758606433868408,0.20677532255649567,1,3
M1_margin,high,4,1.0,0.2,2,9.574079513549805,0.013838456943631172,0.006594256032258272,0.00825752317905426,1.6758606433868408,0.4765166640281677,1,3
M2_popmass,high,4,1.0,0.2,2,9.574079513549805,0.006074827164411545,0.0012577433371916413,0.003624900011345744,1.6758606433868408,0.20704181492328644,1,3
M0_balanced,high,4,1.0,0.4,2,9.529745101928711,0.005009151063859463,0.0010357688879594207,0.0030227266252040863,1.657163143157959,0.20677532255649567,1,4
M1_margin,high,4,1.0,0.4,2,9.529745101928711,0.012903990224003792,0.0061489674262702465,0.007786796428263187,1.657163143157959,0.4765166640281677,1,4
M2_popmass,high,4,1.0,0.4,2,9.529745101928711,0.005717893596738577,0.0011838431237265468,0.003450410906225443,1.657163143157959,0.20704181492328644,1,4
M0_balanced,high,5,0.75,0.1,0,9.245546340942383,0.003365357406437397,0.0006958728190511465,0.0019810679368674755,1.6987591981887817,0.20677532255649567,1,0
M1_margin,high,5,0.75,0.1,0,9.245546340942383,0.017370684072375298,0.00827742088586092,0.010225513949990273,1.6987591981887817,0.4765166640281677,1,0
M2_popmass,high,5,0.75,0.1,0,9.245546340942383,0.004146050661802292,0.0008584058959968388,0.0024406348820775747,1.6987591981887817,0.20704181492328644,1,0
M0_balanced,high,5,0.75,0.2,0,9.245546340942383,0.003365357406437397,0.0006958728190511465,0.0019810679368674755,1.6987591981887817,0.20677532255649567,1,0
M1_margin,high,5,0.75,0.2,0,9.245546340942383,0.017370684072375298,0.00827742088586092,0.010225513949990273,1.6987591981887817,0.4765166640281677,1,0
M2_popmass,high,5,0.75,0.2,0,9.245546340942383,0.004146050661802292,0.0008584058959968388,0.0024406348820775747,1.6987591981887817,0.20704181492328644,1,0
M0_balanced,high,5,0.75,0.4,0,9.245546340942383,0.003365357406437397,0.0006958728190511465,0.0019810679368674755,1.6987591981887817,0.20677532255649567,1,0
M1_margin,high,5,0.75,0.4,0,9.245546340942383,0.017370684072375298,0.00827742088586092,0.010225513949990273,1.6987591981887817,0.4765166640281677,1,0
M2_popmass,high,5,0.75,0.4,0,9.245546340942383,0.004146050661802292,0.0008584058959968388,0.0024406348820775747,1.6987591981887817,0.20704181492328644,1,0
M0_balanced,high,5,0.75,0.1,1,9.198824882507324,0.003262657206505537,0.0006746369763277471,0.0019356670090928674,1.685546636581421,0.20677532255649567,0,0
M1_margin,high,5,0.75,0.1,1,9.198824882507324,0.01457433495670557,0.006944913417100906,0.008646652102470398,1.685546636581421,0.4765166640281677,0,0
M2_popmass,high,5,0.75,0.1,1,9.198824882507324,0.0039950162172317505,0.0008271354017779231,0.002370160538703203,1.685546636581421,0.20704181492328644,0,0
M0_balanced,high,5,0.75,0.2,1,9.198824882507324,0.003262657206505537,0.0006746369763277471,0.0019356670090928674,1.685546636581421,0.20677532255649567,0,0
M1_margin,high,5,0.75,0.2,1,9.198824882507324,0.01457433495670557,0.006944913417100906,0.008646652102470398,1.685546636581421,0.4765166640281677,0,0
M2_popmass,high,5,0.75,0.2,1,9.198824882507324,0.0039950162172317505,0.0008271354017779231,0.002370160538703203,1.685546636581421,0.20704181492328644,0,0
M0_balanced,high,5,0.75,0.4,1,9.198824882507324,0.003262657206505537,0.0006746369763277471,0.0019356670090928674,1.685546636581421,0.20677532255649567,0,0
M1_margin,high,5,0.75,0.4,1,9.198824882507324,0.01457433495670557,0.006944913417100906,0.008646652102470398,1.685546636581421,0.4765166640281677,0,0
M2_popmass,high,5,0.75,0.4,1,9.198824882507324,0.0039950162172317505,0.0008271354017779231,0.002370160538703203,1.685546636581421,0.20704181492328644,0,0
M0_balanced,high,5,0.75,0.1,2,9.245023727416992,0.0033609599340707064,0.0006949636153876781,0.001978019718080759,1.699154019355774,0.20677532255649567,0,0
M1_margin,high,5,0.75,0.1,2,9.245023727416992,0.017413970082998276,0.008298048749566078,0.01024861354380846,1.699154019355774,0.4765166640281677,0,0
M2_popmass,high,5,0.75,0.1,2,9.245023727416992,0.004142250865697861,0.0008576192776672542,0.002437831601127982,1.699154019355774,0.20704181492328644,0,0
M0_balanced,high,5,0.75,0.2,2,9.245023727416992,0.0033609599340707064,0.0006949636153876781,0.001978019718080759,1.699154019355774,0.20677532255649567,0,0
M1_margin,high,5,0.75,0.2,2,9.245023727416992,0.017413970082998276,0.008298048749566078,0.01024861354380846,1.699154019355774,0.4765166640281677,0,0
M2_popmass,high,5,0.75,0.2,2,9.245023727416992,0.004142250865697861,0.0008576192776672542,0.002437831601127982,1.699154019355774,0.20704181492328644,0,0
M0_balanced,high,5,0.75,0.4,2,9.245023727416992,0.0033609599340707064,0.0006949636153876781,0.001978019718080759,1.699154019355774,0.20677532255649567,0,0
M1_margin,high,5,0.75,0.4,2,9.245023727416992,0.017413970082998276,0.008298048749566078,0.01024861354380846,1.699154019355774,0.4765166640281677,0,0
M2_popmass,high,5,0.75,0.4,2,9.245023727416992,0.004142250865697861,0.0008576192776672542,0.002437831601127982,1.699154019355774,0.20704181492328644,0,0
M0_balanced,high,6,1.0,0.1,0,9.544870376586914,0.003991322126239538,0.0008253068663179874,0.002402893267571926,1.6610482931137085,0.20677532255649567,0,0
M1_margin,high,6,1.0,0.1,0,9.544870376586914,0.017501942813396454,0.008339965716004372,0.010536682792007923,1.6610482931137085,0.4765166640281677,0,0
M2_popmass,high,6,1.0,0.1,0,9.544870376586914,0.004702466074377298,0.0009736070642247796,0.0028310229536145926,1.6610482931137085,0.20704181492328644,0,0
M0_balanced,high,6,1.0,0.2,0,9.544870376586914,0.003991322126239538,0.0008253068663179874,0.002402893267571926,1.6610482931137085,0.20677532255649567,0,0
M1_margin,high,6,1.0,0.2,0,9.544870376586914,0.017501942813396454,0.008339965716004372,0.010536682792007923,1.6610482931137085,0.4765166640281677,0,0
M2_popmass,high,6,1.0,0.2,0,9.544870376586914,0.004702466074377298,0.0009736070642247796,0.0028310229536145926,1.6610482931137085,0.20704181492328644,0,0
M0_balanced,high,6,1.0,0.4,0,9.544870376586914,0.003991322126239538,0.0008253068663179874,0.002402893267571926,1.6610482931137085,0.20677532255649567,0,0
M1_margin,high,6,1.0,0.4,0,9.544870376586914,0.017501942813396454,0.008339965716004372,0.010536682792007923,1.6610482931137085,0.4765166640281677,0,0
M2_popmass,high,6,1.0,0.4,0,9.544870376586914,0.004702466074377298,0.0009736070642247796,0.0028310229536145926,1.6610482931137085,0.20704181492328644,0,0
M0_balanced,high,6,1.0,0.1,1,9.642271041870117,0.004499801900237799,0.0009304481209255755,0.002732291119173169,1.6468971967697144,0.20677532255649567,0,0
M1_margin,high,6,1.0,0.1,1,9.642271041870117,0.015273960307240486,0.007278297562152147,0.00927438773214817,1.6468971967697144,0.4765166640281677,0,0
M2_popmass,high,6,1.0,0.1,1,9.642271041870117,0.005178277846425772,0.001072120270691812,0.0031442635226994753,1.6468971967697144,0.20704181492328644,0,0
M0_balanced,high,6,1.0,0.2,1,9.642271041870117,0.004499801900237799,0.0009304481209255755,0.002732291119173169,1.6468971967697144,0.20677532255649567,0,0
M1_margin,high,6,1.0,0.2,1,9.642271041870117,0.015273960307240486,0.007278297562152147,0.00927438773214817,1.6468971967697144,0.4765166640281677,0,0
M2_popmass,high,6,1.0,0.2,1,9.642271041870117,0.005178277846425772,0.001072120270691812,0.0031442635226994753,1.6468971967697144,0.20704181492328644,0,0
M0_balanced,high,6,1.0,0.4,1,9.642271041870117,0.004499801900237799,0.0009304481209255755,0.002732291119173169,1.6468971967697144,0.20677532255649567,0,0
M1_margin,high,6,1.0,0.4,1,9.642271041870117,0.015273960307240486,0.007278297562152147,0.00927438773214817,1.6468971967697144,0.4765166640281677,0,0
M2_popmass,high,6,1.0,0.4,1,9.642271041870117,0.005178277846425772,0.001072120270691812,0.0031442635226994753,1.6468971967697144,0.20704181492328644,0,0
M0_balanced,high,6,1.0,0.1,2,9.5455322265625,0.00399183901026845,0.0008254136773757637,0.00240353774279356,1.6608178615570068,0.20677532255649567,1,0
M1_margin,high,6,1.0,0.1,2,9.5455322265625,0.017488515004515648,0.008333570323884487,0.010530063882470131,1.6608178615570068,0.4765166640281677,1,0
M2_popmass,high,6,1.0,0.1,2,9.5455322265625,0.004702476318925619,0.0009736092761158943,0.002831422258168459,1.6608178615570068,0.20704181492328644,1,0
M0_balanced,high,6,1.0,0.2,2,9.5455322265625,0.00399183901026845,0.0008254136773757637,0.00240353774279356,1.6608178615570068,0.20677532255649567,1,0
M1_margin,high,6,1.0,0.2,2,9.5455322265625,0.017488515004515648,0.008333570323884487,0.010530063882470131,1.6608178615570068,0.4765166640281677,1,0
M2_popmass,high,6,1.0,0.2,2,9.5455322265625,0.004702476318925619,0.0009736092761158943,0.002831422258168459,1.6608178615570068,0.20704181492328644,1,0
M0_balanced,high,6,1.0,0.4,2,9.563812255859375,0.004455951042473316,0.0009213808225467801,0.0026969858445227146,1.6521967649459839,0.20677532255649567,1,1
M1_margin,high,6,1.0,0.4,2,9.563812255859375,0.016786249354481697,0.007998928427696228,0.010159959085285664,1.6521967649459839,0.4765166640281677,1,1
M2_popmass,high,6,1.0,0.4,2,9.563812255859375,0.005167870316654444,0.0010699651902541518,0.003127878066152334,1.6521967649459839,0.20704181492328644,1,1
M0_balanced,high,7,1.0,0.1,0,9.081330299377441,0.00356339942663908,0.0007368229562416673,0.002150865038856864,1.6567282676696777,0.20677532255649567,0,0
M1_margin,high,7,1.0,0.1,0,9.081330299377441,0.019733745604753494,0.00940345786511898,0.011911273933947086,1.6567282676696777,0.4765166640281677,0,0
M2_popmass,high,7,1.0,0.1,0,9.081330299377441,0.004445360042154789,0.0009203754598274827,0.0026832162402570248,1.6567282676696777,0.20704181492328644,0,0
M0_balanced,high,7,1.0,0.2,0,9.081330299377441,0.00356339942663908,0.0007368229562416673,0.002150865038856864,1.6567282676696777,0.20677532255649567,0,0
M1_margin,high,7,1.0,0.2,0,9.081330299377441,0.019733745604753494,0.00940345786511898,0.011911273933947086,1.6567282676696777,0.4765166640281677,0,0
M2_popmass,high,7,1.0,0.2,0,9.081330299377441,0.004445360042154789,0.0009203754598274827,0.0026832162402570248,1.6567282676696777,0.20704181492328644,0,0
M0_balanced,high,7,1.0,0.4,0,9.081330299377441,0.00356339942663908,0.0007368229562416673,0.002150865038856864,1.6567282676696777,0.20677532255649567,0,0
M1_margin,high,7,1.0,0.4,0,9.081330299377441,0.019733745604753494,0.00940345786511898,0.011911273933947086,1.6567282676696777,0.4765166640281677,0,0
M2_popmass,high,7,1.0,0.4,0,9.081330299377441,0.004445360042154789,0.0009203754598274827,0.0026832162402570248,1.6567282676696777,0.20704181492328644,0,0
M0_balanced,high,7,1.0,0.1,1,9.083358764648438,0.0035710446536540985,0.000738403876312077,0.002155107446014881,1.6570146083831787,0.20677532255649567,0,0
M1_margin,high,7,1.0,0.1,1,9.083358764648438,0.01974421739578247,0.00940844789147377,0.011915535666048527,1.6570146083831787,0.4765166640281677,0,0
M2_popmass,high,7,1.0,0.1,1,9.083358764648438,0.004453546833246946,0.000922070350497961,0.0026876928750425577,1.6570146083831787,0.20704181492328644,0,0
M0_balanced,high,7,1.0,0.2,1,9.083358764648438,0.0035710446536540985,0.000738403876312077,0.002155107446014881,1.6570146083831787,0.20677532255649567,0,0
M1_margin,high,7,1.0,0.2,1,9.083358764648438,0.01974421739578247,0.00940844789147377,0.011915535666048527,1.6570146083831787,0.4765166640281677,0,0
M2_popmass,high,7,1.0,0.2,1,9.083358764648438,0.004453546833246946,0.000922070350497961,0.0026876928750425577,1.6570146083831787,0.20704181492328644,0,0
M0_balanced,high,7,1.0,0.4,1,9.083358764648438,0.0035710446536540985,0.000738403876312077,0.002155107446014881,1.6570146083831787,0.20677532255649567,0,0
M1_margin,high,7,1.0,0.4,1,9.083358764648438,0.01974421739578247,0.00940844789147377,0.011915535666048527,1.6570146083831787,0.4765166640281677,0,0
M2_popmass,high,7,1.0,0.4,1,9.083358764648438,0.004453546833246946,0.000922070350497961,0.0026876928750425577,1.6570146083831787,0.20704181492328644,0,0
M0_balanced,high,7,1.0,0.1,2,9.080087661743164,0.0035564741119742393,0.000735391047783196,0.002146512968465686,1.6568610668182373,0.20677532255649567,1,0
M1_margin,high,7,1.0,0.1,2,9.080087661743164,0.01973758079111576,0.00940528605133295,0.0119126345962286,1.6568610668182373,0.4765166640281677,1,0
M2_popmass,high,7,1.0,0.1,2,9.080087661743164,0.004438396543264389,0.0009189334232360125,0.0026787975803017616,1.6568610668182373,0.20704181492328644,1,0
M0_balanced,high,7,1.0,0.2,2,9.080087661743164,0.0035564741119742393,0.000735391047783196,0.002146512968465686,1.6568610668182373,0.20677532255649567,1,0
M1_margin,high,7,1.0,0.2,2,9.080087661743164,0.01973758079111576,0.00940528605133295,0.0119126345962286,1.6568610668182373,0.4765166640281677,1,0
M2_popmass,high,7,1.0,0.2,2,9.080087661743164,0.004438396543264389,0.0009189334232360125,0.0026787975803017616,1.6568610668182373,0.20704181492328644,1,0
M0_balanced,high,7,1.0,0.4,2,9.080087661743164,0.0035564741119742393,0.000735391047783196,0.002146512968465686,1.6568610668182373,0.20677532255649567,1,0
M1_margin,high,7,1.0,0.4,2,9.080087661743164,0.01973758079111576,0.00940528605133295,0.0119126345962286,1.6568610668182373,0.4765166640281677,1,0
M2_popmass,high,7,1.0,0.4,2,9.080087661743164,0.004438396543264389,0.0009189334232360125,0.0026787975803017616,1.6568610668182373,0.20704181492328644,1,0
M0_balanced,high,8,0.8,0.1,0,9.696608543395996,0.0041731372475624084,0.0008629017393104732,0.002548330230638385,1.637596607208252,0.20677532255649567,1,0
M1_margin,high,8,0.8,0.1,0,9.696608543395996,0.011612657457590103,0.0055336253717541695,0.007091281469911337,1.637596607208252,0.4765166640281677,1,0
M2_popmass,high,8,0.8,0.1,0,9.696608543395996,0.004755989648401737,0.0009846886387094855,0.0029042495880275965,1.637596607208252,0.20704181492328644,1,0
M0_balanced,high,8,0.8,0.2,0,9.696608543395996,0.0041731372475624084,0.0008629017393104732,0.002548330230638385,1.637596607208252,0.20677532255649567,1,0
M1_margin,high,8,0.8,0.2,0,9.696608543395996,0.011612657457590103,0.0055336253717541695,0.007091281469911337,1.637596607208252,0.4765166640281677,1,0
M2_popmass,high,8,0.8,0.2,0,9.696608543395996,0.004755989648401737,0.0009846886387094855,0.0029042495880275965,1.637596607208252,0.20704181492328644,1,0
M0_balanced,high,8,0.8,0.4,0,9.696608543395996,0.0041731372475624084,0.0008629017393104732,0.002548330230638385,1.637596607208252,0.20677532255649567,1,0
M1_margin,high,8,0.8,0.4,0,9.696608543395996,0.011612657457590103,0.0055336253717541695,0.007091281469911337,1.637596607208252,0.4765166640281677,1,0
M2_popmass,high,8,0.8,0.4,0,9.696608543395996,0.004755989648401737,0.0009846886387094855,0.0029042495880275965,1.637596607208252,0.20704181492328644,1,0
M0_balanced,high,8,0.8,0.1,1,9.692952156066895,0.0041722566820681095,0.0008627197239547968,0.002547620562836528,1.637707233428955,0.20677532255649567,0,0
M1_margin,high,8,0.8,0.1,1,9.692952156066895,0.011611240915954113,0.005532950162887573,0.0070899371057748795,1.637707233428955,0.4765166640281677,0,0
M2_popmass,high,8,0.8,0.1,1,9.692952156066895,0.0047551775351166725,0.0009845206514000893,0.0029035580810159445,1.637707233428955,0.20704181492328644,0,0
M0_balanced,high,8,0.8,0.2,1,9.692952156066895,0.0041722566820681095,0.0008627197239547968,0.002547620562836528,1.637707233428955,0.20677532255649567,0,0
M1_margin,high,8,0.8,0.2,1,9.692952156066895,0.011611240915954113,0.005532950162887573,0.0070899371057748795,1.637707233428955,0.4765166640281677,0,0
M2_popmass,high,8,0.8,0.2,1,9.692952156066895,0.0047551775351166725,0.0009845206514000893,0.0029035580810159445,1.637707233428955,0.20704181492328644,0,0
M0_balanced,high,8,0.8,0.4,1,9.692952156066895,0.0041722566820681095,0.0008627197239547968,0.002547620562836528,1.637707233428955,0.20677532255649567,0,0
M1_margin,high,8,0.8,0.4,1,9.692952156066895,0.011611240915954113,0.005532950162887573,0.0070899371057748795,1.637707233428955,0.4765166640281677,0,0
M2_popmass,high,8,0.8,0.4,1,9.692952156066895,0.0047551775351166725,0.0009845206514000893,0.0029035580810159445,1.637707233428955,0.20704181492328644,0,0
M0_balanced,high,8,0.8,0.1,2,9.690305709838867,0.0033053201623260975,0.0006834585801698267,0.0020660697482526302,1.5998103618621826,0.20677532255649567,0,0
M1_margin,high,8,0.8,0.1,2,9.690305709838867,0.00924073625355959,0.004403366707265377,0.005776147358119488,1.5998103618621826,0.4765166640281677,0,0
M2_popmass,high,8,0.8,0.1,2,9.690305709838867,0.0038058855570852757,0.000787977478466928,0.002378960605710745,1.5998103618621826,0.20704181492328644,0,0
M0_balanced,high,8,0.8,0.2,2,9.690305709838867,0.0033053201623260975,0.0006834585801698267,0.0020660697482526302,1.5998103618621826,0.20677532255649567,0,0
M1_margin,high,8,0.8,0.2,2,9.690305709838867,0.00924073625355959,0.004403366707265377,0.005776147358119488,1.5998103618621826,0.4765166640281677,0,0
M2_popmass,high,8,0.8,0.2,2,9.690305709838867,0.0038058855570852757,0.000787977478466928,0.002378960605710745,1.5998103618621826,0.20704181492328644,0,0
M0_balanced,high,8,0.8,0.4,2,9.690305709838867,0.0033053201623260975,0.0006834585801698267,0.0020660697482526302,1.5998103618621826,0.20677532255649567,0,0
M1_margin,high,8,0.8,0.4,2,9.690305709838867,0.00924073625355959,0.004403366707265377,0.005776147358119488,1.5998103618621826,0.4765166640281677,0,0
M2_popmass,high,8,0.8,0.4,2,9.690305709838867,0.0038058855570852757,0.000787977478466928,0.002378960605710745,1.5998103618621826,0.20704181492328644,0,0
M0_balanced,high,9,1.0,0.1,0,9.485042572021484,0.0019180248491466045,0.0003966002259403467,0.00114988733548671,1.66801118850708,0.20677532255649567,1,0
M1_margin,high,9,1.0,0.1,0,9.485042572021484,0.017216337844729424,0.008203869685530663,0.010321472771465778,1.66801118850708,0.4765166640281677,1,0
M2_popmass,high,9,1.0,0.1,0,9.485042572021484,0.0025582443922758102,0.0005296635208651423,0.0015337092336267233,1.66801118850708,0.20704181492328644,1,0
M0_balanced,high,9,1.0,0.2,0,9.485042572021484,0.0019180248491466045,0.0003966002259403467,0.00114988733548671,1.66801118850708,0.20677532255649567,1,0
M1_margin,high,9,1.0,0.2,0,9.485042572021484,0.017216337844729424,0.008203869685530663,0.010321472771465778,1.66801118850708,0.4765166640281677,1,0
M2_popmass,high,9,1.0,0.2,0,9.485042572021484,0.0025582443922758102,0.0005296635208651423,0.0015337092336267233,1.66801118850708,0.20704181492328644,1,0
M0_balanced,high,9,1.0,0.4,0,9.448486328125,0.0016300599090754986,0.0003370561171323061,0.0009751468896865845,1.6716041564941406,0.20677532255649567,1,1
M1_margin,high,9,1.0,0.4,0,9.448486328125,0.017698267474770546,0.008433515205979347,0.01058758981525898,1.6716041564941406,0.4765166640281677,1,1
M2_popmass,high,9,1.0,0.4,0,9.448486328125,0.0022670684847980738,0.00046937805018387735,0.001356223481707275,1.6716041564941406,0.20704181492328644,1,1
M0_balanced,high,9,1.0,0.1,1,9.486199378967285,0.001901556272059679,0.0003931948740500957,0.0011409486178308725,1.666644811630249,0.20677532255649567,1,0
M1_margin,high,9,1.0,0.1,1,9.486199378967285,0.01711735874414444,0.008156705647706985,0.010270548984408379,1.666644811630249,0.4765166640281677,1,0
M2_popmass,high,9,1.0,0.1,1,9.486199378967285,0.0025392724201083183,0.0005257356679067016,0.0015235836617648602,1.666644811630249,0.20704181492328644,1,0
M0_balanced,high,9,1.0,0.2,1,9.486199378967285,0.001901556272059679,0.0003931948740500957,0.0011409486178308725,1.666644811630249,0.20677532255649567,1,0
M1_margin,high,9,1.0,0.2,1,9.486199378967285,0.01711735874414444,0.008156705647706985,0.010270548984408379,1.666644811630249,0.4765166640281677,1,0
M2_popmass,high,9,1.0,0.2,1,9.486199378967285,0.0025392724201083183,0.0005257356679067016,0.0015235836617648602,1.666644811630249,0.20704181492328644,1,0
M0_balanced,high,9,1.0,0.4,1,9.503641128540039,0.0009634325979277492,0.00019921400235034525,0.0005783616797998548,1.6657954454421997,0.20677532255649567,1,2
M1_margin,high,9,1.0,0.4,1,9.503641128540039,0.015946531668305397,0.0075987884774804115,0.009572923183441162,1.6657954454421997,0.4765166640281677,1,2
M2_popmass,high,9,1.0,0.4,1,9.503641128540039,0.001548750908114016,0.0003206562250852585,0.0009297366486862302,1.6657954454421997,0.20704181492328644,1,2
M0_balanced,high,9,1.0,0.1,2,9.484481811523438,0.0018951280508190393,0.0003918657312169671,0.0011375326430425048,1.665998935699463,0.20677532255649567,0,0
M1_margin,high,9,1.0,0.1,2,9.484481811523438,0.017082832753658295,0.008140256628394127,0.010253810323774815,1.665998935699463,0.4765166640281677,0,0
M2_popmass,high,9,1.0,0.1,2,9.484481811523438,0.0025318386033177376,0.0005241965409368277,0.0015197121538221836,1.665998935699463,0.20704181492328644,0,0
M0_balanced,high,9,1.0,0.2,2,9.484481811523438,0.0018951280508190393,0.0003918657312169671,0.0011375326430425048,1.665998935699463,0.20677532255649567,0,0
M1_margin,high,9,1.0,0.2,2,9.484481811523438,0.017082832753658295,0.008140256628394127,0.010253810323774815,1.665998935699463,0.4765166640281677,0,0
M2_popmass,high,9,1.0,0.2,2,9.484481811523438,0.0025318386033177376,0.0005241965409368277,0.0015197121538221836,1.665998935699463,0.20704181492328644,0,0
M0_balanced,high,9,1.0,0.4,2,9.484481811523438,0.0018951280508190393,0.0003918657312169671,0.0011375326430425048,1.665998935699463,0.20677532255649567,0,0
M1_margin,high,9,1.0,0.4,2,9.484481811523438,0.017082832753658295,0.008140256628394127,0.010253810323774815,1.665998935699463,0.4765166640281677,0,0
M2_popmass,high,9,1.0,0.4,2,9.484481811523438,0.0025318386033177376,0.0005241965409368277,0.0015197121538221836,1.665998935699463,0.20704181492328644,0,0
M0_balanced,high,10,1.0,0.1,0,9.549430847167969,0.003912895452231169,0.0008090903866104782,0.002243921859189868,1.743775725364685,0.20677532255649567,0,0
M1_margin,high,10,1.0,0.1,0,9.549430847167969,0.02613949030637741,0.012455902062356472,0.014990165829658508,1.743775725364685,0.4765166640281677,0,0
M2_popmass,high,10,1.0,0.1,0,9.549430847167969,0.004720612429082394,0.000977364252321422,0.0027071216609328985,1.743775725364685,0.20704181492328644,0,0
M0_balanced,high,10,1.0,0.2,0,9.549430847167969,0.003912895452231169,0.0008090903866104782,0.002243921859189868,1.743775725364685,0.20677532255649567,0,0
M1_margin,high,10,1.0,0.2,0,9.549430847167969,0.02613949030637741,0.012455902062356472,0.014990165829658508,1.743775725364685,0.4765166640281677,0,0
M2_popmass,high,10,1.0,0.2,0,9.549430847167969,0.004720612429082394,0.000977364252321422,0.0027071216609328985,1.743775725364685,0.20704181492328644,0,0
M0_balanced,high,10,1.0,0.4,0,9.549430847167969,0.003912895452231169,0.0008090903866104782,0.002243921859189868,1.743775725364685,0.20677532255649567,0,0
M1_margin,high,10,1.0,0.4,0,9.549430847167969,0.02613949030637741,0.012455902062356472,0.014990165829658508,1.743775725364685,0.4765166640281677,0,0
M2_popmass,high,10,1.0,0.4,0,9.549430847167969,0.004720612429082394,0.000977364252321422,0.0027071216609328985,1.743775725364685,0.20704181492328644,0,0
M0_balanced,high,10,1.0,0.1,1,9.553913116455078,0.0039049461483955383,0.0008074463694356382,0.0022389080841094255,1.7441295385360718,0.20677532255649567,1,0
M1_margin,high,10,1.0,0.1,1,9.553913116455078,0.026175932958722115,0.012473266571760178,0.015008019283413887,1.7441295385360718,0.4765166640281677,1,0
M2_popmass,high,10,1.0,0.1,1,9.553913116455078,0.004712922032922506,0.0009757719235494733,0.0027021628338843584,1.7441295385360718,0.20704181492328644,1,0
M0_balanced,high,10,1.0,0.2,1,9.428401947021484,0.004646065179258585,0.0009606918320059776,0.002710239728912711,1.714263916015625,0.20677532255649567,1,2
M1_margin,high,10,1.0,0.2,1,9.428401947021484,0.02110777050256729,0.0100582055747509,0.012313024140894413,1.714263916015625,0.4765166640281677,1,2
M2_popmass,high,10,1.0,0.2,1,9.428401947021484,0.005398330744355917,0.0011176802217960358,0.0031490663532167673,1.714263916015625,0.20704181492328644,1,2
M0_balanced,high,10,1.0,0.4,1,9.428401947021484,0.004646065179258585,0.0009606918320059776,0.002710239728912711,1.714263916015625,0.20677532255649567,1,2
M1_margin,high,10,1.0,0.4,1,9.428401947021484,0.02110777050256729,0.0100582055747509,0.012313024140894413,1.714263916015625,0.4765166640281677,1,2
M2_popmass,high,10,1.0,0.4,1,9.428401947021484,0.005398330744355917,0.0011176802217960358,0.0031490663532167673,1.714263916015625,0.20704181492328644,1,2
M0_balanced,high,10,1.0,0.1,2,9.381216049194336,0.004069078713655472,0.0008413851028308272,0.0023825783282518387,1.7078468799591064,0.20677532255649567,0,0
M1_margin,high,10,1.0,0.1,2,9.381216049194336,0.018582051619887352,0.008854657411575317,0.010880396701395512,1.7078468799591064,0.4765166640281677,0,0
M2_popmass,high,10,1.0,0.1,2,9.381216049194336,0.004766328725963831,0.0009868292836472392,0.002790840808302164,1.7078468799591064,0.20704181492328644,0,0
M0_balanced,high,10,1.0,0.2,2,9.381216049194336,0.004069078713655472,0.0008413851028308272,0.0023825783282518387,1.7078468799591064,0.20677532255649567,0,0
M1_margin,high,10,1.0,0.2,2,9.381216049194336,0.018582051619887352,0.008854657411575317,0.010880396701395512,1.7078468799591064,0.4765166640281677,0,0
M2_popmass,high,10,1.0,0.2,2,9.381216049194336,0.004766328725963831,0.0009868292836472392,0.002790840808302164,1.7078468799591064,0.20704181492328644,0,0
M0_balanced,high,10,1.0,0.4,2,9.381216049194336,0.004069078713655472,0.0008413851028308272,0.0023825783282518387,1.7078468799591064,0.20677532255649567,0,0
M1_margin,high,10,1.0,0.4,2,9.381216049194336,0.018582051619887352,0.008854657411575317,0.010880396701395512,1.7078468799591064,0.4765166640281677,0,0
M2_popmass,high,10,1.0,0.4,2,9.381216049194336,0.004766328725963831,0.0009868292836472392,0.002790840808302164,1.7078468799591064,0.20704181492328644,0,0
M0_balanced,high,11,0.8,0.1,0,9.52977466583252,0.005102542228996754,0.0010550799779593945,0.0029437504708766937,1.7333476543426514,0.20677532255649567,0,0
M1_margin,high,11,0.8,0.1,0,9.52977466583252,0.023627687245607376,0.0112589867785573,0.013631245121359825,1.7333476543426514,0.4765166640281677,0,0
M2_popmass,high,11,0.8,0.1,0,9.52977466583252,0.0059706950560212135,0.0012361835688352585,0.0034446031786501408,1.7333476543426514,0.20704181492328644,0,0
M0_balanced,high,11,0.8,0.2,0,9.52977466583252,0.005102542228996754,0.0010550799779593945,0.0029437504708766937,1.7333476543426514,0.20677532255649567,0,0
M1_margin,high,11,0.8,0.2,0,9.52977466583252,0.023627687245607376,0.0112589867785573,0.013631245121359825,1.7333476543426514,0.4765166640281677,0,0
M2_popmass,high,11,0.8,0.2,0,9.52977466583252,0.0059706950560212135,0.0012361835688352585,0.0034446031786501408,1.7333476543426514,0.20704181492328644,0,0
M0_balanced,high,11,0.8,0.4,0,9.52977466583252,0.005102542228996754,0.0010550799779593945,0.0029437504708766937,1.7333476543426514,0.20677532255649567,0,0
M1_margin,high,11,0.8,0.4,0,9.52977466583252,0.023627687245607376,0.0112589867785573,0.013631245121359825,1.7333476543426514,0.4765166640281677,0,0
M2_popmass,high,11,0.8,0.4,0,9.52977466583252,0.0059706950560212135,0.0012361835688352585,0.0034446031786501408,1.7333476543426514,0.20704181492328644,0,0
M0_balanced,high,11,0.8,0.1,1,9.523427963256836,0.005083337426185608,0.001051108818501234,0.00293435575440526,1.7323522567749023,0.20677532255649567,0,0
M1_margin,high,11,0.8,0.1,1,9.523427963256836,0.023620516061782837,0.011255567893385887,0.013634936884045601,1.7323522567749023,0.4765166640281677,0,0
M2_popmass,high,11,0.8,0.1,1,9.523427963256836,0.005950435530394316,0.0012319890083745122,0.0034348880872130394,1.7323522567749023,0.20704181492328644,0,0
M0_balanced,high,11,0.8,0.2,1,9.523427963256836,0.005083337426185608,0.001051108818501234,0.00293435575440526,1.7323522567749023,0.20677532255649567,0,0
M1_margin,high,11,0.8,0.2,1,9.523427963256836,0.023620516061782837,0.011255567893385887,0.013634936884045601,1.7323522567749023,0.4765166640281677,0,0
M2_popmass,high,11,0.8,0.2,1,9.523427963256836,0.005950435530394316,0.0012319890083745122,0.0034348880872130394,1.7323522567749023,0.20704181492328644,0,0
M0_balanced,high,11,0.8,0.4,1,9.523427963256836,0.005083337426185608,0.001051108818501234,0.00293435575440526,1.7323522567749023,0.20677532255649567,0,0
M1_margin,high,11,0.8,0.4,1,9.523427963256836,0.023620516061782837,0.011255567893385887,0.013634936884045601,1.7323522567749023,0.4765166640281677,0,0
M2_popmass,high,11,0.8,0.4,1,9.523427963256836,0.005950435530394316,0.0012319890083745122,0.0034348880872130394,1.7323522567749023,0.20704181492328644,0,0
M0_balanced,high,11,0.8,0.1,2,9.529352188110352,0.005087793339043856,0.0010520301293581724,0.0029360917396843433,1.732845425605774,0.20677532255649567,0,0
M1_margin,high,11,0.8,0.1,2,9.529352188110352,0.023643353953957558,0.011266452260315418,0.013644237071275711,1.732845425605774,0.4765166640281677,0,0
M2_popmass,high,11,0.8,0.1,2,9.529352188110352,0.005955449305474758,0.0012330268509685993,0.003436802886426449,1.732845425605774,0.20704181492328644,0,0
M0_balanced,high,11,0.8,0.2,2,9.529352188110352,0.005087793339043856,0.0010520301293581724,0.0029360917396843433,1.732845425605774,0.20677532255649567,0,0
M1_margin,high,11,0.8,0.2,2,9.529352188110352,0.023643353953957558,0.011266452260315418,0.013644237071275711,1.732845425605774,0.4765166640281677,0,0
M2_popmass,high,11,0.8,0.2,2,9.529352188110352,0.005955449305474758,0.0012330268509685993,0.003436802886426449,1.732845425605774,0.20704181492328644,0,0
M0_balanced,high,11,0.8,0.4,2,9.529352188110352,0.005087793339043856,0.0010520301293581724,0.0029360917396843433,1.732845425605774,0.20677532255649567,0,0
M1_margin,high,11,0.8,0.4,2,9.529352188110352,0.023643353953957558,0.011266452260315418,0.013644237071275711,1.732845425605774,0.4765166640281677,0,0
M2_popmass,high,11,0.8,0.4,2,9.529352188110352,0.005955449305474758,0.0012330268509685993,0.003436802886426449,1.732845425605774,0.20704181492328644,0,0
M0_balanced,high,12,1.0,0.1,0,8.558694839477539,0.0011384496465325356,0.00023540320398751646,0.0006595163722522557,1.726187825202942,0.20677532255649567,0,0
M1_margin,high,12,1.0,0.1,0,8.558694839477539,0.02469567395746708,0.011767899617552757,0.014306480996310711,1.726187825202942,0.4765166640281677,0,0
M2_popmass,high,12,1.0,0.1,0,8.558694839477539,0.0020947072189301252,0.00043369203922338784,0.0012134875869378448,1.726187825202942,0.20704181492328644,0,0
M0_balanced,high,12,1.0,0.2,0,8.558694839477539,0.0011384496465325356,0.00023540320398751646,0.0006595163722522557,1.726187825202942,0.20677532255649567,0,0
M1_margin,high,12,1.0,0.2,0,8.558694839477539,0.02469567395746708,0.011767899617552757,0.014306480996310711,1.726187825202942,0.4765166640281677,0,0
M2_popmass,high,12,1.0,0.2,0,8.558694839477539,0.0020947072189301252,0.00043369203922338784,0.0012134875869378448,1.726187825202942,0.20704181492328644,0,0
M0_balanced,high,12,1.0,0.4,0,8.558694839477539,0.0011384496465325356,0.00023540320398751646,0.0006595163722522557,1.726187825202942,0.20677532255649567,0,0
M1_margin,high,12,1.0,0.4,0,8.558694839477539,0.02469567395746708,0.011767899617552757,0.014306480996310711,1.726187825202942,0.4765166640281677,0,0
M2_popmass,high,12,1.0,0.4,0,8.558694839477539,0.0020947072189301252,0.00043369203922338784,0.0012134875869378448,1.726187825202942,0.20704181492328644,0,0
M0_balanced,high,12,1.0,0.1,1,8.56096363067627,0.001148669165559113,0.0002375165931880474,0.0006653509335592389,1.7264121770858765,0.20677532255649567,0,0
M1_margin,high,12,1.0,0.1,1,8.56096363067627,0.024699263274669647,0.011769612319767475,0.014306703582406044,1.7264121770858765,0.4765166640281677,0,0
M2_popmass,high,12,1.0,0.1,1,8.56096363067627,0.00210523116402328,0.0004358708974905312,0.0012194255832582712,1.7264121770858765,0.20704181492328644,0,0
M0_balanced,high,12,1.0,0.2,1,8.56096363067627,0.001148669165559113,0.0002375165931880474,0.0006653509335592389,1.7264121770858765,0.20677532255649567,0,0
M1_margin,high,12,1.0,0.2,1,8.56096363067627,0.024699263274669647,0.011769612319767475,0.014306703582406044,1.7264121770858765,0.4765166640281677,0,0
M2_popmass,high,12,1.0,0.2,1,8.56096363067627,0.00210523116402328,0.0004358708974905312,0.0012194255832582712,1.7264121770858765,0.20704181492328644,0,0
M0_balanced,high,12,1.0,0.4,1,8.56096363067627,0.001148669165559113,0.0002375165931880474,0.0006653509335592389,1.7264121770858765,0.20677532255649567,0,0
M1_margin,high,12,1.0,0.4,1,8.56096363067627,0.024699263274669647,0.011769612319767475,0.014306703582406044,1.7264121770858765,0.4765166640281677,0,0
M2_popmass,high,12,1.0,0.4,1,8.56096363067627,0.00210523116402328,0.0004358708974905312,0.0012194255832582712,1.7264121770858765,0.20704181492328644,0,0
M0_balanced,high,12,1.0,0.1,2,8.64265251159668,0.0014031415339559317,0.0002901350671891123,0.0008188288193196058,1.7135957479476929,0.20677532255649567,0,0
M1_margin,high,12,1.0,0.1,2,8.64265251159668,0.021534476429224014,0.010261539369821548,0.012566838413476944,1.7135957479476929,0.4765166640281677,0,0
M2_popmass,high,12,1.0,0.1,2,8.64265251159668,0.0023195496760308743,0.0004802438197657466,0.001353615545667708,1.7135957479476929,0.20704181492328644,0,0
M0_balanced,high,12,1.0,0.2,2,8.64265251159668,0.0014031415339559317,0.0002901350671891123,0.0008188288193196058,1.7135957479476929,0.20677532255649567,0,0
M1_margin,high,12,1.0,0.2,2,8.64265251159668,0.021534476429224014,0.010261539369821548,0.012566838413476944,1.7135957479476929,0.4765166640281677,0,0
M2_popmass,high,12,1.0,0.2,2,8.64265251159668,0.0023195496760308743,0.0004802438197657466,0.001353615545667708,1.7135957479476929,0.20704181492328644,0,0
M0_balanced,high,12,1.0,0.4,2,8.64265251159668,0.0014031415339559317,0.0002901350671891123,0.0008188288193196058,1.7135957479476929,0.20677532255649567,0,0
M1_margin,high,12,1.0,0.4,2,8.64265251159668,0.021534476429224014,0.010261539369821548,0.012566838413476944,1.7135957479476929,0.4765166640281677,0,0
M2_popmass,high,12,1.0,0.4,2,8.64265251159668,0.0023195496760308743,0.0004802438197657466,0.001353615545667708,1.7135957479476929,0.20704181492328644,0,0
M0_balanced,high,13,0.8,0.1,0,10.431156158447266,0.004613648634403944,0.0009539887541905046,0.002814688952639699,1.6391328573226929,0.20677532255649567,0,0
M1_margin,high,13,0.8,0.1,0,10.431156158447266,0.013621206395328045,0.006490733008831739,0.00831000879406929,1.6391328573226929,0.4765166640281677,0,0
M2_popmass,high,13,0.8,0.1,0,10.431156158447266,0.005203104577958584,0.001077260123565793,0.003174303099513054,1.6391328573226929,0.20704181492328644,0,0
M0_balanced,high,13,0.8,0.2,0,10.431156158447266,0.004613648634403944,0.0009539887541905046,0.002814688952639699,1.6391328573226929,0.20677532255649567,0,0
M1_margin,high,13,0.8,0.2,0,10.431156158447266,0.013621206395328045,0.006490733008831739,0.00831000879406929,1.6391328573226929,0.4765166640281677,0,0
M2_popmass,high,13,0.8,0.2,0,10.431156158447266,0.005203104577958584,0.001077260123565793,0.003174303099513054,1.6391328573226929,0.20704181492328644,0,0
M0_balanced,high,13,0.8,0.4,0,10.431156158447266,0.004613648634403944,0.0009539887541905046,0.002814688952639699,1.6391328573226929,0.20677532255649567,0,0
M1_margin,high,13,0.8,0.4,0,10.431156158447266,0.013621206395328045,0.006490733008831739,0.00831000879406929,1.6391328573226929,0.4765166640281677,0,0
M2_popmass,high,13,0.8,0.4,0,10.431156158447266,0.005203104577958584,0.001077260123565793,0.003174303099513054,1.6391328573226929,0.20704181492328644,0,0
M0_balanced,high,13,0.8,0.1,1,10.433716773986816,0.004619135521352291,0.0009551232797093689,0.0028171767480671406,1.6396329402923584,0.20677532255649567,0,0
M1_margin,high,13,0.8,0.1,1,10.433716773986816,0.013649159111082554,0.006504051852971315,0.008324521593749523,1.6396329402923584,0.4765166640281677,0,0
M2_popmass,high,13,0.8,0.1,1,10.433716773986816,0.005209452472627163,0.001078574568964541,0.0031772067304700613,1.6396329402923584,0.20704181492328644,0,0
M0_balanced,high,13,0.8,0.2,1,10.433716773986816,0.004619135521352291,0.0009551232797093689,0.0028171767480671406,1.6396329402923584,0.20677532255649567,0,0
M1_margin,high,13,0.8,0.2,1,10.433716773986816,0.013649159111082554,0.006504051852971315,0.008324521593749523,1.6396329402923584,0.4765166640281677,0,0
M2_popmass,high,13,0.8,0.2,1,10.433716773986816,0.005209452472627163,0.001078574568964541,0.0031772067304700613,1.6396329402923584,0.20704181492328644,0,0
M0_balanced,high,13,0.8,0.4,1,10.433716773986816,0.004619135521352291,0.0009551232797093689,0.0028171767480671406,1.6396329402923584,0.20677532255649567,0,0
M1_margin,high,13,0.8,0.4,1,10.433716773986816,0.013649159111082554,0.006504051852971315,0.008324521593749523,1.6396329402923584,0.4765166640281677,0,0
M2_popmass,high,13,0.8,0.4,1,10.433716773986816,0.005209452472627163,0.001078574568964541,0.0031772067304700613,1.6396329402923584,0.20704181492328644,0,0
M0_balanced,high,13,0.8,0.1,2,10.357721328735352,0.004415151197463274,0.0009129443787969649,0.0027101568412035704,1.629112958908081,0.20677532255649567,1,0
M1_margin,high,13,0.8,0.1,2,10.357721328735352,0.01154404878616333,0.00550093175843358,0.007086094934493303,1.629112958908081,0.4765166640281677,1,0
M2_popmass,high,13,0.8,0.1,2,10.357721328735352,0.004958316683769226,0.0010265788296237588,0.003043568227440119,1.629112958908081,0.20704181492328644,1,0
M0_balanced,high,13,0.8,0.2,2,10.357721328735352,0.004415151197463274,0.0009129443787969649,0.0027101568412035704,1.629112958908081,0.20677532255649567,1,0
M1_margin,high,13,0.8,0.2,2,10.357721328735352,0.01154404878616333,0.00550093175843358,0.007086094934493303,1.629112958908081,0.4765166640281677,1,0
M2_popmass,high,13,0.8,0.2,2,10.357721328735352,0.004958316683769226,0.0010265788296237588,0.003043568227440119,1.629112958908081,0.20704181492328644,1,0
M0_balanced,high,13,0.8,0.4,2,10.357721328735352,0.004415151197463274,0.0009129443787969649,0.0027101568412035704,1.629112958908081,0.20677532255649567,1,0
M1_margin,high,13,0.8,0.4,2,10.357721328735352,0.01154404878616333,0.00550093175843358,0.007086094934493303,1.629112958908081,0.4765166640281677,1,0
M2_popmass,high,13,0.8,0.4,2,10.357721328735352,0.004958316683769226,0.0010265788296237588,0.003043568227440119,1.629112958908081,0.20704181492328644,1,0
M0_balanced,high,14,1.0,0.1,0,10.019256591796875,0.0017289292300119996,0.00035749992821365595,0.0010306350886821747,1.6775377988815308,0.20677532255649567,1,0
M1_margin,high,14,1.0,0.1,0,10.019256591796875,0.01492897979915142,0.007113907486200333,0.008899340406060219,1.6775377988815308,0.4765166640281677,1,0
M2_popmass,high,14,1.0,0.1,0,10.019256591796875,0.0022718303371220827,0.0004703639424405992,0.0013542650267481804,1.6775377988815308,0.20704181492328644,1,0
M0_balanced,high,14,1.0,0.2,0,10.019256591796875,0.0017289292300119996,0.00035749992821365595,0.0010306350886821747,1.6775377988815308,0.20677532255649567,1,0
M1_margin,high,14,1.0,0.2,0,10.019256591796875,0.01492897979915142,0.007113907486200333,0.008899340406060219,1.6775377988815308,0.4765166640281677,1,0
M2_popmass,high,14,1.0,0.2,0,10.019256591796875,0.0022718303371220827,0.0004703639424405992,0.0013542650267481804,1.6775377988815308,0.20704181492328644,1,0
M0_balanced,high,14,1.0,0.4,0,10.019256591796875,0.0017289292300119996,0.00035749992821365595,0.0010306350886821747,1.6775377988815308,0.20677532255649567,1,0
M1_margin,high,14,1.0,0.4,0,10.019256591796875,0.01492897979915142,0.007113907486200333,0.008899340406060219,1.6775377988815308,0.4765166640281677,1,0
M2_popmass,high,14,1.0,0.4,0,10.019256591796875,0.0022718303371220827,0.0004703639424405992,0.0013542650267481804,1.6775377988815308,0.20704181492328644,1,0
M0_balanced,high,14,1.0,0.1,1,10.075233459472656,0.0015432968502864242,0.000319115788443014,0.0009225677931681275,1.6728280782699585,0.20677532255649567,1,1
M1_margin,high,14,1.0,0.1,1,10.075233459472656,0.014880158938467503,0.007090644910931587,0.008895212784409523,1.6728280782699585,0.4765166640281677,1,1
M2_popmass,high,14,1.0,0.1,1,10.075233459472656,0.0020743354689329863,0.0004294741665944457,0.0012400171253830194,1.6728280782699585,0.20704181492328644,1,1
M0_balanced,high,14,1.0,0.2,1,10.075233459472656,0.0015432968502864242,0.000319115788443014,0.0009225677931681275,1.6728280782699585,0.20677532255649567,1,1
M1_margin,high,14,1.0,0.2,1,10.075233459472656,0.014880158938467503,0.007090644910931587,0.008895212784409523,1.6728280782699585,0.4765166640281677,1,1
M2_popmass,high,14,1.0,0.2,1,10.075233459472656,0.0020743354689329863,0.0004294741665944457,0.0012400171253830194,1.6728280782699585,0.20704181492328644,1,1
M0_balanced,high,14,1.0,0.4,1,10.075233459472656,0.0015432968502864242,0.000319115788443014,0.0009225677931681275,1.6728280782699585,0.20677532255649567,1,1
M1_margin,high,14,1.0,0.4,1,10.075233459472656,0.014880158938467503,0.007090644910931587,0.008895212784409523,1.6728280782699585,0.4765166640281677,1,1
M2_popmass,high,14,1.0,0.4,1,10.075233459472656,0.0020743354689329863,0.0004294741665944457,0.0012400171253830194,1.6728280782699585,0.20704181492328644,1,1
M0_balanced,high,14,1.0,0.1,2,10.175973892211914,0.0013226637383922935,0.0002734942827373743,0.0008004297269508243,1.6524423360824585,0.20677532255649567,1,2
M1_margin,high,14,1.0,0.1,2,10.175973892211914,0.012915010564029217,0.006154219154268503,0.007815712131559849,1.6524423360824585,0.4765166640281677,1,2
M2_popmass,high,14,1.0,0.1,2,10.175973892211914,0.0018098794389516115,0.00037472069379873574,0.0010952752782031894,1.6524423360824585,0.20704181492328644,1,2
M0_balanced,high,14,1.0,0.2,2,10.175973892211914,0.0013226637383922935,0.0002734942827373743,0.0008004297269508243,1.6524423360824585,0.20677532255649567,1,2
M1_margin,high,14,1.0,0.2,2,10.175973892211914,0.012915010564029217,0.006154219154268503,0.007815712131559849,1.6524423360824585,0.4765166640281677,1,2
M2_popmass,high,14,1.0,0.2,2,10.175973892211914,0.0018098794389516115,0.00037472069379873574,0.0010952752782031894,1.6524423360824585,0.20704181492328644,1,2
M0_balanced,high,14,1.0,0.4,2,10.175973892211914,0.0013226637383922935,0.0002734942827373743,0.0008004297269508243,1.6524423360824585,0.20677532255649567,1,2
M1_margin,high,14,1.0,0.4,2,10.175973892211914,0.012915010564029217,0.006154219154268503,0.007815712131559849,1.6524423360824585,0.4765166640281677,1,2
M2_popmass,high,14,1.0,0.4,2,10.175973892211914,0.0018098794389516115,0.00037472069379873574,0.0010952752782031894,1.6524423360824585,0.20704181492328644,1,2
M0_balanced,high,15,1.0,0.1,0,7.404208183288574,-0.0015417803078889847,-0.00031880225287750363,-0.0009082744363695383,1.6974836587905884,0.20677532255649567,0,0
M1_margin,high,15,1.0,0.1,0,7.404208183288574,0.015652041882276535,0.007458458188921213,0.009220731444656849,1.6974836587905884,0.4765166640281677,0,0
M2_popmass,high,15,1.0,0.1,0,7.404208183288574,-0.00020433473400771618,-4.230585182085633e-05,-0.0001203751380671747,1.6974836587905884,0.20704181492328644,0,0
M0_balanced,high,15,1.0,0.2,0,7.404208183288574,-0.0015417803078889847,-0.00031880225287750363,-0.0009082744363695383,1.6974836587905884,0.20677532255649567,0,0
M1_margin,high,15,1.0,0.2,0,7.404208183288574,0.015652041882276535,0.007458458188921213,0.009220731444656849,1.6974836587905884,0.4765166640281677,0,0
M2_popmass,high,15,1.0,0.2,0,7.404208183288574,-0.00020433473400771618,-4.230585182085633e-05,-0.0001203751380671747,1.6974836587905884,0.20704181492328644,0,0
M0_balanced,high,15,1.0,0.4,0,7.404208183288574,-0.0015417803078889847,-0.00031880225287750363,-0.0009082744363695383,1.6974836587905884,0.20677532255649567,0,0
M1_margin,high,15,1.0,0.4,0,7.404208183288574,0.015652041882276535,0.007458458188921213,0.009220731444656849,1.6974836587905884,0.4765166640281677,0,0
M2_popmass,high,15,1.0,0.4,0,7.404208183288574,-0.00020433473400771618,-4.230585182085633e-05,-0.0001203751380671747,1.6974836587905884,0.20704181492328644,0,0
M0_balanced,high,15,1.0,0.1,1,7.494789123535156,-0.0020879022777080536,-0.00043172677396796644,-0.0012519763549789786,1.6676855087280273,0.20677532255649567,1,1
M1_margin,high,15,1.0,0.1,1,7.494789123535156,0.012464199215173721,0.00593939982354641,0.0074739521369338036,1.6676855087280273,0.4765166640281677,1,1
M2_popmass,high,15,1.0,0.1,1,7.494789123535156,-0.000844127032905817,-0.00017476954963058233,-0.0005061666597612202,1.6676855087280273,0.20704181492328644,1,1
M0_balanced,high,15,1.0,0.2,1,7.494789123535156,-0.0020879022777080536,-0.00043172677396796644,-0.0012519763549789786,1.6676855087280273,0.20677532255649567,1,1
M1_margin,high,15,1.0,0.2,1,7.494789123535156,0.012464199215173721,0.00593939982354641,0.0074739521369338036,1.6676855087280273,0.4765166640281677,1,1
M2_popmass,high,15,1.0,0.2,1,7.494789123535156,-0.000844127032905817,-0.00017476954963058233,-0.0005061666597612202,1.6676855087280273,0.20704181492328644,1,1
M0_balanced,high,15,1.0,0.4,1,7.494789123535156,-0.0020879022777080536,-0.00043172677396796644,-0.0012519763549789786,1.6676855087280273,0.20677532255649567,1,1
M1_margin,high,15,1.0,0.4,1,7.494789123535156,0.012464199215173721,0.00593939982354641,0.0074739521369338036,1.6676855087280273,0.4765166640281677,1,1
M2_popmass,high,15,1.0,0.4,1,7.494789123535156,-0.000844127032905817,-0.00017476954963058233,-0.0005061666597612202,1.6676855087280273,0.20704181492328644,1,1
M0_balanced,high,15,1.0,0.1,2,7.56019926071167,-0.0023843091912567616,-0.0004930164432153106,-0.0014451247407123446,1.6498990058898926,0.20677532255649567,1,2
M1_margin,high,15,1.0,0.1,2,7.56019926071167,0.010967431589961052,0.005226163659244776,0.006647334434092045,1.6498990058898926,0.4765166640281677,1,2
M2_popmass,high,15,1.0,0.1,2,7.56019926071167,-0.001193285221233964,-0.0002470596809871495,-0.000723246659617871,1.6498990058898926,0.20704181492328644,1,2
M0_balanced,high,15,1.0,0.2,2,7.56019926071167,-0.0023843091912567616,-0.0004930164432153106,-0.0014451247407123446,1.6498990058898926,0.20677532255649567,1,2
M1_margin,high,15,1.0,0.2,2,7.56019926071167,0.010967431589961052,0.005226163659244776,0.006647334434092045,1.6498990058898926,0.4765166640281677,1,2
M2_popmass,high,15,1.0,0.2,2,7.56019926071167,-0.001193285221233964,-0.0002470596809871495,-0.000723246659617871,1.6498990058898926,0.20704181492328644,1,2
M0_balanced,high,15,1.0,0.4,2,7.606738090515137,-0.0029434943571686745,-0.0006086421199142933,-0.0017920974642038345,1.6424859762191772,0.20677532255649567,1,3
M1_margin,high,15,1.0,0.4,2,7.606738090515137,0.009307719767093658,0.004435284063220024,0.005666849669069052,1.6424859762191772,0.4765166640281677,1,3
M2_popmass,high,15,1.0,0.4,2,7.606738090515137,-0.001809179550036788,-0.0003745759604498744,-0.0011014890624210238,1.6424859762191772,0.20704181492328644,1,3
M0_balanced,high,16,0.875,0.1,0,10.368399620056152,0.002934436546638608,0.0006067691138014197,0.0017795026069507003,1.649020791053772,0.20677532255649567,1,0
M1_margin,high,16,0.875,0.1,0,10.368399620056152,0.013780353590846062,0.006566568277776241,0.008356688544154167,1.649020791053772,0.4765166640281677,1,0
M2_popmass,high,16,0.875,0.1,0,10.368399620056152,0.0034590614959597588,0.0007161702960729599,0.002097645541653037,1.649020791053772,0.20704181492328644,1,0
M0_balanced,high,16,0.875,0.2,0,10.333288192749023,0.00411546416580677,0.0008509765029884875,0.0025389257352799177,1.620947241783142,0.20677532255649567,1,1
M1_margin,high,16,0.875,0.2,0,10.333288192749023,0.013006637804210186,0.006197880953550339,0.008024098351597786,1.620947241783142,0.4765166640281677,1,1
M2_popmass,high,16,0.875,0.2,0,10.333288192749023,0.004653068725019693,0.0009633796871639788,0.0028705857694149017,1.620947241783142,0.20704181492328644,1,1
M0_balanced,high,16,0.875,0.4,0,10.358650207519531,0.005821653641760349,0.0012037744745612144,0.0035961458925157785,1.6188594102859497,0.20677532255649567,1,3
M1_margin,high,16,0.875,0.4,0,10.358650207519531,0.014807206578552723,0.007055880036205053,0.00914668943732977,1.6188594102859497,0.4765166640281677,1,3
M2_popmass,high,16,0.875,0.4,0,10.358650207519531,0.006424557417631149,0.0013301520375534892,0.003968570381402969,1.6188594102859497,0.20704181492328644,1,3
M0_balanced,high,16,0.875,0.1,1,10.357124328613281,0.0029239864088594913,0.0006046082125976682,0.0017746026860550046,1.6476850509643555,0.20677532255649567,0,0
M1_margin,high,16,0.875,0.1,1,10.357124328613281,0.013711750507354736,0.006533879321068525,0.00832182914018631,1.6476850509643555,0.4765166640281677,0,0
M2_popmass,high,16,0.875,0.1,1,10.357124328613281,0.0034470558166503906,0.0007136847707442939,0.0020920601673424244,1.6476850509643555,0.20704181492328644,0,0
M0_balanced,high,16,0.875,0.2,1,10.357124328613281,0.0029239864088594913,0.0006046082125976682,0.0017746026860550046,1.6476850509643555,0.20677532255649567,0,0
M1_margin,high,16,0.875,0.2,1,10.357124328613281,0.013711750507354736,0.006533879321068525,0.00832182914018631,1.6476850509643555,0.4765166640281677,0,0
M2_popmass,high,16,0.875,0.2,1,10.357124328613281,0.0034470558166503906,0.0007136847707442939,0.0020920601673424244,1.6476850509643555,0.20704181492328644,0,0
M0_balanced,high,16,0.875,0.4,1,10.357124328613281,0.0029239864088594913,0.0006046082125976682,0.0017746026860550046,1.6476850509643555,0.20677532255649567,0,0
M1_margin,high,16,0.875,0.4,1,10.357124328613281,0.013711750507354736,0.006533879321068525,0.00832182914018631,1.6476850509643555,0.4765166640281677,0,0
M2_popmass,high,16,0.875,0.4,1,10.357124328613281,0.0034470558166503906,0.0007136847707442939,0.0020920601673424244,1.6476850509643555,0.20704181492328644,0,0
M0_balanced,high,16,0.875,0.1,2,10.244543075561523,0.0027343633119016886,0.0005653988919220865,0.0016960302600637078,1.6122138500213623,0.20677532255649567,1,0
M1_margin,high,16,0.875,0.1,2,10.244543075561523,0.010812758468091488,0.005152459256350994,0.006706776563078165,1.6122138500213623,0.4765166640281677,1,0
M2_popmass,high,16,0.875,0.1,2,10.244543075561523,0.0031940159387886524,0.0006612947909161448,0.0019811366219073534,1.6122138500213623,0.20704181492328644,1,0
M0_balanced,high,16,0.875,0.2,2,10.161947250366211,0.0038741498719900846,0.0008010785677470267,0.0024100623559206724,1.6074894666671753,0.20677532255649567,1,1
M1_margin,high,16,0.875,0.2,2,10.161947250366211,0.01166698057204485,0.0055595096200704575,0.007257888093590736,1.6074894666671753,0.4765166640281677,1,1
M2_popmass,high,16,0.875,0.2,2,10.161947250366211,0.004371977876871824,0.0009051822125911713,0.002719755284488201,1.6074894666671753,0.20704181492328644,1,1
M0_balanced,high,16,0.875,0.4,2,10.196547508239746,0.0055751982145011425,0.0011528133181855083,0.003522259881719947,1.582846760749817,0.20677532255649567,1,4
M1_margin,high,16,0.875,0.4,2,10.196547508239746,0.01232884917408228,0.0058749024756252766,0.00778903579339385,1.582846760749817,0.4765166640281677,1,4
M2_popmass,high,16,0.875,0.4,2,10.196547508239746,0.006110099609941244,0.0012650463031604886,0.003860197262838483,1.582846760749817,0.20704181492328644,1,4
M0_balanced,high,17,1.0,0.1,0,8.50436019897461,0.0017278254963457584,0.0003572717832867056,0.0010367920622229576,1.6665117740631104,0.20677532255649567,1,0
M1_margin,high,17,1.0,0.1,0,8.50436019897461,0.009445521980524063,0.004500949289649725,0.00566784106194973,1.6665117740631104,0.4765166640281677,1,0
M2_popmass,high,17,1.0,0.1,0,8.50436019897461,0.0025610816664993763,0.0005302509525790811,0.0015367917949333787,1.6665117740631104,0.20704181492328644,1,0
M0_balanced,high,17,1.0,0.2,0,8.50436019897461,0.0017278254963457584,0.0003572717832867056,0.0010367920622229576,1.6665117740631104,0.20677532255649567,1,0
M1_margin,high,17,1.0,0.2,0,8.50436019897461,0.009445521980524063,0.004500949289649725,0.00566784106194973,1.6665117740631104,0.4765166640281677,1,0
M2_popmass,high,17,1.0,0.2,0,8.50436019897461,0.0025610816664993763,0.0005302509525790811,0.0015367917949333787,1.6665117740631104,0.20704181492328644,1,0
M0_balanced,high,17,1.0,0.4,0,8.486379623413086,0.0016009793616831303,0.00033104291651397943,0.0009730361052788794,1.6453437805175781,0.20677532255649567,1,1
M1_margin,high,17,1.0,0.4,0,8.486379623413086,0.008650734089314938,0.004122219048440456,0.00525770615786314,1.6453437805175781,0.4765166640281677,1,1
M2_popmass,high,17,1.0,0.4,0,8.486379623413086,0.002402903977781534,0.0004975016345269978,0.0014604267198592424,1.6453437805175781,0.20704181492328644,1,1
M0_balanced,high,17,1.0,0.1,1,8.50297737121582,0.001710010226815939,0.00035358802415430546,0.0010268290061503649,1.6653316020965576,0.20677532255649567,0,0
M1_margin,high,17,1.0,0.1,1,8.50297737121582,0.009385213255882263,0.004472209606319666,0.005635641515254974,1.6653316020965576,0.4765166640281677,0,0
M2_popmass,high,17,1.0,0.1,1,8.50297737121582,0.00254090060479939,0.0005260726902633905,0.001525762607343495,1.6653316020965576,0.20704181492328644,0,0
M0_balanced,high,17,1.0,0.2,1,8.50297737121582,0.001710010226815939,0.00035358802415430546,0.0010268290061503649,1.6653316020965576,0.20677532255649567,0,0
M1_margin,high,17,1.0,0.2,1,8.50297737121582,0.009385213255882263,0.004472209606319666,0.005635641515254974,1.6653316020965576,0.4765166640281677,0,0
M2_popmass,high,17,1.0,0.2,1,8.50297737121582,0.00254090060479939,0.0005260726902633905,0.001525762607343495,1.6653316020965576,0.20704181492328644,0,0
M0_balanced,high,17,1.0,0.4,1,8.50297737121582,0.001710010226815939,0.00035358802415430546,0.0010268290061503649,1.6653316020965576,0.20677532255649567,0,0
M1_margin,high,17,1.0,0.4,1,8.50297737121582,0.009385213255882263,0.004472209606319666,0.005635641515254974,1.6653316020965576,0.4765166640281677,0,0
M2_popmass,high,17,1.0,0.4,1,8.50297737121582,0.00254090060479939,0.0005260726902633905,0.001525762607343495,1.6653316020965576,0.20704181492328644,0,0
M0_balanced,high,17,1.0,0.1,2,8.503697395324707,0.0017038898076862097,0.00035232247319072485,0.0010232292115688324,1.6652088165283203,0.20677532255649567,1,0
M1_margin,high,17,1.0,0.1,2,8.503697395324707,0.009373422712087631,0.004466590937227011,0.005628975573927164,1.6652088165283203,0.4765166640281677,1,0
M2_popmass,high,17,1.0,0.1,2,8.503697395324707,0.002534472616389394,0.0005247417720966041,0.0015220147324725986,1.6652088165283203,0.20704181492328644,1,0
M0_balanced,high,17,1.0,0.2,2,8.489018440246582,0.0016773282550275326,0.000346830056514591,0.0010100780054926872,1.6605925559997559,0.20677532255649567,1,1
M1_margin,high,17,1.0,0.2,2,8.489018440246582,0.009111398831009865,0.004341732710599899,0.0054868352599442005,1.6605925559997559,0.4765166640281677,1,1
M2_popmass,high,17,1.0,0.2,2,8.489018440246582,0.0024983412586152554,0.000517261098138988,0.0015044877072796226,1.6605925559997559,0.20704181492328644,1,1
M0_balanced,high,17,1.0,0.4,2,8.489018440246582,0.0016773282550275326,0.000346830056514591,0.0010100780054926872,1.6605925559997559,0.20677532255649567,1,1
M1_margin,high,17,1.0,0.4,2,8.489018440246582,0.009111398831009865,0.004341732710599899,0.0054868352599442005,1.6605925559997559,0.4765166640281677,1,1
M2_popmass,high,17,1.0,0.4,2,8.489018440246582,0.0024983412586152554,0.000517261098138988,0.0015044877072796226,1.6605925559997559,0.20704181492328644,1,1
M0_balanced,high,18,1.0,0.1,0,11.954540252685547,0.00651437696069479,0.0013470123521983624,0.004015183076262474,1.6224356889724731,0.20677532255649567,0,0
M1_margin,high,18,1.0,0.1,0,11.954540252685547,0.014774536713957787,0.007040312048047781,0.009106391109526157,1.6224356889724731,0.4765166640281677,0,0
M2_popmass,high,18,1.0,0.1,0,11.954540252685547,0.007091820240020752,0.0014683033805340528,0.004371094983071089,1.6224356889724731,0.20704181492328644,0,0
M0_balanced,high,18,1.0,0.2,0,11.954540252685547,0.00651437696069479,0.0013470123521983624,0.004015183076262474,1.6224356889724731,0.20677532255649567,0,0
M1_margin,high,18,1.0,0.2,0,11.954540252685547,0.014774536713957787,0.007040312048047781,0.009106391109526157,1.6224356889724731,0.4765166640281677,0,0
M2_popmass,high,18,1.0,0.2,0,11.954540252685547,0.007091820240020752,0.0014683033805340528,0.004371094983071089,1.6224356889724731,0.20704181492328644,0,0
M0_balanced,high,18,1.0,0.4,0,11.954540252685547,0.00651437696069479,0.0013470123521983624,0.004015183076262474,1.6224356889724731,0.20677532255649567,0,0
M1_margin,high,18,1.0,0.4,0,11.954540252685547,0.014774536713957787,0.007040312048047781,0.009106391109526157,1.6224356889724731,0.4765166640281677,0,0
M2_popmass,high,18,1.0,0.4,0,11.954540252685547,0.007091820240020752,0.0014683033805340528,0.004371094983071089,1.6224356889724731,0.20704181492328644,0,0
M0_balanced,high,18,1.0,0.1,1,11.953360557556152,0.006518822629004717,0.0013479316839948297,0.004018678795546293,1.6221307516098022,0.20677532255649567,0,0
M1_margin,high,18,1.0,0.1,1,11.953360557556152,0.014788595028221607,0.0070470115169882774,0.009116770699620247,1.6221307516098022,0.4765166640281677,0,0
M2_popmass,high,18,1.0,0.1,1,11.953360557556152,0.007096700370311737,0.0014693138655275106,0.004374925512820482,1.6221307516098022,0.20704181492328644,0,0
M0_balanced,high,18,1.0,0.2,1,11.953360557556152,0.006518822629004717,0.0013479316839948297,0.004018678795546293,1.6221307516098022,0.20677532255649567,0,0
M1_margin,high,18,1.0,0.2,1,11.953360557556152,0.014788595028221607,0.0070470115169882774,0.009116770699620247,1.6221307516098022,0.4765166640281677,0,0
M2_popmass,high,18,1.0,0.2,1,11.953360557556152,0.007096700370311737,0.0014693138655275106,0.004374925512820482,1.6221307516098022,0.20704181492328644,0,0
M0_balanced,high,18,1.0,0.4,1,11.953360557556152,0.006518822629004717,0.0013479316839948297,0.004018678795546293,1.6221307516098022,0.20677532255649567,0,0
M1_margin,high,18,1.0,0.4,1,11.953360557556152,0.014788595028221607,0.0070470115169882774,0.009116770699620247,1.6221307516098022,0.4765166640281677,0,0
M2_popmass,high,18,1.0,0.4,1,11.953360557556152,0.007096700370311737,0.0014693138655275106,0.004374925512820482,1.6221307516098022,0.20704181492328644,0,0
M0_balanced,high,18,1.0,0.1,2,11.884014129638672,0.006386346183717251,0.0013205386931076646,0.0038632284849882126,1.6531109809875488,0.20677532255649567,0,0
M1_margin,high,18,1.0,0.1,2,11.884014129638672,0.019266454502940178,0.009180786088109016,0.01165466383099556,1.6531109809875488,0.4765166640281677,0,0
M2_popmass,high,18,1.0,0.1,2,11.884014129638672,0.007030961569398642,0.001455702818930149,0.004253169056028128,1.6531109809875488,0.20704181492328644,0,0
M0_balanced,high,18,1.0,0.2,2,11.884014129638672,0.006386346183717251,0.0013205386931076646,0.0038632284849882126,1.6531109809875488,0.20677532255649567,0,0
M1_margin,high,18,1.0,0.2,2,11.884014129638672,0.019266454502940178,0.009180786088109016,0.01165466383099556,1.6531109809875488,0.4765166640281677,0,0
M2_popmass,high,18,1.0,0.2,2,11.884014129638672,0.007030961569398642,0.001455702818930149,0.004253169056028128,1.6531109809875488,0.20704181492328644,0,0
M0_balanced,high,18,1.0,0.4,2,11.884014129638672,0.006386346183717251,0.0013205386931076646,0.0038632284849882126,1.6531109809875488,0.20677532255649567,0,0
M1_margin,high,18,1.0,0.4,2,11.884014129638672,0.019266454502940178,0.009180786088109016,0.01165466383099556,1.6531109809875488,0.4765166640281677,0,0
M2_popmass,high,18,1.0,0.4,2,11.884014129638672,0.007030961569398642,0.001455702818930149,0.004253169056028128,1.6531109809875488,0.20704181492328644,0,0
M0_balanced,high,19,0.75,0.1,0,11.772823333740234,0.005041616503149271,0.0010424817446619272,0.003025974379852414,1.666113257408142,0.20677532255649567,1,0
M1_margin,high,19,0.75,0.1,0,11.772823333740234,0.017629429697990417,0.008400718681514263,0.010581173934042454,1.666113257408142,0.4765166640281677,1,0
M2_popmass,high,19,0.75,0.1,0,11.772823333740234,0.005663077346980572,0.0011724937940016389,0.0033989748917520046,1.666113257408142,0.20704181492328644,1,0
M0_balanced,high,19,0.75,0.2,0,11.772823333740234,0.005041616503149271,0.0010424817446619272,0.003025974379852414,1.666113257408142,0.20677532255649567,1,0
M1_margin,high,19,0.75,0.2,0,11.772823333740234,0.017629429697990417,0.008400718681514263,0.010581173934042454,1.666113257408142,0.4765166640281677,1,0
M2_popmass,high,19,0.75,0.2,0,11.772823333740234,0.005663077346980572,0.0011724937940016389,0.0033989748917520046,1.666113257408142,0.20704181492328644,1,0
M0_balanced,high,19,0.75,0.4,0,11.760429382324219,0.005128669552505016,0.0010604822309687734,0.003084123134613037,1.662926197052002,0.20677532255649567,1,1
M1_margin,high,19,0.75,0.4,0,11.760429382324219,0.017208727076649666,0.008200244046747684,0.010348459705710411,1.662926197052002,0.4765166640281677,1,1
M2_popmass,high,19,0.75,0.4,0,11.760429382324219,0.005749047268182039,0.00119029323104769,0.0034571874421089888,1.662926197052002,0.20704181492328644,1,1
M0_balanced,high,19,0.75,0.1,1,11.773039817810059,0.005040394142270088,0.0010422291234135628,0.003023751312866807,1.6669341325759888,0.20677532255649567,0,0
M1_margin,high,19,0.75,0.1,1,11.773039817810059,0.017689574509859085,0.008429376408457756,0.010612040758132935,1.6669341325759888,0.4765166640281677,0,0
M2_popmass,high,19,0.75,0.1,1,11.773039817810059,0.005662837997078896,0.0011724440846592188,0.003397156950086355,1.6669341325759888,0.20704181492328644,0,0
M0_balanced,high,19,0.75,0.2,1,11.773039817810059,0.005040394142270088,0.0010422291234135628,0.003023751312866807,1.6669341325759888,0.20677532255649567,0,0
M1_margin,high,19,0.75,0.2,1,11.773039817810059,0.017689574509859085,0.008429376408457756,0.010612040758132935,1.6669341325759888,0.4765166640281677,0,0
M2_popmass,high,19,0.75,0.2,1,11.773039817810059,0.005662837997078896,0.0011724440846592188,0.003397156950086355,1.6669341325759888,0.20704181492328644,0,0
M0_balanced,high,19,0.75,0.4,1,11.773039817810059,0.005040394142270088,0.0010422291234135628,0.003023751312866807,1.6669341325759888,0.20677532255649567,0,0
M1_margin,high,19,0.75,0.4,1,11.773039817810059,0.017689574509859085,0.008429376408457756,0.010612040758132935,1.6669341325759888,0.4765166640281677,0,0
M2_popmass,high,19,0.75,0.4,1,11.773039817810059,0.005662837997078896,0.0011724440846592188,0.003397156950086355,1.6669341325759888,0.20704181492328644,0,0
M0_balanced,high,19,0.75,0.1,2,11.76254653930664,0.005118359811604023,0.0010583504335954785,0.0030773328617215157,1.6632453203201294,0.20677532255649567,1,1
M1_margin,high,19,0.75,0.1,2,11.76254653930664,0.01723059080541134,0.008210662752389908,0.010359619744122028,1.6632453203201294,0.4765166640281677,1,1
M2_popmass,high,19,0.75,0.1,2,11.76254653930664,0.005738829728215933,0.001188177615404129,0.0034503804054111242,1.6632453203201294,0.20704181492328644,1,1
M0_balanced,high,19,0.75,0.2,2,11.76254653930664,0.005118359811604023,0.0010583504335954785,0.0030773328617215157,1.6632453203201294,0.20677532255649567,1,1
M1_margin,high,19,0.75,0.2,2,11.76254653930664,0.01723059080541134,0.008210662752389908,0.010359619744122028,1.6632453203201294,0.4765166640281677,1,1
M2_popmass,high,19,0.75,0.2,2,11.76254653930664,0.005738829728215933,0.001188177615404129,0.0034503804054111242,1.6632453203201294,0.20704181492328644,1,1
M0_balanced,high,19,0.75,0.4,2,11.76254653930664,0.005118359811604023,0.0010583504335954785,0.0030773328617215157,1.6632453203201294,0.20677532255649567,1,1
M1_margin,high,19,0.75,0.4,2,11.76254653930664,0.01723059080541134,0.008210662752389908,0.010359619744122028,1.6632453203201294,0.4765166640281677,1,1
M2_popmass,high,19,0.75,0.4,2,11.76254653930664,0.005738829728215933,0.001188177615404129,0.0034503804054111242,1.6632453203201294,0.20704181492328644,1,1
M0_balanced,high,20,0.75,0.1,0,9.077531814575195,0.002204553922638297,0.0004558473010547459,0.001308094011619687,1.6853175163269043,0.20677532255649567,0,0
M1_margin,high,20,0.75,0.1,0,9.077531814575195,0.015703102573752403,0.007482790853828192,0.009317593649029732,1.6853175163269043,0.4765166640281677,0,0
M2_popmass,high,20,0.75,0.1,0,9.077531814575195,0.00294921500608325,0.0006106107612140477,0.0017499460373073816,1.6853175163269043,0.20704181492328644,0,0
M0_balanced,high,20,0.75,0.2,0,9.077531814575195,0.002204553922638297,0.0004558473010547459,0.001308094011619687,1.6853175163269043,0.20677532255649567,0,0
M1_margin,high,20,0.75,0.2,0,9.077531814575195,0.015703102573752403,0.007482790853828192,0.009317593649029732,1.6853175163269043,0.4765166640281677,0,0
M2_popmass,high,20,0.75,0.2,0,9.077531814575195,0.00294921500608325,0.0006106107612140477,0.0017499460373073816,1.6853175163269043,0.20704181492328644,0,0
M0_balanced,high,20,0.75,0.4,0,9.077531814575195,0.002204553922638297,0.0004558473010547459,0.001308094011619687,1.6853175163269043,0.20677532255649567,0,0
M1_margin,high,20,0.75,0.4,0,9.077531814575195,0.015703102573752403,0.007482790853828192,0.009317593649029732,1.6853175163269043,0.4765166640281677,0,0
M2_popmass,high,20,0.75,0.4,0,9.077531814575195,0.00294921500608325,0.0006106107612140477,0.0017499460373073816,1.6853175163269043,0.20704181492328644,0,0
M0_balanced,high,20,0.75,0.1,1,9.076395034790039,0.0022146771661937237,0.0004579406522680074,0.0013137876521795988,1.6857194900512695,0.20677532255649567,0,0
M1_margin,high,20,0.75,0.1,1,9.076395034790039,0.01565653271973133,0.007460597902536392,0.009287743829190731,1.6857194900512695,0.4765166640281677,0,0
M2_popmass,high,20,0.75,0.1,1,9.076395034790039,0.0029593624640256166,0.0006127117667347193,0.0017555485246703029,1.6857194900512695,0.20704181492328644,0,0
M0_balanced,high,20,0.75,0.2,1,9.076395034790039,0.0022146771661937237,0.0004579406522680074,0.0013137876521795988,1.6857194900512695,0.20677532255649567,0,0
M1_margin,high,20,0.75,0.2,1,9.076395034790039,0.01565653271973133,0.007460597902536392,0.009287743829190731,1.6857194900512695,0.4765166640281677,0,0
M2_popmass,high,20,0.75,0.2,1,9.076395034790039,0.0029593624640256166,0.0006127117667347193,0.0017555485246703029,1.6857194900512695,0.20704181492328644,0,0
M0_balanced,high,20,0.75,0.4,1,9.076395034790039,0.0022146771661937237,0.0004579406522680074,0.0013137876521795988,1.6857194900512695,0.20677532255649567,0,0
M1_margin,high,20,0.75,0.4,1,9.076395034790039,0.01565653271973133,0.007460597902536392,0.009287743829190731,1.6857194900512695,0.4765166640281677,0,0
M2_popmass,high,20,0.75,0.4,1,9.076395034790039,0.0029593624640256166,0.0006127117667347193,0.0017555485246703029,1.6857194900512695,0.20704181492328644,0,0
M0_balanced,high,20,0.75,0.1,2,9.075178146362305,0.0022165202535688877,0.0004583217087201774,0.0013147988356649876,1.6858247518539429,0.20677532255649567,0,0
M1_margin,high,20,0.75,0.1,2,9.075178146362305,0.015644624829292297,0.007454924285411835,0.009280101396143436,1.6858247518539429,0.4765166640281677,0,0
M2_popmass,high,20,0.75,0.1,2,9.075178146362305,0.002961156889796257,0.0006130833644419909,0.001756503595970571,1.6858247518539429,0.20704181492328644,0,0
M0_balanced,high,20,0.75,0.2,2,9.075178146362305,0.0022165202535688877,0.0004583217087201774,0.0013147988356649876,1.6858247518539429,0.20677532255649567,0,0
M1_margin,high,20,0.75,0.2,2,9.075178146362305,0.015644624829292297,0.007454924285411835,0.009280101396143436,1.6858247518539429,0.4765166640281677,0,0
M2_popmass,high,20,0.75,0.2,2,9.075178146362305,0.002961156889796257,0.0006130833644419909,0.001756503595970571,1.6858247518539429,0.20704181492328644,0,0
M0_balanced,high,20,0.75,0.4,2,9.075178146362305,0.0022165202535688877,0.0004583217087201774,0.0013147988356649876,1.6858247518539429,0.20677532255649567,0,0
M1_margin,high,20,0.75,0.4,2,9.075178146362305,0.015644624829292297,0.007454924285411835,0.009280101396143436,1.6858247518539429,0.4765166640281677,0,0
M2_popmass,high,20,0.75,0.4,2,9.075178146362305,0.002961156889796257,0.0006130833644419909,0.001756503595970571,1.6858247518539429,0.20704181492328644,0,0
M0_balanced,high,21,1.0,0.1,0,9.367666244506836,0.0029342512134462595,0.0006067306967452168,0.0018180393381044269,1.613964557647705,0.20677532255649567,1,0
M1_margin,high,21,1.0,0.1,0,9.367666244506836,0.009230531752109528,0.00439850240945816,0.005719166714698076,1.613964557647705,0.4765166640281677,1,0
M2_popmass,high,21,1.0,0.1,0,9.367666244506836,0.0035003600642085075,0.0007247208268381655,0.002168795792385936,1.613964557647705,0.20704181492328644,1,0
M0_balanced,high,21,1.0,0.2,0,9.367666244506836,0.0029342512134462595,0.0006067306967452168,0.0018180393381044269,1.613964557647705,0.20677532255649567,1,0
M1_margin,high,21,1.0,0.2,0,9.367666244506836,0.009230531752109528,0.00439850240945816,0.005719166714698076,1.613964557647705,0.4765166640281677,1,0
M2_popmass,high,21,1.0,0.2,0,9.367666244506836,0.0035003600642085075,0.0007247208268381655,0.002168795792385936,1.613964557647705,0.20704181492328644,1,0
M0_balanced,high,21,1.0,0.4,0,9.367666244506836,0.0029342512134462595,0.0006067306967452168,0.0018180393381044269,1.613964557647705,0.20677532255649567,1,0
M1_margin,high,21,1.0,0.4,0,9.367666244506836,0.009230531752109528,0.00439850240945816,0.005719166714698076,1.613964557647705,0.4765166640281677,1,0
M2_popmass,high,21,1.0,0.4,0,9.367666244506836,0.0035003600642085075,0.0007247208268381655,0.002168795792385936,1.613964557647705,0.20704181492328644,1,0
M0_balanced,high,21,1.0,0.1,1,9.367562294006348,0.002928141038864851,0.000605467357672751,0.0018151270924136043,1.6131880283355713,0.20677532255649567,0,0
M1_margin,high,21,1.0,0.1,1,9.367562294006348,0.009187783114612103,0.004378130659461021,0.005695418454706669,1.6131880283355713,0.4765166640281677,0,0
M2_popmass,high,21,1.0,0.1,1,9.367562294006348,0.003493023570626974,0.0007232018397189677,0.0021652919240295887,1.6131880283355713,0.20704181492328644,0,0
M0_balanced,high,21,1.0,0.2,1,9.367562294006348,0.002928141038864851,0.000605467357672751,0.0018151270924136043,1.6131880283355713,0.20677532255649567,0,0
M1_margin,high,21,1.0,0.2,1,9.367562294006348,0.009187783114612103,0.004378130659461021,0.005695418454706669,1.6131880283355713,0.4765166640281677,0,0
M2_popmass,high,21,1.0,0.2,1,9.367562294006348,0.003493023570626974,0.0007232018397189677,0.0021652919240295887,1.6131880283355713,0.20704181492328644,0,0
M0_balanced,high,21,1.0,0.4,1,9.367562294006348,0.002928141038864851,0.000605467357672751,0.0018151270924136043,1.6131880283355713,0.20677532255649567,0,0
M1_margin,high,21,1.0,0.4,1,9.367562294006348,0.009187783114612103,0.004378130659461021,0.005695418454706669,1.6131880283355713,0.4765166640281677,0,0
M2_popmass,high,21,1.0,0.4,1,9.367562294006348,0.003493023570626974,0.0007232018397189677,0.0021652919240295887,1.6131880283355713,0.20704181492328644,0,0
M0_balanced,high,21,1.0,0.1,2,9.221007347106934,0.002685082610696554,0.0005552087677642703,0.001624707248993218,1.652656078338623,0.20677532255649567,0,0
M1_margin,high,21,1.0,0.1,2,9.221007347106934,0.011641055345535278,0.005547156557440758,0.007043845951557159,1.652656078338623,0.4765166640281677,0,0
M2_popmass,high,21,1.0,0.1,2,9.221007347106934,0.003302136668935418,0.0006836803513579071,0.0019980783108621836,1.652656078338623,0.20704181492328644,0,0
M0_balanced,high,21,1.0,0.2,2,9.221007347106934,0.002685082610696554,0.0005552087677642703,0.001624707248993218,1.652656078338623,0.20677532255649567,0,0
M1_margin,high,21,1.0,0.2,2,9.221007347106934,0.011641055345535278,0.005547156557440758,0.007043845951557159,1.652656078338623,0.4765166640281677,0,0
M2_popmass,high,21,1.0,0.2,2,9.221007347106934,0.003302136668935418,0.0006836803513579071,0.0019980783108621836,1.652656078338623,0.20704181492328644,0,0
M0_balanced,high,21,1.0,0.4,2,9.221007347106934,0.002685082610696554,0.0005552087677642703,0.001624707248993218,1.652656078338623,0.20677532255649567,0,0
M1_margin,high,21,1.0,0.4,2,9.221007347106934,0.011641055345535278,0.005547156557440758,0.007043845951557159,1.652656078338623,0.4765166640281677,0,0
M2_popmass,high,21,1.0,0.4,2,9.221007347106934,0.003302136668935418,0.0006836803513579071,0.0019980783108621836,1.652656078338623,0.20704181492328644,0,0
M0_balanced,high,22,1.0,0.1,0,8.18690299987793,0.0014668580843135715,0.00030331016751006246,0.0009001085418276489,1.6296464204788208,0.20677532255649567,1,0
M1_margin,high,22,1.0,0.1,0,8.18690299987793,0.014009973965585232,0.00667598657310009,0.008596941828727722,1.6296464204788208,0.4765166640281677,1,0
M2_popmass,high,22,1.0,0.1,0,8.18690299987793,0.0023607402108609676,0.0004887719405815005,0.001448621042072773,1.6296464204788208,0.20704181492328644,1,0
M0_balanced,high,22,1.0,0.2,0,8.18690299987793,0.0014668580843135715,0.00030331016751006246,0.0009001085418276489,1.6296464204788208,0.20677532255649567,1,0
M1_margin,high,22,1.0,0.2,0,8.18690299987793,0.014009973965585232,0.00667598657310009,0.008596941828727722,1.6296464204788208,0.4765166640281677,1,0
M2_popmass,high,22,1.0,0.2,0,8.18690299987793,0.0023607402108609676,0.0004887719405815005,0.001448621042072773,1.6296464204788208,0.20704181492328644,1,0
M0_balanced,high,22,1.0,0.4,0,8.18690299987793,0.0014668580843135715,0.00030331016751006246,0.0009001085418276489,1.6296464204788208,0.20677532255649567,1,0
M1_margin,high,22,1.0,0.4,0,8.18690299987793,0.014009973965585232,0.00667598657310009,0.008596941828727722,1.6296464204788208,0.4765166640281677,1,0
M2_popmass,high,22,1.0,0.4,0,8.18690299987793,0.0023607402108609676,0.0004887719405815005,0.001448621042072773,1.6296464204788208,0.20704181492328644,1,0
M0_balanced,high,22,1.0,0.1,1,8.300912857055664,0.0018659771885722876,0.000385838036891073,0.0011260482715442777,1.657102346420288,0.20677532255649567,1,1
M1_margin,high,22,1.0,0.1,1,8.300912857055664,0.015376677736639977,0.007327241823077202,0.009279254823923111,1.657102346420288,0.4765166640281677,1,1
M2_popmass,high,22,1.0,0.1,1,8.300912857055664,0.0028103613294661045,0.0005818623467348516,0.0016959492349997163,1.657102346420288,0.20704181492328644,1,1
M0_balanced,high,22,1.0,0.2,1,8.300912857055664,0.0018659771885722876,0.000385838036891073,0.0011260482715442777,1.657102346420288,0.20677532255649567,1,1
M1_margin,high,22,1.0,0.2,1,8.300912857055664,0.015376677736639977,0.007327241823077202,0.009279254823923111,1.657102346420288,0.4765166640281677,1,1
M2_popmass,high,22,1.0,0.2,1,8.300912857055664,0.0028103613294661045,0.0005818623467348516,0.0016959492349997163,1.657102346420288,0.20704181492328644,1,1
M0_balanced,high,22,1.0,0.4,1,8.495010375976562,0.0023580717388540506,0.00048759099445305765,0.0014575048116967082,1.6178823709487915,0.20677532255649567,1,2
M1_margin,high,22,1.0,0.4,1,8.495010375976562,0.011902960017323494,0.005671957973390818,0.0073571219108998775,1.6178823709487915,0.4765166640281677,1,2
M2_popmass,high,22,1.0,0.4,1,8.495010375976562,0.0032438631169497967,0.000671615416649729,0.002005005721002817,1.6178823709487915,0.20704181492328644,1,2
M0_balanced,high,22,1.0,0.1,2,8.302501678466797,0.0018604404758661985,0.0003846932959277183,0.0011227051727473736,1.657105565071106,0.20677532255649567,1,1
M1_margin,high,22,1.0,0.1,2,8.302501678466797,0.015337158925831318,0.007308410480618477,0.009255388751626015,1.657105565071106,0.4765166640281677,1,1
M2_popmass,high,22,1.0,0.1,2,8.302501678466797,0.002804192714393139,0.0005805850960314274,0.0016922231297940016,1.657105565071106,0.20704181492328644,1,1
M0_balanced,high,22,1.0,0.2,2,8.302501678466797,0.0018604404758661985,0.0003846932959277183,0.0011227051727473736,1.657105565071106,0.20677532255649567,1,1
M1_margin,high,22,1.0,0.2,2,8.302501678466797,0.015337158925831318,0.007308410480618477,0.009255388751626015,1.657105565071106,0.4765166640281677,1,1
M2_popmass,high,22,1.0,0.2,2,8.302501678466797,0.002804192714393139,0.0005805850960314274,0.0016922231297940016,1.657105565071106,0.20704181492328644,1,1
M0_balanced,high,22,1.0,0.4,2,8.496779441833496,0.0023579373955726624,0.0004875632585026324,0.0014573934022337198,1.6179141998291016,0.20677532255649567,1,2
M1_margin,high,22,1.0,0.4,2,8.496779441833496,0.011872214265167713,0.0056573087349534035,0.00733797624707222,1.6179141998291016,0.4765166640281677,1,2
M2_popmass,high,22,1.0,0.4,2,8.496779441833496,0.0032433499582111835,0.0006715090130455792,0.0020046487916260958,1.6179141998291016,0.20704181492328644,1,2
M0_balanced,high,23,0.75,0.1,0,8.783415794372559,0.0006781069096177816,0.00014021586684975773,0.00040338659891858697,1.6810358762741089,0.20677532255649567,0,0
M1_margin,high,23,0.75,0.1,0,8.783415794372559,0.016486212611198425,0.007855954580008984,0.00980717409402132,1.6810358762741089,0.4765166640281677,0,0
M2_popmass,high,23,0.75,0.1,0,8.783415794372559,0.0015829082112759352,0.0003277282230556011,0.0009416267275810242,1.6810358762741089,0.20704181492328644,0,0
M0_balanced,high,23,0.75,0.2,0,8.783415794372559,0.0006781069096177816,0.00014021586684975773,0.00040338659891858697,1.6810358762741089,0.20677532255649567,0,0
M1_margin,high,23,0.75,0.2,0,8.783415794372559,0.016486212611198425,0.007855954580008984,0.00980717409402132,1.6810358762741089,0.4765166640281677,0,0
M2_popmass,high,23,0.75,0.2,0,8.783415794372559,0.0015829082112759352,0.0003277282230556011,0.0009416267275810242,1.6810358762741089,0.20704181492328644,0,0
M0_balanced,high,23,0.75,0.4,0,8.783415794372559,0.0006781069096177816,0.00014021586684975773,0.00040338659891858697,1.6810358762741089,0.20677532255649567,0,0
M1_margin,high,23,0.75,0.4,0,8.783415794372559,0.016486212611198425,0.007855954580008984,0.00980717409402132,1.6810358762741089,0.4765166640281677,0,0
M2_popmass,high,23,0.75,0.4,0,8.783415794372559,0.0015829082112759352,0.0003277282230556011,0.0009416267275810242,1.6810358762741089,0.20704181492328644,0,0
M0_balanced,high,23,0.75,0.1,1,8.865832328796387,0.0002012220793403685,4.1607796447351575e-05,0.00012084127956768498,1.6651780605316162,0.20677532255649567,1,0
M1_margin,high,23,0.75,0.1,1,8.865832328796387,0.014644240029156208,0.006978223565965891,0.008794398047029972,1.6651780605316162,0.4765166640281677,1,0
M2_popmass,high,23,0.75,0.1,1,8.865832328796387,0.0010515167377889156,0.000217707987758331,0.0006314741913229227,1.6651780605316162,0.20704181492328644,1,0
M0_balanced,high,23,0.75,0.2,1,8.80611801147461,0.00015190261183306575,3.140974149573594e-05,9.115276770899072e-05,1.6664633750915527,0.20677532255649567,1,1
M1_margin,high,23,0.75,0.2,1,8.80611801147461,0.013478871434926987,0.006422904785722494,0.008088307455182076,1.6664633750915527,0.4765166640281677,1,1
M2_popmass,high,23,0.75,0.2,1,8.80611801147461,0.0009901206940412521,0.00020499620586633682,0.0005941443960182369,1.6664633750915527,0.20704181492328644,1,1
M0_balanced,high,23,0.75,0.4,1,8.80611801147461,0.00015190261183306575,3.140974149573594e-05,9.115276770899072e-05,1.6664633750915527,0.20677532255649567,1,1
M1_margin,high,23,0.75,0.4,1,8.80611801147461,0.013478871434926987,0.006422904785722494,0.008088307455182076,1.6664633750915527,0.4765166640281677,1,1
M2_popmass,high,23,0.75,0.4,1,8.80611801147461,0.0009901206940412521,0.00020499620586633682,0.0005941443960182369,1.6664633750915527,0.20704181492328644,1,1
M0_balanced,high,23,0.75,0.1,2,8.784452438354492,0.0006750977481715381,0.0001395935978507623,0.00040164185338653624,1.6808456182479858,0.20677532255649567,1,0
M1_margin,high,23,0.75,0.1,2,8.784452438354492,0.016472376883029938,0.007849360816180706,0.009800052270293236,1.6808456182479858,0.4765166640281677,1,0
M2_popmass,high,23,0.75,0.1,2,8.784452438354492,0.0015794977080076933,0.0003270220186095685,0.0009397040703333914,1.6808456182479858,0.20704181492328644,1,0
M0_balanced,high,23,0.75,0.2,2,8.784452438354492,0.0006750977481715381,0.0001395935978507623,0.00040164185338653624,1.6808456182479858,0.20677532255649567,1,0
M1_margin,high,23,0.75,0.2,2,8.784452438354492,0.016472376883029938,0.007849360816180706,0.009800052270293236,1.6808456182479858,0.4765166640281677,1,0
M2_popmass,high,23,0.75,0.2,2,8.784452438354492,0.0015794977080076933,0.0003270220186095685,0.0009397040703333914,1.6808456182479858,0.20704181492328644,1,0
M0_balanced,high,23,0.75,0.4,2,8.784452438354492,0.0006750977481715381,0.0001395935978507623,0.00040164185338653624,1.6808456182479858,0.20677532255649567,1,0
M1_margin,high,23,0.75,0.4,2,8.784452438354492,0.016472376883029938,0.007849360816180706,0.009800052270293236,1.6808456182479858,0.4765166640281677,1,0
M2_popmass,high,23,0.75,0.4,2,8.784452438354492,0.0015794977080076933,0.0003270220186095685,0.0009397040703333914,1.6808456182479858,0.20704181492328644,1,0
M0_balanced,high,24,0.875,0.1,0,10.361045837402344,0.0029801195487380028,0.0006162150530144572,0.001788830035366118,1.6659598350524902,0.20677532255649567,0,0
M1_margin,high,24,0.875,0.1,0,10.361045837402344,0.016528690233826637,0.007876197807490826,0.0099214231595397,1.6659598350524902,0.4765166640281677,0,0
M2_popmass,high,24,0.875,0.1,0,10.361045837402344,0.003591750515624881,0.0007436425657942891,0.0021559647284448147,1.6659598350524902,0.20704181492328644,0,0
M0_balanced,high,24,0.875,0.2,0,10.361045837402344,0.0029801195487380028,0.0006162150530144572,0.001788830035366118,1.6659598350524902,0.20677532255649567,0,0
M1_margin,high,24,0.875,0.2,0,10.361045837402344,0.016528690233826637,0.007876197807490826,0.0099214231595397,1.6659598350524902,0.4765166640281677,0,0
M2_popmass,high,24,0.875,0.2,0,10.361045837402344,0.003591750515624881,0.0007436425657942891,0.0021559647284448147,1.6659598350524902,0.20704181492328644,0,0
M0_balanced,high,24,0.875,0.4,0,10.361045837402344,0.0029801195487380028,0.0006162150530144572,0.001788830035366118,1.6659598350524902,0.20677532255649567,0,0
M1_margin,high,24,0.875,0.4,0,10.361045837402344,0.016528690233826637,0.007876197807490826,0.0099214231595397,1.6659598350524902,0.4765166640281677,0,0
M2_popmass,high,24,0.875,0.4,0,10.361045837402344,0.003591750515624881,0.0007436425657942891,0.0021559647284448147,1.6659598350524902,0.20704181492328644,0,0
M0_balanced,high,24,0.875,0.1,1,10.363945007324219,0.0029793421272188425,0.0006160545162856579,0.0017879444640129805,1.6663507223129272,0.20677532255649567,1,0
M1_margin,high,24,0.875,0.1,1,10.363945007324219,0.016568100079894066,0.007894975133240223,0.009942743927240372,1.6663507223129272,0.4765166640281677,1,0
M2_popmass,high,24,0.875,0.1,1,10.363945007324219,0.003591693937778473,0.0007436308660544455,0.002155425027012825,1.6663507223129272,0.20704181492328644,1,0
M0_balanced,high,24,0.875,0.2,1,10.363945007324219,0.0029793421272188425,0.0006160545162856579,0.0017879444640129805,1.6663507223129272,0.20677532255649567,1,0
M1_margin,high,24,0.875,0.2,1,10.363945007324219,0.016568100079894066,0.007894975133240223,0.009942743927240372,1.6663507223129272,0.4765166640281677,1,0
M2_popmass,high,24,0.875,0.2,1,10.363945007324219,0.003591693937778473,0.0007436308660544455,0.002155425027012825,1.6663507223129272,0.20704181492328644,1,0
M0_balanced,high,24,0.875,0.4,1,10.331506729125977,0.0040293605998158455,0.0008331723511219025,0.0024347540456801653,1.654935359954834,0.20677532255649567,1,1
M1_margin,high,24,0.875,0.4,1,10.331506729125977,0.016259560361504555,0.007747951429337263,0.009824891574680805,1.654935359954834,0.4765166640281677,1,1
M2_popmass,high,24,0.875,0.4,1,10.331506729125977,0.004666293505579233,0.0009661178919486701,0.002819622866809368,1.654935359954834,0.20704181492328644,1,1
M0_balanced,high,24,0.875,0.1,2,10.306385040283203,0.004189368337392807,0.0008662579348310828,0.00252496637403965,1.6591778993606567,0.20677532255649567,1,1
M1_margin,high,24,0.875,0.1,2,10.306385040283203,0.016442548483610153,0.0078351479023695,0.009910057298839092,1.6591778993606567,0.4765166640281677,1,1
M2_popmass,high,24,0.875,0.1,2,10.306385040283203,0.004835628904402256,0.0010011772392317653,0.0029144722502678633,1.6591778993606567,0.20704181492328644,1,1
M0_balanced,high,24,0.875,0.2,2,10.306385040283203,0.004189368337392807,0.0008662579348310828,0.00252496637403965,1.6591778993606567,0.20677532255649567,1,1
M1_margin,high,24,0.875,0.2,2,10.306385040283203,0.016442548483610153,0.0078351479023695,0.009910057298839092,1.6591778993606567,0.4765166640281677,1,1
M2_popmass,high,24,0.875,0.2,2,10.306385040283203,0.004835628904402256,0.0010011772392317653,0.0029144722502678633,1.6591778993606567,0.20704181492328644,1,1
M0_balanced,high,24,0.875,0.4,2,10.139967918395996,0.005994514562189579,0.0012395178200677037,0.0036855710204690695,1.6264820098876953,0.20677532255649567,1,3
M1_margin,high,24,0.875,0.4,2,10.139967918395996,0.015624679625034332,0.007445420138537884,0.00960642658174038,1.6264820098876953,0.4765166640281677,1,3
M2_popmass,high,24,0.875,0.4,2,10.139967918395996,0.006671389099210501,0.0013812562683597207,0.004101728554815054,1.6264820098876953,0.20704181492328644,1,3
M0_balanced,high,25,0.75,0.1,0,9.15868854522705,0.0017647210042923689,0.00036490074126049876,0.0010937533807009459,1.6134542226791382,0.20677532255649567,1,0
M1_margin,high,25,0.75,0.1,0,9.15868854522705,0.013951092958450317,0.006647927220910788,0.008646722882986069,1.6134542226791382,0.4765166640281677,1,0
M2_popmass,high,25,0.75,0.1,0,9.15868854522705,0.0023935302160680294,0.0004955608164891601,0.0014834818430244923,1.6134542226791382,0.20704181492328644,1,0
M0_balanced,high,25,0.75,0.2,0,9.242191314697266,0.0024086651392281055,0.000498052453622222,0.0015109350206330419,1.594155192375183,0.20677532255649567,1,1
M1_margin,high,25,0.75,0.2,0,9.242191314697266,0.012639704160392284,0.006023028399795294,0.007928777486085892,1.594155192375183,0.4765166640281677,1,1
M2_popmass,high,25,0.75,0.2,0,9.242191314697266,0.0030245166271924973,0.0006262013921514153,0.0018972534453496337,1.594155192375183,0.20704181492328644,1,1
M0_balanced,high,25,0.75,0.4,0,9.250444412231445,0.002421417972072959,0.0005006894934922457,0.0015093573601916432,1.6042709350585938,0.20677532255649567,1,2
M1_margin,high,25,0.75,0.4,0,9.250444412231445,0.013412403874099255,0.0063912346959114075,0.008360437117516994,1.6042709350585938,0.4765166640281677,1,2
M2_popmass,high,25,0.75,0.4,0,9.250444412231445,0.003042754251509905,0.000629977323114872,0.0018966584466397762,1.6042709350585938,0.20704181492328644,1,2
M0_balanced,high,25,0.75,0.1,1,9.320244789123535,0.0018429887713864446,0.00038108459557406604,0.0011610323563218117,1.587370753288269,0.20677532255649567,0,0
M1_margin,high,25,0.75,0.1,1,9.320244789123535,0.011440650559961796,0.005451659671962261,0.007207294460386038,1.587370753288269,0.4765166640281677,0,0
M2_popmass,high,25,0.75,0.1,1,9.320244789123535,0.002422971883788705,0.0005016564391553402,0.0015264056855812669,1.587370753288269,0.20704181492328644,0,0
M0_balanced,high,25,0.75,0.2,1,9.320244789123535,0.0018429887713864446,0.00038108459557406604,0.0011610323563218117,1.587370753288269,0.20677532255649567,0,0
M1_margin,high,25,0.75,0.2,1,9.320244789123535,0.011440650559961796,0.005451659671962261,0.007207294460386038,1.587370753288269,0.4765166640281677,0,0
M2_popmass,high,25,0.75,0.2,1,9.320244789123535,0.002422971883788705,0.0005016564391553402,0.0015264056855812669,1.587370753288269,0.20704181492328644,0,0
M0_balanced,high,25,0.75,0.4,1,9.320244789123535,0.0018429887713864446,0.00038108459557406604,0.0011610323563218117,1.587370753288269,0.20677532255649567,0,0
M1_margin,high,25,0.75,0.4,1,9.320244789123535,0.011440650559961796,0.005451659671962261,0.007207294460386038,1.587370753288269,0.4765166640281677,0,0
M2_popmass,high,25,0.75,0.4,1,9.320244789123535,0.002422971883788705,0.0005016564391553402,0.0015264056855812669,1.587370753288269,0.20704181492328644,0,0
M0_balanced,high,25,0.75,0.1,2,9.516016006469727,0.002407324267551303,0.000497775268740952,0.0015454553067684174,1.5576797723770142,0.20677532255649567,1,3
M1_margin,high,25,0.75,0.1,2,9.516016006469727,0.009339832700788975,0.004450586624443531,0.005995991174131632,1.5576797723770142,0.4765166640281677,1,3
M2_popmass,high,25,0.75,0.1,2,9.516016006469727,0.002947573782876134,0.0006102710030972958,0.0018922847229987383,1.5576797723770142,0.20704181492328644,1,3
M0_balanced,high,25,0.75,0.2,2,9.516016006469727,0.002407324267551303,0.000497775268740952,0.0015454553067684174,1.5576797723770142,0.20677532255649567,1,3
M1_margin,high,25,0.75,0.2,2,9.516016006469727,0.009339832700788975,0.004450586624443531,0.005995991174131632,1.5576797723770142,0.4765166640281677,1,3
M2_popmass,high,25,0.75,0.2,2,9.516016006469727,0.002947573782876134,0.0006102710030972958,0.0018922847229987383,1.5576797723770142,0.20704181492328644,1,3
M0_balanced,high,25,0.75,0.4,2,9.516016006469727,0.002407324267551303,0.000497775268740952,0.0015454553067684174,1.5576797723770142,0.20677532255649567,1,3
M1_margin,high,25,0.75,0.4,2,9.516016006469727,0.009339832700788975,0.004450586624443531,0.005995991174131632,1.5576797723770142,0.4765166640281677,1,3
M2_popmass,high,25,0.75,0.4,2,9.516016006469727,0.002947573782876134,0.0006102710030972958,0.0018922847229987383,1.5576797723770142,0.20704181492328644,1,3
M0_balanced,high,26,0.75,0.1,0,9.01871109008789,0.0019247961463406682,0.00039800035301595926,0.0011801638174802065,1.630956768989563,0.20677532255649567,0,0
M1_margin,high,26,0.75,0.1,0,9.01871109008789,0.015842055901885033,0.0075490036979317665,0.009713351726531982,1.630956768989563,0.4765166640281677,0,0
M2_popmass,high,26,0.75,0.1,0,9.01871109008789,0.0026644852478057146,0.0005516598466783762,0.0016336945118382573,1.630956768989563,0.20704181492328644,0,0
M0_balanced,high,26,0.75,0.2,0,9.01871109008789,0.0019247961463406682,0.00039800035301595926,0.0011801638174802065,1.630956768989563,0.20677532255649567,0,0
M1_margin,high,26,0.75,0.2,0,9.01871109008789,0.015842055901885033,0.0075490036979317665,0.009713351726531982,1.630956768989563,0.4765166640281677,0,0
M2_popmass,high,26,0.75,0.2,0,9.01871109008789,0.0026644852478057146,0.0005516598466783762,0.0016336945118382573,1.630956768989563,0.20704181492328644,0,0
M0_balanced,high,26,0.75,0.4,0,9.01871109008789,0.0019247961463406682,0.00039800035301595926,0.0011801638174802065,1.630956768989563,0.20677532255649567,0,0
M1_margin,high,26,0.75,0.4,0,9.01871109008789,0.015842055901885033,0.0075490036979317665,0.009713351726531982,1.630956768989563,0.4765166640281677,0,0
M2_popmass,high,26,0.75,0.4,0,9.01871109008789,0.0026644852478057146,0.0005516598466783762,0.0016336945118382573,1.630956768989563,0.20704181492328644,0,0
M0_balanced,high,26,0.75,0.1,1,8.965377807617188,0.0018397169187664986,0.00038040801882743835,0.0011314197909086943,1.626024842262268,0.20677532255649567,0,0
M1_margin,high,26,0.75,0.1,1,8.965377807617188,0.0139947310090065,0.006668721325695515,0.008606712333858013,1.626024842262268,0.4765166640281677,0,0
M2_popmass,high,26,0.75,0.1,1,8.965377807617188,0.00254092738032341,0.0005260781617835164,0.0015626619569957256,1.626024842262268,0.20704181492328644,0,0
M0_balanced,high,26,0.75,0.2,1,8.965377807617188,0.0018397169187664986,0.00038040801882743835,0.0011314197909086943,1.626024842262268,0.20677532255649567,0,0
M1_margin,high,26,0.75,0.2,1,8.965377807617188,0.0139947310090065,0.006668721325695515,0.008606712333858013,1.626024842262268,0.4765166640281677,0,0
M2_popmass,high,26,0.75,0.2,1,8.965377807617188,0.00254092738032341,0.0005260781617835164,0.0015626619569957256,1.626024842262268,0.20704181492328644,0,0
M0_balanced,high,26,0.75,0.4,1,8.965377807617188,0.0018397169187664986,0.00038040801882743835,0.0011314197909086943,1.626024842262268,0.20677532255649567,0,0
M1_margin,high,26,0.75,0.4,1,8.965377807617188,0.0139947310090065,0.006668721325695515,0.008606712333858013,1.626024842262268,0.4765166640281677,0,0
M2_popmass,high,26,0.75,0.4,1,8.965377807617188,0.00254092738032341,0.0005260781617835164,0.0015626619569957256,1.626024842262268,0.20704181492328644,0,0
M0_balanced,high,26,0.75,0.1,2,9.02090835571289,0.0019373884424567223,0.0004006040981039405,0.0011882465332746506,1.6304599046707153,0.20677532255649567,1,0
M1_margin,high,26,0.75,0.1,2,9.02090835571289,0.0158658679574728,0.007560351397842169,0.009730917401611805,1.6304599046707153,0.4765166640281677,1,0
M2_popmass,high,26,0.75,0.1,2,9.02090835571289,0.0026774886064231396,0.000554352009203285,0.0016421674517914653,1.6304599046707153,0.20704181492328644,1,0
M0_balanced,high,26,0.75,0.2,2,9.02090835571289,0.0019373884424567223,0.0004006040981039405,0.0011882465332746506,1.6304599046707153,0.20677532255649567,1,0
M1_margin,high,26,0.75,0.2,2,9.02090835571289,0.0158658679574728,0.007560351397842169,0.009730917401611805,1.6304599046707153,0.4765166640281677,1,0
M2_popmass,high,26,0.75,0.2,2,9.02090835571289,0.0026774886064231396,0.000554352009203285,0.0016421674517914653,1.6304599046707153,0.20704181492328644,1,0
M0_balanced,high,26,0.75,0.4,2,8.855548858642578,0.0020401063375175,0.00042184360790997744,0.0012687790440395474,1.6079286336898804,0.20677532255649567,1,1
M1_margin,high,26,0.75,0.4,2,8.855548858642578,0.01362139917910099,0.006490823347121477,0.008471394889056683,1.6079286336898804,0.4765166640281677,1,1
M2_popmass,high,26,0.75,0.4,2,8.855548858642578,0.0027472381480038166,0.0005687930970452726,0.0017085571307688951,1.6079286336898804,0.20704181492328644,1,1
M0_balanced,high,27,0.75,0.1,0,9.047325134277344,0.0019597578793764114,0.00040522951167076826,0.0011793591547757387,1.66171395778656,0.20677532255649567,1,0
M1_margin,high,27,0.75,0.1,0,9.047325134277344,0.012014701962471008,0.005725205410271883,0.007230306509882212,1.66171395778656,0.4765166640281677,1,0
M2_popmass,high,27,0.75,0.1,0,9.047325134277344,0.002593844197690487,0.000537034182343632,0.001560945063829422,1.66171395778656,0.20704181492328644,1,0
M0_balanced,high,27,0.75,0.2,0,9.047325134277344,0.0019597578793764114,0.00040522951167076826,0.0011793591547757387,1.66171395778656,0.20677532255649567,1,0
M1_margin,high,27,0.75,0.2,0,9.047325134277344,0.012014701962471008,0.005725205410271883,0.007230306509882212,1.66171395778656,0.4765166640281677,1,0
M2_popmass,high,27,0.75,0.2,0,9.047325134277344,0.002593844197690487,0.000537034182343632,0.001560945063829422,1.66171395778656,0.20704181492328644,1,0
M0_balanced,high,27,0.75,0.4,0,9.048770904541016,0.0018070139922201633,0.0003736458020284772,0.0010911977151408792,1.6559909582138062,0.20677532255649567,1,1
M1_margin,high,27,0.75,0.4,0,9.048770904541016,0.011530396528542042,0.005494426470249891,0.0069628385826945305,1.6559909582138062,0.4765166640281677,1,1
M2_popmass,high,27,0.75,0.4,0,9.048770904541016,0.0024278496857732534,0.0005026663420721889,0.0014661005698144436,1.6559909582138062,0.20704181492328644,1,1
M0_balanced,high,27,0.75,0.1,1,9.241267204284668,0.0018232776783406734,0.00037700877874158323,0.0011098008835688233,1.6428868770599365,0.20677532255649567,0,0
M1_margin,high,27,0.75,0.1,1,9.241267204284668,0.012147564440965652,0.005788515321910381,0.007394033949822187,1.6428868770599365,0.4765166640281677,0,0
M2_popmass,high,27,0.75,0.1,1,9.241267204284668,0.0024435697123408318,0.0005059211398474872,0.0014873634791001678,1.6428868770599365,0.20704181492328644,0,0
M0_balanced,high,27,0.75,0.2,1,9.241267204284668,0.0018232776783406734,0.00037700877874158323,0.0011098008835688233,1.6428868770599365,0.20677532255649567,0,0
M1_margin,high,27,0.75,0.2,1,9.241267204284668,0.012147564440965652,0.005788515321910381,0.007394033949822187,1.6428868770599365,0.4765166640281677,0,0
M2_popmass,high,27,0.75,0.2,1,9.241267204284668,0.0024435697123408318,0.0005059211398474872,0.0014873634791001678,1.6428868770599365,0.20704181492328644,0,0
M0_balanced,high,27,0.75,0.4,1,9.241267204284668,0.0018232776783406734,0.00037700877874158323,0.0011098008835688233,1.6428868770599365,0.20677532255649567,0,0
M1_margin,high,27,0.75,0.4,1,9.241267204284668,0.012147564440965652,0.005788515321910381,0.007394033949822187,1.6428868770599365,0.4765166640281677,0,0
M2_popmass,high,27,0.75,0.4,1,9.241267204284668,0.0024435697123408318,0.0005059211398474872,0.0014873634791001678,1.6428868770599365,0.20704181492328644,0,0
M0_balanced,high,27,0.75,0.1,2,9.240751266479492,0.0018221791833639145,0.0003767816524486989,0.0011094545479863882,1.6424098014831543,0.20677532255649567,1,0
M1_margin,high,27,0.75,0.1,2,9.240751266479492,0.012148815207183361,0.005789113696664572,0.00739694619551301,1.6424098014831543,0.4765166640281677,1,0
M2_popmass,high,27,0.75,0.1,2,9.240751266479492,0.002442204160615802,0.0005056383670307696,0.0014869639417156577,1.6424098014831543,0.20704181492328644,1,0
M0_balanced,high,27,0.75,0.2,2,9.240751266479492,0.0018221791833639145,0.0003767816524486989,0.0011094545479863882,1.6424098014831543,0.20677532255649567,1,0
M1_margin,high,27,0.75,0.2,2,9.240751266479492,0.012148815207183361,0.005789113696664572,0.00739694619551301,1.6424098014831543,0.4765166640281677,1,0
M2_popmass,high,27,0.75,0.2,2,9.240751266479492,0.002442204160615802,0.0005056383670307696,0.0014869639417156577,1.6424098014831543,0.20704181492328644,1,0
M0_balanced,high,27,0.75,0.4,2,9.240751266479492,0.0018221791833639145,0.0003767816524486989,0.0011094545479863882,1.6424098014831543,0.20677532255649567,1,0
M1_margin,high,27,0.75,0.4,2,9.240751266479492,0.012148815207183361,0.005789113696664572,0.00739694619551301,1.6424098014831543,0.4765166640281677,1,0
M2_popmass,high,27,0.75,0.4,2,9.240751266479492,0.002442204160615802,0.0005056383670307696,0.0014869639417156577,1.6424098014831543,0.20704181492328644,1,0
M0_balanced,high,28,1.0,0.1,0,9.1737060546875,0.0022064505610615015,0.00045623956248164177,0.0013340713921934366,1.653922438621521,0.20677532255649567,0,0
M1_margin,high,28,1.0,0.1,0,9.1737060546875,0.011982858180999756,0.005710030905902386,0.0072451140731573105,1.653922438621521,0.4765166640281677,0,0
M2_popmass,high,28,1.0,0.1,0,9.1737060546875,0.00282554910518229,0.000585006782785058,0.0017083926359191537,1.653922438621521,0.20704181492328644,0,0
M0_balanced,high,28,1.0,0.2,0,9.1737060546875,0.0022064505610615015,0.00045623956248164177,0.0013340713921934366,1.653922438621521,0.20677532255649567,0,0
M1_margin,high,28,1.0,0.2,0,9.1737060546875,0.011982858180999756,0.005710030905902386,0.0072451140731573105,1.653922438621521,0.4765166640281677,0,0
M2_popmass,high,28,1.0,0.2,0,9.1737060546875,0.00282554910518229,0.000585006782785058,0.0017083926359191537,1.653922438621521,0.20704181492328644,0,0
M0_balanced,high,28,1.0,0.4,0,9.1737060546875,0.0022064505610615015,0.00045623956248164177,0.0013340713921934366,1.653922438621521,0.20677532255649567,0,0
M1_margin,high,28,1.0,0.4,0,9.1737060546875,0.011982858180999756,0.005710030905902386,0.0072451140731573105,1.653922438621521,0.4765166640281677,0,0
M2_popmass,high,28,1.0,0.4,0,9.1737060546875,0.00282554910518229,0.000585006782785058,0.0017083926359191537,1.653922438621521,0.20704181492328644,0,0
M0_balanced,high,28,1.0,0.1,1,9.18494987487793,0.001889465725980699,0.00039069491322152317,0.0011607069754973054,1.6278576850891113,0.20677532255649567,1,0
M1_margin,high,28,1.0,0.1,1,9.18494987487793,0.010064736939966679,0.004796015098690987,0.006182811688631773,1.6278576850891113,0.4765166640281677,1,0
M2_popmass,high,28,1.0,0.1,1,9.18494987487793,0.0024532966781407595,0.0005079350084997714,0.0015070707304403186,1.6278576850891113,0.20704181492328644,1,0
M0_balanced,high,28,1.0,0.2,1,9.18494987487793,0.001889465725980699,0.00039069491322152317,0.0011607069754973054,1.6278576850891113,0.20677532255649567,1,0
M1_margin,high,28,1.0,0.2,1,9.18494987487793,0.010064736939966679,0.004796015098690987,0.006182811688631773,1.6278576850891113,0.4765166640281677,1,0
M2_popmass,high,28,1.0,0.2,1,9.18494987487793,0.0024532966781407595,0.0005079350084997714,0.0015070707304403186,1.6278576850891113,0.20704181492328644,1,0
M0_balanced,high,28,1.0,0.4,1,9.182441711425781,0.0009575725998729467,0.0001980024389922619,0.0005963417934253812,1.6057450771331787,0.20677532255649567,1,2
M1_margin,high,28,1.0,0.4,1,9.182441711425781,0.008318670094013214,0.003963985480368137,0.005180567502975464,1.6057450771331787,0.4765166640281677,1,2
M2_popmass,high,28,1.0,0.4,1,9.182441711425781,0.001455427147448063,0.0003013343084603548,0.0009063875186257064,1.6057450771331787,0.20704181492328644,1,2
M0_balanced,high,28,1.0,0.1,2,9.184490203857422,0.001887987251393497,0.0003903891774825752,0.001159813953563571,1.6278362274169922,0.20677532255649567,0,0
M1_margin,high,28,1.0,0.1,2,9.184490203857422,0.010038779117166996,0.0047836462035775185,0.006166947539895773,1.6278362274169922,0.4765166640281677,0,0
M2_popmass,high,28,1.0,0.1,2,9.184490203857422,0.0024513062089681625,0.0005075228400528431,0.001505867694504559,1.6278362274169922,0.20704181492328644,0,0
M0_balanced,high,28,1.0,0.2,2,9.184490203857422,0.001887987251393497,0.0003903891774825752,0.001159813953563571,1.6278362274169922,0.20677532255649567,0,0
M1_margin,high,28,1.0,0.2,2,9.184490203857422,0.010038779117166996,0.0047836462035775185,0.006166947539895773,1.6278362274169922,0.4765166640281677,0,0
M2_popmass,high,28,1.0,0.2,2,9.184490203857422,0.0024513062089681625,0.0005075228400528431,0.001505867694504559,1.6278362274169922,0.20704181492328644,0,0
M0_balanced,high,28,1.0,0.4,2,9.184490203857422,0.001887987251393497,0.0003903891774825752,0.001159813953563571,1.6278362274169922,0.20677532255649567,0,0
M1_margin,high,28,1.0,0.4,2,9.184490203857422,0.010038779117166996,0.0047836462035775185,0.006166947539895773,1.6278362274169922,0.4765166640281677,0,0
M2_popmass,high,28,1.0,0.4,2,9.184490203857422,0.0024513062089681625,0.0005075228400528431,0.001505867694504559,1.6278362274169922,0.20704181492328644,0,0
M0_balanced,high,29,0.75,0.1,0,9.681678771972656,0.005449238233268261,0.0011267679510638118,0.003229414578527212,1.6873763799667358,0.20677532255649567,1,0
M1_margin,high,29,0.75,0.1,0,9.681678771972656,0.01781463623046875,0.0084889717400074,0.010557595640420914,1.6873763799667358,0.4765166640281677,1,0
M2_popmass,high,29,0.75,0.1,0,9.681678771972656,0.006207315716892481,0.0012851739302277565,0.0036786790005862713,1.6873763799667358,0.20704181492328644,1,0
M0_balanced,high,29,0.75,0.2,0,9.681678771972656,0.005449238233268261,0.0011267679510638118,0.003229414578527212,1.6873763799667358,0.20677532255649567,1,0
M1_margin,high,29,0.75,0.2,0,9.681678771972656,0.01781463623046875,0.0084889717400074,0.010557595640420914,1.6873763799667358,0.4765166640281677,1,0
M2_popmass,high,29,0.75,0.2,0,9.681678771972656,0.006207315716892481,0.0012851739302277565,0.0036786790005862713,1.6873763799667358,0.20704181492328644,1,0
M0_balanced,high,29,0.75,0.4,0,9.681678771972656,0.005449238233268261,0.0011267679510638118,0.003229414578527212,1.6873763799667358,0.20677532255649567,1,0
M1_margin,high,29,0.75,0.4,0,9.681678771972656,0.01781463623046875,0.0084889717400074,0.010557595640420914,1.6873763799667358,0.4765166640281677,1,0
M2_popmass,high,29,0.75,0.4,0,9.681678771972656,0.006207315716892481,0.0012851739302277565,0.0036786790005862713,1.6873763799667358,0.20704181492328644,1,0
M0_balanced,high,29,0.75,0.1,1,9.685379028320312,0.00546761229634285,0.0011305671650916338,0.003239854471758008,1.687610387802124,0.20677532255649567,1,0
M1_margin,high,29,0.75,0.1,1,9.685379028320312,0.017771504819393158,0.008468418382108212,0.010530573315918446,1.687610387802124,0.4765166640281677,1,0
M2_popmass,high,29,0.75,0.1,1,9.685379028320312,0.0062257032841444016,0.0012889807112514973,0.003689063712954521,1.687610387802124,0.20704181492328644,1,0
M0_balanced,high,29,0.75,0.2,1,9.685379028320312,0.00546761229634285,0.0011305671650916338,0.003239854471758008,1.687610387802124,0.20677532255649567,1,0
M1_margin,high,29,0.75,0.2,1,9.685379028320312,0.017771504819393158,0.008468418382108212,0.010530573315918446,1.687610387802124,0.4765166640281677,1,0
M2_popmass,high,29,0.75,0.2,1,9.685379028320312,0.0062257032841444016,0.0012889807112514973,0.003689063712954521,1.687610387802124,0.20704181492328644,1,0
M0_balanced,high,29,0.75,0.4,1,9.697280883789062,0.0058012898080050945,0.0011995633831247687,0.0034480770118534565,1.6824707984924316,0.20677532255649567,1,1
M1_margin,high,29,0.75,0.4,1,9.697280883789062,0.017436038702726364,0.008308563381433487,0.010363353416323662,1.6824707984924316,0.4765166640281677,1,1
M2_popmass,high,29,0.75,0.4,1,9.697280883789062,0.0065602767281234264,0.0013582514366135001,0.003899191739037633,1.6824707984924316,0.20704181492328644,1,1
M0_balanced,high,29,0.75,0.1,2,9.68130874633789,0.0054613566026091576,0.0011292740236967802,0.0032376335002481937,1.6868363618850708,0.20677532255649567,0,0
M1_margin,high,29,0.75,0.1,2,9.68130874633789,0.017779402434825897,0.008472182787954807,0.010540088638663292,1.6868363618850708,0.4765166640281677,0,0
M2_popmass,high,29,0.75,0.1,2,9.68130874633789,0.006219062022864819,0.0012876058463007212,0.003686819924041629,1.6868363618850708,0.20704181492328644,0,0
M0_balanced,high,29,0.75,0.2,2,9.68130874633789,0.0054613566026091576,0.0011292740236967802,0.0032376335002481937,1.6868363618850708,0.20677532255649567,0,0
M1_margin,high,29,0.75,0.2,2,9.68130874633789,0.017779402434825897,0.008472182787954807,0.010540088638663292,1.6868363618850708,0.4765166640281677,0,0
M2_popmass,high,29,0.75,0.2,2,9.68130874633789,0.006219062022864819,0.0012876058463007212,0.003686819924041629,1.6868363618850708,0.20704181492328644,0,0
M0_balanced,high,29,0.75,0.4,2,9.68130874633789,0.0054613566026091576,0.0011292740236967802,0.0032376335002481937,1.6868363618850708,0.20677532255649567,0,0
M1_margin,high,29,0.75,0.4,2,9.68130874633789,0.017779402434825897,0.008472182787954807,0.010540088638663292,1.6868363618850708,0.4765166640281677,0,0
M2_popmass,high,29,0.75,0.4,2,9.68130874633789,0.006219062022864819,0.0012876058463007212,0.003686819924041629,1.6868363618850708,0.20704181492328644,0,0
M0_balanced,high,30,1.0,0.1,0,9.440437316894531,0.002222880255430937,0.0004596367944031954,0.0013420977629721165,1.6562731266021729,0.20677532255649567,0,0
M1_margin,high,30,1.0,0.1,0,9.440437316894531,0.015704892575740814,0.007483642548322678,0.0094820661470294,1.6562731266021729,0.4765166640281677,0,0
M2_popmass,high,30,1.0,0.1,0,9.440437316894531,0.0028889549430459738,0.0005981345311738551,0.0017442504176869988,1.6562731266021729,0.20704181492328644,0,0
M0_balanced,high,30,1.0,0.2,0,9.440437316894531,0.002222880255430937,0.0004596367944031954,0.0013420977629721165,1.6562731266021729,0.20677532255649567,0,0
M1_margin,high,30,1.0,0.2,0,9.440437316894531,0.015704892575740814,0.007483642548322678,0.0094820661470294,1.6562731266021729,0.4765166640281677,0,0
M2_popmass,high,30,1.0,0.2,0,9.440437316894531,0.0028889549430459738,0.0005981345311738551,0.0017442504176869988,1.6562731266021729,0.20704181492328644,0,0
M0_balanced,high,30,1.0,0.4,0,9.440437316894531,0.002222880255430937,0.0004596367944031954,0.0013420977629721165,1.6562731266021729,0.20677532255649567,0,0
M1_margin,high,30,1.0,0.4,0,9.440437316894531,0.015704892575740814,0.007483642548322678,0.0094820661470294,1.6562731266021729,0.4765166640281677,0,0
M2_popmass,high,30,1.0,0.4,0,9.440437316894531,0.0028889549430459738,0.0005981345311738551,0.0017442504176869988,1.6562731266021729,0.20704181492328644,0,0
M0_balanced,high,30,1.0,0.1,1,9.389694213867188,0.002010150346904993,0.00041564952698536217,0.001241818885318935,1.6187148094177246,0.20677532255649567,0,0
M1_margin,high,30,1.0,0.1,1,9.389694213867188,0.012082642875611782,0.005757580976933241,0.007464343216270208,1.6187148094177246,0.4765166640281677,0,0
M2_popmass,high,30,1.0,0.1,1,9.389694213867188,0.002596566453576088,0.0005375978071242571,0.001604091259650886,1.6187148094177246,0.20704181492328644,0,0
M0_balanced,high,30,1.0,0.2,1,9.389694213867188,0.002010150346904993,0.00041564952698536217,0.001241818885318935,1.6187148094177246,0.20677532255649567,0,0
M1_margin,high,30,1.0,0.2,1,9.389694213867188,0.012082642875611782,0.005757580976933241,0.007464343216270208,1.6187148094177246,0.4765166640281677,0,0
M2_popmass,high,30,1.0,0.2,1,9.389694213867188,0.002596566453576088,0.0005375978071242571,0.001604091259650886,1.6187148094177246,0.20704181492328644,0,0
M0_balanced,high,30,1.0,0.4,1,9.389694213867188,0.002010150346904993,0.00041564952698536217,0.001241818885318935,1.6187148094177246,0.20677532255649567,0,0
M1_margin,high,30,1.0,0.4,1,9.389694213867188,0.012082642875611782,0.005757580976933241,0.007464343216270208,1.6187148094177246,0.4765166640281677,0,0
M2_popmass,high,30,1.0,0.4,1,9.389694213867188,0.002596566453576088,0.0005375978071242571,0.001604091259650886,1.6187148094177246,0.20704181492328644,0,0
M0_balanced,high,30,1.0,0.1,2,9.302778244018555,0.002750743879005313,0.0005687859957106411,0.0017207050696015358,1.5986145734786987,0.20677532255649567,1,1
M1_margin,high,30,1.0,0.1,2,9.302778244018555,0.011596210300922394,0.005525786895304918,0.007253911811858416,1.5986145734786987,0.4765166640281677,1,1
M2_popmass,high,30,1.0,0.1,2,9.302778244018555,0.0033386261202394962,0.0006912351818755269,0.002088449662551284,1.5986145734786987,0.20704181492328644,1,1
M0_balanced,high,30,1.0,0.2,2,9.3101224899292,0.003339134156703949,0.0006904505426064134,0.0020938748493790627,1.5947152376174927,0.20677532255649567,1,2
M1_margin,high,30,1.0,0.2,2,9.3101224899292,0.011892836540937424,0.005667134188115597,0.00745765445753932,1.5947152376174927,0.4765166640281677,1,2
M2_popmass,high,30,1.0,0.2,2,9.3101224899292,0.0039476859383285046,0.000817336025647819,0.002475480083376169,1.5947152376174927,0.20704181492328644,1,2
M0_balanced,high,30,1.0,0.4,2,9.3101224899292,0.003339134156703949,0.0006904505426064134,0.0020938748493790627,1.5947152376174927,0.20677532255649567,1,2
M1_margin,high,30,1.0,0.4,2,9.3101224899292,0.011892836540937424,0.005667134188115597,0.00745765445753932,1.5947152376174927,0.4765166640281677,1,2
M2_popmass,high,30,1.0,0.4,2,9.3101224899292,0.0039476859383285046,0.000817336025647819,0.002475480083376169,1.5947152376174927,0.20704181492328644,1,2
M0_balanced,high,31,0.8,0.1,0,8.725242614746094,0.0005211387760937214,0.00010775862028822303,0.00030469868215732276,1.710340976715088,0.20677532255649567,0,0
M1_margin,high,31,0.8,0.1,0,8.725242614746094,0.01930297538638115,0.009198189713060856,0.011286039836704731,1.710340976715088,0.4765166640281677,0,0
M2_popmass,high,31,0.8,0.1,0,8.725242614746094,0.0015092047397047281,0.0003124685026705265,0.0008823999669402838,1.710340976715088,0.20704181492328644,0,0
M0_balanced,high,31,0.8,0.2,0,8.725242614746094,0.0005211387760937214,0.00010775862028822303,0.00030469868215732276,1.710340976715088,0.20677532255649567,0,0
M1_margin,high,31,0.8,0.2,0,8.725242614746094,0.01930297538638115,0.009198189713060856,0.011286039836704731,1.710340976715088,0.4765166640281677,0,0
M2_popmass,high,31,0.8,0.2,0,8.725242614746094,0.0015092047397047281,0.0003124685026705265,0.0008823999669402838,1.710340976715088,0.20704181492328644,0,0
M0_balanced,high,31,0.8,0.4,0,8.725242614746094,0.0005211387760937214,0.00010775862028822303,0.00030469868215732276,1.710340976715088,0.20677532255649567,0,0
M1_margin,high,31,0.8,0.4,0,8.725242614746094,0.01930297538638115,0.009198189713060856,0.011286039836704731,1.710340976715088,0.4765166640281677,0,0
M2_popmass,high,31,0.8,0.4,0,8.725242614746094,0.0015092047397047281,0.0003124685026705265,0.0008823999669402838,1.710340976715088,0.20704181492328644,0,0
M0_balanced,high,31,0.8,0.1,1,8.72675895690918,0.0005354592576622963,0.0001107197895180434,0.0003130295081064105,1.7105716466903687,0.20677532255649567,1,0
M1_margin,high,31,0.8,0.1,1,8.72675895690918,0.019301436841487885,0.009197457693517208,0.01128362026065588,1.7105716466903687,0.4765166640281677,1,0
M2_popmass,high,31,0.8,0.1,1,8.72675895690918,0.0015240708598867059,0.0003155463491566479,0.0008909715106710792,1.7105716466903687,0.20704181492328644,1,0
M0_balanced,high,31,0.8,0.2,1,8.72675895690918,0.0005354592576622963,0.0001107197895180434,0.0003130295081064105,1.7105716466903687,0.20677532255649567,1,0
M1_margin,high,31,0.8,0.2,1,8.72675895690918,0.019301436841487885,0.009197457693517208,0.01128362026065588,1.7105716466903687,0.4765166640281677,1,0
M2_popmass,high,31,0.8,0.2,1,8.72675895690918,0.0015240708598867059,0.0003155463491566479,0.0008909715106710792,1.7105716466903687,0.20704181492328644,1,0
M0_balanced,high,31,0.8,0.4,1,8.592679977416992,-0.0009582325583323836,-0.0001981388486456126,-0.0005682613700628281,1.6862531900405884,0.20677532255649567,1,2
M1_margin,high,31,0.8,0.4,1,8.592679977416992,0.015911195427179337,0.007581950630992651,0.009435828775167465,1.6862531900405884,0.4765166640281677,1,2
M2_popmass,high,31,0.8,0.4,1,8.592679977416992,-6.211106665432453e-05,-1.285967300646007e-05,-3.683401882881299e-05,1.6862531900405884,0.20704181492328644,1,2
M0_balanced,high,31,0.8,0.1,2,8.722744941711426,0.0005126051837578416,0.00010599417146295309,0.0002997873816639185,1.7098970413208008,0.20677532255649567,0,0
M1_margin,high,31,0.8,0.1,2,8.722744941711426,0.019266484305262566,0.00918080285191536,0.011267631314694881,1.7098970413208008,0.4765166640281677,0,0
M2_popmass,high,31,0.8,0.1,2,8.722744941711426,0.001499667763710022,0.00031049398239701986,0.0008770516724325716,1.7098970413208008,0.20704181492328644,0,0
M0_balanced,high,31,0.8,0.2,2,8.722744941711426,0.0005126051837578416,0.00010599417146295309,0.0002997873816639185,1.7098970413208008,0.20677532255649567,0,0
M1_margin,high,31,0.8,0.2,2,8.722744941711426,0.019266484305262566,0.00918080285191536,0.011267631314694881,1.7098970413208008,0.4765166640281677,0,0
M2_popmass,high,31,0.8,0.2,2,8.722744941711426,0.001499667763710022,0.00031049398239701986,0.0008770516724325716,1.7098970413208008,0.20704181492328644,0,0
M0_balanced,high,31,0.8,0.4,2,8.722744941711426,0.0005126051837578416,0.00010599417146295309,0.0002997873816639185,1.7098970413208008,0.20677532255649567,0,0
M1_margin,high,31,0.8,0.4,2,8.722744941711426,0.019266484305262566,0.00918080285191536,0.011267631314694881,1.7098970413208008,0.4765166640281677,0,0
M2_popmass,high,31,0.8,0.4,2,8.722744941711426,0.001499667763710022,0.00031049398239701986,0.0008770516724325716,1.7098970413208008,0.20704181492328644,0,0
