meta_objective,state,sample_index,seq_pop_ratio,strength,repeat,sample_loss,sample_grad_norm,reward,meta_before,meta_after,meta_delta,virtual_step_norm,relative_step,augmented,dropped_items
M0_balanced,low,0,0.375,0.1,0,10.907244682312012,17.378463734916455,-0.25894737243652344,10.663429260253906,10.92237663269043,0.25894737243652344,0.17378463734916455,0.002170511120286453,1,1
M1_margin,low,0,0.375,0.1,0,10.907244682312012,17.378463734916455,-0.46533966064453125,12.605880737304688,13.071220397949219,0.46533966064453125,0.17378463734916455,0.002170511120286453,1,1
M2_popmass,low,0,0.375,0.1,0,10.907244682312012,17.378463734916455,-0.25284385681152344,10.836793899536133,11.089637756347656,0.25284385681152344,0.17378463734916455,0.002170511120286453,1,1
M0_balanced,low,0,0.375,0.2,0,10.907244682312012,17.378463734916455,-0.25894737243652344,10.663429260253906,10.92237663269043,0.25894737243652344,0.17378463734916455,0.002170511120286453,1,1
M1_margin,low,0,0.375,0.2,0,10.907244682312012,17.378463734916455,-0.46533966064453125,12.605880737304688,13.071220397949219,0.46533966064453125,0.17378463734916455,0.002170511120286453,1,1
M2_popmass,low,0,0.375,0.2,0,10.907244682312012,17.378463734916455,-0.25284385681152344,10.836793899536133,11.089637756347656,0.25284385681152344,0.17378463734916455,0.002170511120286453,1,1
M0_balanced,low,0,0.375,0.4,0,10.809959411621094,17.339282380023135,-0.2598438262939453,10.663429260253906,10.923273086547852,0.2598438262939453,0.17339282380023135,0.0021656175020816995,1,3
M1_margin,low,0,0.375,0.4,0,10.809959411621094,17.339282380023135,-0.4679727554321289,12.605880737304688,13.073853492736816,0.4679727554321289,0.17339282380023135,0.0021656175020816995,1,3
M2_popmass,low,0,0.375,0.4,0,10.809959411621094,17.339282380023135,-0.25382137298583984,10.836793899536133,11.090615272521973,0.25382137298583984,0.17339282380023135,0.0021656175020816995,1,3
M0_balanced,low,0,0.375,0.1,1,10.915111541748047,17.356566409381614,-0.2597837448120117,10.663429260253906,10.923213005065918,0.2597837448120117,0.17356566409381613,0.002167776218668975,1,1
M1_margin,low,0,0.375,0.1,1,10.915111541748047,17.356566409381614,-0.4674186706542969,12.605880737304688,13.073299407958984,0.4674186706542969,0.17356566409381613,0.002167776218668975,1,1
M2_popmass,low,0,0.375,0.1,1,10.915111541748047,17.356566409381614,-0.2537097930908203,10.836793899536133,11.090503692626953,0.2537097930908203,0.17356566409381613,0.002167776218668975,1,1
M0_balanced,low,0,0.375,0.2,1,10.915111541748047,17.356566409381614,-0.2597837448120117,10.663429260253906,10.923213005065918,0.2597837448120117,0.17356566409381613,0.002167776218668975,1,1
M1_margin,low,0,0.375,0.2,1,10.915111541748047,17.356566409381614,-0.4674186706542969,12.605880737304688,13.073299407958984,0.4674186706542969,0.17356566409381613,0.002167776218668975,1,1
M2_popmass,low,0,0.375,0.2,1,10.915111541748047,17.356566409381614,-0.2537097930908203,10.836793899536133,11.090503692626953,0.2537097930908203,0.17356566409381613,0.002167776218668975,1,1
M0_balanced,low,0,0.375,0.4,1,10.915111541748047,17.356566409381614,-0.2597837448120117,10.663429260253906,10.923213005065918,0.2597837448120117,0.17356566409381613,0.002167776218668975,1,1
M1_margin,low,0,0.375,0.4,1,10.915111541748047,17.356566409381614,-0.4674186706542969,12.605880737304688,13.073299407958984,0.4674186706542969,0.17356566409381613,0.002167776218668975,1,1
M2_popmass,low,0,0.375,0.4,1,10.915111541748047,17.356566409381614,-0.2537097930908203,10.836793899536133,11.090503692626953,0.2537097930908203,0.17356566409381613,0.002167776218668975,1,1
M0_balanced,low,0,0.375,0.1,2,11.012968063354492,17.40197804457893,-0.2596168518066406,10.663429260253906,10.923046112060547,0.2596168518066406,0.17401978044578928,0.0021734479777317816,1,0
M1_margin,low,0,0.375,0.1,2,11.012968063354492,17.40197804457893,-0.46703624725341797,12.605880737304688,13.072916984558105,0.46703624725341797,0.17401978044578928,0.0021734479777317816,1,0
M2_popmass,low,0,0.375,0.1,2,11.012968063354492,17.40197804457893,-0.25352954864501953,10.836793899536133,11.090323448181152,0.25352954864501953,0.17401978044578928,0.0021734479777317816,1,0
M0_balanced,low,0,0.375,0.2,2,11.012968063354492,17.40197804457893,-0.2596168518066406,10.663429260253906,10.923046112060547,0.2596168518066406,0.17401978044578928,0.0021734479777317816,1,0
M1_margin,low,0,0.375,0.2,2,11.012968063354492,17.40197804457893,-0.46703624725341797,12.605880737304688,13.072916984558105,0.46703624725341797,0.17401978044578928,0.0021734479777317816,1,0
M2_popmass,low,0,0.375,0.2,2,11.012968063354492,17.40197804457893,-0.25352954864501953,10.836793899536133,11.090323448181152,0.25352954864501953,0.17401978044578928,0.0021734479777317816,1,0
M0_balanced,low,0,0.375,0.4,2,10.844213485717773,17.369552973702763,-0.25983333587646484,10.663429260253906,10.923262596130371,0.25983333587646484,0.17369552973702765,0.002169398196463062,1,2
M1_margin,low,0,0.375,0.4,2,10.844213485717773,17.369552973702763,-0.4675140380859375,12.605880737304688,13.073394775390625,0.4675140380859375,0.17369552973702765,0.002169398196463062,1,2
M2_popmass,low,0,0.375,0.4,2,10.844213485717773,17.369552973702763,-0.25379371643066406,10.836793899536133,11.090587615966797,0.25379371643066406,0.17369552973702765,0.002169398196463062,1,2
M0_balanced,low,1,0.0,0.1,0,8.012024879455566,18.315163892163064,-0.025620460510253906,10.663429260253906,10.68904972076416,0.025620460510253906,0.18315163892163064,0.0022875017898122602,1,1
M1_margin,low,1,0.0,0.1,0,8.012024879455566,18.315163892163064,0.04415321350097656,12.605880737304688,12.561727523803711,-0.04415321350097656,0.18315163892163064,0.0022875017898122602,1,1
M2_popmass,low,1,0.0,0.1,0,8.012024879455566,18.315163892163064,-0.020290374755859375,10.836793899536133,10.857084274291992,0.020290374755859375,0.18315163892163064,0.0022875017898122602,1,1
M0_balanced,low,1,0.0,0.2,0,8.012024879455566,18.315163892163064,-0.025620460510253906,10.663429260253906,10.68904972076416,0.025620460510253906,0.18315163892163064,0.0022875017898122602,1,1
M1_margin,low,1,0.0,0.2,0,8.012024879455566,18.315163892163064,0.04415321350097656,12.605880737304688,12.561727523803711,-0.04415321350097656,0.18315163892163064,0.0022875017898122602,1,1
M2_popmass,low,1,0.0,0.2,0,8.012024879455566,18.315163892163064,-0.020290374755859375,10.836793899536133,10.857084274291992,0.020290374755859375,0.18315163892163064,0.0022875017898122602,1,1
M0_balanced,low,1,0.0,0.4,0,8.012024879455566,18.315163892163064,-0.025620460510253906,10.663429260253906,10.68904972076416,0.025620460510253906,0.18315163892163064,0.0022875017898122602,1,1
M1_margin,low,1,0.0,0.4,0,8.012024879455566,18.315163892163064,0.04415321350097656,12.605880737304688,12.561727523803711,-0.04415321350097656,0.18315163892163064,0.0022875017898122602,1,1
M2_popmass,low,1,0.0,0.4,0,8.012024879455566,18.315163892163064,-0.020290374755859375,10.836793899536133,10.857084274291992,0.020290374755859375,0.18315163892163064,0.0022875017898122602,1,1
M0_balanced,low,1,0.0,0.1,1,8.144858360290527,18.350892990988044,-0.02740478515625,10.663429260253906,10.690834045410156,0.02740478515625,0.18350892990988044,0.0022919642329545515,1,3
M1_margin,low,1,0.0,0.1,1,8.144858360290527,18.350892990988044,0.04065418243408203,12.605880737304688,12.565226554870605,-0.04065418243408203,0.18350892990988044,0.0022919642329545515,1,3
M2_popmass,low,1,0.0,0.1,1,8.144858360290527,18.350892990988044,-0.022118568420410156,10.836793899536133,10.858912467956543,0.022118568420410156,0.18350892990988044,0.0022919642329545515,1,3
M0_balanced,low,1,0.0,0.2,1,8.144858360290527,18.350892990988044,-0.02740478515625,10.663429260253906,10.690834045410156,0.02740478515625,0.18350892990988044,0.0022919642329545515,1,3
M1_margin,low,1,0.0,0.2,1,8.144858360290527,18.350892990988044,0.04065418243408203,12.605880737304688,12.565226554870605,-0.04065418243408203,0.18350892990988044,0.0022919642329545515,1,3
M2_popmass,low,1,0.0,0.2,1,8.144858360290527,18.350892990988044,-0.022118568420410156,10.836793899536133,10.858912467956543,0.022118568420410156,0.18350892990988044,0.0022919642329545515,1,3
M0_balanced,low,1,0.0,0.4,1,8.212526321411133,18.36021704338935,-0.027426719665527344,10.663429260253906,10.690855979919434,0.027426719665527344,0.1836021704338935,0.002293128775444145,1,4
M1_margin,low,1,0.0,0.4,1,8.212526321411133,18.36021704338935,0.04046630859375,12.605880737304688,12.565414428710938,-0.04046630859375,0.1836021704338935,0.002293128775444145,1,4
M2_popmass,low,1,0.0,0.4,1,8.212526321411133,18.36021704338935,-0.02213573455810547,10.836793899536133,10.858929634094238,0.02213573455810547,0.1836021704338935,0.002293128775444145,1,4
M0_balanced,low,1,0.0,0.1,2,7.960819721221924,18.337661213072465,-0.02457141876220703,10.663429260253906,10.688000679016113,0.02457141876220703,0.18337661213072465,0.0022903116288150254,1,0
M1_margin,low,1,0.0,0.1,2,7.960819721221924,18.337661213072465,0.04627037048339844,12.605880737304688,12.559610366821289,-0.04627037048339844,0.18337661213072465,0.0022903116288150254,1,0
M2_popmass,low,1,0.0,0.1,2,7.960819721221924,18.337661213072465,-0.019220352172851562,10.836793899536133,10.856014251708984,0.019220352172851562,0.18337661213072465,0.0022903116288150254,1,0
M0_balanced,low,1,0.0,0.2,2,8.06262493133545,18.3442697462617,-0.026876449584960938,10.663429260253906,10.690305709838867,0.026876449584960938,0.183442697462617,0.002291137012174269,1,2
M1_margin,low,1,0.0,0.2,2,8.06262493133545,18.3442697462617,0.041647911071777344,12.605880737304688,12.56423282623291,-0.041647911071777344,0.183442697462617,0.002291137012174269,1,2
M2_popmass,low,1,0.0,0.2,2,8.06262493133545,18.3442697462617,-0.021559715270996094,10.836793899536133,10.858353614807129,0.021559715270996094,0.183442697462617,0.002291137012174269,1,2
M0_balanced,low,1,0.0,0.4,2,8.318398475646973,18.353594386498845,-0.0278167724609375,10.663429260253906,10.691246032714844,0.0278167724609375,0.18353594386498845,0.002292301628082563,1,5
M1_margin,low,1,0.0,0.4,2,8.318398475646973,18.353594386498845,0.039544105529785156,12.605880737304688,12.566336631774902,-0.039544105529785156,0.18353594386498845,0.002292301628082563,1,5
M2_popmass,low,1,0.0,0.4,2,8.318398475646973,18.353594386498845,-0.022525787353515625,10.836793899536133,10.859319686889648,0.022525787353515625,0.18353594386498845,0.002292301628082563,1,5
M0_balanced,low,2,0.0,0.1,0,10.684162139892578,16.41148605939266,-0.010974884033203125,10.663429260253906,10.67440414428711,0.010974884033203125,0.16411486059392663,0.0020497388915205585,1,0
M1_margin,low,2,0.0,0.1,0,10.684162139892578,16.41148605939266,0.03534984588623047,12.605880737304688,12.570530891418457,-0.03534984588623047,0.16411486059392663,0.0020497388915205585,1,0
M2_popmass,low,2,0.0,0.1,0,10.684162139892578,16.41148605939266,-0.0086669921875,10.836793899536133,10.845460891723633,0.0086669921875,0.16411486059392663,0.0020497388915205585,1,0
M0_balanced,low,2,0.0,0.2,0,10.684162139892578,16.41148605939266,-0.010974884033203125,10.663429260253906,10.67440414428711,0.010974884033203125,0.16411486059392663,0.0020497388915205585,1,0
M1_margin,low,2,0.0,0.2,0,10.684162139892578,16.41148605939266,0.03534984588623047,12.605880737304688,12.570530891418457,-0.03534984588623047,0.16411486059392663,0.0020497388915205585,1,0
M2_popmass,low,2,0.0,0.2,0,10.684162139892578,16.41148605939266,-0.0086669921875,10.836793899536133,10.845460891723633,0.0086669921875,0.16411486059392663,0.0020497388915205585,1,0
M0_balanced,low,2,0.0,0.4,0,10.684162139892578,16.41148605939266,-0.010974884033203125,10.663429260253906,10.67440414428711,0.010974884033203125,0.16411486059392663,0.0020497388915205585,1,0
M1_margin,low,2,0.0,0.4,0,10.684162139892578,16.41148605939266,0.03534984588623047,12.605880737304688,12.570530891418457,-0.03534984588623047,0.16411486059392663,0.0020497388915205585,1,0
M2_popmass,low,2,0.0,0.4,0,10.684162139892578,16.41148605939266,-0.0086669921875,10.836793899536133,10.845460891723633,0.0086669921875,0.16411486059392663,0.0020497388915205585,1,0
M0_balanced,low,2,0.0,0.1,1,10.561845779418945,16.404396743264392,-0.009504318237304688,10.663429260253906,10.672933578491211,0.009504318237304688,0.16404396743264393,0.0020488534600044965,1,0
M1_margin,low,2,0.0,0.1,1,10.561845779418945,16.404396743264392,0.037901878356933594,12.605880737304688,12.567978858947754,-0.037901878356933594,0.16404396743264393,0.0020488534600044965,1,0
M2_popmass,low,2,0.0,0.1,1,10.561845779418945,16.404396743264392,-0.007166862487792969,10.836793899536133,10.843960762023926,0.007166862487792969,0.16404396743264393,0.0020488534600044965,1,0
M0_balanced,low,2,0.0,0.2,1,10.587307929992676,16.390381320348844,-0.010236740112304688,10.663429260253906,10.673666000366211,0.010236740112304688,0.16390381320348843,0.0020471029812649632,1,2
M1_margin,low,2,0.0,0.2,1,10.587307929992676,16.390381320348844,0.03611946105957031,12.605880737304688,12.569761276245117,-0.03611946105957031,0.16390381320348843,0.0020471029812649632,1,2
M2_popmass,low,2,0.0,0.2,1,10.587307929992676,16.390381320348844,-0.007921218872070312,10.836793899536133,10.844715118408203,0.007921218872070312,0.16390381320348843,0.0020471029812649632,1,2
M0_balanced,low,2,0.0,0.4,1,10.678422927856445,16.37079819940314,-0.010316848754882812,10.663429260253906,10.673746109008789,0.010316848754882812,0.16370798199403142,0.0020446571159439017,1,3
M1_margin,low,2,0.0,0.4,1,10.678422927856445,16.37079819940314,0.036093711853027344,12.605880737304688,12.56978702545166,-0.036093711853027344,0.16370798199403142,0.0020446571159439017,1,3
M2_popmass,low,2,0.0,0.4,1,10.678422927856445,16.37079819940314,-0.008020401000976562,10.836793899536133,10.84481430053711,0.008020401000976562,0.16370798199403142,0.0020446571159439017,1,3
M0_balanced,low,2,0.0,0.1,2,10.698152542114258,16.392576279283595,-0.01080322265625,10.663429260253906,10.674232482910156,0.01080322265625,0.16392576279283597,0.002047377124183988,1,1
M1_margin,low,2,0.0,0.1,2,10.698152542114258,16.392576279283595,0.03577136993408203,12.605880737304688,12.570109367370605,-0.03577136993408203,0.16392576279283597,0.002047377124183988,1,1
M2_popmass,low,2,0.0,0.1,2,10.698152542114258,16.392576279283595,-0.008500099182128906,10.836793899536133,10.845293998718262,0.008500099182128906,0.16392576279283597,0.002047377124183988,1,1
M0_balanced,low,2,0.0,0.2,2,10.698152542114258,16.392576279283595,-0.01080322265625,10.663429260253906,10.674232482910156,0.01080322265625,0.16392576279283597,0.002047377124183988,1,1
M1_margin,low,2,0.0,0.2,2,10.698152542114258,16.392576279283595,0.03577136993408203,12.605880737304688,12.570109367370605,-0.03577136993408203,0.16392576279283597,0.002047377124183988,1,1
M2_popmass,low,2,0.0,0.2,2,10.698152542114258,16.392576279283595,-0.008500099182128906,10.836793899536133,10.845293998718262,0.008500099182128906,0.16392576279283597,0.002047377124183988,1,1
M0_balanced,low,2,0.0,0.4,2,10.698152542114258,16.392576279283595,-0.01080322265625,10.663429260253906,10.674232482910156,0.01080322265625,0.16392576279283597,0.002047377124183988,1,1
M1_margin,low,2,0.0,0.4,2,10.698152542114258,16.392576279283595,0.03577136993408203,12.605880737304688,12.570109367370605,-0.03577136993408203,0.16392576279283597,0.002047377124183988,1,1
M2_popmass,low,2,0.0,0.4,2,10.698152542114258,16.392576279283595,-0.008500099182128906,10.836793899536133,10.845293998718262,0.008500099182128906,0.16392576279283597,0.002047377124183988,1,1
M0_balanced,low,3,0.3333333333333333,0.1,0,9.343334197998047,16.380018767841474,-0.008543014526367188,10.663429260253906,10.671972274780273,0.008543014526367188,0.16380018767841473,0.0020458087336378493,1,0
M1_margin,low,3,0.3333333333333333,0.1,0,9.343334197998047,16.380018767841474,0.00693511962890625,12.605880737304688,12.598945617675781,-0.00693511962890625,0.16380018767841473,0.0020458087336378493,1,0
M2_popmass,low,3,0.3333333333333333,0.1,0,9.343334197998047,16.380018767841474,-0.008001327514648438,10.836793899536133,10.844795227050781,0.008001327514648438,0.16380018767841473,0.0020458087336378493,1,0
M0_balanced,low,3,0.3333333333333333,0.2,0,9.361421585083008,16.3682144283749,-0.008665084838867188,10.663429260253906,10.672094345092773,0.008665084838867188,0.163682144283749,0.0020443344117144244,1,1
M1_margin,low,3,0.3333333333333333,0.2,0,9.361421585083008,16.3682144283749,0.006633758544921875,12.605880737304688,12.599246978759766,-0.006633758544921875,0.163682144283749,0.0020443344117144244,1,1
M2_popmass,low,3,0.3333333333333333,0.2,0,9.361421585083008,16.3682144283749,-0.008133888244628906,10.836793899536133,10.844927787780762,0.008133888244628906,0.163682144283749,0.0020443344117144244,1,1
M0_balanced,low,3,0.3333333333333333,0.4,0,9.361421585083008,16.3682144283749,-0.008665084838867188,10.663429260253906,10.672094345092773,0.008665084838867188,0.163682144283749,0.0020443344117144244,1,1
M1_margin,low,3,0.3333333333333333,0.4,0,9.361421585083008,16.3682144283749,0.006633758544921875,12.605880737304688,12.599246978759766,-0.006633758544921875,0.163682144283749,0.0020443344117144244,1,1
M2_popmass,low,3,0.3333333333333333,0.4,0,9.361421585083008,16.3682144283749,-0.008133888244628906,10.836793899536133,10.844927787780762,0.008133888244628906,0.163682144283749,0.0020443344117144244,1,1
M0_balanced,low,3,0.3333333333333333,0.1,1,9.394047737121582,16.464589976247503,-0.009187698364257812,10.663429260253906,10.672616958618164,0.009187698364257812,0.16464589976247504,0.0020563713904469517,1,0
M1_margin,low,3,0.3333333333333333,0.1,1,9.394047737121582,16.464589976247503,0.004853248596191406,12.605880737304688,12.601027488708496,-0.004853248596191406,0.16464589976247504,0.0020563713904469517,1,0
M2_popmass,low,3,0.3333333333333333,0.1,1,9.394047737121582,16.464589976247503,-0.008685111999511719,10.836793899536133,10.845479011535645,0.008685111999511719,0.16464589976247504,0.0020563713904469517,1,0
M0_balanced,low,3,0.3333333333333333,0.2,1,9.394047737121582,16.464589976247503,-0.009187698364257812,10.663429260253906,10.672616958618164,0.009187698364257812,0.16464589976247504,0.0020563713904469517,1,0
M1_margin,low,3,0.3333333333333333,0.2,1,9.394047737121582,16.464589976247503,0.004853248596191406,12.605880737304688,12.601027488708496,-0.004853248596191406,0.16464589976247504,0.0020563713904469517,1,0
M2_popmass,low,3,0.3333333333333333,0.2,1,9.394047737121582,16.464589976247503,-0.008685111999511719,10.836793899536133,10.845479011535645,0.008685111999511719,0.16464589976247504,0.0020563713904469517,1,0
M0_balanced,low,3,0.3333333333333333,0.4,1,9.46120834350586,16.450414516678247,-0.009572029113769531,10.663429260253906,10.673001289367676,0.009572029113769531,0.16450414516678247,0.002054600923672698,1,1
M1_margin,low,3,0.3333333333333333,0.4,1,9.46120834350586,16.450414516678247,0.0036067962646484375,12.605880737304688,12.602273941040039,-0.0036067962646484375,0.16450414516678247,0.002054600923672698,1,1
M2_popmass,low,3,0.3333333333333333,0.4,1,9.46120834350586,16.450414516678247,-0.009102821350097656,10.836793899536133,10.84589672088623,0.009102821350097656,0.16450414516678247,0.002054600923672698,1,1
M0_balanced,low,3,0.3333333333333333,0.1,2,9.344743728637695,16.380238128439775,-0.008556365966796875,10.663429260253906,10.671985626220703,0.008556365966796875,0.16380238128439775,0.0020458361310318443,1,0
M1_margin,low,3,0.3333333333333333,0.1,2,9.344743728637695,16.380238128439775,0.006884574890136719,12.605880737304688,12.59899616241455,-0.006884574890136719,0.16380238128439775,0.0020458361310318443,1,0
M2_popmass,low,3,0.3333333333333333,0.1,2,9.344743728637695,16.380238128439775,-0.008016586303710938,10.836793899536133,10.844810485839844,0.008016586303710938,0.16380238128439775,0.0020458361310318443,1,0
M0_balanced,low,3,0.3333333333333333,0.2,2,9.344743728637695,16.380238128439775,-0.008556365966796875,10.663429260253906,10.671985626220703,0.008556365966796875,0.16380238128439775,0.0020458361310318443,1,0
M1_margin,low,3,0.3333333333333333,0.2,2,9.344743728637695,16.380238128439775,0.006884574890136719,12.605880737304688,12.59899616241455,-0.006884574890136719,0.16380238128439775,0.0020458361310318443,1,0
M2_popmass,low,3,0.3333333333333333,0.2,2,9.344743728637695,16.380238128439775,-0.008016586303710938,10.836793899536133,10.844810485839844,0.008016586303710938,0.16380238128439775,0.0020458361310318443,1,0
M0_balanced,low,3,0.3333333333333333,0.4,2,9.30613899230957,16.355722014910512,-0.008890151977539062,10.663429260253906,10.672319412231445,0.008890151977539062,0.16355722014910512,0.0020427741516846963,1,2
M1_margin,low,3,0.3333333333333333,0.4,2,9.30613899230957,16.355722014910512,0.0057544708251953125,12.605880737304688,12.600126266479492,-0.0057544708251953125,0.16355722014910512,0.0020427741516846963,1,2
M2_popmass,low,3,0.3333333333333333,0.4,2,9.30613899230957,16.355722014910512,-0.008390426635742188,10.836793899536133,10.845184326171875,0.008390426635742188,0.16355722014910512,0.0020427741516846963,1,2
M0_balanced,low,4,0.25,0.1,0,9.796138763427734,23.395151128098842,-0.45763492584228516,10.663429260253906,11.121064186096191,0.45763492584228516,0.23395151128098843,0.0029219749489303643,1,0
M1_margin,low,4,0.25,0.1,0,9.796138763427734,23.395151128098842,-0.5622234344482422,12.605880737304688,13.16810417175293,0.5622234344482422,0.23395151128098843,0.0029219749489303643,1,0
M2_popmass,low,4,0.25,0.1,0,9.796138763427734,23.395151128098842,-0.4422006607055664,10.836793899536133,11.2789945602417,0.4422006607055664,0.23395151128098843,0.0029219749489303643,1,0
M0_balanced,low,4,0.25,0.2,0,9.750520706176758,23.391305502178227,-0.4576225280761719,10.663429260253906,11.121051788330078,0.4576225280761719,0.23391305502178228,0.0029214946433088504,1,1
M1_margin,low,4,0.25,0.2,0,9.750520706176758,23.391305502178227,-0.562190055847168,12.605880737304688,13.168070793151855,0.562190055847168,0.23391305502178228,0.0029214946433088504,1,1
M2_popmass,low,4,0.25,0.2,0,9.750520706176758,23.391305502178227,-0.44219017028808594,10.836793899536133,11.278984069824219,0.44219017028808594,0.23391305502178228,0.0029214946433088504,1,1
M0_balanced,low,4,0.25,0.4,0,9.750520706176758,23.391305502178227,-0.4576225280761719,10.663429260253906,11.121051788330078,0.4576225280761719,0.23391305502178228,0.0029214946433088504,1,1
M1_margin,low,4,0.25,0.4,0,9.750520706176758,23.391305502178227,-0.562190055847168,12.605880737304688,13.168070793151855,0.562190055847168,0.23391305502178228,0.0029214946433088504,1,1
M2_popmass,low,4,0.25,0.4,0,9.750520706176758,23.391305502178227,-0.44219017028808594,10.836793899536133,11.278984069824219,0.44219017028808594,0.23391305502178228,0.0029214946433088504,1,1
M0_balanced,low,4,0.25,0.1,1,9.75367546081543,23.391600472855487,-0.45760536193847656,10.663429260253906,11.121034622192383,0.45760536193847656,0.23391600472855487,0.002921531484145009,1,1
M1_margin,low,4,0.25,0.1,1,9.75367546081543,23.391600472855487,-0.5621528625488281,12.605880737304688,13.168033599853516,0.5621528625488281,0.23391600472855487,0.002921531484145009,1,1
M2_popmass,low,4,0.25,0.1,1,9.75367546081543,23.391600472855487,-0.4421730041503906,10.836793899536133,11.278966903686523,0.4421730041503906,0.23391600472855487,0.002921531484145009,1,1
M0_balanced,low,4,0.25,0.2,1,9.75367546081543,23.391600472855487,-0.45760536193847656,10.663429260253906,11.121034622192383,0.45760536193847656,0.23391600472855487,0.002921531484145009,1,1
M1_margin,low,4,0.25,0.2,1,9.75367546081543,23.391600472855487,-0.5621528625488281,12.605880737304688,13.168033599853516,0.5621528625488281,0.23391600472855487,0.002921531484145009,1,1
M2_popmass,low,4,0.25,0.2,1,9.75367546081543,23.391600472855487,-0.4421730041503906,10.836793899536133,11.278966903686523,0.4421730041503906,0.23391600472855487,0.002921531484145009,1,1
M0_balanced,low,4,0.25,0.4,1,9.75367546081543,23.391600472855487,-0.45760536193847656,10.663429260253906,11.121034622192383,0.45760536193847656,0.23391600472855487,0.002921531484145009,1,1
M1_margin,low,4,0.25,0.4,1,9.75367546081543,23.391600472855487,-0.5621528625488281,12.605880737304688,13.168033599853516,0.5621528625488281,0.23391600472855487,0.002921531484145009,1,1
M2_popmass,low,4,0.25,0.4,1,9.75367546081543,23.391600472855487,-0.4421730041503906,10.836793899536133,11.278966903686523,0.4421730041503906,0.23391600472855487,0.002921531484145009,1,1
M0_balanced,low,4,0.25,0.1,2,9.798913955688477,23.395575992021687,-0.4576377868652344,10.663429260253906,11.12106704711914,0.4576377868652344,0.2339557599202169,0.002922028012991907,1,0
M1_margin,low,4,0.25,0.1,2,9.798913955688477,23.395575992021687,-0.5622215270996094,12.605880737304688,13.168102264404297,0.5622215270996094,0.2339557599202169,0.002922028012991907,1,0
M2_popmass,low,4,0.25,0.1,2,9.798913955688477,23.395575992021687,-0.4422025680541992,10.836793899536133,11.278996467590332,0.4422025680541992,0.2339557599202169,0.002922028012991907,1,0
M0_balanced,low,4,0.25,0.2,2,9.754005432128906,23.39218545491104,-0.45746612548828125,10.663429260253906,11.120895385742188,0.45746612548828125,0.2339218545491104,0.002921604546417723,1,1
M1_margin,low,4,0.25,0.2,2,9.754005432128906,23.39218545491104,-0.5618562698364258,12.605880737304688,13.167737007141113,0.5618562698364258,0.2339218545491104,0.002921604546417723,1,1
M2_popmass,low,4,0.25,0.2,2,9.754005432128906,23.39218545491104,-0.44202613830566406,10.836793899536133,11.278820037841797,0.44202613830566406,0.2339218545491104,0.002921604546417723,1,1
M0_balanced,low,4,0.25,0.4,2,9.753084182739258,23.387626023485343,-0.45741748809814453,10.663429260253906,11.12084674835205,0.45741748809814453,0.23387626023485342,0.002921035088912007,1,2
M1_margin,low,4,0.25,0.4,2,9.753084182739258,23.387626023485343,-0.5618410110473633,12.605880737304688,13.16772174835205,0.5618410110473633,0.23387626023485342,0.002921035088912007,1,2
M2_popmass,low,4,0.25,0.4,2,9.753084182739258,23.387626023485343,-0.441986083984375,10.836793899536133,11.278779983520508,0.441986083984375,0.23387626023485342,0.002921035088912007,1,2
M0_balanced,low,5,0.25,0.1,0,7.954774379730225,19.62601913942503,-0.5428705215454102,10.663429260253906,11.206299781799316,0.5428705215454102,0.1962601913942503,0.0024512231598175604,1,0
M1_margin,low,5,0.25,0.1,0,7.954774379730225,19.62601913942503,-0.8262672424316406,12.605880737304688,13.432147979736328,0.8262672424316406,0.1962601913942503,0.0024512231598175604,1,0
M2_popmass,low,5,0.25,0.1,0,7.954774379730225,19.62601913942503,-0.5383272171020508,10.836793899536133,11.375121116638184,0.5383272171020508,0.1962601913942503,0.0024512231598175604,1,0
M0_balanced,low,5,0.25,0.2,0,7.954774379730225,19.62601913942503,-0.5428705215454102,10.663429260253906,11.206299781799316,0.5428705215454102,0.1962601913942503,0.0024512231598175604,1,0
M1_margin,low,5,0.25,0.2,0,7.954774379730225,19.62601913942503,-0.8262672424316406,12.605880737304688,13.432147979736328,0.8262672424316406,0.1962601913942503,0.0024512231598175604,1,0
M2_popmass,low,5,0.25,0.2,0,7.954774379730225,19.62601913942503,-0.5383272171020508,10.836793899536133,11.375121116638184,0.5383272171020508,0.1962601913942503,0.0024512231598175604,1,0
M0_balanced,low,5,0.25,0.4,0,7.954774379730225,19.62601913942503,-0.5428705215454102,10.663429260253906,11.206299781799316,0.5428705215454102,0.1962601913942503,0.0024512231598175604,1,0
M1_margin,low,5,0.25,0.4,0,7.954774379730225,19.62601913942503,-0.8262672424316406,12.605880737304688,13.432147979736328,0.8262672424316406,0.1962601913942503,0.0024512231598175604,1,0
M2_popmass,low,5,0.25,0.4,0,7.954774379730225,19.62601913942503,-0.5383272171020508,10.836793899536133,11.375121116638184,0.5383272171020508,0.1962601913942503,0.0024512231598175604,1,0
M0_balanced,low,5,0.25,0.1,1,7.925727367401123,19.660955425214087,-0.544316291809082,10.663429260253906,11.207745552062988,0.544316291809082,0.19660955425214088,0.00245558658330328,1,0
M1_margin,low,5,0.25,0.1,1,7.925727367401123,19.660955425214087,-0.8265810012817383,12.605880737304688,13.432461738586426,0.8265810012817383,0.19660955425214088,0.00245558658330328,1,0
M2_popmass,low,5,0.25,0.1,1,7.925727367401123,19.660955425214087,-0.53973388671875,10.836793899536133,11.376527786254883,0.53973388671875,0.19660955425214088,0.00245558658330328,1,0
M0_balanced,low,5,0.25,0.2,1,7.925727367401123,19.660955425214087,-0.544316291809082,10.663429260253906,11.207745552062988,0.544316291809082,0.19660955425214088,0.00245558658330328,1,0
M1_margin,low,5,0.25,0.2,1,7.925727367401123,19.660955425214087,-0.8265810012817383,12.605880737304688,13.432461738586426,0.8265810012817383,0.19660955425214088,0.00245558658330328,1,0
M2_popmass,low,5,0.25,0.2,1,7.925727367401123,19.660955425214087,-0.53973388671875,10.836793899536133,11.376527786254883,0.53973388671875,0.19660955425214088,0.00245558658330328,1,0
M0_balanced,low,5,0.25,0.4,1,7.958617687225342,19.644980550788684,-0.5431423187255859,10.663429260253906,11.206571578979492,0.5431423187255859,0.19644980550788685,0.0024535913757225396,1,1
M1_margin,low,5,0.25,0.4,1,7.958617687225342,19.644980550788684,-0.8247470855712891,12.605880737304688,13.430627822875977,0.8247470855712891,0.19644980550788685,0.0024535913757225396,1,1
M2_popmass,low,5,0.25,0.4,1,7.958617687225342,19.644980550788684,-0.5385532379150391,10.836793899536133,11.375347137451172,0.5385532379150391,0.19644980550788685,0.0024535913757225396,1,1
M0_balanced,low,5,0.25,0.1,2,7.923006057739258,19.661473594886765,-0.5443496704101562,10.663429260253906,11.207778930664062,0.5443496704101562,0.19661473594886766,0.0024556513009362014,1,0
M1_margin,low,5,0.25,0.1,2,7.923006057739258,19.661473594886765,-0.8266506195068359,12.605880737304688,13.432531356811523,0.8266506195068359,0.19661473594886766,0.0024556513009362014,1,0
M2_popmass,low,5,0.25,0.1,2,7.923006057739258,19.661473594886765,-0.5397682189941406,10.836793899536133,11.376562118530273,0.5397682189941406,0.19661473594886766,0.0024556513009362014,1,0
M0_balanced,low,5,0.25,0.2,2,7.923006057739258,19.661473594886765,-0.5443496704101562,10.663429260253906,11.207778930664062,0.5443496704101562,0.19661473594886766,0.0024556513009362014,1,0
M1_margin,low,5,0.25,0.2,2,7.923006057739258,19.661473594886765,-0.8266506195068359,12.605880737304688,13.432531356811523,0.8266506195068359,0.19661473594886766,0.0024556513009362014,1,0
M2_popmass,low,5,0.25,0.2,2,7.923006057739258,19.661473594886765,-0.5397682189941406,10.836793899536133,11.376562118530273,0.5397682189941406,0.19661473594886766,0.0024556513009362014,1,0
M0_balanced,low,5,0.25,0.4,2,7.923006057739258,19.661473594886765,-0.5443496704101562,10.663429260253906,11.207778930664062,0.5443496704101562,0.19661473594886766,0.0024556513009362014,1,0
M1_margin,low,5,0.25,0.4,2,7.923006057739258,19.661473594886765,-0.8266506195068359,12.605880737304688,13.432531356811523,0.8266506195068359,0.19661473594886766,0.0024556513009362014,1,0
M2_popmass,low,5,0.25,0.4,2,7.923006057739258,19.661473594886765,-0.5397682189941406,10.836793899536133,11.376562118530273,0.5397682189941406,0.19661473594886766,0.0024556513009362014,1,0
M0_balanced,low,6,0.375,0.1,0,10.20120906829834,16.49612596255037,-0.3331947326660156,10.663429260253906,10.996623992919922,0.3331947326660156,0.1649612596255037,0.002060310128070925,1,1
M1_margin,low,6,0.375,0.1,0,10.20120906829834,16.49612596255037,-0.6057205200195312,12.605880737304688,13.211601257324219,0.6057205200195312,0.1649612596255037,0.002060310128070925,1,1
M2_popmass,low,6,0.375,0.1,0,10.20120906829834,16.49612596255037,-0.3292579650878906,10.836793899536133,11.166051864624023,0.3292579650878906,0.1649612596255037,0.002060310128070925,1,1
M0_balanced,low,6,0.375,0.2,0,10.20003890991211,16.488369477625444,-0.33354949951171875,10.663429260253906,10.996978759765625,0.33354949951171875,0.16488369477625445,0.0020593413694372114,1,2
M1_margin,low,6,0.375,0.2,0,10.20003890991211,16.488369477625444,-0.6064987182617188,12.605880737304688,13.212379455566406,0.6064987182617188,0.16488369477625445,0.0020593413694372114,1,2
M2_popmass,low,6,0.375,0.2,0,10.20003890991211,16.488369477625444,-0.3296175003051758,10.836793899536133,11.166411399841309,0.3296175003051758,0.16488369477625445,0.0020593413694372114,1,2
M0_balanced,low,6,0.375,0.4,0,10.238687515258789,16.503094993229038,-0.3350095748901367,10.663429260253906,10.998438835144043,0.3350095748901367,0.16503094993229037,0.002061180536342703,1,3
M1_margin,low,6,0.375,0.4,0,10.238687515258789,16.503094993229038,-0.6102771759033203,12.605880737304688,13.216157913208008,0.6102771759033203,0.16503094993229037,0.002061180536342703,1,3
M2_popmass,low,6,0.375,0.4,0,10.238687515258789,16.503094993229038,-0.33112144470214844,10.836793899536133,11.167915344238281,0.33112144470214844,0.16503094993229037,0.002061180536342703,1,3
M0_balanced,low,6,0.375,0.1,1,10.202091217041016,16.496734586928813,-0.33321571350097656,10.663429260253906,10.996644973754883,0.33321571350097656,0.16496734586928813,0.002060386143189502,1,1
M1_margin,low,6,0.375,0.1,1,10.202091217041016,16.496734586928813,-0.6057567596435547,12.605880737304688,13.211637496948242,0.6057567596435547,0.16496734586928813,0.002060386143189502,1,1
M2_popmass,low,6,0.375,0.1,1,10.202091217041016,16.496734586928813,-0.32927799224853516,10.836793899536133,11.166071891784668,0.32927799224853516,0.16496734586928813,0.002060386143189502,1,1
M0_balanced,low,6,0.375,0.2,1,10.202091217041016,16.496734586928813,-0.33321571350097656,10.663429260253906,10.996644973754883,0.33321571350097656,0.16496734586928813,0.002060386143189502,1,1
M1_margin,low,6,0.375,0.2,1,10.202091217041016,16.496734586928813,-0.6057567596435547,12.605880737304688,13.211637496948242,0.6057567596435547,0.16496734586928813,0.002060386143189502,1,1
M2_popmass,low,6,0.375,0.2,1,10.202091217041016,16.496734586928813,-0.32927799224853516,10.836793899536133,11.166071891784668,0.32927799224853516,0.16496734586928813,0.002060386143189502,1,1
M0_balanced,low,6,0.375,0.4,1,10.202091217041016,16.496734586928813,-0.33321571350097656,10.663429260253906,10.996644973754883,0.33321571350097656,0.16496734586928813,0.002060386143189502,1,1
M1_margin,low,6,0.375,0.4,1,10.202091217041016,16.496734586928813,-0.6057567596435547,12.605880737304688,13.211637496948242,0.6057567596435547,0.16496734586928813,0.002060386143189502,1,1
M2_popmass,low,6,0.375,0.4,1,10.202091217041016,16.496734586928813,-0.32927799224853516,10.836793899536133,11.166071891784668,0.32927799224853516,0.16496734586928813,0.002060386143189502,1,1
M0_balanced,low,6,0.375,0.1,2,10.206412315368652,16.512075069475376,-0.333038330078125,10.663429260253906,10.996467590332031,0.333038330078125,0.16512075069475377,0.0020623021173783464,1,0
M1_margin,low,6,0.375,0.1,2,10.206412315368652,16.512075069475376,-0.6053581237792969,12.605880737304688,13.211238861083984,0.6053581237792969,0.16512075069475377,0.0020623021173783464,1,0
M2_popmass,low,6,0.375,0.1,2,10.206412315368652,16.512075069475376,-0.3291053771972656,10.836793899536133,11.165899276733398,0.3291053771972656,0.16512075069475377,0.0020623021173783464,1,0
M0_balanced,low,6,0.375,0.2,2,10.206412315368652,16.512075069475376,-0.333038330078125,10.663429260253906,10.996467590332031,0.333038330078125,0.16512075069475377,0.0020623021173783464,1,0
M1_margin,low,6,0.375,0.2,2,10.206412315368652,16.512075069475376,-0.6053581237792969,12.605880737304688,13.211238861083984,0.6053581237792969,0.16512075069475377,0.0020623021173783464,1,0
M2_popmass,low,6,0.375,0.2,2,10.206412315368652,16.512075069475376,-0.3291053771972656,10.836793899536133,11.165899276733398,0.3291053771972656,0.16512075069475377,0.0020623021173783464,1,0
M0_balanced,low,6,0.375,0.4,2,10.22906494140625,16.51256246452963,-0.3333454132080078,10.663429260253906,10.996774673461914,0.3333454132080078,0.16512562464529632,0.0020623629913659076,1,1
M1_margin,low,6,0.375,0.4,2,10.22906494140625,16.51256246452963,-0.6059761047363281,12.605880737304688,13.211856842041016,0.6059761047363281,0.16512562464529632,0.0020623629913659076,1,1
M2_popmass,low,6,0.375,0.4,2,10.22906494140625,16.51256246452963,-0.32941436767578125,10.836793899536133,11.166208267211914,0.32941436767578125,0.16512562464529632,0.0020623629913659076,1,1
M0_balanced,low,7,0.375,0.1,0,9.511672973632812,14.541626857058892,0.033684730529785156,10.663429260253906,10.629744529724121,-0.033684730529785156,0.14541626857058892,0.0018161998253555182,1,1
M1_margin,low,7,0.375,0.1,0,9.511672973632812,14.541626857058892,0.13596725463867188,12.605880737304688,12.469913482666016,-0.13596725463867188,0.14541626857058892,0.0018161998253555182,1,1
M2_popmass,low,7,0.375,0.1,0,9.511672973632812,14.541626857058892,0.03729534149169922,10.836793899536133,10.799498558044434,-0.03729534149169922,0.14541626857058892,0.0018161998253555182,1,1
M0_balanced,low,7,0.375,0.2,0,9.511672973632812,14.541626857058892,0.033684730529785156,10.663429260253906,10.629744529724121,-0.033684730529785156,0.14541626857058892,0.0018161998253555182,1,1
M1_margin,low,7,0.375,0.2,0,9.511672973632812,14.541626857058892,0.13596725463867188,12.605880737304688,12.469913482666016,-0.13596725463867188,0.14541626857058892,0.0018161998253555182,1,1
M2_popmass,low,7,0.375,0.2,0,9.511672973632812,14.541626857058892,0.03729534149169922,10.836793899536133,10.799498558044434,-0.03729534149169922,0.14541626857058892,0.0018161998253555182,1,1
M0_balanced,low,7,0.375,0.4,0,9.541687965393066,14.512520308852428,0.03373527526855469,10.663429260253906,10.629693984985352,-0.03373527526855469,0.14512520308852428,0.0018125645163017982,1,2
M1_margin,low,7,0.375,0.4,0,9.541687965393066,14.512520308852428,0.13597869873046875,12.605880737304688,12.469902038574219,-0.13597869873046875,0.14512520308852428,0.0018125645163017982,1,2
M2_popmass,low,7,0.375,0.4,0,9.541687965393066,14.512520308852428,0.037339210510253906,10.836793899536133,10.799454689025879,-0.037339210510253906,0.14512520308852428,0.0018125645163017982,1,2
M0_balanced,low,7,0.375,0.1,1,9.51618766784668,14.53422591725901,0.033985137939453125,10.663429260253906,10.629444122314453,-0.033985137939453125,0.1453422591725901,0.00181527547310084,1,0
M1_margin,low,7,0.375,0.1,1,9.51618766784668,14.53422591725901,0.13630104064941406,12.605880737304688,12.469579696655273,-0.13630104064941406,0.1453422591725901,0.00181527547310084,1,0
M2_popmass,low,7,0.375,0.1,1,9.51618766784668,14.53422591725901,0.037586212158203125,10.836793899536133,10.79920768737793,-0.037586212158203125,0.1453422591725901,0.00181527547310084,1,0
M0_balanced,low,7,0.375,0.2,1,9.504701614379883,14.553340837813318,0.03294944763183594,10.663429260253906,10.63047981262207,-0.03294944763183594,0.1455334083781332,0.0018176628617825657,1,1
M1_margin,low,7,0.375,0.2,1,9.504701614379883,14.553340837813318,0.13441181182861328,12.605880737304688,12.471468925476074,-0.13441181182861328,0.1455334083781332,0.0018176628617825657,1,1
M2_popmass,low,7,0.375,0.2,1,9.504701614379883,14.553340837813318,0.03653526306152344,10.836793899536133,10.80025863647461,-0.03653526306152344,0.1455334083781332,0.0018176628617825657,1,1
M0_balanced,low,7,0.375,0.4,1,9.5040283203125,14.54130678955122,0.032921791076660156,10.663429260253906,10.630507469177246,-0.032921791076660156,0.1454130678955122,0.001816159850010445,1,2
M1_margin,low,7,0.375,0.4,1,9.5040283203125,14.54130678955122,0.1344585418701172,12.605880737304688,12.47142219543457,-0.1344585418701172,0.1454130678955122,0.001816159850010445,1,2
M2_popmass,low,7,0.375,0.4,1,9.5040283203125,14.54130678955122,0.036507606506347656,10.836793899536133,10.800286293029785,-0.036507606506347656,0.1454130678955122,0.001816159850010445,1,2
M0_balanced,low,7,0.375,0.1,2,9.3921537399292,14.576701608939288,0.03254413604736328,10.663429260253906,10.630885124206543,-0.03254413604736328,0.14576701608939288,0.0018205805427859508,1,1
M1_margin,low,7,0.375,0.1,2,9.3921537399292,14.576701608939288,0.13300800323486328,12.605880737304688,12.472872734069824,-0.13300800323486328,0.14576701608939288,0.0018205805427859508,1,1
M2_popmass,low,7,0.375,0.1,2,9.3921537399292,14.576701608939288,0.03614521026611328,10.836793899536133,10.80064868927002,-0.03614521026611328,0.14576701608939288,0.0018205805427859508,1,1
M0_balanced,low,7,0.375,0.2,2,9.3921537399292,14.576701608939288,0.03254413604736328,10.663429260253906,10.630885124206543,-0.03254413604736328,0.14576701608939288,0.0018205805427859508,1,1
M1_margin,low,7,0.375,0.2,2,9.3921537399292,14.576701608939288,0.13300800323486328,12.605880737304688,12.472872734069824,-0.13300800323486328,0.14576701608939288,0.0018205805427859508,1,1
M2_popmass,low,7,0.375,0.2,2,9.3921537399292,14.576701608939288,0.03614521026611328,10.836793899536133,10.80064868927002,-0.03614521026611328,0.14576701608939288,0.0018205805427859508,1,1
M0_balanced,low,7,0.375,0.4,2,9.441354751586914,14.561948995905597,0.0325164794921875,10.663429260253906,10.630912780761719,-0.0325164794921875,0.14561948995905596,0.0018187379915034357,1,3
M1_margin,low,7,0.375,0.4,2,9.441354751586914,14.561948995905597,0.1332721710205078,12.605880737304688,12.47260856628418,-0.1332721710205078,0.14561948995905596,0.0018187379915034357,1,3
M2_popmass,low,7,0.375,0.4,2,9.441354751586914,14.561948995905597,0.03611278533935547,10.836793899536133,10.800681114196777,-0.03611278533935547,0.14561948995905596,0.0018187379915034357,1,3
M0_balanced,medium,0,0.625,0.1,0,8.947500228881836,14.74031987563002,-0.011631011962890625,10.663429260253906,10.675060272216797,0.011631011962890625,0.1474031987563002,0.0018410159088085927,1,0
M1_margin,medium,0,0.625,0.1,0,8.947500228881836,14.74031987563002,-0.05609321594238281,12.605880737304688,12.66197395324707,0.05609321594238281,0.1474031987563002,0.0018410159088085927,1,0
M2_popmass,medium,0,0.625,0.1,0,8.947500228881836,14.74031987563002,-0.010831832885742188,10.836793899536133,10.847625732421875,0.010831832885742188,0.1474031987563002,0.0018410159088085927,1,0
M0_balanced,medium,0,0.625,0.2,0,8.947500228881836,14.74031987563002,-0.011631011962890625,10.663429260253906,10.675060272216797,0.011631011962890625,0.1474031987563002,0.0018410159088085927,1,0
M1_margin,medium,0,0.625,0.2,0,8.947500228881836,14.74031987563002,-0.05609321594238281,12.605880737304688,12.66197395324707,0.05609321594238281,0.1474031987563002,0.0018410159088085927,1,0
M2_popmass,medium,0,0.625,0.2,0,8.947500228881836,14.74031987563002,-0.010831832885742188,10.836793899536133,10.847625732421875,0.010831832885742188,0.1474031987563002,0.0018410159088085927,1,0
M0_balanced,medium,0,0.625,0.4,0,8.868349075317383,14.681834793518249,-0.012430191040039062,10.663429260253906,10.675859451293945,0.012430191040039062,0.1468183479351825,0.001833711320610764,1,2
M1_margin,medium,0,0.625,0.4,0,8.868349075317383,14.681834793518249,-0.05759429931640625,12.605880737304688,12.663475036621094,0.05759429931640625,0.1468183479351825,0.001833711320610764,1,2
M2_popmass,medium,0,0.625,0.4,0,8.868349075317383,14.681834793518249,-0.011675834655761719,10.836793899536133,10.848469734191895,0.011675834655761719,0.1468183479351825,0.001833711320610764,1,2
M0_balanced,medium,0,0.625,0.1,1,8.962153434753418,14.70242241319594,-0.011135101318359375,10.663429260253906,10.674564361572266,0.011135101318359375,0.1470242241319594,0.0018362826444131594,1,0
M1_margin,medium,0,0.625,0.1,1,8.962153434753418,14.70242241319594,-0.056640625,12.605880737304688,12.662521362304688,0.056640625,0.1470242241319594,0.0018362826444131594,1,0
M2_popmass,medium,0,0.625,0.1,1,8.962153434753418,14.70242241319594,-0.010354042053222656,10.836793899536133,10.847147941589355,0.010354042053222656,0.1470242241319594,0.0018362826444131594,1,0
M0_balanced,medium,0,0.625,0.2,1,8.962153434753418,14.70242241319594,-0.011135101318359375,10.663429260253906,10.674564361572266,0.011135101318359375,0.1470242241319594,0.0018362826444131594,1,0
M1_margin,medium,0,0.625,0.2,1,8.962153434753418,14.70242241319594,-0.056640625,12.605880737304688,12.662521362304688,0.056640625,0.1470242241319594,0.0018362826444131594,1,0
M2_popmass,medium,0,0.625,0.2,1,8.962153434753418,14.70242241319594,-0.010354042053222656,10.836793899536133,10.847147941589355,0.010354042053222656,0.1470242241319594,0.0018362826444131594,1,0
M0_balanced,medium,0,0.625,0.4,1,8.9315185546875,14.657204631631272,-0.011884689331054688,10.663429260253906,10.675313949584961,0.011884689331054688,0.1465720463163127,0.001830635097010934,1,2
M1_margin,medium,0,0.625,0.4,1,8.9315185546875,14.657204631631272,-0.05771827697753906,12.605880737304688,12.663599014282227,0.05771827697753906,0.1465720463163127,0.001830635097010934,1,2
M2_popmass,medium,0,0.625,0.4,1,8.9315185546875,14.657204631631272,-0.011143684387207031,10.836793899536133,10.84793758392334,0.011143684387207031,0.1465720463163127,0.001830635097010934,1,2
M0_balanced,medium,0,0.625,0.1,2,8.94479751586914,14.739593316070962,-0.011651992797851562,10.663429260253906,10.675081253051758,0.011651992797851562,0.14739593316070962,0.0018409251639863494,1,0
M1_margin,medium,0,0.625,0.1,2,8.94479751586914,14.739593316070962,-0.05612754821777344,12.605880737304688,12.662008285522461,0.05612754821777344,0.14739593316070962,0.0018409251639863494,1,0
M2_popmass,medium,0,0.625,0.1,2,8.94479751586914,14.739593316070962,-0.010853767395019531,10.836793899536133,10.847647666931152,0.010853767395019531,0.14739593316070962,0.0018409251639863494,1,0
M0_balanced,medium,0,0.625,0.2,2,8.885232925415039,14.686827943801722,-0.011548995971679688,10.663429260253906,10.674978256225586,0.011548995971679688,0.14686827943801722,0.0018343349481293326,1,1
M1_margin,medium,0,0.625,0.2,2,8.885232925415039,14.686827943801722,-0.05558967590332031,12.605880737304688,12.661470413208008,0.05558967590332031,0.14686827943801722,0.0018343349481293326,1,1
M2_popmass,medium,0,0.625,0.2,2,8.885232925415039,14.686827943801722,-0.010768890380859375,10.836793899536133,10.847562789916992,0.010768890380859375,0.14686827943801722,0.0018343349481293326,1,1
M0_balanced,medium,0,0.625,0.4,2,8.885232925415039,14.686827943801722,-0.011548995971679688,10.663429260253906,10.674978256225586,0.011548995971679688,0.14686827943801722,0.0018343349481293326,1,1
M1_margin,medium,0,0.625,0.4,2,8.885232925415039,14.686827943801722,-0.05558967590332031,12.605880737304688,12.661470413208008,0.05558967590332031,0.14686827943801722,0.0018343349481293326,1,1
M2_popmass,medium,0,0.625,0.4,2,8.885232925415039,14.686827943801722,-0.010768890380859375,10.836793899536133,10.847562789916992,0.010768890380859375,0.14686827943801722,0.0018343349481293326,1,1
M0_balanced,medium,1,0.5,0.1,0,9.500797271728516,15.21642740108335,-0.21158218383789062,10.663429260253906,10.875011444091797,0.21158218383789062,0.1521642740108335,0.0019004801223438913,1,2
M1_margin,medium,1,0.5,0.1,0,9.500797271728516,15.21642740108335,-0.2416706085205078,12.605880737304688,12.847551345825195,0.2416706085205078,0.1521642740108335,0.0019004801223438913,1,2
M2_popmass,medium,1,0.5,0.1,0,9.500797271728516,15.21642740108335,-0.2103900909423828,10.836793899536133,11.047183990478516,0.2103900909423828,0.1521642740108335,0.0019004801223438913,1,2
M0_balanced,medium,1,0.5,0.2,0,9.500797271728516,15.21642740108335,-0.21158218383789062,10.663429260253906,10.875011444091797,0.21158218383789062,0.1521642740108335,0.0019004801223438913,1,2
M1_margin,medium,1,0.5,0.2,0,9.500797271728516,15.21642740108335,-0.2416706085205078,12.605880737304688,12.847551345825195,0.2416706085205078,0.1521642740108335,0.0019004801223438913,1,2
M2_popmass,medium,1,0.5,0.2,0,9.500797271728516,15.21642740108335,-0.2103900909423828,10.836793899536133,11.047183990478516,0.2103900909423828,0.1521642740108335,0.0019004801223438913,1,2
M0_balanced,medium,1,0.5,0.4,0,9.538743019104004,15.193504654985666,-0.20958328247070312,10.663429260253906,10.87301254272461,0.20958328247070312,0.15193504654985668,0.0018976171491794365,1,4
M1_margin,medium,1,0.5,0.4,0,9.538743019104004,15.193504654985666,-0.2381000518798828,12.605880737304688,12.84398078918457,0.2381000518798828,0.15193504654985668,0.0018976171491794365,1,4
M2_popmass,medium,1,0.5,0.4,0,9.538743019104004,15.193504654985666,-0.2083597183227539,10.836793899536133,11.045153617858887,0.2083597183227539,0.15193504654985668,0.0018976171491794365,1,4
M0_balanced,medium,1,0.5,0.1,1,9.442926406860352,15.26087284963485,-0.21254253387451172,10.663429260253906,10.875971794128418,0.21254253387451172,0.15260872849634852,0.0019060312079748573,1,0
M1_margin,medium,1,0.5,0.1,1,9.442926406860352,15.26087284963485,-0.24242782592773438,12.605880737304688,12.848308563232422,0.24242782592773438,0.15260872849634852,0.0019060312079748573,1,0
M2_popmass,medium,1,0.5,0.1,1,9.442926406860352,15.26087284963485,-0.21132183074951172,10.836793899536133,11.048115730285645,0.21132183074951172,0.15260872849634852,0.0019060312079748573,1,0
M0_balanced,medium,1,0.5,0.2,1,9.442926406860352,15.26087284963485,-0.21254253387451172,10.663429260253906,10.875971794128418,0.21254253387451172,0.15260872849634852,0.0019060312079748573,1,0
M1_margin,medium,1,0.5,0.2,1,9.442926406860352,15.26087284963485,-0.24242782592773438,12.605880737304688,12.848308563232422,0.24242782592773438,0.15260872849634852,0.0019060312079748573,1,0
M2_popmass,medium,1,0.5,0.2,1,9.442926406860352,15.26087284963485,-0.21132183074951172,10.836793899536133,11.048115730285645,0.21132183074951172,0.15260872849634852,0.0019060312079748573,1,0
M0_balanced,medium,1,0.5,0.4,1,9.499771118164062,15.238678334679841,-0.2115163803100586,10.663429260253906,10.874945640563965,0.2115163803100586,0.15238678334679842,0.0019032591884077638,1,1
M1_margin,medium,1,0.5,0.4,1,9.499771118164062,15.238678334679841,-0.24153423309326172,12.605880737304688,12.84741497039795,0.24153423309326172,0.15238678334679842,0.0019032591884077638,1,1
M2_popmass,medium,1,0.5,0.4,1,9.499771118164062,15.238678334679841,-0.21032333374023438,10.836793899536133,11.047117233276367,0.21032333374023438,0.15238678334679842,0.0019032591884077638,1,1
M0_balanced,medium,1,0.5,0.1,2,9.444831848144531,15.26011655111133,-0.21232223510742188,10.663429260253906,10.875751495361328,0.21232223510742188,0.1526011655111133,0.0019059367488569168,1,0
M1_margin,medium,1,0.5,0.1,2,9.444831848144531,15.26011655111133,-0.24209213256835938,12.605880737304688,12.847972869873047,0.24209213256835938,0.1526011655111133,0.0019059367488569168,1,0
M2_popmass,medium,1,0.5,0.1,2,9.444831848144531,15.26011655111133,-0.21109771728515625,10.836793899536133,11.047891616821289,0.21109771728515625,0.1526011655111133,0.0019059367488569168,1,0
M0_balanced,medium,1,0.5,0.2,2,9.511218070983887,15.235056010929581,-0.21123504638671875,10.663429260253906,10.874664306640625,0.21123504638671875,0.15235056010929582,0.0019028067724692122,1,1
M1_margin,medium,1,0.5,0.2,2,9.511218070983887,15.235056010929581,-0.24128246307373047,12.605880737304688,12.847163200378418,0.24128246307373047,0.15235056010929582,0.0019028067724692122,1,1
M2_popmass,medium,1,0.5,0.2,2,9.511218070983887,15.235056010929581,-0.21004009246826172,10.836793899536133,11.046833992004395,0.21004009246826172,0.15235056010929582,0.0019028067724692122,1,1
M0_balanced,medium,1,0.5,0.4,2,9.506744384765625,15.216984170546608,-0.2114849090576172,10.663429260253906,10.874914169311523,0.2114849090576172,0.15216984170546607,0.0019005496609596098,1,2
M1_margin,medium,1,0.5,0.4,2,9.506744384765625,15.216984170546608,-0.2414703369140625,12.605880737304688,12.84735107421875,0.2414703369140625,0.15216984170546607,0.0019005496609596098,1,2
M2_popmass,medium,1,0.5,0.4,2,9.506744384765625,15.216984170546608,-0.21028995513916016,10.836793899536133,11.047083854675293,0.21028995513916016,0.15216984170546607,0.0019005496609596098,1,2
M0_balanced,medium,2,0.5,0.1,0,8.968734741210938,15.158246823667124,-0.0030450820922851562,10.663429260253906,10.666474342346191,0.0030450820922851562,0.15158246823667124,0.0018932135657487373,1,0
M1_margin,medium,2,0.5,0.1,0,8.968734741210938,15.158246823667124,0.06378459930419922,12.605880737304688,12.542096138000488,-0.06378459930419922,0.15158246823667124,0.0018932135657487373,1,0
M2_popmass,medium,2,0.5,0.1,0,8.968734741210938,15.158246823667124,-0.0010852813720703125,10.836793899536133,10.837879180908203,0.0010852813720703125,0.15158246823667124,0.0018932135657487373,1,0
M0_balanced,medium,2,0.5,0.2,0,8.97774887084961,15.143858806982179,-0.0031337738037109375,10.663429260253906,10.666563034057617,0.0031337738037109375,0.1514385880698218,0.0018914165513123696,1,1
M1_margin,medium,2,0.5,0.2,0,8.97774887084961,15.143858806982179,0.06345558166503906,12.605880737304688,12.542425155639648,-0.06345558166503906,0.1514385880698218,0.0018914165513123696,1,1
M2_popmass,medium,2,0.5,0.2,0,8.97774887084961,15.143858806982179,-0.0011854171752929688,10.836793899536133,10.837979316711426,0.0011854171752929688,0.1514385880698218,0.0018914165513123696,1,1
M0_balanced,medium,2,0.5,0.4,0,8.98768424987793,15.13213525650946,-0.00293731689453125,10.663429260253906,10.666366577148438,0.00293731689453125,0.1513213525650946,0.0018899523196599967,1,2
M1_margin,medium,2,0.5,0.4,0,8.98768424987793,15.13213525650946,0.06386947631835938,12.605880737304688,12.542011260986328,-0.06386947631835938,0.1513213525650946,0.0018899523196599967,1,2
M2_popmass,medium,2,0.5,0.4,0,8.98768424987793,15.13213525650946,-0.0009851455688476562,10.836793899536133,10.83777904510498,0.0009851455688476562,0.1513213525650946,0.0018899523196599967,1,2
M0_balanced,medium,2,0.5,0.1,1,8.93369197845459,15.128876264557373,-0.0044422149658203125,10.663429260253906,10.667871475219727,0.0044422149658203125,0.15128876264557373,0.0018895452826295188,1,2
M1_margin,medium,2,0.5,0.1,1,8.93369197845459,15.128876264557373,0.060263633728027344,12.605880737304688,12.54561710357666,-0.060263633728027344,0.15128876264557373,0.0018895452826295188,1,2
M2_popmass,medium,2,0.5,0.1,1,8.93369197845459,15.128876264557373,-0.002567291259765625,10.836793899536133,10.839361190795898,0.002567291259765625,0.15128876264557373,0.0018895452826295188,1,2
M0_balanced,medium,2,0.5,0.2,1,8.93369197845459,15.128876264557373,-0.0044422149658203125,10.663429260253906,10.667871475219727,0.0044422149658203125,0.15128876264557373,0.0018895452826295188,1,2
M1_margin,medium,2,0.5,0.2,1,8.93369197845459,15.128876264557373,0.060263633728027344,12.605880737304688,12.54561710357666,-0.060263633728027344,0.15128876264557373,0.0018895452826295188,1,2
M2_popmass,medium,2,0.5,0.2,1,8.93369197845459,15.128876264557373,-0.002567291259765625,10.836793899536133,10.839361190795898,0.002567291259765625,0.15128876264557373,0.0018895452826295188,1,2
M0_balanced,medium,2,0.5,0.4,1,8.960891723632812,15.116261137967138,-0.0053386688232421875,10.663429260253906,10.668767929077148,0.0053386688232421875,0.15116261137967138,0.0018879696961469857,1,3
M1_margin,medium,2,0.5,0.4,1,8.960891723632812,15.116261137967138,0.058025360107421875,12.605880737304688,12.547855377197266,-0.058025360107421875,0.15116261137967138,0.0018879696961469857,1,3
M2_popmass,medium,2,0.5,0.4,1,8.960891723632812,15.116261137967138,-0.0035238265991210938,10.836793899536133,10.840317726135254,0.0035238265991210938,0.15116261137967138,0.0018879696961469857,1,3
M0_balanced,medium,2,0.5,0.1,2,8.969791412353516,15.157488979239462,-0.0029964447021484375,10.663429260253906,10.666425704956055,0.0029964447021484375,0.1515748897923946,0.001893118913552618,1,0
M1_margin,medium,2,0.5,0.1,2,8.969791412353516,15.157488979239462,0.06389904022216797,12.605880737304688,12.54198169708252,-0.06389904022216797,0.1515748897923946,0.001893118913552618,1,0
M2_popmass,medium,2,0.5,0.1,2,8.969791412353516,15.157488979239462,-0.0010347366333007812,10.836793899536133,10.837828636169434,0.0010347366333007812,0.1515748897923946,0.001893118913552618,1,0
M0_balanced,medium,2,0.5,0.2,2,8.986438751220703,15.133304038067662,-0.0037860870361328125,10.663429260253906,10.667215347290039,0.0037860870361328125,0.15133304038067663,0.0018900982965085814,1,1
M1_margin,medium,2,0.5,0.2,2,8.986438751220703,15.133304038067662,0.06216716766357422,12.605880737304688,12.543713569641113,-0.06216716766357422,0.15133304038067663,0.0018900982965085814,1,1
M2_popmass,medium,2,0.5,0.2,2,8.986438751220703,15.133304038067662,-0.001861572265625,10.836793899536133,10.838655471801758,0.001861572265625,0.15133304038067663,0.0018900982965085814,1,1
M0_balanced,medium,2,0.5,0.4,2,8.963848114013672,15.117337853902196,-0.0053806304931640625,10.663429260253906,10.66880989074707,0.0053806304931640625,0.15117337853902196,0.001888104174311804,1,3
M1_margin,medium,2,0.5,0.4,2,8.963848114013672,15.117337853902196,0.057971954345703125,12.605880737304688,12.547908782958984,-0.057971954345703125,0.15117337853902196,0.001888104174311804,1,3
M2_popmass,medium,2,0.5,0.4,2,8.963848114013672,15.117337853902196,-0.003566741943359375,10.836793899536133,10.840360641479492,0.003566741943359375,0.15117337853902196,0.001888104174311804,1,3
M0_balanced,medium,3,0.5,0.1,0,10.777534484863281,16.880052901245637,-0.3390321731567383,10.663429260253906,11.002461433410645,0.3390321731567383,0.16880052901245637,0.0021082612992749327,1,0
M1_margin,medium,3,0.5,0.1,0,10.777534484863281,16.880052901245637,-0.5852317810058594,12.605880737304688,13.191112518310547,0.5852317810058594,0.16880052901245637,0.0021082612992749327,1,0
M2_popmass,medium,3,0.5,0.1,0,10.777534484863281,16.880052901245637,-0.3358774185180664,10.836793899536133,11.1726713180542,0.3358774185180664,0.16880052901245637,0.0021082612992749327,1,0
M0_balanced,medium,3,0.5,0.2,0,10.777534484863281,16.880052901245637,-0.3390321731567383,10.663429260253906,11.002461433410645,0.3390321731567383,0.16880052901245637,0.0021082612992749327,1,0
M1_margin,medium,3,0.5,0.2,0,10.777534484863281,16.880052901245637,-0.5852317810058594,12.605880737304688,13.191112518310547,0.5852317810058594,0.16880052901245637,0.0021082612992749327,1,0
M2_popmass,medium,3,0.5,0.2,0,10.777534484863281,16.880052901245637,-0.3358774185180664,10.836793899536133,11.1726713180542,0.3358774185180664,0.16880052901245637,0.0021082612992749327,1,0
M0_balanced,medium,3,0.5,0.4,0,10.776949882507324,16.86573945564599,-0.3380775451660156,10.663429260253906,11.001506805419922,0.3380775451660156,0.1686573945564599,0.0021064735985139482,1,1
M1_margin,medium,3,0.5,0.4,0,10.776949882507324,16.86573945564599,-0.5839614868164062,12.605880737304688,13.189842224121094,0.5839614868164062,0.1686573945564599,0.0021064735985139482,1,1
M2_popmass,medium,3,0.5,0.4,0,10.776949882507324,16.86573945564599,-0.3349285125732422,10.836793899536133,11.171722412109375,0.3349285125732422,0.1686573945564599,0.0021064735985139482,1,1
M0_balanced,medium,3,0.5,0.1,1,10.782833099365234,16.880066116641053,-0.3389768600463867,10.663429260253906,11.002406120300293,0.3389768600463867,0.16880066116641054,0.0021082629498329537,1,0
M1_margin,medium,3,0.5,0.1,1,10.782833099365234,16.880066116641053,-0.5851097106933594,12.605880737304688,13.190990447998047,0.5851097106933594,0.16880066116641054,0.0021082629498329537,1,0
M2_popmass,medium,3,0.5,0.1,1,10.782833099365234,16.880066116641053,-0.3358192443847656,10.836793899536133,11.172613143920898,0.3358192443847656,0.16880066116641054,0.0021082629498329537,1,0
M0_balanced,medium,3,0.5,0.2,1,10.782833099365234,16.880066116641053,-0.3389768600463867,10.663429260253906,11.002406120300293,0.3389768600463867,0.16880066116641054,0.0021082629498329537,1,0
M1_margin,medium,3,0.5,0.2,1,10.782833099365234,16.880066116641053,-0.5851097106933594,12.605880737304688,13.190990447998047,0.5851097106933594,0.16880066116641054,0.0021082629498329537,1,0
M2_popmass,medium,3,0.5,0.2,1,10.782833099365234,16.880066116641053,-0.3358192443847656,10.836793899536133,11.172613143920898,0.3358192443847656,0.16880066116641054,0.0021082629498329537,1,0
M0_balanced,medium,3,0.5,0.4,1,10.782833099365234,16.880066116641053,-0.3389768600463867,10.663429260253906,11.002406120300293,0.3389768600463867,0.16880066116641054,0.0021082629498329537,1,0
M1_margin,medium,3,0.5,0.4,1,10.782833099365234,16.880066116641053,-0.5851097106933594,12.605880737304688,13.190990447998047,0.5851097106933594,0.16880066116641054,0.0021082629498329537,1,0
M2_popmass,medium,3,0.5,0.4,1,10.782833099365234,16.880066116641053,-0.3358192443847656,10.836793899536133,11.172613143920898,0.3358192443847656,0.16880066116641054,0.0021082629498329537,1,0
M0_balanced,medium,3,0.5,0.1,2,10.78048324584961,16.880259641699094,-0.3390045166015625,10.663429260253906,11.002433776855469,0.3390045166015625,0.16880259641699094,0.002108287120455682,1,0
M1_margin,medium,3,0.5,0.1,2,10.78048324584961,16.880259641699094,-0.5851860046386719,12.605880737304688,13.19106674194336,0.5851860046386719,0.16880259641699094,0.002108287120455682,1,0
M2_popmass,medium,3,0.5,0.1,2,10.78048324584961,16.880259641699094,-0.3358488082885742,10.836793899536133,11.172642707824707,0.3358488082885742,0.16880259641699094,0.002108287120455682,1,0
M0_balanced,medium,3,0.5,0.2,2,10.690519332885742,16.85013297608101,-0.33885955810546875,10.663429260253906,11.002288818359375,0.33885955810546875,0.16850132976081011,0.002104524402200568,1,1
M1_margin,medium,3,0.5,0.2,2,10.690519332885742,16.85013297608101,-0.5854110717773438,12.605880737304688,13.191291809082031,0.5854110717773438,0.16850132976081011,0.002104524402200568,1,1
M2_popmass,medium,3,0.5,0.2,2,10.690519332885742,16.85013297608101,-0.33574676513671875,10.836793899536133,11.172540664672852,0.33574676513671875,0.16850132976081011,0.002104524402200568,1,1
M0_balanced,medium,3,0.5,0.4,2,10.690519332885742,16.85013297608101,-0.33885955810546875,10.663429260253906,11.002288818359375,0.33885955810546875,0.16850132976081011,0.002104524402200568,1,1
M1_margin,medium,3,0.5,0.4,2,10.690519332885742,16.85013297608101,-0.5854110717773438,12.605880737304688,13.191291809082031,0.5854110717773438,0.16850132976081011,0.002104524402200568,1,1
M2_popmass,medium,3,0.5,0.4,2,10.690519332885742,16.85013297608101,-0.33574676513671875,10.836793899536133,11.172540664672852,0.33574676513671875,0.16850132976081011,0.002104524402200568,1,1
M0_balanced,medium,4,0.6,0.1,0,7.76024866104126,15.892318420637217,-0.17908859252929688,10.663429260253906,10.842517852783203,0.17908859252929688,0.15892318420637216,0.0019848966160237033,1,2
M1_margin,medium,4,0.6,0.1,0,7.76024866104126,15.892318420637217,-0.20383167266845703,12.605880737304688,12.809712409973145,0.20383167266845703,0.15892318420637216,0.0019848966160237033,1,2
M2_popmass,medium,4,0.6,0.1,0,7.76024866104126,15.892318420637217,-0.17693042755126953,10.836793899536133,11.013724327087402,0.17693042755126953,0.15892318420637216,0.0019848966160237033,1,2
M0_balanced,medium,4,0.6,0.2,0,7.76024866104126,15.892318420637217,-0.17908859252929688,10.663429260253906,10.842517852783203,0.17908859252929688,0.15892318420637216,0.0019848966160237033,1,2
M1_margin,medium,4,0.6,0.2,0,7.76024866104126,15.892318420637217,-0.20383167266845703,12.605880737304688,12.809712409973145,0.20383167266845703,0.15892318420637216,0.0019848966160237033,1,2
M2_popmass,medium,4,0.6,0.2,0,7.76024866104126,15.892318420637217,-0.17693042755126953,10.836793899536133,11.013724327087402,0.17693042755126953,0.15892318420637216,0.0019848966160237033,1,2
M0_balanced,medium,4,0.6,0.4,0,7.76024866104126,15.892318420637217,-0.17908859252929688,10.663429260253906,10.842517852783203,0.17908859252929688,0.15892318420637216,0.0019848966160237033,1,2
M1_margin,medium,4,0.6,0.4,0,7.76024866104126,15.892318420637217,-0.20383167266845703,12.605880737304688,12.809712409973145,0.20383167266845703,0.15892318420637216,0.0019848966160237033,1,2
M2_popmass,medium,4,0.6,0.4,0,7.76024866104126,15.892318420637217,-0.17693042755126953,10.836793899536133,11.013724327087402,0.17693042755126953,0.15892318420637216,0.0019848966160237033,1,2
M0_balanced,medium,4,0.6,0.1,1,7.770693302154541,15.901314078717544,-0.17957115173339844,10.663429260253906,10.843000411987305,0.17957115173339844,0.15901314078717543,0.0019860201431775113,1,0
M1_margin,medium,4,0.6,0.1,1,7.770693302154541,15.901314078717544,-0.20447921752929688,12.605880737304688,12.810359954833984,0.20447921752929688,0.15901314078717543,0.0019860201431775113,1,0
M2_popmass,medium,4,0.6,0.1,1,7.770693302154541,15.901314078717544,-0.17744922637939453,10.836793899536133,11.014243125915527,0.17744922637939453,0.15901314078717543,0.0019860201431775113,1,0
M0_balanced,medium,4,0.6,0.2,1,7.770693302154541,15.901314078717544,-0.17957115173339844,10.663429260253906,10.843000411987305,0.17957115173339844,0.15901314078717543,0.0019860201431775113,1,0
M1_margin,medium,4,0.6,0.2,1,7.770693302154541,15.901314078717544,-0.20447921752929688,12.605880737304688,12.810359954833984,0.20447921752929688,0.15901314078717543,0.0019860201431775113,1,0
M2_popmass,medium,4,0.6,0.2,1,7.770693302154541,15.901314078717544,-0.17744922637939453,10.836793899536133,11.014243125915527,0.17744922637939453,0.15901314078717543,0.0019860201431775113,1,0
M0_balanced,medium,4,0.6,0.4,1,7.721503257751465,15.907130146502253,-0.1839466094970703,10.663429260253906,10.847375869750977,0.1839466094970703,0.15907130146502252,0.001986746550298164,1,2
M1_margin,medium,4,0.6,0.4,1,7.721503257751465,15.907130146502253,-0.2121267318725586,12.605880737304688,12.818007469177246,0.2121267318725586,0.15907130146502252,0.001986746550298164,1,2
M2_popmass,medium,4,0.6,0.4,1,7.721503257751465,15.907130146502253,-0.18191051483154297,10.836793899536133,11.018704414367676,0.18191051483154297,0.15907130146502252,0.001986746550298164,1,2
M0_balanced,medium,4,0.6,0.1,2,7.858925819396973,15.92812228872644,-0.1778850555419922,10.663429260253906,10.841314315795898,0.1778850555419922,0.1592812228872644,0.0019893683975932557,1,0
M1_margin,medium,4,0.6,0.1,2,7.858925819396973,15.92812228872644,-0.20098018646240234,12.605880737304688,12.80686092376709,0.20098018646240234,0.1592812228872644,0.0019893683975932557,1,0
M2_popmass,medium,4,0.6,0.1,2,7.858925819396973,15.92812228872644,-0.17566871643066406,10.836793899536133,11.012462615966797,0.17566871643066406,0.1592812228872644,0.0019893683975932557,1,0
M0_balanced,medium,4,0.6,0.2,2,7.858925819396973,15.92812228872644,-0.1778850555419922,10.663429260253906,10.841314315795898,0.1778850555419922,0.1592812228872644,0.0019893683975932557,1,0
M1_margin,medium,4,0.6,0.2,2,7.858925819396973,15.92812228872644,-0.20098018646240234,12.605880737304688,12.80686092376709,0.20098018646240234,0.1592812228872644,0.0019893683975932557,1,0
M2_popmass,medium,4,0.6,0.2,2,7.858925819396973,15.92812228872644,-0.17566871643066406,10.836793899536133,11.012462615966797,0.17566871643066406,0.1592812228872644,0.0019893683975932557,1,0
M0_balanced,medium,4,0.6,0.4,2,7.858925819396973,15.92812228872644,-0.1778850555419922,10.663429260253906,10.841314315795898,0.1778850555419922,0.1592812228872644,0.0019893683975932557,1,0
M1_margin,medium,4,0.6,0.4,2,7.858925819396973,15.92812228872644,-0.20098018646240234,12.605880737304688,12.80686092376709,0.20098018646240234,0.1592812228872644,0.0019893683975932557,1,0
M2_popmass,medium,4,0.6,0.4,2,7.858925819396973,15.92812228872644,-0.17566871643066406,10.836793899536133,11.012462615966797,0.17566871643066406,0.1592812228872644,0.0019893683975932557,1,0
M0_balanced,medium,5,0.5,0.1,0,8.453893661499023,16.75439338021036,-0.05706977844238281,10.663429260253906,10.720499038696289,0.05706977844238281,0.1675439338021036,0.002092566851714016,1,2
M1_margin,medium,5,0.5,0.1,0,8.453893661499023,16.75439338021036,0.042392730712890625,12.605880737304688,12.563488006591797,-0.042392730712890625,0.1675439338021036,0.002092566851714016,1,2
M2_popmass,medium,5,0.5,0.1,0,8.453893661499023,16.75439338021036,-0.054411888122558594,10.836793899536133,10.891205787658691,0.054411888122558594,0.1675439338021036,0.002092566851714016,1,2
M0_balanced,medium,5,0.5,0.2,0,8.453893661499023,16.75439338021036,-0.05706977844238281,10.663429260253906,10.720499038696289,0.05706977844238281,0.1675439338021036,0.002092566851714016,1,2
M1_margin,medium,5,0.5,0.2,0,8.453893661499023,16.75439338021036,0.042392730712890625,12.605880737304688,12.563488006591797,-0.042392730712890625,0.1675439338021036,0.002092566851714016,1,2
M2_popmass,medium,5,0.5,0.2,0,8.453893661499023,16.75439338021036,-0.054411888122558594,10.836793899536133,10.891205787658691,0.054411888122558594,0.1675439338021036,0.002092566851714016,1,2
M0_balanced,medium,5,0.5,0.4,0,8.453893661499023,16.75439338021036,-0.05706977844238281,10.663429260253906,10.720499038696289,0.05706977844238281,0.1675439338021036,0.002092566851714016,1,2
M1_margin,medium,5,0.5,0.4,0,8.453893661499023,16.75439338021036,0.042392730712890625,12.605880737304688,12.563488006591797,-0.042392730712890625,0.1675439338021036,0.002092566851714016,1,2
M2_popmass,medium,5,0.5,0.4,0,8.453893661499023,16.75439338021036,-0.054411888122558594,10.836793899536133,10.891205787658691,0.054411888122558594,0.1675439338021036,0.002092566851714016,1,2
M0_balanced,medium,5,0.5,0.1,1,8.405562400817871,16.760297473836527,-0.05808448791503906,10.663429260253906,10.721513748168945,0.05808448791503906,0.16760297473836527,0.0020933042529634174,1,1
M1_margin,medium,5,0.5,0.1,1,8.405562400817871,16.760297473836527,0.040101051330566406,12.605880737304688,12.565779685974121,-0.040101051330566406,0.16760297473836527,0.0020933042529634174,1,1
M2_popmass,medium,5,0.5,0.1,1,8.405562400817871,16.760297473836527,-0.05547809600830078,10.836793899536133,10.892271995544434,0.05547809600830078,0.16760297473836527,0.0020933042529634174,1,1
M0_balanced,medium,5,0.5,0.2,1,8.428802490234375,16.7245028836103,-0.057170867919921875,10.663429260253906,10.720600128173828,0.057170867919921875,0.16724502883610298,0.002088833630167455,1,2
M1_margin,medium,5,0.5,0.2,1,8.428802490234375,16.7245028836103,0.04230785369873047,12.605880737304688,12.563572883605957,-0.04230785369873047,0.16724502883610298,0.002088833630167455,1,2
M2_popmass,medium,5,0.5,0.2,1,8.428802490234375,16.7245028836103,-0.054531097412109375,10.836793899536133,10.891324996948242,0.054531097412109375,0.16724502883610298,0.002088833630167455,1,2
M0_balanced,medium,5,0.5,0.4,1,8.470030784606934,16.750189127797224,-0.05700492858886719,10.663429260253906,10.720434188842773,0.05700492858886719,0.16750189127797224,0.0020920417548611295,1,3
M1_margin,medium,5,0.5,0.4,1,8.470030784606934,16.750189127797224,0.042435646057128906,12.605880737304688,12.563445091247559,-0.042435646057128906,0.16750189127797224,0.0020920417548611295,1,3
M2_popmass,medium,5,0.5,0.4,1,8.470030784606934,16.750189127797224,-0.05436134338378906,10.836793899536133,10.891155242919922,0.05436134338378906,0.16750189127797224,0.0020920417548611295,1,3
M0_balanced,medium,5,0.5,0.1,2,8.363821029663086,16.730985804333297,-0.05732154846191406,10.663429260253906,10.72075080871582,0.05732154846191406,0.16730985804333298,0.0020896433249561223,1,1
M1_margin,medium,5,0.5,0.1,2,8.363821029663086,16.730985804333297,0.04219818115234375,12.605880737304688,12.563682556152344,-0.04219818115234375,0.16730985804333298,0.0020896433249561223,1,1
M2_popmass,medium,5,0.5,0.1,2,8.363821029663086,16.730985804333297,-0.05467796325683594,10.836793899536133,10.891471862792969,0.05467796325683594,0.16730985804333298,0.0020896433249561223,1,1
M0_balanced,medium,5,0.5,0.2,2,8.363821029663086,16.730985804333297,-0.05732154846191406,10.663429260253906,10.72075080871582,0.05732154846191406,0.16730985804333298,0.0020896433249561223,1,1
M1_margin,medium,5,0.5,0.2,2,8.363821029663086,16.730985804333297,0.04219818115234375,12.605880737304688,12.563682556152344,-0.04219818115234375,0.16730985804333298,0.0020896433249561223,1,1
M2_popmass,medium,5,0.5,0.2,2,8.363821029663086,16.730985804333297,-0.05467796325683594,10.836793899536133,10.891471862792969,0.05467796325683594,0.16730985804333298,0.0020896433249561223,1,1
M0_balanced,medium,5,0.5,0.4,2,8.492366790771484,16.7569469048967,-0.05695152282714844,10.663429260253906,10.720380783081055,0.05695152282714844,0.16756946904896702,0.0020928857782780766,1,3
M1_margin,medium,5,0.5,0.4,2,8.492366790771484,16.7569469048967,0.042435646057128906,12.605880737304688,12.563445091247559,-0.042435646057128906,0.16756946904896702,0.0020928857782780766,1,3
M2_popmass,medium,5,0.5,0.4,2,8.492366790771484,16.7569469048967,-0.05430412292480469,10.836793899536133,10.891098022460938,0.05430412292480469,0.16756946904896702,0.0020928857782780766,1,3
M0_balanced,medium,6,0.5,0.1,0,10.484582901000977,19.13559517689984,-0.08682632446289062,10.663429260253906,10.750255584716797,0.08682632446289062,0.19135595176899842,0.002389970871896554,1,0
M1_margin,medium,6,0.5,0.1,0,10.484582901000977,19.13559517689984,0.009710311889648438,12.605880737304688,12.596170425415039,-0.009710311889648438,0.19135595176899842,0.002389970871896554,1,0
M2_popmass,medium,6,0.5,0.1,0,10.484582901000977,19.13559517689984,-0.08450508117675781,10.836793899536133,10.92129898071289,0.08450508117675781,0.19135595176899842,0.002389970871896554,1,0
M0_balanced,medium,6,0.5,0.2,0,10.474691390991211,19.171104154427216,-0.08707046508789062,10.663429260253906,10.750499725341797,0.08707046508789062,0.19171104154427215,0.00239440582263609,1,2
M1_margin,medium,6,0.5,0.2,0,10.474691390991211,19.171104154427216,0.009308815002441406,12.605880737304688,12.596571922302246,-0.009308815002441406,0.19171104154427215,0.00239440582263609,1,2
M2_popmass,medium,6,0.5,0.2,0,10.474691390991211,19.171104154427216,-0.08472061157226562,10.836793899536133,10.921514511108398,0.08472061157226562,0.19171104154427215,0.00239440582263609,1,2
M0_balanced,medium,6,0.5,0.4,0,10.48337173461914,19.18610090199244,-0.08759212493896484,10.663429260253906,10.751021385192871,0.08759212493896484,0.1918610090199244,0.002396278865492752,1,3
M1_margin,medium,6,0.5,0.4,0,10.48337173461914,19.18610090199244,0.008278846740722656,12.605880737304688,12.597601890563965,-0.008278846740722656,0.1918610090199244,0.002396278865492752,1,3
M2_popmass,medium,6,0.5,0.4,0,10.48337173461914,19.18610090199244,-0.08524513244628906,10.836793899536133,10.922039031982422,0.08524513244628906,0.1918610090199244,0.002396278865492752,1,3
M0_balanced,medium,6,0.5,0.1,1,10.48678207397461,19.13545284909268,-0.08682632446289062,10.663429260253906,10.750255584716797,0.08682632446289062,0.1913545284909268,0.002389953095636645,1,0
M1_margin,medium,6,0.5,0.1,1,10.48678207397461,19.13545284909268,0.009716987609863281,12.605880737304688,12.596163749694824,-0.009716987609863281,0.1913545284909268,0.002389953095636645,1,0
M2_popmass,medium,6,0.5,0.1,1,10.48678207397461,19.13545284909268,-0.08450508117675781,10.836793899536133,10.92129898071289,0.08450508117675781,0.1913545284909268,0.002389953095636645,1,0
M0_balanced,medium,6,0.5,0.2,1,10.48678207397461,19.13545284909268,-0.08682632446289062,10.663429260253906,10.750255584716797,0.08682632446289062,0.1913545284909268,0.002389953095636645,1,0
M1_margin,medium,6,0.5,0.2,1,10.48678207397461,19.13545284909268,0.009716987609863281,12.605880737304688,12.596163749694824,-0.009716987609863281,0.1913545284909268,0.002389953095636645,1,0
M2_popmass,medium,6,0.5,0.2,1,10.48678207397461,19.13545284909268,-0.08450508117675781,10.836793899536133,10.92129898071289,0.08450508117675781,0.1913545284909268,0.002389953095636645,1,0
M0_balanced,medium,6,0.5,0.4,1,10.544842720031738,19.191515324650183,-0.08660316467285156,10.663429260253906,10.750032424926758,0.08660316467285156,0.19191515324650182,0.0023969551085006396,1,2
M1_margin,medium,6,0.5,0.4,1,10.544842720031738,19.191515324650183,0.010324478149414062,12.605880737304688,12.595556259155273,-0.010324478149414062,0.19191515324650182,0.0023969551085006396,1,2
M2_popmass,medium,6,0.5,0.4,1,10.544842720031738,19.191515324650183,-0.08423614501953125,10.836793899536133,10.921030044555664,0.08423614501953125,0.19191515324650182,0.0023969551085006396,1,2
M0_balanced,medium,6,0.5,0.1,2,10.48243522644043,19.126654613243826,-0.0857992172241211,10.663429260253906,10.749228477478027,0.0857992172241211,0.19126654613243826,0.002388854225849296,1,0
M1_margin,medium,6,0.5,0.1,2,10.48243522644043,19.126654613243826,0.010781288146972656,12.605880737304688,12.595099449157715,-0.010781288146972656,0.19126654613243826,0.002388854225849296,1,0
M2_popmass,medium,6,0.5,0.1,2,10.48243522644043,19.126654613243826,-0.0834808349609375,10.836793899536133,10.92027473449707,0.0834808349609375,0.19126654613243826,0.002388854225849296,1,0
M0_balanced,medium,6,0.5,0.2,2,10.48243522644043,19.126654613243826,-0.0857992172241211,10.663429260253906,10.749228477478027,0.0857992172241211,0.19126654613243826,0.002388854225849296,1,0
M1_margin,medium,6,0.5,0.2,2,10.48243522644043,19.126654613243826,0.010781288146972656,12.605880737304688,12.595099449157715,-0.010781288146972656,0.19126654613243826,0.002388854225849296,1,0
M2_popmass,medium,6,0.5,0.2,2,10.48243522644043,19.126654613243826,-0.0834808349609375,10.836793899536133,10.92027473449707,0.0834808349609375,0.19126654613243826,0.002388854225849296,1,0
M0_balanced,medium,6,0.5,0.4,2,10.534611701965332,19.144975216203473,-0.08666610717773438,10.663429260253906,10.75009536743164,0.08666610717773438,0.19144975216203475,0.0023911424069601715,1,2
M1_margin,medium,6,0.5,0.4,2,10.534611701965332,19.144975216203473,0.009487152099609375,12.605880737304688,12.596393585205078,-0.009487152099609375,0.19144975216203475,0.0023911424069601715,1,2
M2_popmass,medium,6,0.5,0.4,2,10.534611701965332,19.144975216203473,-0.08434677124023438,10.836793899536133,10.921140670776367,0.08434677124023438,0.19144975216203475,0.0023911424069601715,1,2
M0_balanced,medium,7,0.6,0.1,0,9.399147987365723,15.819910842384337,-0.047936439514160156,10.663429260253906,10.711365699768066,0.047936439514160156,0.15819910842384338,0.0019758531553249812,1,0
M1_margin,medium,7,0.6,0.1,0,9.399147987365723,15.819910842384337,-0.046245574951171875,12.605880737304688,12.65212631225586,0.046245574951171875,0.15819910842384338,0.0019758531553249812,1,0
M2_popmass,medium,7,0.6,0.1,0,9.399147987365723,15.819910842384337,-0.04630470275878906,10.836793899536133,10.883098602294922,0.04630470275878906,0.15819910842384338,0.0019758531553249812,1,0
M0_balanced,medium,7,0.6,0.2,0,9.399147987365723,15.819910842384337,-0.047936439514160156,10.663429260253906,10.711365699768066,0.047936439514160156,0.15819910842384338,0.0019758531553249812,1,0
M1_margin,medium,7,0.6,0.2,0,9.399147987365723,15.819910842384337,-0.046245574951171875,12.605880737304688,12.65212631225586,0.046245574951171875,0.15819910842384338,0.0019758531553249812,1,0
M2_popmass,medium,7,0.6,0.2,0,9.399147987365723,15.819910842384337,-0.04630470275878906,10.836793899536133,10.883098602294922,0.04630470275878906,0.15819910842384338,0.0019758531553249812,1,0
M0_balanced,medium,7,0.6,0.4,0,9.399147987365723,15.819910842384337,-0.047936439514160156,10.663429260253906,10.711365699768066,0.047936439514160156,0.15819910842384338,0.0019758531553249812,1,0
M1_margin,medium,7,0.6,0.4,0,9.399147987365723,15.819910842384337,-0.046245574951171875,12.605880737304688,12.65212631225586,0.046245574951171875,0.15819910842384338,0.0019758531553249812,1,0
M2_popmass,medium,7,0.6,0.4,0,9.399147987365723,15.819910842384337,-0.04630470275878906,10.836793899536133,10.883098602294922,0.04630470275878906,0.15819910842384338,0.0019758531553249812,1,0
M0_balanced,medium,7,0.6,0.1,1,9.397345542907715,15.820472429811334,-0.04794883728027344,10.663429260253906,10.71137809753418,0.04794883728027344,0.15820472429811333,0.0019759232956880132,1,0
M1_margin,medium,7,0.6,0.1,1,9.397345542907715,15.820472429811334,-0.046245574951171875,12.605880737304688,12.65212631225586,0.046245574951171875,0.15820472429811333,0.0019759232956880132,1,0
M2_popmass,medium,7,0.6,0.1,1,9.397345542907715,15.820472429811334,-0.04631805419921875,10.836793899536133,10.883111953735352,0.04631805419921875,0.15820472429811333,0.0019759232956880132,1,0
M0_balanced,medium,7,0.6,0.2,1,9.397345542907715,15.820472429811334,-0.04794883728027344,10.663429260253906,10.71137809753418,0.04794883728027344,0.15820472429811333,0.0019759232956880132,1,0
M1_margin,medium,7,0.6,0.2,1,9.397345542907715,15.820472429811334,-0.046245574951171875,12.605880737304688,12.65212631225586,0.046245574951171875,0.15820472429811333,0.0019759232956880132,1,0
M2_popmass,medium,7,0.6,0.2,1,9.397345542907715,15.820472429811334,-0.04631805419921875,10.836793899536133,10.883111953735352,0.04631805419921875,0.15820472429811333,0.0019759232956880132,1,0
M0_balanced,medium,7,0.6,0.4,1,9.397345542907715,15.820472429811334,-0.04794883728027344,10.663429260253906,10.71137809753418,0.04794883728027344,0.15820472429811333,0.0019759232956880132,1,0
M1_margin,medium,7,0.6,0.4,1,9.397345542907715,15.820472429811334,-0.046245574951171875,12.605880737304688,12.65212631225586,0.046245574951171875,0.15820472429811333,0.0019759232956880132,1,0
M2_popmass,medium,7,0.6,0.4,1,9.397345542907715,15.820472429811334,-0.04631805419921875,10.836793899536133,10.883111953735352,0.04631805419921875,0.15820472429811333,0.0019759232956880132,1,0
M0_balanced,medium,7,0.6,0.1,2,9.296121597290039,15.809436465571686,-0.047893524169921875,10.663429260253906,10.711322784423828,0.047893524169921875,0.15809436465571686,0.001974544941221783,1,1
M1_margin,medium,7,0.6,0.1,2,9.296121597290039,15.809436465571686,-0.04727649688720703,12.605880737304688,12.653157234191895,0.04727649688720703,0.15809436465571686,0.001974544941221783,1,1
M2_popmass,medium,7,0.6,0.1,2,9.296121597290039,15.809436465571686,-0.04629802703857422,10.836793899536133,10.883091926574707,0.04629802703857422,0.15809436465571686,0.001974544941221783,1,1
M0_balanced,medium,7,0.6,0.2,2,9.296121597290039,15.809436465571686,-0.047893524169921875,10.663429260253906,10.711322784423828,0.047893524169921875,0.15809436465571686,0.001974544941221783,1,1
M1_margin,medium,7,0.6,0.2,2,9.296121597290039,15.809436465571686,-0.04727649688720703,12.605880737304688,12.653157234191895,0.04727649688720703,0.15809436465571686,0.001974544941221783,1,1
M2_popmass,medium,7,0.6,0.2,2,9.296121597290039,15.809436465571686,-0.04629802703857422,10.836793899536133,10.883091926574707,0.04629802703857422,0.15809436465571686,0.001974544941221783,1,1
M0_balanced,medium,7,0.6,0.4,2,9.296121597290039,15.809436465571686,-0.047893524169921875,10.663429260253906,10.711322784423828,0.047893524169921875,0.15809436465571686,0.001974544941221783,1,1
M1_margin,medium,7,0.6,0.4,2,9.296121597290039,15.809436465571686,-0.04727649688720703,12.605880737304688,12.653157234191895,0.04727649688720703,0.15809436465571686,0.001974544941221783,1,1
M2_popmass,medium,7,0.6,0.4,2,9.296121597290039,15.809436465571686,-0.04629802703857422,10.836793899536133,10.883091926574707,0.04629802703857422,0.15809436465571686,0.001974544941221783,1,1
M0_balanced,high,0,1.0,0.1,0,9.88818359375,15.89199785249466,-0.06771469116210938,10.663429260253906,10.731143951416016,0.06771469116210938,0.1589199785249466,0.001984856578151033,1,0
M1_margin,high,0,1.0,0.1,0,9.88818359375,15.89199785249466,0.048152923583984375,12.605880737304688,12.557727813720703,-0.048152923583984375,0.1589199785249466,0.001984856578151033,1,0
M2_popmass,high,0,1.0,0.1,0,9.88818359375,15.89199785249466,-0.06557941436767578,10.836793899536133,10.902373313903809,0.06557941436767578,0.1589199785249466,0.001984856578151033,1,0
M0_balanced,high,0,1.0,0.2,0,9.88818359375,15.89199785249466,-0.06771469116210938,10.663429260253906,10.731143951416016,0.06771469116210938,0.1589199785249466,0.001984856578151033,1,0
M1_margin,high,0,1.0,0.2,0,9.88818359375,15.89199785249466,0.048152923583984375,12.605880737304688,12.557727813720703,-0.048152923583984375,0.1589199785249466,0.001984856578151033,1,0
M2_popmass,high,0,1.0,0.2,0,9.88818359375,15.89199785249466,-0.06557941436767578,10.836793899536133,10.902373313903809,0.06557941436767578,0.1589199785249466,0.001984856578151033,1,0
M0_balanced,high,0,1.0,0.4,0,9.863271713256836,15.89777134372679,-0.06823253631591797,10.663429260253906,10.731661796569824,0.06823253631591797,0.1589777134372679,0.001985577667604817,1,1
M1_margin,high,0,1.0,0.4,0,9.863271713256836,15.89777134372679,0.047119140625,12.605880737304688,12.558761596679688,-0.047119140625,0.1589777134372679,0.001985577667604817,1,1
M2_popmass,high,0,1.0,0.4,0,9.863271713256836,15.89777134372679,-0.06611251831054688,10.836793899536133,10.90290641784668,0.06611251831054688,0.1589777134372679,0.001985577667604817,1,1
M0_balanced,high,0,1.0,0.1,1,9.895991325378418,15.900559526541914,-0.06803131103515625,10.663429260253906,10.731460571289062,0.06803131103515625,0.15900559526541913,0.0019859259021724938,1,1
M1_margin,high,0,1.0,0.1,1,9.895991325378418,15.900559526541914,0.048187255859375,12.605880737304688,12.557693481445312,-0.048187255859375,0.15900559526541913,0.0019859259021724938,1,1
M2_popmass,high,0,1.0,0.1,1,9.895991325378418,15.900559526541914,-0.06589317321777344,10.836793899536133,10.902687072753906,0.06589317321777344,0.15900559526541913,0.0019859259021724938,1,1
M0_balanced,high,0,1.0,0.2,1,9.895991325378418,15.900559526541914,-0.06803131103515625,10.663429260253906,10.731460571289062,0.06803131103515625,0.15900559526541913,0.0019859259021724938,1,1
M1_margin,high,0,1.0,0.2,1,9.895991325378418,15.900559526541914,0.048187255859375,12.605880737304688,12.557693481445312,-0.048187255859375,0.15900559526541913,0.0019859259021724938,1,1
M2_popmass,high,0,1.0,0.2,1,9.895991325378418,15.900559526541914,-0.06589317321777344,10.836793899536133,10.902687072753906,0.06589317321777344,0.15900559526541913,0.0019859259021724938,1,1
M0_balanced,high,0,1.0,0.4,1,9.895991325378418,15.900559526541914,-0.06803131103515625,10.663429260253906,10.731460571289062,0.06803131103515625,0.15900559526541913,0.0019859259021724938,1,1
M1_margin,high,0,1.0,0.4,1,9.895991325378418,15.900559526541914,0.048187255859375,12.605880737304688,12.557693481445312,-0.048187255859375,0.15900559526541913,0.0019859259021724938,1,1
M2_popmass,high,0,1.0,0.4,1,9.895991325378418,15.900559526541914,-0.06589317321777344,10.836793899536133,10.902687072753906,0.06589317321777344,0.15900559526541913,0.0019859259021724938,1,1
M0_balanced,high,0,1.0,0.1,2,9.92359733581543,15.899495706079191,-0.06752395629882812,10.663429260253906,10.730953216552734,0.06752395629882812,0.15899495706079192,0.00198579303460839,1,0
M1_margin,high,0,1.0,0.1,2,9.92359733581543,15.899495706079191,0.04921436309814453,12.605880737304688,12.556666374206543,-0.04921436309814453,0.15899495706079192,0.00198579303460839,1,0
M2_popmass,high,0,1.0,0.1,2,9.92359733581543,15.899495706079191,-0.06537055969238281,10.836793899536133,10.902164459228516,0.06537055969238281,0.15899495706079192,0.00198579303460839,1,0
M0_balanced,high,0,1.0,0.2,2,9.843969345092773,15.888555852210322,-0.06781387329101562,10.663429260253906,10.731243133544922,0.06781387329101562,0.15888555852210323,0.0019844266840011735,1,1
M1_margin,high,0,1.0,0.2,2,9.843969345092773,15.888555852210322,0.048587799072265625,12.605880737304688,12.557292938232422,-0.048587799072265625,0.15888555852210323,0.0019844266840011735,1,1
M2_popmass,high,0,1.0,0.2,2,9.843969345092773,15.888555852210322,-0.06567192077636719,10.836793899536133,10.9024658203125,0.06567192077636719,0.15888555852210323,0.0019844266840011735,1,1
M0_balanced,high,0,1.0,0.4,2,9.843969345092773,15.888555852210322,-0.06781387329101562,10.663429260253906,10.731243133544922,0.06781387329101562,0.15888555852210323,0.0019844266840011735,1,1
M1_margin,high,0,1.0,0.4,2,9.843969345092773,15.888555852210322,0.048587799072265625,12.605880737304688,12.557292938232422,-0.048587799072265625,0.15888555852210323,0.0019844266840011735,1,1
M2_popmass,high,0,1.0,0.4,2,9.843969345092773,15.888555852210322,-0.06567192077636719,10.836793899536133,10.9024658203125,0.06567192077636719,0.15888555852210323,0.0019844266840011735,1,1
M0_balanced,high,1,0.75,0.1,0,10.106850624084473,18.880372159189438,-0.029966354370117188,10.663429260253906,10.693395614624023,0.029966354370117188,0.18880372159189437,0.0023580943834713725,1,0
M1_margin,high,1,0.75,0.1,0,10.106850624084473,18.880372159189438,-0.008271217346191406,12.605880737304688,12.614151954650879,0.008271217346191406,0.18880372159189437,0.0023580943834713725,1,0
M2_popmass,high,1,0.75,0.1,0,10.106850624084473,18.880372159189438,-0.02580738067626953,10.836793899536133,10.862601280212402,0.02580738067626953,0.18880372159189437,0.0023580943834713725,1,0
M0_balanced,high,1,0.75,0.2,0,10.106850624084473,18.880372159189438,-0.029966354370117188,10.663429260253906,10.693395614624023,0.029966354370117188,0.18880372159189437,0.0023580943834713725,1,0
M1_margin,high,1,0.75,0.2,0,10.106850624084473,18.880372159189438,-0.008271217346191406,12.605880737304688,12.614151954650879,0.008271217346191406,0.18880372159189437,0.0023580943834713725,1,0
M2_popmass,high,1,0.75,0.2,0,10.106850624084473,18.880372159189438,-0.02580738067626953,10.836793899536133,10.862601280212402,0.02580738067626953,0.18880372159189437,0.0023580943834713725,1,0
M0_balanced,high,1,0.75,0.4,0,10.106850624084473,18.880372159189438,-0.029966354370117188,10.663429260253906,10.693395614624023,0.029966354370117188,0.18880372159189437,0.0023580943834713725,1,0
M1_margin,high,1,0.75,0.4,0,10.106850624084473,18.880372159189438,-0.008271217346191406,12.605880737304688,12.614151954650879,0.008271217346191406,0.18880372159189437,0.0023580943834713725,1,0
M2_popmass,high,1,0.75,0.4,0,10.106850624084473,18.880372159189438,-0.02580738067626953,10.836793899536133,10.862601280212402,0.02580738067626953,0.18880372159189437,0.0023580943834713725,1,0
M0_balanced,high,1,0.75,0.1,1,10.173567771911621,18.85885457238309,-0.030652999877929688,10.663429260253906,10.694082260131836,0.030652999877929688,0.1885885457238309,0.002355406909931864,1,1
M1_margin,high,1,0.75,0.1,1,10.173567771911621,18.85885457238309,-0.009331703186035156,12.605880737304688,12.615212440490723,0.009331703186035156,0.1885885457238309,0.002355406909931864,1,1
M2_popmass,high,1,0.75,0.1,1,10.173567771911621,18.85885457238309,-0.026503562927246094,10.836793899536133,10.863297462463379,0.026503562927246094,0.1885885457238309,0.002355406909931864,1,1
M0_balanced,high,1,0.75,0.2,1,10.173567771911621,18.85885457238309,-0.030652999877929688,10.663429260253906,10.694082260131836,0.030652999877929688,0.1885885457238309,0.002355406909931864,1,1
M1_margin,high,1,0.75,0.2,1,10.173567771911621,18.85885457238309,-0.009331703186035156,12.605880737304688,12.615212440490723,0.009331703186035156,0.1885885457238309,0.002355406909931864,1,1
M2_popmass,high,1,0.75,0.2,1,10.173567771911621,18.85885457238309,-0.026503562927246094,10.836793899536133,10.863297462463379,0.026503562927246094,0.1885885457238309,0.002355406909931864,1,1
M0_balanced,high,1,0.75,0.4,1,10.173567771911621,18.85885457238309,-0.030652999877929688,10.663429260253906,10.694082260131836,0.030652999877929688,0.1885885457238309,0.002355406909931864,1,1
M1_margin,high,1,0.75,0.4,1,10.173567771911621,18.85885457238309,-0.009331703186035156,12.605880737304688,12.615212440490723,0.009331703186035156,0.1885885457238309,0.002355406909931864,1,1
M2_popmass,high,1,0.75,0.4,1,10.173567771911621,18.85885457238309,-0.026503562927246094,10.836793899536133,10.863297462463379,0.026503562927246094,0.1885885457238309,0.002355406909931864,1,1
M0_balanced,high,1,0.75,0.1,2,10.172760009765625,18.858427662246754,-0.030651092529296875,10.663429260253906,10.694080352783203,0.030651092529296875,0.18858427662246754,0.0023553535903052033,1,1
M1_margin,high,1,0.75,0.1,2,10.172760009765625,18.858427662246754,-0.00933074951171875,12.605880737304688,12.615211486816406,0.00933074951171875,0.18858427662246754,0.0023553535903052033,1,1
M2_popmass,high,1,0.75,0.1,2,10.172760009765625,18.858427662246754,-0.02650165557861328,10.836793899536133,10.863295555114746,0.02650165557861328,0.18858427662246754,0.0023553535903052033,1,1
M0_balanced,high,1,0.75,0.2,2,10.172760009765625,18.858427662246754,-0.030651092529296875,10.663429260253906,10.694080352783203,0.030651092529296875,0.18858427662246754,0.0023553535903052033,1,1
M1_margin,high,1,0.75,0.2,2,10.172760009765625,18.858427662246754,-0.00933074951171875,12.605880737304688,12.615211486816406,0.00933074951171875,0.18858427662246754,0.0023553535903052033,1,1
M2_popmass,high,1,0.75,0.2,2,10.172760009765625,18.858427662246754,-0.02650165557861328,10.836793899536133,10.863295555114746,0.02650165557861328,0.18858427662246754,0.0023553535903052033,1,1
M0_balanced,high,1,0.75,0.4,2,10.172687530517578,18.84102436578579,-0.030681610107421875,10.663429260253906,10.694110870361328,0.030681610107421875,0.18841024365785788,0.0023531799776617406,1,2
M1_margin,high,1,0.75,0.4,2,10.172687530517578,18.84102436578579,-0.009212493896484375,12.605880737304688,12.615093231201172,0.009212493896484375,0.18841024365785788,0.0023531799776617406,1,2
M2_popmass,high,1,0.75,0.4,2,10.172687530517578,18.84102436578579,-0.026518821716308594,10.836793899536133,10.863312721252441,0.026518821716308594,0.18841024365785788,0.0023531799776617406,1,2
M0_balanced,high,2,1.0,0.1,0,9.210864067077637,15.83920017719854,-0.40474700927734375,10.663429260253906,11.06817626953125,0.40474700927734375,0.1583920017719854,0.001978262327755628,1,0
M1_margin,high,2,1.0,0.1,0,9.210864067077637,15.83920017719854,-0.6780891418457031,12.605880737304688,13.28396987915039,0.6780891418457031,0.1583920017719854,0.001978262327755628,1,0
M2_popmass,high,2,1.0,0.1,0,9.210864067077637,15.83920017719854,-0.4014577865600586,10.836793899536133,11.238251686096191,0.4014577865600586,0.1583920017719854,0.001978262327755628,1,0
M0_balanced,high,2,1.0,0.2,0,9.210864067077637,15.83920017719854,-0.40474700927734375,10.663429260253906,11.06817626953125,0.40474700927734375,0.1583920017719854,0.001978262327755628,1,0
M1_margin,high,2,1.0,0.2,0,9.210864067077637,15.83920017719854,-0.6780891418457031,12.605880737304688,13.28396987915039,0.6780891418457031,0.1583920017719854,0.001978262327755628,1,0
M2_popmass,high,2,1.0,0.2,0,9.210864067077637,15.83920017719854,-0.4014577865600586,10.836793899536133,11.238251686096191,0.4014577865600586,0.1583920017719854,0.001978262327755628,1,0
M0_balanced,high,2,1.0,0.4,0,9.223546981811523,15.841886664168564,-0.40572357177734375,10.663429260253906,11.06915283203125,0.40572357177734375,0.15841886664168564,0.001978597860857511,1,1
M1_margin,high,2,1.0,0.4,0,9.223546981811523,15.841886664168564,-0.6801376342773438,12.605880737304688,13.286018371582031,0.6801376342773438,0.15841886664168564,0.001978597860857511,1,1
M2_popmass,high,2,1.0,0.4,0,9.223546981811523,15.841886664168564,-0.4024505615234375,10.836793899536133,11.23924446105957,0.4024505615234375,0.15841886664168564,0.001978597860857511,1,1
M0_balanced,high,2,1.0,0.1,1,9.210052490234375,15.838263643195901,-0.40470218658447266,10.663429260253906,11.068131446838379,0.40470218658447266,0.15838263643195902,0.0019781453578382488,1,0
M1_margin,high,2,1.0,0.1,1,9.210052490234375,15.838263643195901,-0.6780033111572266,12.605880737304688,13.283884048461914,0.6780033111572266,0.15838263643195902,0.0019781453578382488,1,0
M2_popmass,high,2,1.0,0.1,1,9.210052490234375,15.838263643195901,-0.4014139175415039,10.836793899536133,11.238207817077637,0.4014139175415039,0.15838263643195902,0.0019781453578382488,1,0
M0_balanced,high,2,1.0,0.2,1,9.210052490234375,15.838263643195901,-0.40470218658447266,10.663429260253906,11.068131446838379,0.40470218658447266,0.15838263643195902,0.0019781453578382488,1,0
M1_margin,high,2,1.0,0.2,1,9.210052490234375,15.838263643195901,-0.6780033111572266,12.605880737304688,13.283884048461914,0.6780033111572266,0.15838263643195902,0.0019781453578382488,1,0
M2_popmass,high,2,1.0,0.2,1,9.210052490234375,15.838263643195901,-0.4014139175415039,10.836793899536133,11.238207817077637,0.4014139175415039,0.15838263643195902,0.0019781453578382488,1,0
M0_balanced,high,2,1.0,0.4,1,9.210052490234375,15.838263643195901,-0.40470218658447266,10.663429260253906,11.068131446838379,0.40470218658447266,0.15838263643195902,0.0019781453578382488,1,0
M1_margin,high,2,1.0,0.4,1,9.210052490234375,15.838263643195901,-0.6780033111572266,12.605880737304688,13.283884048461914,0.6780033111572266,0.15838263643195902,0.0019781453578382488,1,0
M2_popmass,high,2,1.0,0.4,1,9.210052490234375,15.838263643195901,-0.4014139175415039,10.836793899536133,11.238207817077637,0.4014139175415039,0.15838263643195902,0.0019781453578382488,1,0
M0_balanced,high,2,1.0,0.1,2,9.209762573242188,15.838455356252162,-0.40470314025878906,10.663429260253906,11.068132400512695,0.40470314025878906,0.15838455356252162,0.001978169302148106,1,0
M1_margin,high,2,1.0,0.1,2,9.209762573242188,15.838455356252162,-0.6779956817626953,12.605880737304688,13.283876419067383,0.6779956817626953,0.15838455356252162,0.001978169302148106,1,0
M2_popmass,high,2,1.0,0.1,2,9.209762573242188,15.838455356252162,-0.4014148712158203,10.836793899536133,11.238208770751953,0.4014148712158203,0.15838455356252162,0.001978169302148106,1,0
M0_balanced,high,2,1.0,0.2,2,9.21742057800293,15.8488050870434,-0.4062318801879883,10.663429260253906,11.069661140441895,0.4062318801879883,0.15848805087043402,0.0019794619483864055,1,1
M1_margin,high,2,1.0,0.2,2,9.21742057800293,15.8488050870434,-0.6815433502197266,12.605880737304688,13.287424087524414,0.6815433502197266,0.15848805087043402,0.0019794619483864055,1,1
M2_popmass,high,2,1.0,0.2,2,9.21742057800293,15.8488050870434,-0.40296077728271484,10.836793899536133,11.239754676818848,0.40296077728271484,0.15848805087043402,0.0019794619483864055,1,1
M0_balanced,high,2,1.0,0.4,2,9.21742057800293,15.8488050870434,-0.4062318801879883,10.663429260253906,11.069661140441895,0.4062318801879883,0.15848805087043402,0.0019794619483864055,1,1
M1_margin,high,2,1.0,0.4,2,9.21742057800293,15.8488050870434,-0.6815433502197266,12.605880737304688,13.287424087524414,0.6815433502197266,0.15848805087043402,0.0019794619483864055,1,1
M2_popmass,high,2,1.0,0.4,2,9.21742057800293,15.8488050870434,-0.40296077728271484,10.836793899536133,11.239754676818848,0.40296077728271484,0.15848805087043402,0.0019794619483864055,1,1
M0_balanced,high,3,0.875,0.1,0,10.0335693359375,14.378118393211219,0.010362625122070312,10.663429260253906,10.653066635131836,-0.010362625122070312,0.1437811839321122,0.0017957781733351917,1,1
M1_margin,high,3,0.875,0.1,0,10.0335693359375,14.378118393211219,0.0736236572265625,12.605880737304688,12.532257080078125,-0.0736236572265625,0.1437811839321122,0.0017957781733351917,1,1
M2_popmass,high,3,0.875,0.1,0,10.0335693359375,14.378118393211219,0.012721061706542969,10.836793899536133,10.82407283782959,-0.012721061706542969,0.1437811839321122,0.0017957781733351917,1,1
M0_balanced,high,3,0.875,0.2,0,10.0335693359375,14.378118393211219,0.010362625122070312,10.663429260253906,10.653066635131836,-0.010362625122070312,0.1437811839321122,0.0017957781733351917,1,1
M1_margin,high,3,0.875,0.2,0,10.0335693359375,14.378118393211219,0.0736236572265625,12.605880737304688,12.532257080078125,-0.0736236572265625,0.1437811839321122,0.0017957781733351917,1,1
M2_popmass,high,3,0.875,0.2,0,10.0335693359375,14.378118393211219,0.012721061706542969,10.836793899536133,10.82407283782959,-0.012721061706542969,0.1437811839321122,0.0017957781733351917,1,1
M0_balanced,high,3,0.875,0.4,0,10.061461448669434,14.376403371071925,0.010107994079589844,10.663429260253906,10.653321266174316,-0.010107994079589844,0.14376403371071925,0.0017955639728925255,1,2
M1_margin,high,3,0.875,0.4,0,10.061461448669434,14.376403371071925,0.07303524017333984,12.605880737304688,12.532845497131348,-0.07303524017333984,0.14376403371071925,0.0017955639728925255,1,2
M2_popmass,high,3,0.875,0.4,0,10.061461448669434,14.376403371071925,0.012454986572265625,10.836793899536133,10.824338912963867,-0.012454986572265625,0.14376403371071925,0.0017955639728925255,1,2
M0_balanced,high,3,0.875,0.1,1,10.029056549072266,14.357687396924689,0.010073661804199219,10.663429260253906,10.653355598449707,-0.010073661804199219,0.1435768739692469,0.001793226411262613,1,2
M1_margin,high,3,0.875,0.1,1,10.029056549072266,14.357687396924689,0.07274341583251953,12.605880737304688,12.533137321472168,-0.07274341583251953,0.1435768739692469,0.001793226411262613,1,2
M2_popmass,high,3,0.875,0.1,1,10.029056549072266,14.357687396924689,0.012419700622558594,10.836793899536133,10.824374198913574,-0.012419700622558594,0.1435768739692469,0.001793226411262613,1,2
M0_balanced,high,3,0.875,0.2,1,10.026007652282715,14.3829608418879,0.01026153564453125,10.663429260253906,10.653167724609375,-0.01026153564453125,0.143829608418879,0.0017963829787347066,1,3
M1_margin,high,3,0.875,0.2,1,10.026007652282715,14.3829608418879,0.07328033447265625,12.605880737304688,12.532600402832031,-0.07328033447265625,0.143829608418879,0.0017963829787347066,1,3
M2_popmass,high,3,0.875,0.2,1,10.026007652282715,14.3829608418879,0.012621879577636719,10.836793899536133,10.824172019958496,-0.012621879577636719,0.143829608418879,0.0017963829787347066,1,3
M0_balanced,high,3,0.875,0.4,1,10.026007652282715,14.3829608418879,0.01026153564453125,10.663429260253906,10.653167724609375,-0.01026153564453125,0.143829608418879,0.0017963829787347066,1,3
M1_margin,high,3,0.875,0.4,1,10.026007652282715,14.3829608418879,0.07328033447265625,12.605880737304688,12.532600402832031,-0.07328033447265625,0.143829608418879,0.0017963829787347066,1,3
M2_popmass,high,3,0.875,0.4,1,10.026007652282715,14.3829608418879,0.012621879577636719,10.836793899536133,10.824172019958496,-0.012621879577636719,0.143829608418879,0.0017963829787347066,1,3
M0_balanced,high,3,0.875,0.1,2,9.981793403625488,14.412055198568034,0.010522842407226562,10.663429260253906,10.65290641784668,-0.010522842407226562,0.14412055198568033,0.001800016765108178,1,0
M1_margin,high,3,0.875,0.1,2,9.981793403625488,14.412055198568034,0.07378578186035156,12.605880737304688,12.532094955444336,-0.07378578186035156,0.14412055198568033,0.001800016765108178,1,0
M2_popmass,high,3,0.875,0.1,2,9.981793403625488,14.412055198568034,0.012894630432128906,10.836793899536133,10.823899269104004,-0.012894630432128906,0.14412055198568033,0.001800016765108178,1,0
M0_balanced,high,3,0.875,0.2,2,9.981793403625488,14.412055198568034,0.010522842407226562,10.663429260253906,10.65290641784668,-0.010522842407226562,0.14412055198568033,0.001800016765108178,1,0
M1_margin,high,3,0.875,0.2,2,9.981793403625488,14.412055198568034,0.07378578186035156,12.605880737304688,12.532094955444336,-0.07378578186035156,0.14412055198568033,0.001800016765108178,1,0
M2_popmass,high,3,0.875,0.2,2,9.981793403625488,14.412055198568034,0.012894630432128906,10.836793899536133,10.823899269104004,-0.012894630432128906,0.14412055198568033,0.001800016765108178,1,0
M0_balanced,high,3,0.875,0.4,2,10.02885627746582,14.379679908367232,0.010449409484863281,10.663429260253906,10.652979850769043,-0.010449409484863281,0.14379679908367232,0.0017959732012768049,1,2
M1_margin,high,3,0.875,0.4,2,10.02885627746582,14.379679908367232,0.07384967803955078,12.605880737304688,12.532031059265137,-0.07384967803955078,0.14379679908367232,0.0017959732012768049,1,2
M2_popmass,high,3,0.875,0.4,2,10.02885627746582,14.379679908367232,0.012818336486816406,10.836793899536133,10.823975563049316,-0.012818336486816406,0.14379679908367232,0.0017959732012768049,1,2
M0_balanced,high,4,1.0,0.1,0,9.65534782409668,21.83975223067303,-0.5661334991455078,10.663429260253906,11.229562759399414,0.5661334991455078,0.21839752230673032,0.0027277109072497987,1,2
M1_margin,high,4,1.0,0.1,0,9.65534782409668,21.83975223067303,-0.7812585830688477,12.605880737304688,13.387139320373535,0.7812585830688477,0.21839752230673032,0.0027277109072497987,1,2
M2_popmass,high,4,1.0,0.1,0,9.65534782409668,21.83975223067303,-0.5595817565917969,10.836793899536133,11.39637565612793,0.5595817565917969,0.21839752230673032,0.0027277109072497987,1,2
M0_balanced,high,4,1.0,0.2,0,9.65534782409668,21.83975223067303,-0.5661334991455078,10.663429260253906,11.229562759399414,0.5661334991455078,0.21839752230673032,0.0027277109072497987,1,2
M1_margin,high,4,1.0,0.2,0,9.65534782409668,21.83975223067303,-0.7812585830688477,12.605880737304688,13.387139320373535,0.7812585830688477,0.21839752230673032,0.0027277109072497987,1,2
M2_popmass,high,4,1.0,0.2,0,9.65534782409668,21.83975223067303,-0.5595817565917969,10.836793899536133,11.39637565612793,0.5595817565917969,0.21839752230673032,0.0027277109072497987,1,2
M0_balanced,high,4,1.0,0.4,0,9.633406639099121,21.828942603812678,-0.564239501953125,10.663429260253906,11.227668762207031,0.564239501953125,0.2182894260381268,0.002726360821553823,1,3
M1_margin,high,4,1.0,0.4,0,9.633406639099121,21.828942603812678,-0.7783355712890625,12.605880737304688,13.38421630859375,0.7783355712890625,0.2182894260381268,0.002726360821553823,1,3
M2_popmass,high,4,1.0,0.4,0,9.633406639099121,21.828942603812678,-0.5576725006103516,10.836793899536133,11.394466400146484,0.5576725006103516,0.2182894260381268,0.002726360821553823,1,3
M0_balanced,high,4,1.0,0.1,1,9.721660614013672,21.841172656261953,-0.5723209381103516,10.663429260253906,11.235750198364258,0.5723209381103516,0.21841172656261953,0.0027278883135834838,1,0
M1_margin,high,4,1.0,0.1,1,9.721660614013672,21.841172656261953,-0.7913646697998047,12.605880737304688,13.397245407104492,0.7913646697998047,0.21841172656261953,0.0027278883135834838,1,0
M2_popmass,high,4,1.0,0.1,1,9.721660614013672,21.841172656261953,-0.5659246444702148,10.836793899536133,11.402718544006348,0.5659246444702148,0.21841172656261953,0.0027278883135834838,1,0
M0_balanced,high,4,1.0,0.2,1,9.721660614013672,21.841172656261953,-0.5723209381103516,10.663429260253906,11.235750198364258,0.5723209381103516,0.21841172656261953,0.0027278883135834838,1,0
M1_margin,high,4,1.0,0.2,1,9.721660614013672,21.841172656261953,-0.7913646697998047,12.605880737304688,13.397245407104492,0.7913646697998047,0.21841172656261953,0.0027278883135834838,1,0
M2_popmass,high,4,1.0,0.2,1,9.721660614013672,21.841172656261953,-0.5659246444702148,10.836793899536133,11.402718544006348,0.5659246444702148,0.21841172656261953,0.0027278883135834838,1,0
M0_balanced,high,4,1.0,0.4,1,9.585725784301758,21.793959867358158,-0.5707416534423828,10.663429260253906,11.234170913696289,0.5707416534423828,0.2179395986735816,0.002721991596537688,1,2
M1_margin,high,4,1.0,0.4,1,9.585725784301758,21.793959867358158,-0.7894344329833984,12.605880737304688,13.395315170288086,0.7894344329833984,0.2179395986735816,0.002721991596537688,1,2
M2_popmass,high,4,1.0,0.4,1,9.585725784301758,21.793959867358158,-0.5643405914306641,10.836793899536133,11.401134490966797,0.5643405914306641,0.2179395986735816,0.002721991596537688,1,2
M0_balanced,high,4,1.0,0.1,2,9.58840560913086,21.763438755737905,-0.5673303604125977,10.663429260253906,11.230759620666504,0.5673303604125977,0.21763438755737904,0.002718179613316055,1,2
M1_margin,high,4,1.0,0.1,2,9.58840560913086,21.763438755737905,-0.7846622467041016,12.605880737304688,13.390542984008789,0.7846622467041016,0.21763438755737904,0.002718179613316055,1,2
M2_popmass,high,4,1.0,0.1,2,9.58840560913086,21.763438755737905,-0.5609416961669922,10.836793899536133,11.397735595703125,0.5609416961669922,0.21763438755737904,0.002718179613316055,1,2
M0_balanced,high,4,1.0,0.2,2,9.574079513549805,21.735559957176168,-0.5657958984375,10.663429260253906,11.229225158691406,0.5657958984375,0.21735559957176168,0.002714697646024729,1,3
M1_margin,high,4,1.0,0.2,2,9.574079513549805,21.735559957176168,-0.7828121185302734,12.605880737304688,13.388692855834961,0.7828121185302734,0.21735559957176168,0.002714697646024729,1,3
M2_popmass,high,4,1.0,0.2,2,9.574079513549805,21.735559957176168,-0.5594186782836914,10.836793899536133,11.396212577819824,0.5594186782836914,0.21735559957176168,0.002714697646024729,1,3
M0_balanced,high,4,1.0,0.4,2,9.529745101928711,21.73533423843999,-0.5667877197265625,10.663429260253906,11.230216979980469,0.5667877197265625,0.2173533423843999,0.0027146694545208995,1,4
M1_margin,high,4,1.0,0.4,2,9.529745101928711,21.73533423843999,-0.7844676971435547,12.605880737304688,13.390348434448242,0.7844676971435547,0.2173533423843999,0.0027146694545208995,1,4
M2_popmass,high,4,1.0,0.4,2,9.529745101928711,21.73533423843999,-0.5604248046875,10.836793899536133,11.397218704223633,0.5604248046875,0.2173533423843999,0.0027146694545208995,1,4
M0_balanced,high,5,0.75,0.1,0,9.245546340942383,16.207029281234515,-0.2300586700439453,10.663429260253906,10.893487930297852,0.2300586700439453,0.16207029281234517,0.0020242029340631356,1,0
M1_margin,high,5,0.75,0.1,0,9.245546340942383,16.207029281234515,-0.3698234558105469,12.605880737304688,12.975704193115234,0.3698234558105469,0.16207029281234517,0.0020242029340631356,1,0
M2_popmass,high,5,0.75,0.1,0,9.245546340942383,16.207029281234515,-0.22888851165771484,10.836793899536133,11.065682411193848,0.22888851165771484,0.16207029281234517,0.0020242029340631356,1,0
M0_balanced,high,5,0.75,0.2,0,9.245546340942383,16.207029281234515,-0.2300586700439453,10.663429260253906,10.893487930297852,0.2300586700439453,0.16207029281234517,0.0020242029340631356,1,0
M1_margin,high,5,0.75,0.2,0,9.245546340942383,16.207029281234515,-0.3698234558105469,12.605880737304688,12.975704193115234,0.3698234558105469,0.16207029281234517,0.0020242029340631356,1,0
M2_popmass,high,5,0.75,0.2,0,9.245546340942383,16.207029281234515,-0.22888851165771484,10.836793899536133,11.065682411193848,0.22888851165771484,0.16207029281234517,0.0020242029340631356,1,0
M0_balanced,high,5,0.75,0.4,0,9.245546340942383,16.207029281234515,-0.2300586700439453,10.663429260253906,10.893487930297852,0.2300586700439453,0.16207029281234517,0.0020242029340631356,1,0
M1_margin,high,5,0.75,0.4,0,9.245546340942383,16.207029281234515,-0.3698234558105469,12.605880737304688,12.975704193115234,0.3698234558105469,0.16207029281234517,0.0020242029340631356,1,0
M2_popmass,high,5,0.75,0.4,0,9.245546340942383,16.207029281234515,-0.22888851165771484,10.836793899536133,11.065682411193848,0.22888851165771484,0.16207029281234517,0.0020242029340631356,1,0
M0_balanced,high,5,0.75,0.1,1,9.198824882507324,16.15841778163751,-0.22963714599609375,10.663429260253906,10.89306640625,0.22963714599609375,0.1615841778163751,0.002018131522800406,1,0
M1_margin,high,5,0.75,0.1,1,9.198824882507324,16.15841778163751,-0.37099647521972656,12.605880737304688,12.976877212524414,0.37099647521972656,0.1615841778163751,0.002018131522800406,1,0
M2_popmass,high,5,0.75,0.1,1,9.198824882507324,16.15841778163751,-0.22853374481201172,10.836793899536133,11.065327644348145,0.22853374481201172,0.1615841778163751,0.002018131522800406,1,0
M0_balanced,high,5,0.75,0.2,1,9.198824882507324,16.15841778163751,-0.22963714599609375,10.663429260253906,10.89306640625,0.22963714599609375,0.1615841778163751,0.002018131522800406,1,0
M1_margin,high,5,0.75,0.2,1,9.198824882507324,16.15841778163751,-0.37099647521972656,12.605880737304688,12.976877212524414,0.37099647521972656,0.1615841778163751,0.002018131522800406,1,0
M2_popmass,high,5,0.75,0.2,1,9.198824882507324,16.15841778163751,-0.22853374481201172,10.836793899536133,11.065327644348145,0.22853374481201172,0.1615841778163751,0.002018131522800406,1,0
M0_balanced,high,5,0.75,0.4,1,9.198824882507324,16.15841778163751,-0.22963714599609375,10.663429260253906,10.89306640625,0.22963714599609375,0.1615841778163751,0.002018131522800406,1,0
M1_margin,high,5,0.75,0.4,1,9.198824882507324,16.15841778163751,-0.37099647521972656,12.605880737304688,12.976877212524414,0.37099647521972656,0.1615841778163751,0.002018131522800406,1,0
M2_popmass,high,5,0.75,0.4,1,9.198824882507324,16.15841778163751,-0.22853374481201172,10.836793899536133,11.065327644348145,0.22853374481201172,0.1615841778163751,0.002018131522800406,1,0
M0_balanced,high,5,0.75,0.1,2,9.245023727416992,16.206314360403923,-0.2300262451171875,10.663429260253906,10.893455505371094,0.2300262451171875,0.16206314360403923,0.0020241136428785634,1,0
M1_margin,high,5,0.75,0.1,2,9.245023727416992,16.206314360403923,-0.36975860595703125,12.605880737304688,12.975639343261719,0.36975860595703125,0.16206314360403923,0.0020241136428785634,1,0
M2_popmass,high,5,0.75,0.1,2,9.245023727416992,16.206314360403923,-0.22885513305664062,10.836793899536133,11.065649032592773,0.22885513305664062,0.16206314360403923,0.0020241136428785634,1,0
M0_balanced,high,5,0.75,0.2,2,9.245023727416992,16.206314360403923,-0.2300262451171875,10.663429260253906,10.893455505371094,0.2300262451171875,0.16206314360403923,0.0020241136428785634,1,0
M1_margin,high,5,0.75,0.2,2,9.245023727416992,16.206314360403923,-0.36975860595703125,12.605880737304688,12.975639343261719,0.36975860595703125,0.16206314360403923,0.0020241136428785634,1,0
M2_popmass,high,5,0.75,0.2,2,9.245023727416992,16.206314360403923,-0.22885513305664062,10.836793899536133,11.065649032592773,0.22885513305664062,0.16206314360403923,0.0020241136428785634,1,0
M0_balanced,high,5,0.75,0.4,2,9.245023727416992,16.206314360403923,-0.2300262451171875,10.663429260253906,10.893455505371094,0.2300262451171875,0.16206314360403923,0.0020241136428785634,1,0
M1_margin,high,5,0.75,0.4,2,9.245023727416992,16.206314360403923,-0.36975860595703125,12.605880737304688,12.975639343261719,0.36975860595703125,0.16206314360403923,0.0020241136428785634,1,0
M2_popmass,high,5,0.75,0.4,2,9.245023727416992,16.206314360403923,-0.22885513305664062,10.836793899536133,11.065649032592773,0.22885513305664062,0.16206314360403923,0.0020241136428785634,1,0
M0_balanced,high,6,1.0,0.1,0,9.544870376586914,18.03336180738335,-0.11037635803222656,10.663429260253906,10.773805618286133,0.11037635803222656,0.1803336180738335,0.0022523056661465446,1,0
M1_margin,high,6,1.0,0.1,0,9.544870376586914,18.03336180738335,-0.08358192443847656,12.605880737304688,12.689462661743164,0.08358192443847656,0.1803336180738335,0.0022523056661465446,1,0
M2_popmass,high,6,1.0,0.1,0,9.544870376586914,18.03336180738335,-0.10449028015136719,10.836793899536133,10.9412841796875,0.10449028015136719,0.1803336180738335,0.0022523056661465446,1,0
M0_balanced,high,6,1.0,0.2,0,9.452418327331543,18.072705671168762,-0.1122894287109375,10.663429260253906,10.775718688964844,0.1122894287109375,0.18072705671168762,0.0022572195811602002,1,2
M1_margin,high,6,1.0,0.2,0,9.452418327331543,18.072705671168762,-0.08696842193603516,12.605880737304688,12.692849159240723,0.08696842193603516,0.18072705671168762,0.0022572195811602002,1,2
M2_popmass,high,6,1.0,0.2,0,9.452418327331543,18.072705671168762,-0.10643291473388672,10.836793899536133,10.94322681427002,0.10643291473388672,0.18072705671168762,0.0022572195811602002,1,2
M0_balanced,high,6,1.0,0.4,0,9.452418327331543,18.072705671168762,-0.1122894287109375,10.663429260253906,10.775718688964844,0.1122894287109375,0.18072705671168762,0.0022572195811602002,1,2
M1_margin,high,6,1.0,0.4,0,9.452418327331543,18.072705671168762,-0.08696842193603516,12.605880737304688,12.692849159240723,0.08696842193603516,0.18072705671168762,0.0022572195811602002,1,2
M2_popmass,high,6,1.0,0.4,0,9.452418327331543,18.072705671168762,-0.10643291473388672,10.836793899536133,10.94322681427002,0.10643291473388672,0.18072705671168762,0.0022572195811602002,1,2
M0_balanced,high,6,1.0,0.1,1,9.642271041870117,18.06378209283929,-0.11148452758789062,10.663429260253906,10.774913787841797,0.11148452758789062,0.1806378209283929,0.002256105056522562,1,0
M1_margin,high,6,1.0,0.1,1,9.642271041870117,18.06378209283929,-0.08580589294433594,12.605880737304688,12.691686630249023,0.08580589294433594,0.1806378209283929,0.002256105056522562,1,0
M2_popmass,high,6,1.0,0.1,1,9.642271041870117,18.06378209283929,-0.10565471649169922,10.836793899536133,10.942448616027832,0.10565471649169922,0.1806378209283929,0.002256105056522562,1,0
M0_balanced,high,6,1.0,0.2,1,9.642271041870117,18.06378209283929,-0.11148452758789062,10.663429260253906,10.774913787841797,0.11148452758789062,0.1806378209283929,0.002256105056522562,1,0
M1_margin,high,6,1.0,0.2,1,9.642271041870117,18.06378209283929,-0.08580589294433594,12.605880737304688,12.691686630249023,0.08580589294433594,0.1806378209283929,0.002256105056522562,1,0
M2_popmass,high,6,1.0,0.2,1,9.642271041870117,18.06378209283929,-0.10565471649169922,10.836793899536133,10.942448616027832,0.10565471649169922,0.1806378209283929,0.002256105056522562,1,0
M0_balanced,high,6,1.0,0.4,1,9.642271041870117,18.06378209283929,-0.11148452758789062,10.663429260253906,10.774913787841797,0.11148452758789062,0.1806378209283929,0.002256105056522562,1,0
M1_margin,high,6,1.0,0.4,1,9.642271041870117,18.06378209283929,-0.08580589294433594,12.605880737304688,12.691686630249023,0.08580589294433594,0.1806378209283929,0.002256105056522562,1,0
M2_popmass,high,6,1.0,0.4,1,9.642271041870117,18.06378209283929,-0.10565471649169922,10.836793899536133,10.942448616027832,0.10565471649169922,0.1806378209283929,0.002256105056522562,1,0
M0_balanced,high,6,1.0,0.1,2,9.5455322265625,18.03444049237199,-0.11038684844970703,10.663429260253906,10.773816108703613,0.11038684844970703,0.1803444049237199,0.00225244039023947,1,0
M1_margin,high,6,1.0,0.1,2,9.5455322265625,18.03444049237199,-0.08359527587890625,12.605880737304688,12.689476013183594,0.08359527587890625,0.1803444049237199,0.00225244039023947,1,0
M2_popmass,high,6,1.0,0.1,2,9.5455322265625,18.03444049237199,-0.10450077056884766,10.836793899536133,10.94129467010498,0.10450077056884766,0.1803444049237199,0.00225244039023947,1,0
M0_balanced,high,6,1.0,0.2,2,9.5455322265625,18.03444049237199,-0.11038684844970703,10.663429260253906,10.773816108703613,0.11038684844970703,0.1803444049237199,0.00225244039023947,1,0
M1_margin,high,6,1.0,0.2,2,9.5455322265625,18.03444049237199,-0.08359527587890625,12.605880737304688,12.689476013183594,0.08359527587890625,0.1803444049237199,0.00225244039023947,1,0
M2_popmass,high,6,1.0,0.2,2,9.5455322265625,18.03444049237199,-0.10450077056884766,10.836793899536133,10.94129467010498,0.10450077056884766,0.1803444049237199,0.00225244039023947,1,0
M0_balanced,high,6,1.0,0.4,2,9.563812255859375,18.028923372153024,-0.11060523986816406,10.663429260253906,10.77403450012207,0.11060523986816406,0.18028923372153025,0.002251751320654846,1,1
M1_margin,high,6,1.0,0.4,2,9.563812255859375,18.028923372153024,-0.08412742614746094,12.605880737304688,12.690008163452148,0.08412742614746094,0.18028923372153025,0.002251751320654846,1,1
M2_popmass,high,6,1.0,0.4,2,9.563812255859375,18.028923372153024,-0.10473918914794922,10.836793899536133,10.941533088684082,0.10473918914794922,0.18028923372153025,0.002251751320654846,1,1
M0_balanced,high,7,1.0,0.1,0,9.081330299377441,15.22452268841296,0.05414104461669922,10.663429260253906,10.609288215637207,-0.05414104461669922,0.15224522688412961,0.0019014911962477103,1,0
M1_margin,high,7,1.0,0.1,0,9.081330299377441,15.22452268841296,0.18918418884277344,12.605880737304688,12.416696548461914,-0.18918418884277344,0.15224522688412961,0.0019014911962477103,1,0
M2_popmass,high,7,1.0,0.1,0,9.081330299377441,15.22452268841296,0.05748271942138672,10.836793899536133,10.779311180114746,-0.05748271942138672,0.15224522688412961,0.0019014911962477103,1,0
M0_balanced,high,7,1.0,0.2,0,9.081330299377441,15.22452268841296,0.05414104461669922,10.663429260253906,10.609288215637207,-0.05414104461669922,0.15224522688412961,0.0019014911962477103,1,0
M1_margin,high,7,1.0,0.2,0,9.081330299377441,15.22452268841296,0.18918418884277344,12.605880737304688,12.416696548461914,-0.18918418884277344,0.15224522688412961,0.0019014911962477103,1,0
M2_popmass,high,7,1.0,0.2,0,9.081330299377441,15.22452268841296,0.05748271942138672,10.836793899536133,10.779311180114746,-0.05748271942138672,0.15224522688412961,0.0019014911962477103,1,0
M0_balanced,high,7,1.0,0.4,0,9.033500671386719,15.234685278926522,0.05410194396972656,10.663429260253906,10.60932731628418,-0.05410194396972656,0.1523468527892652,0.001902760469300672,1,1
M1_margin,high,7,1.0,0.4,0,9.033500671386719,15.234685278926522,0.1889781951904297,12.605880737304688,12.416902542114258,-0.1889781951904297,0.1523468527892652,0.001902760469300672,1,1
M2_popmass,high,7,1.0,0.4,0,9.033500671386719,15.234685278926522,0.057442665100097656,10.836793899536133,10.779351234436035,-0.057442665100097656,0.1523468527892652,0.001902760469300672,1,1
M0_balanced,high,7,1.0,0.1,1,9.083358764648438,15.225767374950813,0.054154396057128906,10.663429260253906,10.609274864196777,-0.054154396057128906,0.15225767374950813,0.0019016466533705542,1,0
M1_margin,high,7,1.0,0.1,1,9.083358764648438,15.225767374950813,0.18919754028320312,12.605880737304688,12.416683197021484,-0.18919754028320312,0.15225767374950813,0.0019016466533705542,1,0
M2_popmass,high,7,1.0,0.1,1,9.083358764648438,15.225767374950813,0.057496070861816406,10.836793899536133,10.779297828674316,-0.057496070861816406,0.15225767374950813,0.0019016466533705542,1,0
M0_balanced,high,7,1.0,0.2,1,9.024105072021484,15.228227053274646,0.053859710693359375,10.663429260253906,10.609569549560547,-0.053859710693359375,0.15228227053274646,0.0019019538588425477,1,1
M1_margin,high,7,1.0,0.2,1,9.024105072021484,15.228227053274646,0.1885986328125,12.605880737304688,12.417282104492188,-0.1885986328125,0.15228227053274646,0.0019019538588425477,1,1
M2_popmass,high,7,1.0,0.2,1,9.024105072021484,15.228227053274646,0.057193756103515625,10.836793899536133,10.779600143432617,-0.057193756103515625,0.15228227053274646,0.0019019538588425477,1,1
M0_balanced,high,7,1.0,0.4,1,9.004356384277344,15.220734668651268,0.053852081298828125,10.663429260253906,10.609577178955078,-0.053852081298828125,0.15220734668651267,0.0019010180854398715,1,2
M1_margin,high,7,1.0,0.4,1,9.004356384277344,15.220734668651268,0.18852996826171875,12.605880737304688,12.417350769042969,-0.18852996826171875,0.15220734668651267,0.0019010180854398715,1,2
M2_popmass,high,7,1.0,0.4,1,9.004356384277344,15.220734668651268,0.057181358337402344,10.836793899536133,10.77961254119873,-0.057181358337402344,0.15220734668651267,0.0019010180854398715,1,2
M0_balanced,high,7,1.0,0.1,2,9.080087661743164,15.225561313817549,0.05414581298828125,10.663429260253906,10.609283447265625,-0.05414581298828125,0.15225561313817548,0.0019016209170345908,1,0
M1_margin,high,7,1.0,0.1,2,9.080087661743164,15.225561313817549,0.1891956329345703,12.605880737304688,12.416685104370117,-0.1891956329345703,0.15225561313817548,0.0019016209170345908,1,0
M2_popmass,high,7,1.0,0.1,2,9.080087661743164,15.225561313817549,0.05748748779296875,10.836793899536133,10.779306411743164,-0.05748748779296875,0.15225561313817548,0.0019016209170345908,1,0
M0_balanced,high,7,1.0,0.2,2,9.080087661743164,15.225561313817549,0.05414581298828125,10.663429260253906,10.609283447265625,-0.05414581298828125,0.15225561313817548,0.0019016209170345908,1,0
M1_margin,high,7,1.0,0.2,2,9.080087661743164,15.225561313817549,0.1891956329345703,12.605880737304688,12.416685104370117,-0.1891956329345703,0.15225561313817548,0.0019016209170345908,1,0
M2_popmass,high,7,1.0,0.2,2,9.080087661743164,15.225561313817549,0.05748748779296875,10.836793899536133,10.779306411743164,-0.05748748779296875,0.15225561313817548,0.0019016209170345908,1,0
M0_balanced,high,7,1.0,0.4,2,9.080087661743164,15.225561313817549,0.05414581298828125,10.663429260253906,10.609283447265625,-0.05414581298828125,0.15225561313817548,0.0019016209170345908,1,0
M1_margin,high,7,1.0,0.4,2,9.080087661743164,15.225561313817549,0.1891956329345703,12.605880737304688,12.416685104370117,-0.1891956329345703,0.15225561313817548,0.0019016209170345908,1,0
M2_popmass,high,7,1.0,0.4,2,9.080087661743164,15.225561313817549,0.05748748779296875,10.836793899536133,10.779306411743164,-0.05748748779296875,0.15225561313817548,0.0019016209170345908,1,0
